chain,address,role,note,source,project,incident_date,first_seen_at,url
Ethereum,0xa3B096e4df1247794599a37Af8F5b8CB05D5EB44,attacker,Attacker EOA,defihacklabs,ArrakisGUNI,2026-08-23,2026-09-30T05:51:26,https://github.com/SunWeb3Sec/DeFiHackLabs/blob/main/src/test/2026-08/ArrakisGUNI_exp.sol
Ethereum,0x028d9C17B1a097e7e115A6400203df86339BAf4a,unknown,Attack ctrt,defihacklabs,ArrakisGUNI,2026-08-23,2026-09-30T05:51:26,https://github.com/SunWeb3Sec/DeFiHackLabs/blob/main/src/test/2026-08/ArrakisGUNI_exp.sol
Ethereum,0x7c687f775A3b73BBAb0E15832F24caaB5D53bDDe,victim,Victim vault,defihacklabs,ArrakisGUNI,2026-08-23,2026-09-30T05:51:26,https://github.com/SunWeb3Sec/DeFiHackLabs/blob/main/src/test/2026-08/ArrakisGUNI_exp.sol
Ethereum,0xd68b055fb444d136e3ac4df023f4c42334f06395,unknown,impl ArrakisVaultV1 0xd68b055fB444D136e3ac4Df023f4c42334F063,defihacklabs,ArrakisGUNI,2026-08-23,2026-09-30T05:51:26,https://github.com/SunWeb3Sec/DeFiHackLabs/blob/main/src/test/2026-08/ArrakisGUNI_exp.sol
ETH,0xa3B096e4df1247794599a37Af8F5b8CB05D5EB44,unknown,,defihacklabs,ArrakisGUNI,2026-08-23,2026-09-30T05:51:26,https://github.com/SunWeb3Sec/DeFiHackLabs/blob/main/src/test/2026-08/ArrakisGUNI_exp.sol
ETH,0x028d9C17B1a097e7e115A6400203df86339BAf4a,unknown,,defihacklabs,ArrakisGUNI,2026-08-23,2026-09-30T05:51:26,https://github.com/SunWeb3Sec/DeFiHackLabs/blob/main/src/test/2026-08/ArrakisGUNI_exp.sol
ETH,0x7c687f775A3b73BBAb0E15832F24caaB5D53bDDe,unknown,,defihacklabs,ArrakisGUNI,2026-08-23,2026-09-30T05:51:26,https://github.com/SunWeb3Sec/DeFiHackLabs/blob/main/src/test/2026-08/ArrakisGUNI_exp.sol
ETH,0xd68b055fb444d136e3ac4df023f4c42334f06395,unknown,,defihacklabs,ArrakisGUNI,2026-08-23,2026-09-30T05:51:26,https://github.com/SunWeb3Sec/DeFiHackLabs/blob/main/src/test/2026-08/ArrakisGUNI_exp.sol
ETH,0x5ec1ba7892d11059c39557b762a97dd695778ca5,attacker,Attacker,defihacklabs,EnjinCryptoItems,2026-08-26,2026-09-30T05:51:26,https://github.com/SunWeb3Sec/DeFiHackLabs/blob/main/src/test/2026-08/EnjinCryptoItems_exp.sol
ETH,0x7083DdecE38216C7741fa76c75326Bea744ED321,unknown,Attack ctrt,defihacklabs,EnjinCryptoItems,2026-08-26,2026-09-30T05:51:26,https://github.com/SunWeb3Sec/DeFiHackLabs/blob/main/src/test/2026-08/EnjinCryptoItems_exp.sol
ETH,0xfaaFDc07907ff5120a76b34b731b278c38d6043C,unknown,Platform,defihacklabs,EnjinCryptoItems,2026-08-26,2026-09-30T05:51:26,https://github.com/SunWeb3Sec/DeFiHackLabs/blob/main/src/test/2026-08/EnjinCryptoItems_exp.sol
ETH,0x4E643a25a64952895f553f20252861258727174e,unknown,Reserve,defihacklabs,EnjinCryptoItems,2026-08-26,2026-09-30T05:51:26,https://github.com/SunWeb3Sec/DeFiHackLabs/blob/main/src/test/2026-08/EnjinCryptoItems_exp.sol
ETH,0xF629cBd94d3791C9250152BD8dfBDF380E2a3B9c,unknown,ENJ,defihacklabs,EnjinCryptoItems,2026-08-26,2026-09-30T05:51:26,https://github.com/SunWeb3Sec/DeFiHackLabs/blob/main/src/test/2026-08/EnjinCryptoItems_exp.sol
ETH,0x13fA4b9a6C2F2604C919f96F456e3b50E968b157,unknown,Registry A,defihacklabs,EnjinCryptoItems,2026-08-26,2026-09-30T05:51:26,https://github.com/SunWeb3Sec/DeFiHackLabs/blob/main/src/test/2026-08/EnjinCryptoItems_exp.sol
ETH,0x268C039A3127D3107c014F0DC6c390A53e6dB27f,unknown,Registry B,defihacklabs,EnjinCryptoItems,2026-08-26,2026-09-30T05:51:26,https://github.com/SunWeb3Sec/DeFiHackLabs/blob/main/src/test/2026-08/EnjinCryptoItems_exp.sol
ETH,0x1952e45D5bD519DC679Cc459C5fD0Ba46305880c,unknown,Orig mgr,defihacklabs,EnjinCryptoItems,2026-08-26,2026-09-30T05:51:26,https://github.com/SunWeb3Sec/DeFiHackLabs/blob/main/src/test/2026-08/EnjinCryptoItems_exp.sol
BSC,0x7977BDeeE3A79Dc85Cc18739692e796B5D2513C4,unknown,,defihacklabs,CashCowCoin,2026-08-27,2026-09-30T05:51:26,https://github.com/SunWeb3Sec/DeFiHackLabs/blob/main/src/test/2026-08/CashCowCoin_exp.sol
BSC,0x7738b4D7c25E9A7092AE1AB402343B20340DaEaf,unknown,,defihacklabs,CashCowCoin,2026-08-27,2026-09-30T05:51:26,https://github.com/SunWeb3Sec/DeFiHackLabs/blob/main/src/test/2026-08/CashCowCoin_exp.sol
BSC,0xf523224c6171f81c54b93f474ed4c78de91241c7,unknown,,defihacklabs,CashCowCoin,2026-08-27,2026-09-30T05:51:26,https://github.com/SunWeb3Sec/DeFiHackLabs/blob/main/src/test/2026-08/CashCowCoin_exp.sol
BSC,0x4287742E50fAd6d3351000fD31632412ab29A9ac,unknown,,defihacklabs,CashCowCoin,2026-08-27,2026-09-30T05:51:26,https://github.com/SunWeb3Sec/DeFiHackLabs/blob/main/src/test/2026-08/CashCowCoin_exp.sol
BSC,0xb9B845F718C32f37E8aF8b887ae4eEc816c93CCC,unknown,,defihacklabs,CashCowCoin,2026-08-27,2026-09-30T05:51:26,https://github.com/SunWeb3Sec/DeFiHackLabs/blob/main/src/test/2026-08/CashCowCoin_exp.sol
BSC,0xbb4CdB9CBd36B01bD1cBaEBF2De08d9173bc095c,unknown,,defihacklabs,CashCowCoin,2026-08-27,2026-09-30T05:51:26,https://github.com/SunWeb3Sec/DeFiHackLabs/blob/main/src/test/2026-08/CashCowCoin_exp.sol
BSC,0x1DBE9458A6840784d5DEfD62C6b71386100097c0,unknown,,defihacklabs,CashCowCoin,2026-08-27,2026-09-30T05:51:26,https://github.com/SunWeb3Sec/DeFiHackLabs/blob/main/src/test/2026-08/CashCowCoin_exp.sol
BSC,0x10ED43C718714eb63d5aA57B78B54704E256024E,unknown,,defihacklabs,CashCowCoin,2026-08-27,2026-09-30T05:51:26,https://github.com/SunWeb3Sec/DeFiHackLabs/blob/main/src/test/2026-08/CashCowCoin_exp.sol
BSC,0x8F73b65B4caAf64FBA2aF91cC5D4a2A1318E5D8C,unknown,,defihacklabs,CashCowCoin,2026-08-27,2026-09-30T05:51:26,https://github.com/SunWeb3Sec/DeFiHackLabs/blob/main/src/test/2026-08/CashCowCoin_exp.sol
BSC,0x9321587EA0DC8247f8F03E8696C047b2713bB79A,unknown,,defihacklabs,CashCowCoin,2026-08-27,2026-09-30T05:51:26,https://github.com/SunWeb3Sec/DeFiHackLabs/blob/main/src/test/2026-08/CashCowCoin_exp.sol
Ethereum,0x6F2f5236b10FE7162Da077A2779f8b5f04b7827e,attacker,Attacker EOA,defihacklabs,AjnaFinance,2026-08-28,2026-09-30T05:51:26,https://github.com/SunWeb3Sec/DeFiHackLabs/blob/main/src/test/2026-08/AjnaFinance_exp.sol
Ethereum,0xad24FC773e125Edb223C38a39657cB64bc7C178e,victim,Victim pool,defihacklabs,AjnaFinance,2026-08-28,2026-09-30T05:51:26,https://github.com/SunWeb3Sec/DeFiHackLabs/blob/main/src/test/2026-08/AjnaFinance_exp.sol
Ethereum,0x05bB4F6362B02F17C1A3F2B047A8b23368269A21,unknown,logic impl ERC20Pool 0x05bB4F6362B02F17C1A3F2B047A8b23368269,defihacklabs,AjnaFinance,2026-08-28,2026-09-30T05:51:26,https://github.com/SunWeb3Sec/DeFiHackLabs/blob/main/src/test/2026-08/AjnaFinance_exp.sol
Ethereum,0xBe9895146f7AF43049ca1c1AE358B0541Ea49704,unknown,collateral,defihacklabs,AjnaFinance,2026-08-28,2026-09-30T05:51:26,https://github.com/SunWeb3Sec/DeFiHackLabs/blob/main/src/test/2026-08/AjnaFinance_exp.sol
Ethereum,0xC02aaA39b223FE8D0A0e5C4F27eAD9083C756Cc2,unknown,quote,defihacklabs,AjnaFinance,2026-08-28,2026-09-30T05:51:26,https://github.com/SunWeb3Sec/DeFiHackLabs/blob/main/src/test/2026-08/AjnaFinance_exp.sol
Ethereum,0x02D329Ebb1DA079A89988366b777aF300DB96F5f,attacker,Attacker-controlled borrower position,defihacklabs,AjnaFinance,2026-08-28,2026-09-30T05:51:26,https://github.com/SunWeb3Sec/DeFiHackLabs/blob/main/src/test/2026-08/AjnaFinance_exp.sol
ETH,0x6F2f5236b10FE7162Da077A2779f8b5f04b7827e,unknown,,defihacklabs,AjnaFinance,2026-08-28,2026-09-30T05:51:26,https://github.com/SunWeb3Sec/DeFiHackLabs/blob/main/src/test/2026-08/AjnaFinance_exp.sol
ETH,0xad24FC773e125Edb223C38a39657cB64bc7C178e,unknown,,defihacklabs,AjnaFinance,2026-08-28,2026-09-30T05:51:26,https://github.com/SunWeb3Sec/DeFiHackLabs/blob/main/src/test/2026-08/AjnaFinance_exp.sol
ETH,0x05bB4F6362B02F17C1A3F2B047A8b23368269A21,unknown,,defihacklabs,AjnaFinance,2026-08-28,2026-09-30T05:51:26,https://github.com/SunWeb3Sec/DeFiHackLabs/blob/main/src/test/2026-08/AjnaFinance_exp.sol
ETH,0xBe9895146f7AF43049ca1c1AE358B0541Ea49704,unknown,,defihacklabs,AjnaFinance,2026-08-28,2026-09-30T05:51:26,https://github.com/SunWeb3Sec/DeFiHackLabs/blob/main/src/test/2026-08/AjnaFinance_exp.sol
ETH,0xC02aaA39b223FE8D0A0e5C4F27eAD9083C756Cc2,unknown,,defihacklabs,AjnaFinance,2026-08-28,2026-09-30T05:51:26,https://github.com/SunWeb3Sec/DeFiHackLabs/blob/main/src/test/2026-08/AjnaFinance_exp.sol
ETH,0x02D329Ebb1DA079A89988366b777aF300DB96F5f,unknown,,defihacklabs,AjnaFinance,2026-08-28,2026-09-30T05:51:26,https://github.com/SunWeb3Sec/DeFiHackLabs/blob/main/src/test/2026-08/AjnaFinance_exp.sol
Ethereum,0x2257aaac34bcb27900291f7b84ee2565a6cbac57,victim,Vulnerable pool,defihacklabs,BalancerV1BPool,2026-08-31,2026-09-30T05:51:26,https://github.com/SunWeb3Sec/DeFiHackLabs/blob/main/src/test/2026-08/BalancerV1BPool_exp.sol
Ethereum,0x338c7ec9befbb451d66fd8a468c32184f5689a41,attacker,Attacker EOA,defihacklabs,BalancerV1BPool,2026-08-31,2026-09-30T05:51:26,https://github.com/SunWeb3Sec/DeFiHackLabs/blob/main/src/test/2026-08/BalancerV1BPool_exp.sol
Ethereum,0x9caa8d0e44b22f50057d2f4ce0d1446529e11be3,unknown,Attack contract,defihacklabs,BalancerV1BPool,2026-08-31,2026-09-30T05:51:26,https://github.com/SunWeb3Sec/DeFiHackLabs/blob/main/src/test/2026-08/BalancerV1BPool_exp.sol
ETH,0x2257aaac34bcb27900291f7b84ee2565a6cbac57,unknown,,defihacklabs,BalancerV1BPool,2026-08-31,2026-09-30T05:51:26,https://github.com/SunWeb3Sec/DeFiHackLabs/blob/main/src/test/2026-08/BalancerV1BPool_exp.sol
ETH,0x338c7ec9befbb451d66fd8a468c32184f5689a41,unknown,,defihacklabs,BalancerV1BPool,2026-08-31,2026-09-30T05:51:26,https://github.com/SunWeb3Sec/DeFiHackLabs/blob/main/src/test/2026-08/BalancerV1BPool_exp.sol
ETH,0x9caa8d0e44b22f50057d2f4ce0d1446529e11be3,unknown,,defihacklabs,BalancerV1BPool,2026-08-31,2026-09-30T05:51:26,https://github.com/SunWeb3Sec/DeFiHackLabs/blob/main/src/test/2026-08/BalancerV1BPool_exp.sol
Ethereum,0xAEA29218262dc6b0904Ca077f6527C49dfd426D9,attacker,Attacker EOA,defihacklabs,FloatProtocol,2026-08-31,2026-09-30T05:51:26,https://github.com/SunWeb3Sec/DeFiHackLabs/blob/main/src/test/2026-08/FloatProtocol_exp.sol
Ethereum,0xb46655eb5b77de277063a75586d1883e951b6c54,unknown,Attack ctrt,defihacklabs,FloatProtocol,2026-08-31,2026-09-30T05:51:26,https://github.com/SunWeb3Sec/DeFiHackLabs/blob/main/src/test/2026-08/FloatProtocol_exp.sol
ETH,0xAEA29218262dc6b0904Ca077f6527C49dfd426D9,unknown,,defihacklabs,FloatProtocol,2026-08-31,2026-09-30T05:51:26,https://github.com/SunWeb3Sec/DeFiHackLabs/blob/main/src/test/2026-08/FloatProtocol_exp.sol
ETH,0xb46655eb5b77de277063a75586d1883e951b6c54,unknown,,defihacklabs,FloatProtocol,2026-08-31,2026-09-30T05:51:26,https://github.com/SunWeb3Sec/DeFiHackLabs/blob/main/src/test/2026-08/FloatProtocol_exp.sol
Ethereum,0xb929c7215c0ec8ebad5fbf73b1da63bccfff1896,attacker,Attacker,defihacklabs,ReflexerGEB,2026-09-01,2026-09-30T05:51:26,https://github.com/SunWeb3Sec/DeFiHackLabs/blob/main/src/test/2026-08/ReflexerGEB_exp.sol
Ethereum,0x6a213f0b5bd9eed865d3e2efc867b73dfe9039e7,unknown,Attack Contract,defihacklabs,ReflexerGEB,2026-09-01,2026-09-30T05:51:26,https://github.com/SunWeb3Sec/DeFiHackLabs/blob/main/src/test/2026-08/ReflexerGEB_exp.sol
Ethereum,0x84fe452d9fb495a335c74a225e6ad52c35eb8616,victim,Vulnerable Contract (shared library),defihacklabs,ReflexerGEB,2026-09-01,2026-09-30T05:51:26,https://github.com/SunWeb3Sec/DeFiHackLabs/blob/main/src/test/2026-08/ReflexerGEB_exp.sol
ETH,0xb929c7215c0ec8ebad5fbf73b1da63bccfff1896,unknown,,defihacklabs,ReflexerGEB,2026-09-01,2026-09-30T05:51:26,https://github.com/SunWeb3Sec/DeFiHackLabs/blob/main/src/test/2026-08/ReflexerGEB_exp.sol
ETH,0x6a213f0b5bd9eed865d3e2efc867b73dfe9039e7,unknown,,defihacklabs,ReflexerGEB,2026-09-01,2026-09-30T05:51:26,https://github.com/SunWeb3Sec/DeFiHackLabs/blob/main/src/test/2026-08/ReflexerGEB_exp.sol
ETH,0x84fe452d9fb495a335c74a225e6ad52c35eb8616,unknown,,defihacklabs,ReflexerGEB,2026-09-01,2026-09-30T05:51:26,https://github.com/SunWeb3Sec/DeFiHackLabs/blob/main/src/test/2026-08/ReflexerGEB_exp.sol
Ethereum,0x70f2333d21Ed7E7D105F6578227A9A747687982C,attacker,Attacker EOA,defihacklabs,Reddio,2026-09-05,2026-09-30T05:51:26,https://github.com/SunWeb3Sec/DeFiHackLabs/blob/main/src/test/2026-09/Reddio_exp.sol
Ethereum,0x4315990D9eeAFFdFAfD49958b4851F203FA1126f,victim,Victim,defihacklabs,Reddio,2026-09-05,2026-09-30T05:51:26,https://github.com/SunWeb3Sec/DeFiHackLabs/blob/main/src/test/2026-09/Reddio_exp.sol
Ethereum,0xae7ab96520DE3A18E5e111B5EaAb095312D7fE84,unknown,stETH (Lido) · 컨트랙트(토큰),defihacklabs,Reddio,2026-09-05,2026-09-30T05:51:26,https://github.com/SunWeb3Sec/DeFiHackLabs/blob/main/src/test/2026-09/Reddio_exp.sol
Ethereum,0xC02aaA39b223FE8D0A0e5C4F27eAD9083C756Cc2,unknown,WETH,defihacklabs,Reddio,2026-09-05,2026-09-30T05:51:26,https://github.com/SunWeb3Sec/DeFiHackLabs/blob/main/src/test/2026-09/Reddio_exp.sol
Ethereum,0xBA12222222228d8Ba445958a75a0704d566BF2C8,unknown,Balancer Vault,defihacklabs,Reddio,2026-09-05,2026-09-30T05:51:26,https://github.com/SunWeb3Sec/DeFiHackLabs/blob/main/src/test/2026-09/Reddio_exp.sol
Ethereum,0xDC24316b9AE028F1497c275EB9192a3Ea0f67022,unknown,Curve stETH/ETH,defihacklabs,Reddio,2026-09-05,2026-09-30T05:51:26,https://github.com/SunWeb3Sec/DeFiHackLabs/blob/main/src/test/2026-09/Reddio_exp.sol
Ethereum,0x47F018dc00307cd48Fd71d489d92e550646598De,unknown,0x47F018dc00307cd48Fd71d489d92e550646598De and the live expl,defihacklabs,Reddio,2026-09-05,2026-09-30T05:51:26,https://github.com/SunWeb3Sec/DeFiHackLabs/blob/main/src/test/2026-09/Reddio_exp.sol
Ethereum,0x92ecC5DEacB14937867686Ca8b85dd8a65b74704,unknown,NOTE on function names,defihacklabs,Reddio,2026-09-05,2026-09-30T05:51:26,https://github.com/SunWeb3Sec/DeFiHackLabs/blob/main/src/test/2026-09/Reddio_exp.sol
ETH,0x70f2333d21Ed7E7D105F6578227A9A747687982C,unknown,,defihacklabs,Reddio,2026-09-05,2026-09-30T05:51:26,https://github.com/SunWeb3Sec/DeFiHackLabs/blob/main/src/test/2026-09/Reddio_exp.sol
ETH,0x4315990D9eeAFFdFAfD49958b4851F203FA1126f,unknown,,defihacklabs,Reddio,2026-09-05,2026-09-30T05:51:26,https://github.com/SunWeb3Sec/DeFiHackLabs/blob/main/src/test/2026-09/Reddio_exp.sol
ETH,0xae7ab96520DE3A18E5e111B5EaAb095312D7fE84,unknown,,defihacklabs,Reddio,2026-09-05,2026-09-30T05:51:26,https://github.com/SunWeb3Sec/DeFiHackLabs/blob/main/src/test/2026-09/Reddio_exp.sol
ETH,0xC02aaA39b223FE8D0A0e5C4F27eAD9083C756Cc2,unknown,,defihacklabs,Reddio,2026-09-05,2026-09-30T05:51:26,https://github.com/SunWeb3Sec/DeFiHackLabs/blob/main/src/test/2026-09/Reddio_exp.sol
ETH,0xBA12222222228d8Ba445958a75a0704d566BF2C8,unknown,,defihacklabs,Reddio,2026-09-05,2026-09-30T05:51:26,https://github.com/SunWeb3Sec/DeFiHackLabs/blob/main/src/test/2026-09/Reddio_exp.sol
ETH,0xDC24316b9AE028F1497c275EB9192a3Ea0f67022,unknown,,defihacklabs,Reddio,2026-09-05,2026-09-30T05:51:26,https://github.com/SunWeb3Sec/DeFiHackLabs/blob/main/src/test/2026-09/Reddio_exp.sol
ETH,0x47F018dc00307cd48Fd71d489d92e550646598De,unknown,,defihacklabs,Reddio,2026-09-05,2026-09-30T05:51:26,https://github.com/SunWeb3Sec/DeFiHackLabs/blob/main/src/test/2026-09/Reddio_exp.sol
ETH,0x92ecC5DEacB14937867686Ca8b85dd8a65b74704,unknown,,defihacklabs,Reddio,2026-09-05,2026-09-30T05:51:26,https://github.com/SunWeb3Sec/DeFiHackLabs/blob/main/src/test/2026-09/Reddio_exp.sol
BSC,0xD3A8D0A9F55cf679fff6F277E49AfC95B49D2B07,unknown,,defihacklabs,DHC,2026-09-05,2026-09-30T05:51:26,https://github.com/SunWeb3Sec/DeFiHackLabs/blob/main/src/test/2026-09/DHC_exp.sol
BSC,0x226923D34A10f3D54B57b9F4b685E82c6Cba968A,unknown,,defihacklabs,DHC,2026-09-05,2026-09-30T05:51:26,https://github.com/SunWeb3Sec/DeFiHackLabs/blob/main/src/test/2026-09/DHC_exp.sol
BSC,0xe2a047aadbac51b0116af1ce91ebdae4b4202094,unknown,,defihacklabs,DHC,2026-09-05,2026-09-30T05:51:26,https://github.com/SunWeb3Sec/DeFiHackLabs/blob/main/src/test/2026-09/DHC_exp.sol
BSC,0x5abb3fe2a02e5d4320862944cd3a0b8f6af28ce1,unknown,,defihacklabs,DHC,2026-09-05,2026-09-30T05:51:26,https://github.com/SunWeb3Sec/DeFiHackLabs/blob/main/src/test/2026-09/DHC_exp.sol
BSC,0x743F15f4d2481774d970f286f0EbAD9C3Daed6E9,unknown,,defihacklabs,DHC,2026-09-05,2026-09-30T05:51:26,https://github.com/SunWeb3Sec/DeFiHackLabs/blob/main/src/test/2026-09/DHC_exp.sol
BSC,0x55d398326f99059fF775485246999027B3197955,unknown,,defihacklabs,DHC,2026-09-05,2026-09-30T05:51:26,https://github.com/SunWeb3Sec/DeFiHackLabs/blob/main/src/test/2026-09/DHC_exp.sol
Optimism,0x53b454a3f552c5498994f74ae8737faa60123cac,unknown,TX1 (freeze),defihacklabs,CozyFinance,2026-09-07,2026-09-30T05:51:26,https://github.com/SunWeb3Sec/DeFiHackLabs/blob/main/src/test/2026-09/CozyFinance_exp.sol
Optimism,0x8761164b8947a0690b57896a8e7370dd69fe8e91,unknown,TX2 (drain),defihacklabs,CozyFinance,2026-09-07,2026-09-30T05:51:26,https://github.com/SunWeb3Sec/DeFiHackLabs/blob/main/src/test/2026-09/CozyFinance_exp.sol
Optimism,0x003FE7359A4E03C85Ac2f521eC699ED84C7c5ccB,unknown,,defihacklabs,CozyFinance,2026-09-07,2026-09-30T05:51:26,https://github.com/SunWeb3Sec/DeFiHackLabs/blob/main/src/test/2026-09/CozyFinance_exp.sol
Optimism,0x17705474203f7ff7ba8a940c433ab43d1f58e249,unknown,,defihacklabs,CozyFinance,2026-09-07,2026-09-30T05:51:26,https://github.com/SunWeb3Sec/DeFiHackLabs/blob/main/src/test/2026-09/CozyFinance_exp.sol
Optimism,0xeb6613fac35fed17c276e3fe45d67da67685f1ef,unknown,,defihacklabs,CozyFinance,2026-09-07,2026-09-30T05:51:26,https://github.com/SunWeb3Sec/DeFiHackLabs/blob/main/src/test/2026-09/CozyFinance_exp.sol
Optimism,0xacd105feea362d5c27caaba0b45f53d91b92de27,unknown,,defihacklabs,CozyFinance,2026-09-07,2026-09-30T05:51:26,https://github.com/SunWeb3Sec/DeFiHackLabs/blob/main/src/test/2026-09/CozyFinance_exp.sol
Optimism,0x255483434aba5a75dc60c1391bB162BCd9DE2882,unknown,,defihacklabs,CozyFinance,2026-09-07,2026-09-30T05:51:26,https://github.com/SunWeb3Sec/DeFiHackLabs/blob/main/src/test/2026-09/CozyFinance_exp.sol
Optimism,0x7F5c764cBc14f9669B88837ca1490cCa17c31607,unknown,,defihacklabs,CozyFinance,2026-09-07,2026-09-30T05:51:26,https://github.com/SunWeb3Sec/DeFiHackLabs/blob/main/src/test/2026-09/CozyFinance_exp.sol
Ethereum,0xB929C7215c0ec8EbAD5fBf73b1Da63bccfFf1896,attacker,Attacker,defihacklabs,RouterDrain,2026-09-07,2026-09-30T05:51:26,https://github.com/SunWeb3Sec/DeFiHackLabs/blob/main/src/test/2026-09/RouterDrain_exp.sol
ETH,0xB929C7215c0ec8EbAD5fBf73b1Da63bccfFf1896,unknown,,defihacklabs,RouterDrain,2026-09-07,2026-09-30T05:51:26,https://github.com/SunWeb3Sec/DeFiHackLabs/blob/main/src/test/2026-09/RouterDrain_exp.sol
BSC,0xa331fde028e6F17425AB9333c39ae43722340d24,unknown,,defihacklabs,RouterDrain,2026-09-07,2026-09-30T05:51:26,https://github.com/SunWeb3Sec/DeFiHackLabs/blob/main/src/test/2026-09/RouterDrain_exp.sol
ETH,0x1f86da14f2d5543fbba2695d6de1a516cee76400,unknown,deploy,defihacklabs,ZentraFinance,2026-09-09,2026-09-30T05:51:26,https://github.com/SunWeb3Sec/DeFiHackLabs/blob/main/src/test/2026-09/ZentraFinance_exp.sol
ETH,0xA73d72d6A858Df742fe756dA5Cb61C2288A95C17,attacker,attacker EOA,defihacklabs,ZentraFinance,2026-09-09,2026-09-30T05:51:26,https://github.com/SunWeb3Sec/DeFiHackLabs/blob/main/src/test/2026-09/ZentraFinance_exp.sol
ETH,0xfb7908150b738e7dB9862007c66C9eb7850706F5,unknown,Zentra Pool (Aave V3 proxy),defihacklabs,ZentraFinance,2026-09-09,2026-09-30T05:51:26,https://github.com/SunWeb3Sec/DeFiHackLabs/blob/main/src/test/2026-09/ZentraFinance_exp.sol
ETH,0x93C562dC08D7B25370CeE0132dDabfb85839dB18,unknown,impl 0x93C562dC08D7B25370CeE0132dDabfb85839dB18,defihacklabs,ZentraFinance,2026-09-09,2026-09-30T05:51:26,https://github.com/SunWeb3Sec/DeFiHackLabs/blob/main/src/test/2026-09/ZentraFinance_exp.sol
ETH,0xE045e6c36cF77FAA2CfB54466D71A3aEF7bbE839,unknown,"USDC.e (underlying, 6 dec)",defihacklabs,ZentraFinance,2026-09-09,2026-09-30T05:51:26,https://github.com/SunWeb3Sec/DeFiHackLabs/blob/main/src/test/2026-09/ZentraFinance_exp.sol
ETH,0x8D82c4E3c936C7B5724A382a9c5a4E6Eb7aB6d5D,unknown,"ctUSD  (underlying, 6 dec)",defihacklabs,ZentraFinance,2026-09-09,2026-09-30T05:51:26,https://github.com/SunWeb3Sec/DeFiHackLabs/blob/main/src/test/2026-09/ZentraFinance_exp.sol
ETH,0x01465912C8cEc266237050f429fE1b88dAa56C0A,unknown,zUSDC  (aToken USDC.e),defihacklabs,ZentraFinance,2026-09-09,2026-09-30T05:51:26,https://github.com/SunWeb3Sec/DeFiHackLabs/blob/main/src/test/2026-09/ZentraFinance_exp.sol
ETH,0xBA2a69b92e0071924c387A200409B658E4f6cac8,unknown,zctUSD (aToken ctUSD),defihacklabs,ZentraFinance,2026-09-09,2026-09-30T05:51:26,https://github.com/SunWeb3Sec/DeFiHackLabs/blob/main/src/test/2026-09/ZentraFinance_exp.sol
ETH,0x62Ff719aBCaedEad9055BA980FCE3821eBdDA694,unknown,impl (AToken) 0x62Ff719aBCaedEad9055BA980FCE3821eBdDA694,defihacklabs,ZentraFinance,2026-09-09,2026-09-30T05:51:26,https://github.com/SunWeb3Sec/DeFiHackLabs/blob/main/src/test/2026-09/ZentraFinance_exp.sol
ETH,0x5Eea9a01eec0B56935EFC77fc144b0826936F09C,unknown,variableDebtZenctUSD,defihacklabs,ZentraFinance,2026-09-09,2026-09-30T05:51:26,https://github.com/SunWeb3Sec/DeFiHackLabs/blob/main/src/test/2026-09/ZentraFinance_exp.sol
ETH,0xD191C82a7bfb37e251fE2CA85777315a360164ab,unknown,variableDebtZenUSDC,defihacklabs,ZentraFinance,2026-09-09,2026-09-30T05:51:26,https://github.com/SunWeb3Sec/DeFiHackLabs/blob/main/src/test/2026-09/ZentraFinance_exp.sol
ETH,0x172D2AB563AFDaACE7247A6592EE1be62e791165,unknown,Flash source (Algebra DEX pool),defihacklabs,ZentraFinance,2026-09-09,2026-09-30T05:51:26,https://github.com/SunWeb3Sec/DeFiHackLabs/blob/main/src/test/2026-09/ZentraFinance_exp.sol
BSC,0xb5128e1ae11d739d1f0fdef89e598bca74158669,unknown,Attack Deployer,defihacklabs,Revamp,2026-03-19,2026-09-30T05:51:25,https://github.com/SunWeb3Sec/DeFiHackLabs/blob/main/src/test/2026-03/Revamp_exp.sol
BSC,0x42579d63bd5945fcfde5adff4edc40c34869914e,unknown,,defihacklabs,Revamp,2026-03-19,2026-09-30T05:51:25,https://github.com/SunWeb3Sec/DeFiHackLabs/blob/main/src/test/2026-03/Revamp_exp.sol
ETH,0x8b959ecdd652dee3272f1c9684dbf42ae671eb40,unknown,,defihacklabs,Revamp,2026-03-19,2026-09-30T05:51:25,https://github.com/SunWeb3Sec/DeFiHackLabs/blob/main/src/test/2026-03/Revamp_exp.sol
ETH,0xb5128e1ae11d739d1f0fdef89e598bca74158669,unknown,,defihacklabs,Revamp,2026-03-19,2026-09-30T05:51:25,https://github.com/SunWeb3Sec/DeFiHackLabs/blob/main/src/test/2026-03/Revamp_exp.sol
BSC,0x46280c1a2e17cfc151f50a885363408368bb163a,unknown,,defihacklabs,Revamp,2026-03-19,2026-09-30T05:51:25,https://github.com/SunWeb3Sec/DeFiHackLabs/blob/main/src/test/2026-03/Revamp_exp.sol
BSC,0x3f9Bd963641e969Fc0c9Ddf1c67e210e84915b7D,unknown,,defihacklabs,ATMBlindBox,2026-03-19,2026-09-30T05:51:25,https://github.com/SunWeb3Sec/DeFiHackLabs/blob/main/src/test/2026-03/ATMBlindBox_exp.sol
BSC,0x9C1819640201f223596FaD4F6401900B4B732eeA,unknown,,defihacklabs,ATMBlindBox,2026-03-19,2026-09-30T05:51:25,https://github.com/SunWeb3Sec/DeFiHackLabs/blob/main/src/test/2026-03/ATMBlindBox_exp.sol
BSC,0x1F8336aEF584795E282FECe8DE356BaBD7734c59,unknown,,defihacklabs,ATMBlindBox,2026-03-19,2026-09-30T05:51:25,https://github.com/SunWeb3Sec/DeFiHackLabs/blob/main/src/test/2026-03/ATMBlindBox_exp.sol
BSC,0x9f7EABD7C3538bA6B9D10Eede63712c0EccE6D69,unknown,,defihacklabs,BCE,2026-03-23,2026-09-30T05:51:25,https://github.com/SunWeb3Sec/DeFiHackLabs/blob/main/src/test/2026-03/bce_exp.sol
BSC,0xAF7F22831D1eC86D24be51a1760b04aD4b58e9eB,unknown,,defihacklabs,BCE,2026-03-23,2026-09-30T05:51:25,https://github.com/SunWeb3Sec/DeFiHackLabs/blob/main/src/test/2026-03/bce_exp.sol
BSC,0xcdb189D377AC1cF9D7B1D1a988f2025B99999999,unknown,,defihacklabs,BCE,2026-03-23,2026-09-30T05:51:25,https://github.com/SunWeb3Sec/DeFiHackLabs/blob/main/src/test/2026-03/bce_exp.sol
Optimism,0x1020c949c1c8658cef8e473dbd3631afe68c1938,unknown,,defihacklabs,Univ3CollateralToken,2026-03-24,2026-09-30T05:51:25,https://github.com/SunWeb3Sec/DeFiHackLabs/blob/main/src/test/2026-03/Univ3CollateralToken_exp.sol
Optimism,0x2fa6fe6b5c8e372fabfc6eb8fa8118cb8ffc3f60,unknown,,defihacklabs,Univ3CollateralToken,2026-03-24,2026-09-30T05:51:25,https://github.com/SunWeb3Sec/DeFiHackLabs/blob/main/src/test/2026-03/Univ3CollateralToken_exp.sol
Optimism,0x833a17fa29bc2772e4302823b7d39edd7c4bb79a,unknown,,defihacklabs,Univ3CollateralToken,2026-03-24,2026-09-30T05:51:25,https://github.com/SunWeb3Sec/DeFiHackLabs/blob/main/src/test/2026-03/Univ3CollateralToken_exp.sol
Base,0xdb731450e065ea7f6bef6d27e88dd07d6e2d1af5,unknown,,defihacklabs,XocolatlLiquidator,2026-03-24,2026-09-30T05:51:25,https://github.com/SunWeb3Sec/DeFiHackLabs/blob/main/src/test/2026-03/XocolatlLiquidator_exp.sol
Base,0xcd2b07c193720d932ecda7490aa636bc8de4bfca,unknown,,defihacklabs,XocolatlLiquidator,2026-03-24,2026-09-30T05:51:25,https://github.com/SunWeb3Sec/DeFiHackLabs/blob/main/src/test/2026-03/XocolatlLiquidator_exp.sol
Base,0xeab948ec7ce3f403b63787ba3884aaf43d07ca9c,unknown,,defihacklabs,XocolatlLiquidator,2026-03-24,2026-09-30T05:51:25,https://github.com/SunWeb3Sec/DeFiHackLabs/blob/main/src/test/2026-03/XocolatlLiquidator_exp.sol
BSC,0xCF300DE6F177ec10DB0d7f756ced3Ae2D2203BFd,unknown,,defihacklabs,EST Token,2026-03-27,2026-09-30T05:51:25,https://github.com/SunWeb3Sec/DeFiHackLabs/blob/main/src/test/2026-03/EST_exp.sol
BSC,0xD4524Be41cd452576aB9FF7b68a0b89aF8498a91,unknown,,defihacklabs,EST Token,2026-03-27,2026-09-30T05:51:25,https://github.com/SunWeb3Sec/DeFiHackLabs/blob/main/src/test/2026-03/EST_exp.sol
Arbitrum,0xf378840de079c70f55218cd3af99d2d81ba154ba,unknown,,defihacklabs,VTSwapHook,2026-03-28,2026-09-30T05:51:25,https://github.com/SunWeb3Sec/DeFiHackLabs/blob/main/src/test/2026-03/VTSwapHook_exp.sol
Arbitrum,0x959ec1872100eccb8c9ac355304fed81fa5d237e,unknown,,defihacklabs,VTSwapHook,2026-03-28,2026-09-30T05:51:25,https://github.com/SunWeb3Sec/DeFiHackLabs/blob/main/src/test/2026-03/VTSwapHook_exp.sol
Arbitrum,0xbf4b4a83708474528a93c123f817e7f2a0637a88,unknown,,defihacklabs,VTSwapHook,2026-03-28,2026-09-30T05:51:25,https://github.com/SunWeb3Sec/DeFiHackLabs/blob/main/src/test/2026-03/VTSwapHook_exp.sol
Polygon,0xe66b37de57b65691b9f4ac48de2c2b7be53c5c6f,unknown,,defihacklabs,WhalebitOracleManipulation,2026-03-31,2026-09-30T05:51:25,https://github.com/SunWeb3Sec/DeFiHackLabs/blob/main/src/test/2026-03/WhalebitOracleManipulation_exp.sol
Polygon,0xb5a8d7a37d60aa662f4dc9b3ef4c32a3fe21fadf,unknown,,defihacklabs,WhalebitOracleManipulation,2026-03-31,2026-09-30T05:51:25,https://github.com/SunWeb3Sec/DeFiHackLabs/blob/main/src/test/2026-03/WhalebitOracleManipulation_exp.sol
Polygon,0x9153e149b0d90dea634ed9f7df6ff71c2109b654,unknown,,defihacklabs,WhalebitOracleManipulation,2026-03-31,2026-09-30T05:51:25,https://github.com/SunWeb3Sec/DeFiHackLabs/blob/main/src/test/2026-03/WhalebitOracleManipulation_exp.sol
Polygon,0x40465755eb5846d655bbcc8c186a477469f9ce36,unknown,,defihacklabs,WhalebitOracleManipulation,2026-03-31,2026-09-30T05:51:25,https://github.com/SunWeb3Sec/DeFiHackLabs/blob/main/src/test/2026-03/WhalebitOracleManipulation_exp.sol
Linea,0x8d6778d7fae00ad2e0bc12194cf03b756fed9db3,unknown,,defihacklabs,PerpPair,2026-04-05,2026-09-30T05:51:25,https://github.com/SunWeb3Sec/DeFiHackLabs/blob/main/src/test/2026-04/PerpPair_exp.sol
Linea,0xb87275489272ce1c4be358fc5856ea3273093cf8,unknown,,defihacklabs,PerpPair,2026-04-05,2026-09-30T05:51:25,https://github.com/SunWeb3Sec/DeFiHackLabs/blob/main/src/test/2026-04/PerpPair_exp.sol
Linea,0xb68396dd4230253d27589e2004ac37389836ae17,unknown,,defihacklabs,PerpPair,2026-04-05,2026-09-30T05:51:25,https://github.com/SunWeb3Sec/DeFiHackLabs/blob/main/src/test/2026-04/PerpPair_exp.sol
Linea,0x78197fe93999e34d5a688e1819923c66dcf8f4db,unknown,,defihacklabs,PerpPair,2026-04-05,2026-09-30T05:51:25,https://github.com/SunWeb3Sec/DeFiHackLabs/blob/main/src/test/2026-04/PerpPair_exp.sol
BSC,0xe02b595ca69d8d3e120043536e6e76caea385a82,unknown,,defihacklabs,SquidMulticallAllowanceDrain,2026-04-07,2026-09-30T05:51:25,https://github.com/SunWeb3Sec/DeFiHackLabs/blob/main/src/test/2026-04/SquidMulticallAllowanceDrain_exp.sol
BSC,0x101c6e9f62554ddd3a32f395c655e20512ab321d,unknown,,defihacklabs,SquidMulticallAllowanceDrain,2026-04-07,2026-09-30T05:51:25,https://github.com/SunWeb3Sec/DeFiHackLabs/blob/main/src/test/2026-04/SquidMulticallAllowanceDrain_exp.sol
BSC,0xad6cea45f98444a922a2b4fe96b8c90f0862d2f4,unknown,,defihacklabs,SquidMulticallAllowanceDrain,2026-04-07,2026-09-30T05:51:25,https://github.com/SunWeb3Sec/DeFiHackLabs/blob/main/src/test/2026-04/SquidMulticallAllowanceDrain_exp.sol
Base,0x910175f3fee798ADD5faBD3e9cbB63D0a785482C,unknown,,defihacklabs,SubQuerySettings,2026-04-12,2026-09-30T05:51:25,https://github.com/SunWeb3Sec/DeFiHackLabs/blob/main/src/test/2026-04/SubQuerySettings_exp.sol
ETH,0xF5D3C18416f364342d8AaD69AFC13e490d05a7af,unknown,,defihacklabs,SubQuerySettings,2026-04-12,2026-09-30T05:51:25,https://github.com/SunWeb3Sec/DeFiHackLabs/blob/main/src/test/2026-04/SubQuerySettings_exp.sol
Base,0xf282737992Da4217bf5f8B6AE621181e84d7d3b9,unknown,,defihacklabs,SubQuerySettings,2026-04-12,2026-09-30T05:51:25,https://github.com/SunWeb3Sec/DeFiHackLabs/blob/main/src/test/2026-04/SubQuerySettings_exp.sol
Base,0x7A68b10EB116a8b71A9b6f77B32B47EB591B6Ded,unknown,,defihacklabs,SubQuerySettings,2026-04-12,2026-09-30T05:51:25,https://github.com/SunWeb3Sec/DeFiHackLabs/blob/main/src/test/2026-04/SubQuerySettings_exp.sol
ETH,0xc513e4f5d7a93a1dd5b7c4d9f6cc2f52d2f1f8e7,unknown,,rekt,Hyperbridge,2026-04-13,2026-09-30T05:51:25,https://rekt.news/hyperbridge-rekt
ETH,0x31a165a956842aB783098641dB25C7a9067ca9AB,unknown,,rekt,Hyperbridge,2026-04-13,2026-09-30T05:51:25,https://rekt.news/hyperbridge-rekt
ETH,0x518ab393c3f42613d010b54a9dcbe211e3d48f26,unknown,,rekt,Hyperbridge,2026-04-13,2026-09-30T05:51:25,https://rekt.news/hyperbridge-rekt
ETH,0xFd413e3AFe560182C4471F4d143A96d3e259B6dE,unknown,,rekt,Hyperbridge,2026-04-13,2026-09-30T05:51:25,https://rekt.news/hyperbridge-rekt
ETH,0xc0564bba9ba5a9be95ae866429f936012e1bf143,unknown,,rekt,Hyperbridge,2026-04-13,2026-09-30T05:51:25,https://rekt.news/hyperbridge-rekt
ETH,0xCcd363E1A098558b17431b934fffac9906855a5d,unknown,,rekt,Hyperbridge,2026-04-13,2026-09-30T05:51:25,https://rekt.news/hyperbridge-rekt
ETH,0x6C84eDd2A018b1fe2Fc93a56066B5C60dA4E6D64,unknown,,rekt,Hyperbridge,2026-04-13,2026-09-30T05:51:25,https://rekt.news/hyperbridge-rekt
ETH,0x8d010bf9c26881788b4e6bf5fd1bdc358c8f90b8,unknown,,rekt,Hyperbridge,2026-04-13,2026-09-30T05:51:25,https://rekt.news/hyperbridge-rekt
BSC,0x7eeec499e501293f6e589d550046375a2ad0b4c3,unknown,,defihacklabs,MONA LisaVault,2026-04-14,2026-09-30T05:51:25,https://github.com/SunWeb3Sec/DeFiHackLabs/blob/main/src/test/2026-04/MONA_LisaVault_exp.sol
Ethereum,0xAcDcD2e9787E889305200900d6Cf6C0548578630,attacker,Attacker,defihacklabs,XLootStaking,2026-04-15,2026-09-30T05:51:25,https://github.com/SunWeb3Sec/DeFiHackLabs/blob/main/src/test/2026-04/XLootStaking_exp.sol
Ethereum,0xd8A948b2ee03165a3c6b8940837bab664BC5CF4d,unknown,Attack Contract,defihacklabs,XLootStaking,2026-04-15,2026-09-30T05:51:25,https://github.com/SunWeb3Sec/DeFiHackLabs/blob/main/src/test/2026-04/XLootStaking_exp.sol
Ethereum,0xf3A3648bB1Da9D3aeA107da77E6f5bA9Cf313127,victim,Vulnerable Contract,defihacklabs,XLootStaking,2026-04-15,2026-09-30T05:51:25,https://github.com/SunWeb3Sec/DeFiHackLabs/blob/main/src/test/2026-04/XLootStaking_exp.sol
Ethereum,0x9d87Ff196646A99BDdb16876066aA863900118b4,victim,Victim,defihacklabs,XLootStaking,2026-04-15,2026-09-30T05:51:25,https://github.com/SunWeb3Sec/DeFiHackLabs/blob/main/src/test/2026-04/XLootStaking_exp.sol
ETH,0xAcDcD2e9787E889305200900d6Cf6C0548578630,unknown,,defihacklabs,XLootStaking,2026-04-15,2026-09-30T05:51:25,https://github.com/SunWeb3Sec/DeFiHackLabs/blob/main/src/test/2026-04/XLootStaking_exp.sol
ETH,0xd8A948b2ee03165a3c6b8940837bab664BC5CF4d,unknown,,defihacklabs,XLootStaking,2026-04-15,2026-09-30T05:51:25,https://github.com/SunWeb3Sec/DeFiHackLabs/blob/main/src/test/2026-04/XLootStaking_exp.sol
ETH,0xf3A3648bB1Da9D3aeA107da77E6f5bA9Cf313127,unknown,,defihacklabs,XLootStaking,2026-04-15,2026-09-30T05:51:25,https://github.com/SunWeb3Sec/DeFiHackLabs/blob/main/src/test/2026-04/XLootStaking_exp.sol
ETH,0x9d87Ff196646A99BDdb16876066aA863900118b4,unknown,,defihacklabs,XLootStaking,2026-04-15,2026-09-30T05:51:25,https://github.com/SunWeb3Sec/DeFiHackLabs/blob/main/src/test/2026-04/XLootStaking_exp.sol
ETH,0x8B1b6c9A6DB1304000412dd21Ae6A70a82d60D3b,unknown,,rekt,KelpDAO,2026-04-18,2026-09-30T05:51:25,https://rekt.news/kelpdao-rekt
ETH,0x5d3919F12bCc35c26Eee5F8226A9bee90c257Ccc,unknown,,rekt,KelpDAO,2026-04-18,2026-09-30T05:51:25,https://rekt.news/kelpdao-rekt
ETH,0xCBb24A6B4DAfaAA1a759A2F413eA0eB6AE1455CC,unknown,,rekt,KelpDAO,2026-04-18,2026-09-30T05:51:25,https://rekt.news/kelpdao-rekt
ETH,0x589dedbd617e0cbcb916a9223f4d1300c294236b,unknown,,rekt,KelpDAO,2026-04-18,2026-09-30T05:51:25,https://rekt.news/kelpdao-rekt
ETH,0x1F4C1c2e610f089D6914c4448E6F21Cb0db3adeF,unknown,,rekt,KelpDAO,2026-04-18,2026-09-30T05:51:25,https://rekt.news/kelpdao-rekt
Arbitrum,0x0000000000000000000000000000000000000da0,unknown,,rekt,KelpDAO,2026-04-18,2026-09-30T05:51:25,https://rekt.news/kelpdao-rekt
Avalanche,0xf59dc5521f191bcb53a9bcbd1654be81b72ee96f,unknown,,defihacklabs,AaveRebalancerCreditDelegation,2026-04-19,2026-09-30T05:51:25,https://github.com/SunWeb3Sec/DeFiHackLabs/blob/main/src/test/2026-04/AaveRebalancerCreditDelegation_exp.sol
Avalanche,0xe44eea4c6c2085d590a4a6bea01cf83e87a37be5,unknown,,defihacklabs,AaveRebalancerCreditDelegation,2026-04-19,2026-09-30T05:51:25,https://github.com/SunWeb3Sec/DeFiHackLabs/blob/main/src/test/2026-04/AaveRebalancerCreditDelegation_exp.sol
Avalanche,0x7a7bab45363efb0394ff27bfa29bb7c0534ca8c9,unknown,,defihacklabs,AaveRebalancerCreditDelegation,2026-04-19,2026-09-30T05:51:25,https://github.com/SunWeb3Sec/DeFiHackLabs/blob/main/src/test/2026-04/AaveRebalancerCreditDelegation_exp.sol
Avalanche,0x794a61358d6845594f94dc1db02a252b5b4814ad,unknown,,defihacklabs,AaveRebalancerCreditDelegation,2026-04-19,2026-09-30T05:51:25,https://github.com/SunWeb3Sec/DeFiHackLabs/blob/main/src/test/2026-04/AaveRebalancerCreditDelegation_exp.sol
Avalanche,0x6cddff90124ba51afac5715314db7c9546b32204,unknown,,defihacklabs,AaveRebalancerCreditDelegation,2026-04-19,2026-09-30T05:51:25,https://github.com/SunWeb3Sec/DeFiHackLabs/blob/main/src/test/2026-04/AaveRebalancerCreditDelegation_exp.sol
Ethereum,0xaea2d93328242389b3e34271252b1bc9253b718a,attacker,Attacker,defihacklabs,ThetanutsVaultShareRounding,2026-04-20,2026-09-30T05:51:25,https://github.com/SunWeb3Sec/DeFiHackLabs/blob/main/src/test/2026-04/ThetanutsVaultShareRounding_exp.sol
Ethereum,0xe26f5a496db55de2a69bdc4eef023927b3c2a209,unknown,Attack Contract,defihacklabs,ThetanutsVaultShareRounding,2026-04-20,2026-09-30T05:51:25,https://github.com/SunWeb3Sec/DeFiHackLabs/blob/main/src/test/2026-04/ThetanutsVaultShareRounding_exp.sol
Ethereum,0x80b8eeb34a2ba5dd90c61e02a12ea30515dca6f5,victim,Vulnerable Contract,defihacklabs,ThetanutsVaultShareRounding,2026-04-20,2026-09-30T05:51:25,https://github.com/SunWeb3Sec/DeFiHackLabs/blob/main/src/test/2026-04/ThetanutsVaultShareRounding_exp.sol
ETH,0xaea2d93328242389b3e34271252b1bc9253b718a,unknown,,defihacklabs,ThetanutsVaultShareRounding,2026-04-20,2026-09-30T05:51:25,https://github.com/SunWeb3Sec/DeFiHackLabs/blob/main/src/test/2026-04/ThetanutsVaultShareRounding_exp.sol
ETH,0xe26f5a496db55de2a69bdc4eef023927b3c2a209,unknown,,defihacklabs,ThetanutsVaultShareRounding,2026-04-20,2026-09-30T05:51:25,https://github.com/SunWeb3Sec/DeFiHackLabs/blob/main/src/test/2026-04/ThetanutsVaultShareRounding_exp.sol
ETH,0x80b8eeb34a2ba5dd90c61e02a12ea30515dca6f5,unknown,,defihacklabs,ThetanutsVaultShareRounding,2026-04-20,2026-09-30T05:51:25,https://github.com/SunWeb3Sec/DeFiHackLabs/blob/main/src/test/2026-04/ThetanutsVaultShareRounding_exp.sol
Ethereum,0x23245f620d1e910ad76e6b6de4f8284a53c9ad2d,attacker,Attacker,defihacklabs,JuiceboxREVLoans,2026-04-20,2026-09-30T05:51:25,https://github.com/SunWeb3Sec/DeFiHackLabs/blob/main/src/test/2026-04/JuiceboxREVLoans_exp.sol
Ethereum,0x1880D832aa283d05b8eAB68877717E25FbD550Bb,victim,Vulnerable Contract,defihacklabs,JuiceboxREVLoans,2026-04-20,2026-09-30T05:51:25,https://github.com/SunWeb3Sec/DeFiHackLabs/blob/main/src/test/2026-04/JuiceboxREVLoans_exp.sol
ETH,0x23245f620d1e910ad76e6b6de4f8284a53c9ad2d,unknown,,defihacklabs,JuiceboxREVLoans,2026-04-20,2026-09-30T05:51:25,https://github.com/SunWeb3Sec/DeFiHackLabs/blob/main/src/test/2026-04/JuiceboxREVLoans_exp.sol
ETH,0x1880D832aa283d05b8eAB68877717E25FbD550Bb,unknown,,defihacklabs,JuiceboxREVLoans,2026-04-20,2026-09-30T05:51:25,https://github.com/SunWeb3Sec/DeFiHackLabs/blob/main/src/test/2026-04/JuiceboxREVLoans_exp.sol
Base,0x2352a1fca90182509dca9c12b2cad582a38e8b82,unknown,,defihacklabs,KipseliPropAMM,2026-04-21,2026-09-30T05:51:25,https://github.com/SunWeb3Sec/DeFiHackLabs/blob/main/src/test/2026-04/KipseliPropAMM_exp.sol
Base,0x74513519689b1fb427747624a4dd87b3849d39cd,unknown,,defihacklabs,KipseliPropAMM,2026-04-21,2026-09-30T05:51:25,https://github.com/SunWeb3Sec/DeFiHackLabs/blob/main/src/test/2026-04/KipseliPropAMM_exp.sol
Base,0xd35c6717cca1e04696b694dcb1643ac3620d2152,unknown,,defihacklabs,KipseliPropAMM,2026-04-21,2026-09-30T05:51:25,https://github.com/SunWeb3Sec/DeFiHackLabs/blob/main/src/test/2026-04/KipseliPropAMM_exp.sol
Ethereum,0x81fe3d7d35dfefa15b9e6800b6aefc3358e7b156,attacker,Attacker,defihacklabs,GiddyVaultV3,2026-04-23,2026-09-30T05:51:25,https://github.com/SunWeb3Sec/DeFiHackLabs/blob/main/src/test/2026-04/giddyvaultv3_compound_auth_exp.sol
Ethereum,0x7326a1ab0d696ae317958d136d6e4c693ea34528,unknown,Attack Contract,defihacklabs,GiddyVaultV3,2026-04-23,2026-09-30T05:51:25,https://github.com/SunWeb3Sec/DeFiHackLabs/blob/main/src/test/2026-04/giddyvaultv3_compound_auth_exp.sol
Ethereum,0x50a5312bf627b6be07e60015ed3d418e992d76eb,unknown,Attack Deployer,defihacklabs,GiddyVaultV3,2026-04-23,2026-09-30T05:51:25,https://github.com/SunWeb3Sec/DeFiHackLabs/blob/main/src/test/2026-04/giddyvaultv3_compound_auth_exp.sol
Ethereum,0x5f0ad32c00641d1d2bb628ff341e0d4bb4494318,victim,Vulnerable Contract,defihacklabs,GiddyVaultV3,2026-04-23,2026-09-30T05:51:25,https://github.com/SunWeb3Sec/DeFiHackLabs/blob/main/src/test/2026-04/giddyvaultv3_compound_auth_exp.sol
ETH,0x81fe3d7d35dfefa15b9e6800b6aefc3358e7b156,unknown,,defihacklabs,GiddyVaultV3,2026-04-23,2026-09-30T05:51:25,https://github.com/SunWeb3Sec/DeFiHackLabs/blob/main/src/test/2026-04/giddyvaultv3_compound_auth_exp.sol
ETH,0x7326a1ab0d696ae317958d136d6e4c693ea34528,unknown,,defihacklabs,GiddyVaultV3,2026-04-23,2026-09-30T05:51:25,https://github.com/SunWeb3Sec/DeFiHackLabs/blob/main/src/test/2026-04/giddyvaultv3_compound_auth_exp.sol
ETH,0x50a5312bf627b6be07e60015ed3d418e992d76eb,unknown,,defihacklabs,GiddyVaultV3,2026-04-23,2026-09-30T05:51:25,https://github.com/SunWeb3Sec/DeFiHackLabs/blob/main/src/test/2026-04/giddyvaultv3_compound_auth_exp.sol
ETH,0x5f0ad32c00641d1d2bb628ff341e0d4bb4494318,unknown,,defihacklabs,GiddyVaultV3,2026-04-23,2026-09-30T05:51:25,https://github.com/SunWeb3Sec/DeFiHackLabs/blob/main/src/test/2026-04/giddyvaultv3_compound_auth_exp.sol
Base,0x5c2cbe53f2ce1b58532d4985a9b9d3db87d3af4c,unknown,,defihacklabs,SingularityDynaVault,2026-04-25,2026-09-30T05:51:25,https://github.com/SunWeb3Sec/DeFiHackLabs/blob/main/src/test/2026-04/SingularityDynaVault_exp.sol
Base,0x9ad48257024f8cd3ab7fde97c95950159fcaefae,unknown,,defihacklabs,SingularityDynaVault,2026-04-25,2026-09-30T05:51:25,https://github.com/SunWeb3Sec/DeFiHackLabs/blob/main/src/test/2026-04/SingularityDynaVault_exp.sol
Base,0x67b93f6676bd1911c5fae7ffa90fff5f35e14dcd,unknown,,defihacklabs,SingularityDynaVault,2026-04-25,2026-09-30T05:51:25,https://github.com/SunWeb3Sec/DeFiHackLabs/blob/main/src/test/2026-04/SingularityDynaVault_exp.sol
Base,0x73b8c192bfc323c3ea224c88219d55dfc319e89f,unknown,,defihacklabs,SingularityDynaVault,2026-04-25,2026-09-30T05:51:25,https://github.com/SunWeb3Sec/DeFiHackLabs/blob/main/src/test/2026-04/SingularityDynaVault_exp.sol
Ethereum,0x224c940003dd0b8aa1a20e655ced0363d573fa46,attacker,Attacker,defihacklabs,Unverified_a152,2026-04-27,2026-09-30T05:51:25,https://github.com/SunWeb3Sec/DeFiHackLabs/blob/main/src/test/2026-04/unverified_a152_exp.sol
Ethereum,0x99464c162b5816384e76f14912a87af9834c65db,unknown,Attack Contract,defihacklabs,Unverified_a152,2026-04-27,2026-09-30T05:51:25,https://github.com/SunWeb3Sec/DeFiHackLabs/blob/main/src/test/2026-04/unverified_a152_exp.sol
Ethereum,0xa152751251a72f7d9e8a8998e9eadbefbf10e4f3,victim,Vulnerable Contract,defihacklabs,Unverified_a152,2026-04-27,2026-09-30T05:51:25,https://github.com/SunWeb3Sec/DeFiHackLabs/blob/main/src/test/2026-04/unverified_a152_exp.sol
ETH,0x224c940003dd0b8aa1a20e655ced0363d573fa46,unknown,,defihacklabs,Unverified_a152,2026-04-27,2026-09-30T05:51:25,https://github.com/SunWeb3Sec/DeFiHackLabs/blob/main/src/test/2026-04/unverified_a152_exp.sol
ETH,0x99464c162b5816384e76f14912a87af9834c65db,unknown,,defihacklabs,Unverified_a152,2026-04-27,2026-09-30T05:51:25,https://github.com/SunWeb3Sec/DeFiHackLabs/blob/main/src/test/2026-04/unverified_a152_exp.sol
ETH,0xa152751251a72f7d9e8a8998e9eadbefbf10e4f3,unknown,,defihacklabs,Unverified_a152,2026-04-27,2026-09-30T05:51:25,https://github.com/SunWeb3Sec/DeFiHackLabs/blob/main/src/test/2026-04/unverified_a152_exp.sol
Ethereum,0x7137804200a073f616d92e87007f1f100100b56a,attacker,Attacker,defihacklabs,RWAVault,2026-04-28,2026-09-30T05:51:25,https://github.com/SunWeb3Sec/DeFiHackLabs/blob/main/src/test/2026-04/RWAVault_exp.sol
Ethereum,0x50c140c2f705fa9d0bd0f4f253bacf4087588d17,unknown,Attack Contract,defihacklabs,RWAVault,2026-04-28,2026-09-30T05:51:25,https://github.com/SunWeb3Sec/DeFiHackLabs/blob/main/src/test/2026-04/RWAVault_exp.sol
Ethereum,0x317aa10528ff675ef4c358ea6a5b7b5494325733,victim,Vulnerable Contract,defihacklabs,RWAVault,2026-04-28,2026-09-30T05:51:25,https://github.com/SunWeb3Sec/DeFiHackLabs/blob/main/src/test/2026-04/RWAVault_exp.sol
Ethereum,0xb9c7c84a1aa0dd40b5b38aae815ad0cdd2e5f88a,victim,Victim,defihacklabs,RWAVault,2026-04-28,2026-09-30T05:51:25,https://github.com/SunWeb3Sec/DeFiHackLabs/blob/main/src/test/2026-04/RWAVault_exp.sol
ETH,0x7137804200a073f616d92e87007f1f100100b56a,unknown,,defihacklabs,RWAVault,2026-04-28,2026-09-30T05:51:25,https://github.com/SunWeb3Sec/DeFiHackLabs/blob/main/src/test/2026-04/RWAVault_exp.sol
ETH,0x50c140c2f705fa9d0bd0f4f253bacf4087588d17,unknown,,defihacklabs,RWAVault,2026-04-28,2026-09-30T05:51:25,https://github.com/SunWeb3Sec/DeFiHackLabs/blob/main/src/test/2026-04/RWAVault_exp.sol
ETH,0x317aa10528ff675ef4c358ea6a5b7b5494325733,unknown,,defihacklabs,RWAVault,2026-04-28,2026-09-30T05:51:25,https://github.com/SunWeb3Sec/DeFiHackLabs/blob/main/src/test/2026-04/RWAVault_exp.sol
ETH,0xb9c7c84a1aa0dd40b5b38aae815ad0cdd2e5f88a,unknown,,defihacklabs,RWAVault,2026-04-28,2026-09-30T05:51:25,https://github.com/SunWeb3Sec/DeFiHackLabs/blob/main/src/test/2026-04/RWAVault_exp.sol
BSC,0x5384b34c74024d6563b323351a4bbfa18432161b,unknown,,defihacklabs,JUDAO,2026-04-28,2026-09-30T05:51:25,https://github.com/SunWeb3Sec/DeFiHackLabs/blob/main/src/test/2026-04/JUDAO_exp.sol
BSC,0x530904b5b5ec86cca0528a682614f57f87e7f079,unknown,,defihacklabs,JUDAO,2026-04-28,2026-09-30T05:51:25,https://github.com/SunWeb3Sec/DeFiHackLabs/blob/main/src/test/2026-04/JUDAO_exp.sol
BSC,0xf55dff7898930a2d28cdbc39d615b1624ac86888,unknown,,defihacklabs,JUDAO,2026-04-28,2026-09-30T05:51:25,https://github.com/SunWeb3Sec/DeFiHackLabs/blob/main/src/test/2026-04/JUDAO_exp.sol
Arbitrum,0x4551835e7c40d2a3d407c89d6a91eff98285c681,unknown,,defihacklabs,SharwaMarginTrading,2026-05-01,2026-09-30T05:51:25,https://github.com/SunWeb3Sec/DeFiHackLabs/blob/main/src/test/2026-05/SharwaMarginTrading_exp.sol
Arbitrum,0x7e3c13314ceefc7578242d5eae9ed4dcbeb8d377,unknown,,defihacklabs,SharwaMarginTrading,2026-05-01,2026-09-30T05:51:25,https://github.com/SunWeb3Sec/DeFiHackLabs/blob/main/src/test/2026-05/SharwaMarginTrading_exp.sol
Arbitrum,0x729cf665c09ef112c607290415a566fffa45826f,unknown,,defihacklabs,SharwaMarginTrading,2026-05-01,2026-09-30T05:51:25,https://github.com/SunWeb3Sec/DeFiHackLabs/blob/main/src/test/2026-05/SharwaMarginTrading_exp.sol
Ethereum,0xA911Ff351B143634Dbc5aF3E204EA074583A83e3,attacker,Attacker,defihacklabs,Ekubo,2026-05-05,2026-09-30T05:51:25,https://github.com/SunWeb3Sec/DeFiHackLabs/blob/main/src/test/2026-05/Ekubo_exp.sol
Ethereum,0x61b0dAD9628D3e644eB560a5c9B0F960430E3A75,unknown,Attack Contract,defihacklabs,Ekubo,2026-05-05,2026-09-30T05:51:25,https://github.com/SunWeb3Sec/DeFiHackLabs/blob/main/src/test/2026-05/Ekubo_exp.sol
Ethereum,0x8CCB1ffD5C2aa6Bd926473425Dea4c8c15DE60fd,victim,Vulnerable Contract,defihacklabs,Ekubo,2026-05-05,2026-09-30T05:51:25,https://github.com/SunWeb3Sec/DeFiHackLabs/blob/main/src/test/2026-05/Ekubo_exp.sol
ETH,0xA911Ff351B143634Dbc5aF3E204EA074583A83e3,unknown,,defihacklabs,Ekubo,2026-05-05,2026-09-30T05:51:25,https://github.com/SunWeb3Sec/DeFiHackLabs/blob/main/src/test/2026-05/Ekubo_exp.sol
ETH,0x61b0dAD9628D3e644eB560a5c9B0F960430E3A75,unknown,,defihacklabs,Ekubo,2026-05-05,2026-09-30T05:51:25,https://github.com/SunWeb3Sec/DeFiHackLabs/blob/main/src/test/2026-05/Ekubo_exp.sol
ETH,0x8CCB1ffD5C2aa6Bd926473425Dea4c8c15DE60fd,unknown,,defihacklabs,Ekubo,2026-05-05,2026-09-30T05:51:25,https://github.com/SunWeb3Sec/DeFiHackLabs/blob/main/src/test/2026-05/Ekubo_exp.sol
Ethereum,0xC3EBDdEa4f69df717a8f5c89e7cF20C1c0389100,attacker,Attacker / signer,defihacklabs,TrustedVolumes,2026-05-07,2026-09-30T05:51:25,https://github.com/SunWeb3Sec/DeFiHackLabs/blob/main/src/test/2026-05/TrustedVolumes_exp.sol
Ethereum,0xd4d5db5ec65272b26f756712247281515f211e95,unknown,Attack Contract,defihacklabs,TrustedVolumes,2026-05-07,2026-09-30T05:51:25,https://github.com/SunWeb3Sec/DeFiHackLabs/blob/main/src/test/2026-05/TrustedVolumes_exp.sol
Ethereum,0xeEeEEe53033F7227d488ae83a27Bc9A9D5051756,victim,Vulnerable Contract,defihacklabs,TrustedVolumes,2026-05-07,2026-09-30T05:51:25,https://github.com/SunWeb3Sec/DeFiHackLabs/blob/main/src/test/2026-05/TrustedVolumes_exp.sol
Ethereum,0x88eb28009351Fb414A5746F5d8CA91cdc02760d8,unknown,-> delegatecalls implementation 0x88eb28009351Fb414A5746F5d8,defihacklabs,TrustedVolumes,2026-05-07,2026-09-30T05:51:25,https://github.com/SunWeb3Sec/DeFiHackLabs/blob/main/src/test/2026-05/TrustedVolumes_exp.sol
Ethereum,0x9ba0cf1588e1dfa905ec948f7fe5104dd40eda31,victim,Victim (maker/resolver),defihacklabs,TrustedVolumes,2026-05-07,2026-09-30T05:51:25,https://github.com/SunWeb3Sec/DeFiHackLabs/blob/main/src/test/2026-05/TrustedVolumes_exp.sol
ETH,0xC3EBDdEa4f69df717a8f5c89e7cF20C1c0389100,unknown,,defihacklabs,TrustedVolumes,2026-05-07,2026-09-30T05:51:25,https://github.com/SunWeb3Sec/DeFiHackLabs/blob/main/src/test/2026-05/TrustedVolumes_exp.sol
ETH,0xd4d5db5ec65272b26f756712247281515f211e95,unknown,,defihacklabs,TrustedVolumes,2026-05-07,2026-09-30T05:51:25,https://github.com/SunWeb3Sec/DeFiHackLabs/blob/main/src/test/2026-05/TrustedVolumes_exp.sol
ETH,0xeEeEEe53033F7227d488ae83a27Bc9A9D5051756,unknown,,defihacklabs,TrustedVolumes,2026-05-07,2026-09-30T05:51:25,https://github.com/SunWeb3Sec/DeFiHackLabs/blob/main/src/test/2026-05/TrustedVolumes_exp.sol
ETH,0x88eb28009351Fb414A5746F5d8CA91cdc02760d8,unknown,,defihacklabs,TrustedVolumes,2026-05-07,2026-09-30T05:51:25,https://github.com/SunWeb3Sec/DeFiHackLabs/blob/main/src/test/2026-05/TrustedVolumes_exp.sol
ETH,0x9ba0cf1588e1dfa905ec948f7fe5104dd40eda31,unknown,,defihacklabs,TrustedVolumes,2026-05-07,2026-09-30T05:51:25,https://github.com/SunWeb3Sec/DeFiHackLabs/blob/main/src/test/2026-05/TrustedVolumes_exp.sol
ETH,0xC3EBDdEa4f69df717a8f5c89e7cF20C1c0389100,unknown,,rekt,TrustedVolumes,2026-05-07,2026-09-30T05:51:25,https://rekt.news/trustedvolumes-rekt
ETH,0x61e6301614178A2cA21Bfa0FBB30ABa06ACC2D1c,unknown,,rekt,TrustedVolumes,2026-05-07,2026-09-30T05:51:25,https://rekt.news/trustedvolumes-rekt
ETH,0xd4d5db5ec65272b26f756712247281515f211e95,unknown,,rekt,TrustedVolumes,2026-05-07,2026-09-30T05:51:25,https://rekt.news/trustedvolumes-rekt
ETH,0xeEeEEe53033F7227d488ae83a27Bc9A9D5051756,unknown,,rekt,TrustedVolumes,2026-05-07,2026-09-30T05:51:25,https://rekt.news/trustedvolumes-rekt
ETH,0x88eb28009351Fb414A5746F5d8CA91cdc02760d8,unknown,,rekt,TrustedVolumes,2026-05-07,2026-09-30T05:51:25,https://rekt.news/trustedvolumes-rekt
ETH,0x9bA0CF1588E1DFA905eC948F7FE5104dD40EDa31,unknown,,rekt,TrustedVolumes,2026-05-07,2026-09-30T05:51:25,https://rekt.news/trustedvolumes-rekt
Arbitrum,0x777253F28AdC29645152b7b41BE5c772A9657777,unknown,,defihacklabs,Renegade,2026-05-10,2026-09-30T05:51:25,https://github.com/SunWeb3Sec/DeFiHackLabs/blob/main/src/test/2026-05/Renegade_exp.sol
Arbitrum,0x33FB722C76D4e9fC0c86BbF10EBDeA45a4434a34,unknown,,defihacklabs,Renegade,2026-05-10,2026-09-30T05:51:25,https://github.com/SunWeb3Sec/DeFiHackLabs/blob/main/src/test/2026-05/Renegade_exp.sol
Arbitrum,0x30bD8eAb29181F790D7e495786d4B96d7AfDC518,unknown,,defihacklabs,Renegade,2026-05-10,2026-09-30T05:51:25,https://github.com/SunWeb3Sec/DeFiHackLabs/blob/main/src/test/2026-05/Renegade_exp.sol
Polygon,0x13B44e416e0f66359502E843AF2e1191f1260DaF,unknown,,defihacklabs,HumaFinance,2026-05-11,2026-09-30T05:51:25,https://github.com/SunWeb3Sec/DeFiHackLabs/blob/main/src/test/2026-05/HumaCreditApprovalBypass_exp.sol
Polygon,0x44d4a434ae1529106e4b801315e22721978022a3,unknown,,defihacklabs,HumaFinance,2026-05-11,2026-09-30T05:51:25,https://github.com/SunWeb3Sec/DeFiHackLabs/blob/main/src/test/2026-05/HumaCreditApprovalBypass_exp.sol
Polygon,0x57107d02c2b70e09ad77240dbde7ad77fe91ea1c,unknown,,defihacklabs,HumaFinance,2026-05-11,2026-09-30T05:51:25,https://github.com/SunWeb3Sec/DeFiHackLabs/blob/main/src/test/2026-05/HumaCreditApprovalBypass_exp.sol
Polygon,0x90b147592191388e955401af43842e19faa87ee2,unknown,,defihacklabs,INKFinance,2026-05-11,2026-09-30T05:51:25,https://github.com/SunWeb3Sec/DeFiHackLabs/blob/main/src/test/2026-05/INKFinance_exp.sol
Polygon,0x74f28b9A35D72504E007C60803eF47f1A44b109e,unknown,,defihacklabs,INKFinance,2026-05-11,2026-09-30T05:51:25,https://github.com/SunWeb3Sec/DeFiHackLabs/blob/main/src/test/2026-05/INKFinance_exp.sol
Polygon,0xeF2C77f3B9b8aaa067239bc6B4588Bae26433494,unknown,,defihacklabs,INKFinance,2026-05-11,2026-09-30T05:51:25,https://github.com/SunWeb3Sec/DeFiHackLabs/blob/main/src/test/2026-05/INKFinance_exp.sol
BSC,0x404404a845fff0201f3a4d419b4839fc419c99f7,unknown,,slowmist,SQ Protocol,2026-05-12,2026-09-30T05:51:25,https://x.com/Defi_Nerd_sec/status/2054425936746148148
BSC,0xE746c9043Aa0106853c5e4380A9A307Fe385378e,unknown,,defihacklabs,SQTokenStaking,2026-05-12,2026-09-30T05:51:25,https://github.com/SunWeb3Sec/DeFiHackLabs/blob/main/src/test/2026-05/SQTokenStaking_exp.sol
BSC,0x0ECADd99B6A2f5b18a9e05c29074471A5970dd0D,unknown,,defihacklabs,SQTokenStaking,2026-05-12,2026-09-30T05:51:25,https://github.com/SunWeb3Sec/DeFiHackLabs/blob/main/src/test/2026-05/SQTokenStaking_exp.sol
BSC,0x404404A845FFF0201f3a4D419B4839fC419c99F7,unknown,,defihacklabs,SQTokenStaking,2026-05-12,2026-09-30T05:51:25,https://github.com/SunWeb3Sec/DeFiHackLabs/blob/main/src/test/2026-05/SQTokenStaking_exp.sol
Ethereum,0x63e22ce9bde9bb8892a447258abfcaa4142f001b,attacker,Attacker,defihacklabs,AdsharesBridge,2026-05-15,2026-09-30T05:51:25,https://github.com/SunWeb3Sec/DeFiHackLabs/blob/main/src/test/2026-05/AdsharesBridge_exp.sol
Ethereum,0xcfcEcFe2bD2FED07A9145222E8a7ad9Cf1Ccd22A,victim,Vulnerable Contract,defihacklabs,AdsharesBridge,2026-05-15,2026-09-30T05:51:25,https://github.com/SunWeb3Sec/DeFiHackLabs/blob/main/src/test/2026-05/AdsharesBridge_exp.sol
ETH,0x63e22ce9bde9bb8892a447258abfcaa4142f001b,unknown,,defihacklabs,AdsharesBridge,2026-05-15,2026-09-30T05:51:25,https://github.com/SunWeb3Sec/DeFiHackLabs/blob/main/src/test/2026-05/AdsharesBridge_exp.sol
ETH,0xcfcEcFe2bD2FED07A9145222E8a7ad9Cf1Ccd22A,unknown,,defihacklabs,AdsharesBridge,2026-05-15,2026-09-30T05:51:25,https://github.com/SunWeb3Sec/DeFiHackLabs/blob/main/src/test/2026-05/AdsharesBridge_exp.sol
ETH,0x82fc0d5150f3548027e971ec04c065f3c93154eb,unknown,,rekt,THORChain,2026-05-15,2026-09-30T05:51:25,https://rekt.news/thorchain-rekt3
ETH,0x82a5CF67F3e6970C0529122178075C0a94878bDA,unknown,,rekt,THORChain,2026-05-15,2026-09-30T05:51:25,https://rekt.news/thorchain-rekt3
ETH,0xd477b69551f49C0519F9B18c55030676138890Bd,unknown,,rekt,THORChain,2026-05-15,2026-09-30T05:51:25,https://rekt.news/thorchain-rekt3
Avalanche,0x82A3580296b014c27cFe6be23Ed471c30D878Bda,unknown,,rekt,THORChain,2026-05-15,2026-09-30T05:51:25,https://rekt.news/thorchain-rekt3
TRX,TXmo5sdVCvQnJgbvjAUpQJfyNx5EnqtAM3,unknown,,rekt,THORChain,2026-05-15,2026-09-30T05:51:25,https://rekt.news/thorchain-rekt3
TRX,TMt1UgzBNKETQMgGckJDomcMQhvwhGUiXo,unknown,,rekt,THORChain,2026-05-15,2026-09-30T05:51:25,https://rekt.news/thorchain-rekt3
BTC,bc1ql4u94klk265lnfur2ujk9p6uh52f2a8jhf6f37,unknown,,rekt,THORChain,2026-05-15,2026-09-30T05:51:25,https://rekt.news/thorchain-rekt3
BTC,bc1qt8f467qdkpmuflgwvgvvlr86r0kldnnvm7zhyv,unknown,,rekt,THORChain,2026-05-15,2026-09-30T05:51:25,https://rekt.news/thorchain-rekt3
Arbitrum,0x352173fabf0e67e1cb1fcdf15474d0477d5d3674,unknown,,defihacklabs,SEAToken,2026-05-17,2026-09-30T05:51:25,https://github.com/SunWeb3Sec/DeFiHackLabs/blob/main/src/test/2026-05/SEAToken_exp.sol
Arbitrum,0x32db518e84955739912b6257cc65e3e8374b60e4,unknown,,defihacklabs,SEAToken,2026-05-17,2026-09-30T05:51:25,https://github.com/SunWeb3Sec/DeFiHackLabs/blob/main/src/test/2026-05/SEAToken_exp.sol
Arbitrum,0xa70f31c06f921019237fc00b1417217dae5c37c5,unknown,,defihacklabs,SEAToken,2026-05-17,2026-09-30T05:51:25,https://github.com/SunWeb3Sec/DeFiHackLabs/blob/main/src/test/2026-05/SEAToken_exp.sol
Ethereum,0x5abb91b9c01a5ed3ae762d32b236595b459d5777,attacker,Attacker,defihacklabs,VerusBridge,2026-05-17,2026-09-30T05:51:25,https://github.com/SunWeb3Sec/DeFiHackLabs/blob/main/src/test/2026-05/VerusBridge_exp.sol
Ethereum,0x65cb8b128bf6e690761044cceca422bb239c25f9,unknown,Attack Contract,defihacklabs,VerusBridge,2026-05-17,2026-09-30T05:51:25,https://github.com/SunWeb3Sec/DeFiHackLabs/blob/main/src/test/2026-05/VerusBridge_exp.sol
Ethereum,0x71518580f36feceffe0721f06ba4703218cd7f63,victim,Vulnerable Contract,defihacklabs,VerusBridge,2026-05-17,2026-09-30T05:51:25,https://github.com/SunWeb3Sec/DeFiHackLabs/blob/main/src/test/2026-05/VerusBridge_exp.sol
ETH,0x5abb91b9c01a5ed3ae762d32b236595b459d5777,unknown,,defihacklabs,VerusBridge,2026-05-17,2026-09-30T05:51:25,https://github.com/SunWeb3Sec/DeFiHackLabs/blob/main/src/test/2026-05/VerusBridge_exp.sol
ETH,0x65cb8b128bf6e690761044cceca422bb239c25f9,unknown,,defihacklabs,VerusBridge,2026-05-17,2026-09-30T05:51:25,https://github.com/SunWeb3Sec/DeFiHackLabs/blob/main/src/test/2026-05/VerusBridge_exp.sol
ETH,0x71518580f36feceffe0721f06ba4703218cd7f63,unknown,,defihacklabs,VerusBridge,2026-05-17,2026-09-30T05:51:25,https://github.com/SunWeb3Sec/DeFiHackLabs/blob/main/src/test/2026-05/VerusBridge_exp.sol
Base,0x2352a1fca90182509dca9c12b2cad582a38e8b82,unknown,,defihacklabs,TesseraSwap,2026-05-18,2026-09-30T05:51:25,https://github.com/SunWeb3Sec/DeFiHackLabs/blob/main/src/test/2026-05/TesseraSwap_exp.sol
Base,0x74513519689b1fb427747624a4dd87b3849d39cd,unknown,,defihacklabs,TesseraSwap,2026-05-18,2026-09-30T05:51:25,https://github.com/SunWeb3Sec/DeFiHackLabs/blob/main/src/test/2026-05/TesseraSwap_exp.sol
Base,0x55555522005bcae1c2424d474bfd5ed477749e3e,unknown,,defihacklabs,TesseraSwap,2026-05-18,2026-09-30T05:51:25,https://github.com/SunWeb3Sec/DeFiHackLabs/blob/main/src/test/2026-05/TesseraSwap_exp.sol
Base,0x3dbe077e7986657e95e1cc50089f17a5a4af0aae,unknown,,defihacklabs,TesseraSwap,2026-05-18,2026-09-30T05:51:25,https://github.com/SunWeb3Sec/DeFiHackLabs/blob/main/src/test/2026-05/TesseraSwap_exp.sol
Polygon,0x7abd3f84e28f49f8f3d64fa21981fa36e4fb37f0,unknown,,defihacklabs,ElevateFi,2026-05-19,2026-09-30T05:51:25,https://github.com/SunWeb3Sec/DeFiHackLabs/blob/main/src/test/2026-05/ElevateFi_exp.sol
Polygon,0x0511889ef593412386a889a3b7e3327cbc81f19e,unknown,,defihacklabs,ElevateFi,2026-05-19,2026-09-30T05:51:25,https://github.com/SunWeb3Sec/DeFiHackLabs/blob/main/src/test/2026-05/ElevateFi_exp.sol
Polygon,0xcddc83a34fc9a7b9e6b1df7c14b585cf73283174,unknown,,defihacklabs,ElevateFi,2026-05-19,2026-09-30T05:51:25,https://github.com/SunWeb3Sec/DeFiHackLabs/blob/main/src/test/2026-05/ElevateFi_exp.sol
Polygon,0x816ec92012e61269dcfe72188fe6d2352defce74,unknown,,defihacklabs,ElevateFi,2026-05-19,2026-09-30T05:51:25,https://github.com/SunWeb3Sec/DeFiHackLabs/blob/main/src/test/2026-05/ElevateFi_exp.sol
Ethereum,0x40592025392bd7d7463711c6e82ed34241b64279,attacker,Attacker,defihacklabs,MAPProtocol,2026-05-20,2026-09-30T05:51:25,https://github.com/SunWeb3Sec/DeFiHackLabs/blob/main/src/test/2026-05/MAPProtocol_exp.sol
Ethereum,0x2475396a308861559ef30dc46aad6136367a1c30,unknown,Attack Contract,defihacklabs,MAPProtocol,2026-05-20,2026-09-30T05:51:25,https://github.com/SunWeb3Sec/DeFiHackLabs/blob/main/src/test/2026-05/MAPProtocol_exp.sol
Ethereum,0x0000317bec33af037b5fab2028f52d14658f6a56,victim,Vulnerable Contract,defihacklabs,MAPProtocol,2026-05-20,2026-09-30T05:51:25,https://github.com/SunWeb3Sec/DeFiHackLabs/blob/main/src/test/2026-05/MAPProtocol_exp.sol
ETH,0x40592025392bd7d7463711c6e82ed34241b64279,unknown,,defihacklabs,MAPProtocol,2026-05-20,2026-09-30T05:51:25,https://github.com/SunWeb3Sec/DeFiHackLabs/blob/main/src/test/2026-05/MAPProtocol_exp.sol
ETH,0x2475396a308861559ef30dc46aad6136367a1c30,unknown,,defihacklabs,MAPProtocol,2026-05-20,2026-09-30T05:51:25,https://github.com/SunWeb3Sec/DeFiHackLabs/blob/main/src/test/2026-05/MAPProtocol_exp.sol
ETH,0x0000317bec33af037b5fab2028f52d14658f6a56,unknown,,defihacklabs,MAPProtocol,2026-05-20,2026-09-30T05:51:25,https://github.com/SunWeb3Sec/DeFiHackLabs/blob/main/src/test/2026-05/MAPProtocol_exp.sol
Ethereum,0x08096e9ae70d7c5f2707b203a7801b75d1412156,attacker,Attacker,defihacklabs,MureDistribution,2026-05-21,2026-09-30T05:51:25,https://github.com/SunWeb3Sec/DeFiHackLabs/blob/main/src/test/2026-05/MureDistribution_exp.sol
Ethereum,0x2b896760f8ad2ecf58ef93bdf71ac5e85c2b7f63,unknown,Attack Contract,defihacklabs,MureDistribution,2026-05-21,2026-09-30T05:51:25,https://github.com/SunWeb3Sec/DeFiHackLabs/blob/main/src/test/2026-05/MureDistribution_exp.sol
Ethereum,0x365083717efb17f3895290ba38f20f568c7a4d8a,victim,Vulnerable Contract,defihacklabs,MureDistribution,2026-05-21,2026-09-30T05:51:25,https://github.com/SunWeb3Sec/DeFiHackLabs/blob/main/src/test/2026-05/MureDistribution_exp.sol
ETH,0x08096e9ae70d7c5f2707b203a7801b75d1412156,unknown,,defihacklabs,MureDistribution,2026-05-21,2026-09-30T05:51:25,https://github.com/SunWeb3Sec/DeFiHackLabs/blob/main/src/test/2026-05/MureDistribution_exp.sol
ETH,0x2b896760f8ad2ecf58ef93bdf71ac5e85c2b7f63,unknown,,defihacklabs,MureDistribution,2026-05-21,2026-09-30T05:51:25,https://github.com/SunWeb3Sec/DeFiHackLabs/blob/main/src/test/2026-05/MureDistribution_exp.sol
ETH,0x365083717efb17f3895290ba38f20f568c7a4d8a,unknown,,defihacklabs,MureDistribution,2026-05-21,2026-09-30T05:51:25,https://github.com/SunWeb3Sec/DeFiHackLabs/blob/main/src/test/2026-05/MureDistribution_exp.sol
Arbitrum,0xe2acec13c6d1aaca584f827a22f2e4a02131e39a,unknown,,defihacklabs,FractalProtocol,2026-05-22,2026-09-30T05:51:25,https://github.com/SunWeb3Sec/DeFiHackLabs/blob/main/src/test/2026-05/FractalProtocol_exp.sol
Arbitrum,0x43514743caa5a7d4a8b07f5d25fb242391bbc8da,unknown,,defihacklabs,FractalProtocol,2026-05-22,2026-09-30T05:51:25,https://github.com/SunWeb3Sec/DeFiHackLabs/blob/main/src/test/2026-05/FractalProtocol_exp.sol
Arbitrum,0x80e1a981285181686a3951b05ded454734892a09,unknown,,defihacklabs,FractalProtocol,2026-05-22,2026-09-30T05:51:25,https://github.com/SunWeb3Sec/DeFiHackLabs/blob/main/src/test/2026-05/FractalProtocol_exp.sol
ETH,0x7c82cb4b2909c50c7c0f2b696eee7565e0a23bb8,unknown,,rekt,New Market Trading,2026-05-25,2026-09-30T05:51:25,https://rekt.news/newmarkettrading-rekt
ETH,0x9bdc730183821b6bb2b51be30b77c964fa645b91,unknown,,rekt,New Market Trading,2026-05-25,2026-09-30T05:51:25,https://rekt.news/newmarkettrading-rekt
ETH,0x7e54c729148a95bca651f3214ac9ebefd3fb1271,unknown,,rekt,New Market Trading,2026-05-25,2026-09-30T05:51:25,https://rekt.news/newmarkettrading-rekt
ETH,0xc8ef4003d9db3863b9af26afcf2275378bfa83e4,unknown,,rekt,New Market Trading,2026-05-25,2026-09-30T05:51:25,https://rekt.news/newmarkettrading-rekt
ETH,0xa447f71782135ab96a71374271a749ff7aa54859,unknown,,rekt,New Market Trading,2026-05-25,2026-09-30T05:51:25,https://rekt.news/newmarkettrading-rekt
ETH,0xe6Ff0FE017D09D690493deC0F0f55E8f9Cdc3512,unknown,,rekt,New Market Trading,2026-05-25,2026-09-30T05:51:25,https://rekt.news/newmarkettrading-rekt
ETH,0xfac7459683cdb9b6f367b42eedfebd745dc8760c,unknown,,rekt,New Market Trading,2026-05-25,2026-09-30T05:51:25,https://rekt.news/newmarkettrading-rekt
ETH,0xe1d5fcfbba4d46f4937de369de415dd7e2d3265a,unknown,,rekt,New Market Trading,2026-05-25,2026-09-30T05:51:25,https://rekt.news/newmarkettrading-rekt
Base,0x2d450322e3526f489afcc8c49923b35d355c70bc,unknown,,rekt,New Market Trading,2026-05-25,2026-09-30T05:51:25,https://rekt.news/newmarkettrading-rekt
Arbitrum,0x35b94f725bfdc1d00ef15df99dafadf6ecf3a0e9,unknown,,rekt,New Market Trading,2026-05-25,2026-09-30T05:51:25,https://rekt.news/newmarkettrading-rekt
ETH,0x1f1d37a3Bf840e35c6a860c7C2dA71Fe555123ca,unknown,,rekt,New Market Trading,2026-05-25,2026-09-30T05:51:25,https://rekt.news/newmarkettrading-rekt
ETH,0xeF9cbA776E050a552a8089498c5A3C69B89cE9DC,unknown,,rekt,New Market Trading,2026-05-25,2026-09-30T05:51:25,https://rekt.news/newmarkettrading-rekt
Ethereum,0x88329A09428778F62BC0C8BAac0997864E5a57f8,attacker,Attacker,defihacklabs,WUSD.fi,2026-05-25,2026-09-30T05:51:25,https://github.com/SunWeb3Sec/DeFiHackLabs/blob/main/src/test/2026-05/WUSD_exp.sol
Ethereum,0x068E3563b1c19590F822c0e13445c4FA1b9EEFa5,victim,Vulnerable,defihacklabs,WUSD.fi,2026-05-25,2026-09-30T05:51:25,https://github.com/SunWeb3Sec/DeFiHackLabs/blob/main/src/test/2026-05/WUSD_exp.sol
Ethereum,0x70c5f366db60a2a0c59c4c24754803ee47ed7284,unknown,Reward token,defihacklabs,WUSD.fi,2026-05-25,2026-09-30T05:51:25,https://github.com/SunWeb3Sec/DeFiHackLabs/blob/main/src/test/2026-05/WUSD_exp.sol
ETH,0x88329A09428778F62BC0C8BAac0997864E5a57f8,unknown,,defihacklabs,WUSD.fi,2026-05-25,2026-09-30T05:51:25,https://github.com/SunWeb3Sec/DeFiHackLabs/blob/main/src/test/2026-05/WUSD_exp.sol
ETH,0x068E3563b1c19590F822c0e13445c4FA1b9EEFa5,unknown,,defihacklabs,WUSD.fi,2026-05-25,2026-09-30T05:51:25,https://github.com/SunWeb3Sec/DeFiHackLabs/blob/main/src/test/2026-05/WUSD_exp.sol
ETH,0x70c5f366db60a2a0c59c4c24754803ee47ed7284,unknown,,defihacklabs,WUSD.fi,2026-05-25,2026-09-30T05:51:25,https://github.com/SunWeb3Sec/DeFiHackLabs/blob/main/src/test/2026-05/WUSD_exp.sol
Ethereum,0x7c82cB4b2909C50C7c0F2B696Eee7565e0a23BB8,attacker,Attacker,defihacklabs,New Market Trading,2026-05-25,2026-09-30T05:51:25,https://github.com/SunWeb3Sec/DeFiHackLabs/blob/main/src/test/2026-05/NewMarketTrading_exp.sol
Ethereum,0x9BDC730183821b6bb2B51BE30B77C964FA645b91,unknown,"0x9BDC730183821b6bb2B51BE30B77C964FA645b91 (co-operator, sen",defihacklabs,New Market Trading,2026-05-25,2026-09-30T05:51:25,https://github.com/SunWeb3Sec/DeFiHackLabs/blob/main/src/test/2026-05/NewMarketTrading_exp.sol
Ethereum,0xe1d5FCfBba4d46F4937de369De415dD7E2D3265a,unknown,Attack Contract,defihacklabs,New Market Trading,2026-05-25,2026-09-30T05:51:25,https://github.com/SunWeb3Sec/DeFiHackLabs/blob/main/src/test/2026-05/NewMarketTrading_exp.sol
Ethereum,0x1f1d37a3Bf840e35c6a860c7C2dA71Fe555123ca,victim,Vulnerable Contract,defihacklabs,New Market Trading,2026-05-25,2026-09-30T05:51:25,https://github.com/SunWeb3Sec/DeFiHackLabs/blob/main/src/test/2026-05/NewMarketTrading_exp.sol
Ethereum,0xa081B9F72d586624F2eaA1eaCf53C1A268810e4E,victim,Victim Safe,defihacklabs,New Market Trading,2026-05-25,2026-09-30T05:51:25,https://github.com/SunWeb3Sec/DeFiHackLabs/blob/main/src/test/2026-05/NewMarketTrading_exp.sol
ETH,0x7c82cB4b2909C50C7c0F2B696Eee7565e0a23BB8,unknown,,defihacklabs,New Market Trading,2026-05-25,2026-09-30T05:51:25,https://github.com/SunWeb3Sec/DeFiHackLabs/blob/main/src/test/2026-05/NewMarketTrading_exp.sol
ETH,0x9BDC730183821b6bb2B51BE30B77C964FA645b91,unknown,,defihacklabs,New Market Trading,2026-05-25,2026-09-30T05:51:25,https://github.com/SunWeb3Sec/DeFiHackLabs/blob/main/src/test/2026-05/NewMarketTrading_exp.sol
ETH,0xe1d5FCfBba4d46F4937de369De415dD7E2D3265a,unknown,,defihacklabs,New Market Trading,2026-05-25,2026-09-30T05:51:25,https://github.com/SunWeb3Sec/DeFiHackLabs/blob/main/src/test/2026-05/NewMarketTrading_exp.sol
ETH,0x1f1d37a3Bf840e35c6a860c7C2dA71Fe555123ca,unknown,,defihacklabs,New Market Trading,2026-05-25,2026-09-30T05:51:25,https://github.com/SunWeb3Sec/DeFiHackLabs/blob/main/src/test/2026-05/NewMarketTrading_exp.sol
ETH,0xa081B9F72d586624F2eaA1eaCf53C1A268810e4E,unknown,,defihacklabs,New Market Trading,2026-05-25,2026-09-30T05:51:25,https://github.com/SunWeb3Sec/DeFiHackLabs/blob/main/src/test/2026-05/NewMarketTrading_exp.sol
Ethereum,0x9bdc730183821b6bb2b51be30b77c964fa645b91,attacker,Attacker,defihacklabs,SquidRouterModule,2026-05-25,2026-09-30T05:51:25,https://github.com/SunWeb3Sec/DeFiHackLabs/blob/main/src/test/2026-05/SquidRouterModule_exp.sol
Ethereum,0xe1d5fcfbba4d46f4937de369de415dd7e2d3265a,unknown,Attack Contract,defihacklabs,SquidRouterModule,2026-05-25,2026-09-30T05:51:25,https://github.com/SunWeb3Sec/DeFiHackLabs/blob/main/src/test/2026-05/SquidRouterModule_exp.sol
Ethereum,0x1f1d37a3bf840e35c6a860c7c2da71fe555123ca,victim,Vulnerable Contract,defihacklabs,SquidRouterModule,2026-05-25,2026-09-30T05:51:25,https://github.com/SunWeb3Sec/DeFiHackLabs/blob/main/src/test/2026-05/SquidRouterModule_exp.sol
ETH,0x9bdc730183821b6bb2b51be30b77c964fa645b91,unknown,,defihacklabs,SquidRouterModule,2026-05-25,2026-09-30T05:51:25,https://github.com/SunWeb3Sec/DeFiHackLabs/blob/main/src/test/2026-05/SquidRouterModule_exp.sol
ETH,0xe1d5fcfbba4d46f4937de369de415dd7e2d3265a,unknown,,defihacklabs,SquidRouterModule,2026-05-25,2026-09-30T05:51:25,https://github.com/SunWeb3Sec/DeFiHackLabs/blob/main/src/test/2026-05/SquidRouterModule_exp.sol
ETH,0x1f1d37a3bf840e35c6a860c7c2da71fe555123ca,unknown,,defihacklabs,SquidRouterModule,2026-05-25,2026-09-30T05:51:25,https://github.com/SunWeb3Sec/DeFiHackLabs/blob/main/src/test/2026-05/SquidRouterModule_exp.sol
BSC,0x83B9e7EDC5B3127E4853A4F4945b92aa88eEF0C8,unknown,,defihacklabs,SKP Token,2026-05-26,2026-09-30T05:51:25,https://github.com/SunWeb3Sec/DeFiHackLabs/blob/main/src/test/2026-05/SKP_exp.sol
BSC,0xE924853DcDfcB89292335042AB10d68c7315D7C1,unknown,,defihacklabs,SKP Token,2026-05-26,2026-09-30T05:51:25,https://github.com/SunWeb3Sec/DeFiHackLabs/blob/main/src/test/2026-05/SKP_exp.sol
BSC,0xeCBDc0B76142740Bb564B8aA1BCd061Cb151a666,unknown,,defihacklabs,SKP Token,2026-05-26,2026-09-30T05:51:25,https://github.com/SunWeb3Sec/DeFiHackLabs/blob/main/src/test/2026-05/SKP_exp.sol
BSC,0xaa761779945dcc5f26064fc6dcb36ffab6ac7610,unknown,,defihacklabs,Joe Agent,2026-05-27,2026-09-30T05:51:25,https://github.com/SunWeb3Sec/DeFiHackLabs/blob/main/src/test/2026-05/JoeAgent_exp.sol
BSC,0x31F81FCD91025728F24bD6f0E4EfB156e345A4CF,unknown,,defihacklabs,Joe Agent,2026-05-27,2026-09-30T05:51:25,https://github.com/SunWeb3Sec/DeFiHackLabs/blob/main/src/test/2026-05/JoeAgent_exp.sol
BSC,0xef0f12d08d66e76E1866e60F30a0DaA578e00c04,unknown,,defihacklabs,Joe Agent,2026-05-27,2026-09-30T05:51:25,https://github.com/SunWeb3Sec/DeFiHackLabs/blob/main/src/test/2026-05/JoeAgent_exp.sol
BSC,0xb12ce0a21f67a9fc3c8ad1c7dbc4b017b7e67319,unknown,,defihacklabs,Joe Agent,2026-05-27,2026-09-30T05:51:25,https://github.com/SunWeb3Sec/DeFiHackLabs/blob/main/src/test/2026-05/JoeAgent_exp.sol
ETH,0x47BAcf935066b802EAA0067eC14AB035B24eB78b,unknown,,rekt,DxSale,2026-05-27,2026-09-30T05:51:25,https://rekt.news/dxsale-rekt
BSC,0xC4574DDEF299e7E563971e200433e592EeaaFA69,unknown,,rekt,DxSale,2026-05-27,2026-09-30T05:51:25,https://rekt.news/dxsale-rekt
BSC,0x74Ad1Ef17Fbb3e494c31c72F7ec730A27FEf0310,unknown,,rekt,DxSale,2026-05-27,2026-09-30T05:51:25,https://rekt.news/dxsale-rekt
BSC,0x996521B5Bb2bbF34764d89932f0Ea206e6A3A388,unknown,,rekt,DxSale,2026-05-27,2026-09-30T05:51:25,https://rekt.news/dxsale-rekt
BSC,0xd6c7d6b19b9c05E8591542a13D297047C362d268,unknown,,rekt,DxSale,2026-05-27,2026-09-30T05:51:25,https://rekt.news/dxsale-rekt
BSC,0xA0795423A2647eC750fEA5cAD3B709cFe7C814be,unknown,,rekt,DxSale,2026-05-27,2026-09-30T05:51:25,https://rekt.news/dxsale-rekt
BSC,0xc2efbD94aeDFf1555b97ddCb216646DFC01e4718,unknown,,rekt,DxSale,2026-05-27,2026-09-30T05:51:25,https://rekt.news/dxsale-rekt
ETH,0x47F80D09d1Bd0BB675ac627BDC1d1244731F66bf,unknown,,rekt,DxSale,2026-05-27,2026-09-30T05:51:25,https://rekt.news/dxsale-rekt
ETH,0xF19acAD8EDCd733A8bF9175C93da9AB660afC747,unknown,,rekt,DxSale,2026-05-27,2026-09-30T05:51:25,https://rekt.news/dxsale-rekt
BSC,0xb71c1C2A0cD7A88f1317f9A996e4d121E7db5E92,unknown,,rekt,DxSale,2026-05-27,2026-09-30T05:51:25,https://rekt.news/dxsale-rekt
BSC,0x4c5ee9703653C8e7725C65593bff372655e0453C,unknown,,rekt,DxSale,2026-05-27,2026-09-30T05:51:25,https://rekt.news/dxsale-rekt
ETH,0xEb3a9C56d963b971d320f889bE2fb8B59853e449,unknown,,rekt,DxSale,2026-05-27,2026-09-30T05:51:25,https://rekt.news/dxsale-rekt
BSC,0x81E0eF68e103Ee65002d3Cf766240eD1c070334d,unknown,,rekt,DxSale,2026-05-27,2026-09-30T05:51:25,https://rekt.news/dxsale-rekt
BSC,0x2D045410f002A95EFcEE67759A92518fA3FcE677,unknown,,rekt,DxSale,2026-05-27,2026-09-30T05:51:25,https://rekt.news/dxsale-rekt
BSC,0xE1582248C593Df4B367e131922438Fec9D76E787,unknown,,defihacklabs,LegendaryMoneyMonNft,2026-05-28,2026-09-30T05:51:25,https://github.com/SunWeb3Sec/DeFiHackLabs/blob/main/src/test/2026-05/LegendaryMoneyMonNft_exp.sol
BSC,0x157ba211f05dd2c83006be949e12b2f0f0a0c1d9,unknown,,defihacklabs,LegendaryMoneyMonNft,2026-05-28,2026-09-30T05:51:25,https://github.com/SunWeb3Sec/DeFiHackLabs/blob/main/src/test/2026-05/LegendaryMoneyMonNft_exp.sol
BSC,0x92D60629FF5d53a0098B51E9b1D59546D1D8e5B6,unknown,,defihacklabs,LegendaryMoneyMonNft,2026-05-28,2026-09-30T05:51:25,https://github.com/SunWeb3Sec/DeFiHackLabs/blob/main/src/test/2026-05/LegendaryMoneyMonNft_exp.sol
BSC,0xA1C1A7341a1713F174D59926E49E4A1228924100,unknown,,defihacklabs,LegendaryMoneyMonNft,2026-05-28,2026-09-30T05:51:25,https://github.com/SunWeb3Sec/DeFiHackLabs/blob/main/src/test/2026-05/LegendaryMoneyMonNft_exp.sol
Ethereum,0xEb3a9C56d963b971d320f889bE2fb8B59853e449,victim,Vulnerable Contract,defihacklabs,DxSale,2026-05-28,2026-09-30T05:51:25,https://github.com/SunWeb3Sec/DeFiHackLabs/blob/main/src/test/2026-05/DxSale_exp.sol
BSC,0xC4574DDEF299e7E563971e200433e592EeaaFA69,unknown,,defihacklabs,DxSale,2026-05-28,2026-09-30T05:51:25,https://github.com/SunWeb3Sec/DeFiHackLabs/blob/main/src/test/2026-05/DxSale_exp.sol
BSC,0x74ad1ef17fbb3e494c31c72f7ec730a27fef0310,unknown,,defihacklabs,DxSale,2026-05-28,2026-09-30T05:51:25,https://github.com/SunWeb3Sec/DeFiHackLabs/blob/main/src/test/2026-05/DxSale_exp.sol
ETH,0xEb3a9C56d963b971d320f889bE2fb8B59853e449,unknown,,defihacklabs,DxSale,2026-05-28,2026-09-30T05:51:25,https://github.com/SunWeb3Sec/DeFiHackLabs/blob/main/src/test/2026-05/DxSale_exp.sol
BSC,0x8114650Cfd2617CD05C59898De7C620ae413b460,unknown,,defihacklabs,YSDAO,2026-05-29,2026-09-30T05:51:25,https://github.com/SunWeb3Sec/DeFiHackLabs/blob/main/src/test/2026-05/YSDAO_exp.sol
BSC,0xafBf780569B95C5766F78b9CC5788899Aa5616Af,unknown,,defihacklabs,YSDAO,2026-05-29,2026-09-30T05:51:25,https://github.com/SunWeb3Sec/DeFiHackLabs/blob/main/src/test/2026-05/YSDAO_exp.sol
BSC,0xc036a13d7a6a84677dfccec483eed124654b7918,unknown,,defihacklabs,YSDAO,2026-05-29,2026-09-30T05:51:25,https://github.com/SunWeb3Sec/DeFiHackLabs/blob/main/src/test/2026-05/YSDAO_exp.sol
BSC,0x3E13019dA3BAAd134493e751704D2D4245Eec7CA,unknown,,defihacklabs,YSDAO,2026-05-29,2026-09-30T05:51:25,https://github.com/SunWeb3Sec/DeFiHackLabs/blob/main/src/test/2026-05/YSDAO_exp.sol
BSC,0x6f548693937039C8C4343E01C5bd42c5986508f5,unknown,,defihacklabs,AROS,2026-05-30,2026-09-30T05:51:25,https://github.com/SunWeb3Sec/DeFiHackLabs/blob/main/src/test/2026-05/AROS_exp.sol
BSC,0x240F473a094096b4FB41d480Ca57a7cc22c924e5,unknown,,defihacklabs,AROS,2026-05-30,2026-09-30T05:51:25,https://github.com/SunWeb3Sec/DeFiHackLabs/blob/main/src/test/2026-05/AROS_exp.sol
BSC,0xFEC7D27525cC4efDe5b785EEb5E37Df90E9cd1d5,unknown,,defihacklabs,AROS,2026-05-30,2026-09-30T05:51:25,https://github.com/SunWeb3Sec/DeFiHackLabs/blob/main/src/test/2026-05/AROS_exp.sol
ETH,0x2201037a1755ec48ec5f00fea21a10a9e56f2dd8,unknown,,rekt,TesseraDao,2026-06-01,2026-09-30T05:51:25,https://rekt.news/tesseradao-rekt
BSC,0x6f2b45b950d1739ef67c76f4106df6d6e84904cb,unknown,,rekt,TesseraDao,2026-06-01,2026-09-30T05:51:25,https://rekt.news/tesseradao-rekt
BSC,0x2f8a0cc5fe14c0cf7f7f95058e6410bae0061fcf,unknown,,rekt,TesseraDao,2026-06-01,2026-09-30T05:51:25,https://rekt.news/tesseradao-rekt
BSC,0x61a23e0eba09096ffeb954aa8a93c3079e87cf17,unknown,,rekt,TesseraDao,2026-06-01,2026-09-30T05:51:25,https://rekt.news/tesseradao-rekt
BSC,0x7e7C1f0D567c0483f85e1d016718E44414CdBAFE,unknown,,defihacklabs,ATM Token,2026-06-04,2026-09-30T05:51:25,https://github.com/SunWeb3Sec/DeFiHackLabs/blob/main/src/test/2026-06/ATM_exp.sol
BSC,0xeCe23b485c38110b7a50B5067B7D4B644f897Dc9,unknown,,defihacklabs,ATM Token,2026-06-04,2026-09-30T05:51:25,https://github.com/SunWeb3Sec/DeFiHackLabs/blob/main/src/test/2026-06/ATM_exp.sol
BSC,0x986058ec93756E57b4e55b406dD0BeE24bcD95e3,unknown,,defihacklabs,ATM Token,2026-06-04,2026-09-30T05:51:25,https://github.com/SunWeb3Sec/DeFiHackLabs/blob/main/src/test/2026-06/ATM_exp.sol
BSC,0x659b44d603052132fd36cf048d9e0ba1e307ae3a,unknown,,defihacklabs,ATM Token,2026-06-04,2026-09-30T05:51:25,https://github.com/SunWeb3Sec/DeFiHackLabs/blob/main/src/test/2026-06/ATM_exp.sol
BSC,0x047547A4fa4a67C1032d249B49EC1a79c0460BAD,unknown,,defihacklabs,BYToken,2026-06-04,2026-09-30T05:51:25,https://github.com/SunWeb3Sec/DeFiHackLabs/blob/main/src/test/2026-06/BYToken_exp.sol
BSC,0xc08106a36BfA9CFad264F0d64fC45B93543485Ec,unknown,,defihacklabs,BYToken,2026-06-04,2026-09-30T05:51:25,https://github.com/SunWeb3Sec/DeFiHackLabs/blob/main/src/test/2026-06/BYToken_exp.sol
BSC,0x6f50cffEcd4e00EcF7E442774C08c089450B62Ca,unknown,,defihacklabs,BYToken,2026-06-04,2026-09-30T05:51:25,https://github.com/SunWeb3Sec/DeFiHackLabs/blob/main/src/test/2026-06/BYToken_exp.sol
BSC,0x1F358e18e0DB68FF33C2319C8DaD328eDF9B7059,unknown,,defihacklabs,BYToken,2026-06-04,2026-09-30T05:51:25,https://github.com/SunWeb3Sec/DeFiHackLabs/blob/main/src/test/2026-06/BYToken_exp.sol
BSC,0x627df72cc3fa38c475a414e65cdece09b2b177af,unknown,,defihacklabs,AISOTHPresale,2026-06-05,2026-09-30T05:51:25,https://github.com/SunWeb3Sec/DeFiHackLabs/blob/main/src/test/2026-06/AISOTHPresale_exp.sol
BSC,0x2078b0d64ede277d65bdf0272f64aef2a954deab,unknown,,defihacklabs,AISOTHPresale,2026-06-05,2026-09-30T05:51:25,https://github.com/SunWeb3Sec/DeFiHackLabs/blob/main/src/test/2026-06/AISOTHPresale_exp.sol
BSC,0x796c5e8ca10010654dafaef096bd1f4a7ad87672,unknown,,defihacklabs,AISOTHPresale,2026-06-05,2026-09-30T05:51:25,https://github.com/SunWeb3Sec/DeFiHackLabs/blob/main/src/test/2026-06/AISOTHPresale_exp.sol
BSC,0x9efb2e8ba06eb5981034f6e01350af041983e763,unknown,,defihacklabs,AISOTHPresale,2026-06-05,2026-09-30T05:51:25,https://github.com/SunWeb3Sec/DeFiHackLabs/blob/main/src/test/2026-06/AISOTHPresale_exp.sol
BSC,0xd304ea1592f733e0a46436a01fe54bd504009526,unknown,,defihacklabs,DTXT,2026-06-05,2026-09-30T05:51:25,https://github.com/SunWeb3Sec/DeFiHackLabs/blob/main/src/test/2026-06/DTXT_exp.sol
BSC,0x3065bc8ed8bd53bdc3fd4633c3097c40726b5f5f,unknown,,defihacklabs,DTXT,2026-06-05,2026-09-30T05:51:25,https://github.com/SunWeb3Sec/DeFiHackLabs/blob/main/src/test/2026-06/DTXT_exp.sol
BSC,0xac9bf7c320d4ce2d0ac978b83955dd67351897d2,unknown,,defihacklabs,DTXT,2026-06-05,2026-09-30T05:51:25,https://github.com/SunWeb3Sec/DeFiHackLabs/blob/main/src/test/2026-06/DTXT_exp.sol
BSC,0x90bfc1dbc878ba54858ba8a635b3daebd2ac6c01,unknown,,defihacklabs,DTXT,2026-06-05,2026-09-30T05:51:25,https://github.com/SunWeb3Sec/DeFiHackLabs/blob/main/src/test/2026-06/DTXT_exp.sol
BSC,0x618639fe719987153e0ec3fe494aa9a62ca02c91,unknown,,defihacklabs,BOSS,2026-06-06,2026-09-30T05:51:25,https://github.com/SunWeb3Sec/DeFiHackLabs/blob/main/src/test/2026-06/BOSS_exp.sol
BSC,0x6a37e235f1a9823406c14d377870046419f9803d,unknown,,defihacklabs,BOSS,2026-06-06,2026-09-30T05:51:25,https://github.com/SunWeb3Sec/DeFiHackLabs/blob/main/src/test/2026-06/BOSS_exp.sol
BSC,0x876d4539b7f13dddea969190c9a231a4b91735cf,unknown,,defihacklabs,BOSS,2026-06-06,2026-09-30T05:51:25,https://github.com/SunWeb3Sec/DeFiHackLabs/blob/main/src/test/2026-06/BOSS_exp.sol
BSC,0xe4021651f01a00b89410c64de39996da3974d779,unknown,,defihacklabs,BOSS,2026-06-06,2026-09-30T05:51:25,https://github.com/SunWeb3Sec/DeFiHackLabs/blob/main/src/test/2026-06/BOSS_exp.sol
Ethereum,0x0000000000037e625b2502c26029aea237f102af,attacker,Attacker,defihacklabs,AmbientCrocSwapDex,2026-06-07,2026-09-30T05:51:25,https://github.com/SunWeb3Sec/DeFiHackLabs/blob/main/src/test/2026-06/AmbientCrocSwapDex_exp.sol
Ethereum,0xaac14d196a9e27923a92d8e87e3b6a5dcd4fec1b,unknown,Attack Contract,defihacklabs,AmbientCrocSwapDex,2026-06-07,2026-09-30T05:51:25,https://github.com/SunWeb3Sec/DeFiHackLabs/blob/main/src/test/2026-06/AmbientCrocSwapDex_exp.sol
Ethereum,0xAaAaAAAaA24eEeb8d57D431224f73832bC34f688,victim,Vulnerable Contract,defihacklabs,AmbientCrocSwapDex,2026-06-07,2026-09-30T05:51:25,https://github.com/SunWeb3Sec/DeFiHackLabs/blob/main/src/test/2026-06/AmbientCrocSwapDex_exp.sol
ETH,0x0000000000037e625b2502c26029aea237f102af,unknown,,defihacklabs,AmbientCrocSwapDex,2026-06-07,2026-09-30T05:51:25,https://github.com/SunWeb3Sec/DeFiHackLabs/blob/main/src/test/2026-06/AmbientCrocSwapDex_exp.sol
ETH,0xaac14d196a9e27923a92d8e87e3b6a5dcd4fec1b,unknown,,defihacklabs,AmbientCrocSwapDex,2026-06-07,2026-09-30T05:51:25,https://github.com/SunWeb3Sec/DeFiHackLabs/blob/main/src/test/2026-06/AmbientCrocSwapDex_exp.sol
ETH,0xAaAaAAAaA24eEeb8d57D431224f73832bC34f688,unknown,,defihacklabs,AmbientCrocSwapDex,2026-06-07,2026-09-30T05:51:25,https://github.com/SunWeb3Sec/DeFiHackLabs/blob/main/src/test/2026-06/AmbientCrocSwapDex_exp.sol
Ethereum,0xff8ef7bc455a57e5893232203052ce0232b39fa2,attacker,Attacker,defihacklabs,TOPBPool,2026-06-09,2026-09-30T05:51:25,https://github.com/SunWeb3Sec/DeFiHackLabs/blob/main/src/test/2026-06/TOPBPool_exp.sol
Ethereum,0x25c68c44a96518294f5b47d758f98309c6729a21,unknown,Attack Contract,defihacklabs,TOPBPool,2026-06-09,2026-09-30T05:51:25,https://github.com/SunWeb3Sec/DeFiHackLabs/blob/main/src/test/2026-06/TOPBPool_exp.sol
Ethereum,0xb935c3d80229d5d92f3761b17cd81dc2610e3a45,victim,Vulnerable Contract,defihacklabs,TOPBPool,2026-06-09,2026-09-30T05:51:25,https://github.com/SunWeb3Sec/DeFiHackLabs/blob/main/src/test/2026-06/TOPBPool_exp.sol
Ethereum,0xb501d26ba74eab601576b62617cf41042bef6865,unknown,Voting Entry Proxy,defihacklabs,TOPBPool,2026-06-09,2026-09-30T05:51:25,https://github.com/SunWeb3Sec/DeFiHackLabs/blob/main/src/test/2026-06/TOPBPool_exp.sol
Ethereum,0x3ac1856376c25a7aebbad1c2a10db63b5dbb7306,unknown,TokenManager Entry Proxy,defihacklabs,TOPBPool,2026-06-09,2026-09-30T05:51:25,https://github.com/SunWeb3Sec/DeFiHackLabs/blob/main/src/test/2026-06/TOPBPool_exp.sol
Ethereum,0xde3a93028f2283cc28756b3674bd657eafb992f4,unknown,TokenManager Implementation,defihacklabs,TOPBPool,2026-06-09,2026-09-30T05:51:25,https://github.com/SunWeb3Sec/DeFiHackLabs/blob/main/src/test/2026-06/TOPBPool_exp.sol
Ethereum,0x0fa3e014fa2e751f78e53dca766fac2223327329,unknown,Balancer BPool,defihacklabs,TOPBPool,2026-06-09,2026-09-30T05:51:25,https://github.com/SunWeb3Sec/DeFiHackLabs/blob/main/src/test/2026-06/TOPBPool_exp.sol
ETH,0xff8ef7bc455a57e5893232203052ce0232b39fa2,unknown,,defihacklabs,TOPBPool,2026-06-09,2026-09-30T05:51:25,https://github.com/SunWeb3Sec/DeFiHackLabs/blob/main/src/test/2026-06/TOPBPool_exp.sol
ETH,0x25c68c44a96518294f5b47d758f98309c6729a21,unknown,,defihacklabs,TOPBPool,2026-06-09,2026-09-30T05:51:25,https://github.com/SunWeb3Sec/DeFiHackLabs/blob/main/src/test/2026-06/TOPBPool_exp.sol
ETH,0xb935c3d80229d5d92f3761b17cd81dc2610e3a45,unknown,,defihacklabs,TOPBPool,2026-06-09,2026-09-30T05:51:25,https://github.com/SunWeb3Sec/DeFiHackLabs/blob/main/src/test/2026-06/TOPBPool_exp.sol
ETH,0xb501d26ba74eab601576b62617cf41042bef6865,unknown,,defihacklabs,TOPBPool,2026-06-09,2026-09-30T05:51:25,https://github.com/SunWeb3Sec/DeFiHackLabs/blob/main/src/test/2026-06/TOPBPool_exp.sol
ETH,0x3ac1856376c25a7aebbad1c2a10db63b5dbb7306,unknown,,defihacklabs,TOPBPool,2026-06-09,2026-09-30T05:51:25,https://github.com/SunWeb3Sec/DeFiHackLabs/blob/main/src/test/2026-06/TOPBPool_exp.sol
ETH,0xde3a93028f2283cc28756b3674bd657eafb992f4,unknown,,defihacklabs,TOPBPool,2026-06-09,2026-09-30T05:51:25,https://github.com/SunWeb3Sec/DeFiHackLabs/blob/main/src/test/2026-06/TOPBPool_exp.sol
ETH,0x0fa3e014fa2e751f78e53dca766fac2223327329,unknown,,defihacklabs,TOPBPool,2026-06-09,2026-09-30T05:51:25,https://github.com/SunWeb3Sec/DeFiHackLabs/blob/main/src/test/2026-06/TOPBPool_exp.sol
Ethereum,0x3690c5efc63eea1167c4d92a3f2dd8afdb85c294,attacker,Attacker,defihacklabs,NovaBox,2026-06-09,2026-09-30T05:51:25,https://github.com/SunWeb3Sec/DeFiHackLabs/blob/main/src/test/2026-06/NovaBox_exp.sol
Ethereum,0xb50be385f6eb02ae379da3d3a1bb58a0dc260858,unknown,Attack Contract,defihacklabs,NovaBox,2026-06-09,2026-09-30T05:51:25,https://github.com/SunWeb3Sec/DeFiHackLabs/blob/main/src/test/2026-06/NovaBox_exp.sol
Ethereum,0xbc4191167d4b0251cab5201a527daa8a7d3846b0,victim,Vulnerable Contract,defihacklabs,NovaBox,2026-06-09,2026-09-30T05:51:25,https://github.com/SunWeb3Sec/DeFiHackLabs/blob/main/src/test/2026-06/NovaBox_exp.sol
ETH,0x3690c5efc63eea1167c4d92a3f2dd8afdb85c294,unknown,,defihacklabs,NovaBox,2026-06-09,2026-09-30T05:51:25,https://github.com/SunWeb3Sec/DeFiHackLabs/blob/main/src/test/2026-06/NovaBox_exp.sol
ETH,0xb50be385f6eb02ae379da3d3a1bb58a0dc260858,unknown,,defihacklabs,NovaBox,2026-06-09,2026-09-30T05:51:25,https://github.com/SunWeb3Sec/DeFiHackLabs/blob/main/src/test/2026-06/NovaBox_exp.sol
ETH,0xbc4191167d4b0251cab5201a527daa8a7d3846b0,unknown,,defihacklabs,NovaBox,2026-06-09,2026-09-30T05:51:25,https://github.com/SunWeb3Sec/DeFiHackLabs/blob/main/src/test/2026-06/NovaBox_exp.sol
ETH,0x6c2eab82ba2897a6e99fb6af018020da15123976,unknown,,rekt,Secret Network,2026-06-10,2026-09-30T05:51:25,https://rekt.news/secret-network-rekt
ETH,0x45300136662dd4e58fc0df61e6290dffd992b785,unknown,,rekt,Secret Network,2026-06-10,2026-09-30T05:51:25,https://rekt.news/secret-network-rekt
ETH,0xeba88149813bec1cccccfdb0dacefaaa5de94cb1,unknown,,rekt,Secret Network,2026-06-10,2026-09-30T05:51:25,https://rekt.news/secret-network-rekt
ETH,0x80787af194c33b74a811f5e5c549316269d7ee1a,unknown,,rekt,Secret Network,2026-06-10,2026-09-30T05:51:25,https://rekt.news/secret-network-rekt
ETH,0x9008d19f58aabd9ed0d60971565aa8510560ab41,unknown,,rekt,Secret Network,2026-06-10,2026-09-30T05:51:25,https://rekt.news/secret-network-rekt
Ethereum,0x0F18D8b44a740272f0be4d08338d2b165b7EdD17,attacker,Attacker EOA,defihacklabs,Aztec Connect,2026-06-14,2026-09-30T05:51:25,https://github.com/SunWeb3Sec/DeFiHackLabs/blob/main/src/test/2026-06/AztecConnect_exp.sol
Ethereum,0x06f585F74e0DA633Ae813A0f23Fb9900B61d0fcD,attacker,Attacker Orchestrator,defihacklabs,Aztec Connect,2026-06-14,2026-09-30T05:51:25,https://github.com/SunWeb3Sec/DeFiHackLabs/blob/main/src/test/2026-06/AztecConnect_exp.sol
Ethereum,0xFF1F2B4ADb9dF6FC8eAFecDcbF96A2B351680455,victim,Vulnerable contract,defihacklabs,Aztec Connect,2026-06-14,2026-09-30T05:51:25,https://github.com/SunWeb3Sec/DeFiHackLabs/blob/main/src/test/2026-06/AztecConnect_exp.sol
ETH,0x0F18D8b44a740272f0be4d08338d2b165b7EdD17,unknown,,defihacklabs,Aztec Connect,2026-06-14,2026-09-30T05:51:25,https://github.com/SunWeb3Sec/DeFiHackLabs/blob/main/src/test/2026-06/AztecConnect_exp.sol
ETH,0x06f585F74e0DA633Ae813A0f23Fb9900B61d0fcD,unknown,,defihacklabs,Aztec Connect,2026-06-14,2026-09-30T05:51:25,https://github.com/SunWeb3Sec/DeFiHackLabs/blob/main/src/test/2026-06/AztecConnect_exp.sol
ETH,0xFF1F2B4ADb9dF6FC8eAFecDcbF96A2B351680455,unknown,,defihacklabs,Aztec Connect,2026-06-14,2026-09-30T05:51:25,https://github.com/SunWeb3Sec/DeFiHackLabs/blob/main/src/test/2026-06/AztecConnect_exp.sol
Ethereum,0x30498e4466789e534c72e03b52a16c978655b41e,attacker,Attacker,defihacklabs,Thetanuts,2026-06-15,2026-09-30T05:51:25,https://github.com/SunWeb3Sec/DeFiHackLabs/blob/main/src/test/2026-06/Thetanuts_exp.sol
Ethereum,0x0f9daa9e0adced4e64578b2e131930dde54e492e,unknown,Attack Contract,defihacklabs,Thetanuts,2026-06-15,2026-09-30T05:51:25,https://github.com/SunWeb3Sec/DeFiHackLabs/blob/main/src/test/2026-06/Thetanuts_exp.sol
Ethereum,0xc2c3ae0a7b405058558c9b4a63b373486cb86ac7,victim,Vulnerable Contract,defihacklabs,Thetanuts,2026-06-15,2026-09-30T05:51:25,https://github.com/SunWeb3Sec/DeFiHackLabs/blob/main/src/test/2026-06/Thetanuts_exp.sol
ETH,0x30498e4466789e534c72e03b52a16c978655b41e,unknown,,defihacklabs,Thetanuts,2026-06-15,2026-09-30T05:51:25,https://github.com/SunWeb3Sec/DeFiHackLabs/blob/main/src/test/2026-06/Thetanuts_exp.sol
ETH,0x0f9daa9e0adced4e64578b2e131930dde54e492e,unknown,,defihacklabs,Thetanuts,2026-06-15,2026-09-30T05:51:25,https://github.com/SunWeb3Sec/DeFiHackLabs/blob/main/src/test/2026-06/Thetanuts_exp.sol
ETH,0xc2c3ae0a7b405058558c9b4a63b373486cb86ac7,unknown,,defihacklabs,Thetanuts,2026-06-15,2026-09-30T05:51:25,https://github.com/SunWeb3Sec/DeFiHackLabs/blob/main/src/test/2026-06/Thetanuts_exp.sol
BSC,0x0d4024cd27538350a911d9b7ee90811fa4875ba3,unknown,,defihacklabs,DIP,2026-06-16,2026-09-30T05:51:25,https://github.com/SunWeb3Sec/DeFiHackLabs/blob/main/src/test/2026-06/DIP_exp.sol
BSC,0xddef10a85a5c67a9af8398d297aa51f8716383c7,unknown,,defihacklabs,DIP,2026-06-16,2026-09-30T05:51:25,https://github.com/SunWeb3Sec/DeFiHackLabs/blob/main/src/test/2026-06/DIP_exp.sol
BSC,0x6c60bf5db0670ae94489d3dde2c60f271625db50,unknown,,defihacklabs,DIP,2026-06-16,2026-09-30T05:51:25,https://github.com/SunWeb3Sec/DeFiHackLabs/blob/main/src/test/2026-06/DIP_exp.sol
BSC,0xf7d8267d01d1104da2dd30828aa9c0e1647919ef,unknown,,defihacklabs,DIP,2026-06-16,2026-09-30T05:51:25,https://github.com/SunWeb3Sec/DeFiHackLabs/blob/main/src/test/2026-06/DIP_exp.sol
Ethereum,0x6952d9246e9afe8b887b2877225163436f78e97f,attacker,Attacker,defihacklabs,Aztec V1,2026-06-17,2026-09-30T05:51:25,https://github.com/SunWeb3Sec/DeFiHackLabs/blob/main/src/test/2026-06/AztecEscapeHatch_exp.sol
Ethereum,0x737901bea3eeb88459df9ef1be8ff3ae1b42a2ba,victim,Vulnerable Contract,defihacklabs,Aztec V1,2026-06-17,2026-09-30T05:51:25,https://github.com/SunWeb3Sec/DeFiHackLabs/blob/main/src/test/2026-06/AztecEscapeHatch_exp.sol
Ethereum,0x48cb7ba00d087541dc8e2b3738f80fdd1fee8ce8,unknown,Verifier,defihacklabs,Aztec V1,2026-06-17,2026-09-30T05:51:25,https://github.com/SunWeb3Sec/DeFiHackLabs/blob/main/src/test/2026-06/AztecEscapeHatch_exp.sol
ETH,0x6952d9246e9afe8b887b2877225163436f78e97f,unknown,,defihacklabs,Aztec V1,2026-06-17,2026-09-30T05:51:25,https://github.com/SunWeb3Sec/DeFiHackLabs/blob/main/src/test/2026-06/AztecEscapeHatch_exp.sol
ETH,0x737901bea3eeb88459df9ef1be8ff3ae1b42a2ba,unknown,,defihacklabs,Aztec V1,2026-06-17,2026-09-30T05:51:25,https://github.com/SunWeb3Sec/DeFiHackLabs/blob/main/src/test/2026-06/AztecEscapeHatch_exp.sol
ETH,0x48cb7ba00d087541dc8e2b3738f80fdd1fee8ce8,unknown,,defihacklabs,Aztec V1,2026-06-17,2026-09-30T05:51:25,https://github.com/SunWeb3Sec/DeFiHackLabs/blob/main/src/test/2026-06/AztecEscapeHatch_exp.sol
BSC,0xb26dfe6b6180a30e2a2d9826867cc7e06631825a,unknown,,defihacklabs,LBP,2026-06-17,2026-09-30T05:51:25,https://github.com/SunWeb3Sec/DeFiHackLabs/blob/main/src/test/2026-06/LBP_exp.sol
BSC,0x5449ded887576f43fc339851e942ebc1e6f8118b,unknown,,defihacklabs,LBP,2026-06-17,2026-09-30T05:51:25,https://github.com/SunWeb3Sec/DeFiHackLabs/blob/main/src/test/2026-06/LBP_exp.sol
BSC,0x88886f0fd371dff856291badced45922bc888888,unknown,,defihacklabs,LBP,2026-06-17,2026-09-30T05:51:25,https://github.com/SunWeb3Sec/DeFiHackLabs/blob/main/src/test/2026-06/LBP_exp.sol
BSC,0xa27eae743cd8c03e9b7c25ebf43dadbbc6df9bfa,unknown,,defihacklabs,WHALE,2026-06-17,2026-09-30T05:51:25,https://github.com/SunWeb3Sec/DeFiHackLabs/blob/main/src/test/2026-06/WHALE_exp.sol
BSC,0x4ce3e5dea552d1440a8cd766a13a6384ea4d1386,unknown,,defihacklabs,WHALE,2026-06-17,2026-09-30T05:51:25,https://github.com/SunWeb3Sec/DeFiHackLabs/blob/main/src/test/2026-06/WHALE_exp.sol
BSC,0x6d4dce5c6972127f4ff40354f5efc31bf7e30719,unknown,,defihacklabs,WHALE,2026-06-17,2026-09-30T05:51:25,https://github.com/SunWeb3Sec/DeFiHackLabs/blob/main/src/test/2026-06/WHALE_exp.sol
BSC,0x8420c6657bf7c37c7014e158404b6416fd82f714,unknown,,defihacklabs,WHALE,2026-06-17,2026-09-30T05:51:25,https://github.com/SunWeb3Sec/DeFiHackLabs/blob/main/src/test/2026-06/WHALE_exp.sol
BSC,0xabc79b7c5a0f1fe0ac55fcb7e659d5817e530123,unknown,,defihacklabs,WHALE,2026-06-17,2026-09-30T05:51:25,https://github.com/SunWeb3Sec/DeFiHackLabs/blob/main/src/test/2026-06/WHALE_exp.sol
BSC,0xd99e1abfc5dd5034d7ff63828d16c5e945d1b856,unknown,,defihacklabs,JB,2026-06-18,2026-09-30T05:51:25,https://github.com/SunWeb3Sec/DeFiHackLabs/blob/main/src/test/2026-06/JB_exp.sol
BSC,0xcc21c75f9e13054667663f9ed37f41e65b52dee7,unknown,,defihacklabs,JB,2026-06-18,2026-09-30T05:51:25,https://github.com/SunWeb3Sec/DeFiHackLabs/blob/main/src/test/2026-06/JB_exp.sol
BSC,0x1b5732eb98911c25acf7bdfaffb9409782cae6d7,unknown,,defihacklabs,JB,2026-06-18,2026-09-30T05:51:25,https://github.com/SunWeb3Sec/DeFiHackLabs/blob/main/src/test/2026-06/JB_exp.sol
BSC,0x18d6c39ae9e537f948aa2212d44d8c23944fc188,unknown,,defihacklabs,OLPC,2026-06-20,2026-09-30T05:51:25,https://github.com/SunWeb3Sec/DeFiHackLabs/blob/main/src/test/2026-06/OLPC_exp.sol
BSC,0x58815cdf9955121a6274680ab396a36fc9e00000,unknown,,defihacklabs,OLPC,2026-06-20,2026-09-30T05:51:25,https://github.com/SunWeb3Sec/DeFiHackLabs/blob/main/src/test/2026-06/OLPC_exp.sol
BSC,0x0eb4075c87ccd23a7ae1e00d77b043e4e8cc5894,unknown,,defihacklabs,ATM,2026-06-22,2026-09-30T05:51:25,https://github.com/SunWeb3Sec/DeFiHackLabs/blob/main/src/test/2026-06/ATM_LP_Burn_exp.sol
BSC,0x48b549e6b551c151bd392bb9acab1f88263adf48,unknown,,defihacklabs,ATM,2026-06-22,2026-09-30T05:51:25,https://github.com/SunWeb3Sec/DeFiHackLabs/blob/main/src/test/2026-06/ATM_LP_Burn_exp.sol
BSC,0x9753a64fb7c233fdc43f04dab9cca88e1e229eba,unknown,,defihacklabs,ATM,2026-06-22,2026-09-30T05:51:25,https://github.com/SunWeb3Sec/DeFiHackLabs/blob/main/src/test/2026-06/ATM_LP_Burn_exp.sol
BSC,0xbe8351c14e5108a57a545dfa8669fa31aa6adc68,unknown,,defihacklabs,ATM,2026-06-22,2026-09-30T05:51:25,https://github.com/SunWeb3Sec/DeFiHackLabs/blob/main/src/test/2026-06/ATM_LP_Burn_exp.sol
Polygon,0xbd829aa63311bb1e3c0ea58a7193364de670bd56,unknown,,defihacklabs,RoyalRoyalties,2026-06-23,2026-09-30T05:51:25,https://github.com/SunWeb3Sec/DeFiHackLabs/blob/main/src/test/2026-06/RoyalRoyalties_exp.sol
Polygon,0x11ca9155aedfeb6772df5ea42ff714db7fba6adb,unknown,,defihacklabs,RoyalRoyalties,2026-06-23,2026-09-30T05:51:25,https://github.com/SunWeb3Sec/DeFiHackLabs/blob/main/src/test/2026-06/RoyalRoyalties_exp.sol
Polygon,0xd5b297c08d890376b6cbdba6023a39ffbdf65c78,unknown,,defihacklabs,RoyalRoyalties,2026-06-23,2026-09-30T05:51:25,https://github.com/SunWeb3Sec/DeFiHackLabs/blob/main/src/test/2026-06/RoyalRoyalties_exp.sol
Polygon,0x1e0598614d9168a657cb57bd038dfd71812c9074,unknown,,defihacklabs,RoyalRoyalties,2026-06-23,2026-09-30T05:51:25,https://github.com/SunWeb3Sec/DeFiHackLabs/blob/main/src/test/2026-06/RoyalRoyalties_exp.sol
BSC,0x701bb7b460ae231dbbcfa3d87f0ab5b458429699,unknown,,defihacklabs,DLMC,2026-06-24,2026-09-30T05:51:25,https://github.com/SunWeb3Sec/DeFiHackLabs/blob/main/src/test/2026-06/DLMC_exp.sol
BSC,0xe81bf6e392eca9ad594b5452ea53cf7071760a04,unknown,,defihacklabs,DLMC,2026-06-24,2026-09-30T05:51:25,https://github.com/SunWeb3Sec/DeFiHackLabs/blob/main/src/test/2026-06/DLMC_exp.sol
BSC,0x74c4a756933d0f713facb1dea325ef511646c3b1,unknown,,defihacklabs,DLMC,2026-06-24,2026-09-30T05:51:25,https://github.com/SunWeb3Sec/DeFiHackLabs/blob/main/src/test/2026-06/DLMC_exp.sol
BSC,0xf2ca2a3572b26ae7c479dc7ae36d922113b1bdf2,unknown,,defihacklabs,DLMC,2026-06-24,2026-09-30T05:51:25,https://github.com/SunWeb3Sec/DeFiHackLabs/blob/main/src/test/2026-06/DLMC_exp.sol
Ethereum,0x3Fa8cF7FeA68C8E76A9838d77889464DdFb6a6cf,attacker,Attacker,defihacklabs,LixirPermitDrain,2026-06-25,2026-09-30T05:51:25,https://github.com/SunWeb3Sec/DeFiHackLabs/blob/main/src/test/2026-06/LixirPermitDrain_exp.sol
Ethereum,0xEFd1b12F5E3c35D7daE0D1449674C247566f9b76,unknown,Attack Contract,defihacklabs,LixirPermitDrain,2026-06-25,2026-09-30T05:51:25,https://github.com/SunWeb3Sec/DeFiHackLabs/blob/main/src/test/2026-06/LixirPermitDrain_exp.sol
Ethereum,0xfD4c9a491DD777b8b3e13659e9E379252eC78390,victim,Vulnerable Contract,defihacklabs,LixirPermitDrain,2026-06-25,2026-09-30T05:51:25,https://github.com/SunWeb3Sec/DeFiHackLabs/blob/main/src/test/2026-06/LixirPermitDrain_exp.sol
Ethereum,0x49bba4C5C4F8a2D444Ca5fDA1b3137D94Df40465,victim,Vulnerable Contract,defihacklabs,LixirPermitDrain,2026-06-25,2026-09-30T05:51:25,https://github.com/SunWeb3Sec/DeFiHackLabs/blob/main/src/test/2026-06/LixirPermitDrain_exp.sol
Ethereum,0xF4AF7Ae20EB7334Cbdf334EaF850e7DB42394839,victim,Vulnerable Contract,defihacklabs,LixirPermitDrain,2026-06-25,2026-09-30T05:51:25,https://github.com/SunWeb3Sec/DeFiHackLabs/blob/main/src/test/2026-06/LixirPermitDrain_exp.sol
Ethereum,0xC870d944Dd883f25a1b7B3312bc2449DD5B0267d,unknown,0xC870d944Dd883f25a1b7B3312bc2449DD5B0267d; 0xF4aAda01bF9d44,defihacklabs,LixirPermitDrain,2026-06-25,2026-09-30T05:51:25,https://github.com/SunWeb3Sec/DeFiHackLabs/blob/main/src/test/2026-06/LixirPermitDrain_exp.sol
Ethereum,0xF4aAda01bF9d44FE0D03a6b2Fa6519E3d7325556,unknown,0xC870d944Dd883f25a1b7B3312bc2449DD5B0267d; 0xF4aAda01bF9d44,defihacklabs,LixirPermitDrain,2026-06-25,2026-09-30T05:51:25,https://github.com/SunWeb3Sec/DeFiHackLabs/blob/main/src/test/2026-06/LixirPermitDrain_exp.sol
Ethereum,0xecC2b0296EaE113a114CcB9F8846A7852545DC58,unknown,0xC870d944Dd883f25a1b7B3312bc2449DD5B0267d; 0xF4aAda01bF9d44,defihacklabs,LixirPermitDrain,2026-06-25,2026-09-30T05:51:25,https://github.com/SunWeb3Sec/DeFiHackLabs/blob/main/src/test/2026-06/LixirPermitDrain_exp.sol
ETH,0x3Fa8cF7FeA68C8E76A9838d77889464DdFb6a6cf,unknown,,defihacklabs,LixirPermitDrain,2026-06-25,2026-09-30T05:51:25,https://github.com/SunWeb3Sec/DeFiHackLabs/blob/main/src/test/2026-06/LixirPermitDrain_exp.sol
ETH,0xEFd1b12F5E3c35D7daE0D1449674C247566f9b76,unknown,,defihacklabs,LixirPermitDrain,2026-06-25,2026-09-30T05:51:25,https://github.com/SunWeb3Sec/DeFiHackLabs/blob/main/src/test/2026-06/LixirPermitDrain_exp.sol
ETH,0xfD4c9a491DD777b8b3e13659e9E379252eC78390,unknown,,defihacklabs,LixirPermitDrain,2026-06-25,2026-09-30T05:51:25,https://github.com/SunWeb3Sec/DeFiHackLabs/blob/main/src/test/2026-06/LixirPermitDrain_exp.sol
ETH,0x49bba4C5C4F8a2D444Ca5fDA1b3137D94Df40465,unknown,,defihacklabs,LixirPermitDrain,2026-06-25,2026-09-30T05:51:25,https://github.com/SunWeb3Sec/DeFiHackLabs/blob/main/src/test/2026-06/LixirPermitDrain_exp.sol
ETH,0xF4AF7Ae20EB7334Cbdf334EaF850e7DB42394839,unknown,,defihacklabs,LixirPermitDrain,2026-06-25,2026-09-30T05:51:25,https://github.com/SunWeb3Sec/DeFiHackLabs/blob/main/src/test/2026-06/LixirPermitDrain_exp.sol
ETH,0xC870d944Dd883f25a1b7B3312bc2449DD5B0267d,unknown,,defihacklabs,LixirPermitDrain,2026-06-25,2026-09-30T05:51:25,https://github.com/SunWeb3Sec/DeFiHackLabs/blob/main/src/test/2026-06/LixirPermitDrain_exp.sol
ETH,0xF4aAda01bF9d44FE0D03a6b2Fa6519E3d7325556,unknown,,defihacklabs,LixirPermitDrain,2026-06-25,2026-09-30T05:51:25,https://github.com/SunWeb3Sec/DeFiHackLabs/blob/main/src/test/2026-06/LixirPermitDrain_exp.sol
ETH,0xecC2b0296EaE113a114CcB9F8846A7852545DC58,unknown,,defihacklabs,LixirPermitDrain,2026-06-25,2026-09-30T05:51:25,https://github.com/SunWeb3Sec/DeFiHackLabs/blob/main/src/test/2026-06/LixirPermitDrain_exp.sol
Ethereum,0x3fa8cf7fea68c8e76a9838d77889464ddfb6a6cf,attacker,Attacker,defihacklabs,OceanBPoolSideStaking,2026-06-25,2026-09-30T05:51:25,https://github.com/SunWeb3Sec/DeFiHackLabs/blob/main/src/test/2026-06/OceanBPoolSideStaking_exp.sol
ETH,0x3fa8cf7fea68c8e76a9838d77889464ddfb6a6cf,unknown,,defihacklabs,OceanBPoolSideStaking,2026-06-25,2026-09-30T05:51:25,https://github.com/SunWeb3Sec/DeFiHackLabs/blob/main/src/test/2026-06/OceanBPoolSideStaking_exp.sol
Polygon,0xdd4bfd70117b5b6b343fc8d2c8c0075d095dbee5,unknown,,defihacklabs,OceanBPoolSideStaking,2026-06-25,2026-09-30T05:51:25,https://github.com/SunWeb3Sec/DeFiHackLabs/blob/main/src/test/2026-06/OceanBPoolSideStaking_exp.sol
Polygon,0xbb3051df2d3e408dae6e6daa2296bc6215f0dcfd,unknown,,defihacklabs,OceanBPoolSideStaking,2026-06-25,2026-09-30T05:51:25,https://github.com/SunWeb3Sec/DeFiHackLabs/blob/main/src/test/2026-06/OceanBPoolSideStaking_exp.sol
Polygon,0xe7832A036da14dC3BBcEc5F73a8193221E9F0DA5,unknown,,defihacklabs,OceanBPoolSideStaking,2026-06-25,2026-09-30T05:51:25,https://github.com/SunWeb3Sec/DeFiHackLabs/blob/main/src/test/2026-06/OceanBPoolSideStaking_exp.sol
Polygon,0x2dd64bA8d9b9B1bB402Aa70214E1Fb1D7AF314a1,unknown,,defihacklabs,OceanBPoolSideStaking,2026-06-25,2026-09-30T05:51:25,https://github.com/SunWeb3Sec/DeFiHackLabs/blob/main/src/test/2026-06/OceanBPoolSideStaking_exp.sol
Polygon,0x25faf893edCef3b1C94029f01a088448669fcB9a,unknown,,defihacklabs,OceanBPoolSideStaking,2026-06-25,2026-09-30T05:51:25,https://github.com/SunWeb3Sec/DeFiHackLabs/blob/main/src/test/2026-06/OceanBPoolSideStaking_exp.sol
Polygon,0x1f5927CB77EA8449F0281ed14847A70d7A4f7053,unknown,,defihacklabs,OceanBPoolSideStaking,2026-06-25,2026-09-30T05:51:25,https://github.com/SunWeb3Sec/DeFiHackLabs/blob/main/src/test/2026-06/OceanBPoolSideStaking_exp.sol
Polygon,0x56A5cf2fB3f5b12e6c4bC4C0f100800D3735E522,unknown,,defihacklabs,OceanBPoolSideStaking,2026-06-25,2026-09-30T05:51:25,https://github.com/SunWeb3Sec/DeFiHackLabs/blob/main/src/test/2026-06/OceanBPoolSideStaking_exp.sol
Polygon,0x569C692125CF32bAF19E4ce713F9cf43e4c18c2C,unknown,,defihacklabs,OceanBPoolSideStaking,2026-06-25,2026-09-30T05:51:25,https://github.com/SunWeb3Sec/DeFiHackLabs/blob/main/src/test/2026-06/OceanBPoolSideStaking_exp.sol
Polygon,0x95f57249e6DD394318025068a8BFC841ac6eC0DD,unknown,,defihacklabs,OceanBPoolSideStaking,2026-06-25,2026-09-30T05:51:25,https://github.com/SunWeb3Sec/DeFiHackLabs/blob/main/src/test/2026-06/OceanBPoolSideStaking_exp.sol
Polygon,0x193F1cE9108644cD4d09C769d8DCD100F2B901D6,unknown,,defihacklabs,OceanBPoolSideStaking,2026-06-25,2026-09-30T05:51:25,https://github.com/SunWeb3Sec/DeFiHackLabs/blob/main/src/test/2026-06/OceanBPoolSideStaking_exp.sol
Polygon,0x3efdd8f728c8e774ab81d14d0b2f07a8238960f4,unknown,,defihacklabs,OceanBPoolSideStaking,2026-06-25,2026-09-30T05:51:25,https://github.com/SunWeb3Sec/DeFiHackLabs/blob/main/src/test/2026-06/OceanBPoolSideStaking_exp.sol
Polygon,0x282d8efce846a88b159800bd4130ad77443fa1a1,unknown,,defihacklabs,OceanBPoolSideStaking,2026-06-25,2026-09-30T05:51:25,https://github.com/SunWeb3Sec/DeFiHackLabs/blob/main/src/test/2026-06/OceanBPoolSideStaking_exp.sol
BSC,0xee18c4c2e123402731f43d680e75ca2809c30f8b,unknown,,defihacklabs,CookFinanceIssuance,2026-06-27,2026-09-30T05:51:25,https://github.com/SunWeb3Sec/DeFiHackLabs/blob/main/src/test/2026-06/CookFinanceIssuance_exp.sol
BSC,0xeffcb496cae89e7e92abe17d22386345707ceee4,unknown,,defihacklabs,CookFinanceIssuance,2026-06-27,2026-09-30T05:51:25,https://github.com/SunWeb3Sec/DeFiHackLabs/blob/main/src/test/2026-06/CookFinanceIssuance_exp.sol
BSC,0x7db3cbaf736c049933a3af28dbed4a4442aa89d0,unknown,,defihacklabs,CookFinanceIssuance,2026-06-27,2026-09-30T05:51:25,https://github.com/SunWeb3Sec/DeFiHackLabs/blob/main/src/test/2026-06/CookFinanceIssuance_exp.sol
BSC,0xa4e9f6032ee717710d8fd3dce0367d283e16f50e,unknown,,defihacklabs,CookFinanceIssuance,2026-06-27,2026-09-30T05:51:25,https://github.com/SunWeb3Sec/DeFiHackLabs/blob/main/src/test/2026-06/CookFinanceIssuance_exp.sol
BSC,0x89eb2c99e970d831525c7a52badc290afa116b63,unknown,,defihacklabs,AIDC,2026-06-28,2026-09-30T05:51:25,https://github.com/SunWeb3Sec/DeFiHackLabs/blob/main/src/test/2026-06/AIDC_exp.sol
BSC,0x26f625738019a1d710b074b23714d1538a151de4,unknown,,defihacklabs,AIDC,2026-06-28,2026-09-30T05:51:25,https://github.com/SunWeb3Sec/DeFiHackLabs/blob/main/src/test/2026-06/AIDC_exp.sol
BSC,0x5021d71859f81b4c905b573591db8f9cc4a0c6fe,unknown,,defihacklabs,AIDC,2026-06-28,2026-09-30T05:51:25,https://github.com/SunWeb3Sec/DeFiHackLabs/blob/main/src/test/2026-06/AIDC_exp.sol
BSC,0xA27eAE743Cd8C03E9b7c25ebF43DADbBC6Df9bFA,unknown,,defihacklabs,Vault4626,2026-06-29,2026-09-30T05:51:25,https://github.com/SunWeb3Sec/DeFiHackLabs/blob/main/src/test/2026-06/Vault4626_exp.sol
Base,0x47e775b8f175034b22fbA3A0F5B9E0F02551Af3C,unknown,,defihacklabs,Vault4626,2026-06-29,2026-09-30T05:51:25,https://github.com/SunWeb3Sec/DeFiHackLabs/blob/main/src/test/2026-06/Vault4626_exp.sol
Base,0xD08579102fc28355C5839019b730Ce58F84E6a4d,unknown,,defihacklabs,Vault4626,2026-06-29,2026-09-30T05:51:25,https://github.com/SunWeb3Sec/DeFiHackLabs/blob/main/src/test/2026-06/Vault4626_exp.sol
Ethereum,0x58428161bB55c14A413945f06cbDeC157F411C76,attacker,Attacker,defihacklabs,edel-xstock,2026-07-01,2026-09-30T05:51:25,https://github.com/SunWeb3Sec/DeFiHackLabs/blob/main/src/test/2026-07/edel-xstock_exp.sol
Ethereum,0x1F05c70Db2fFa1B1BAc62b27e7678B765ebe7167,unknown,Attack Contract,defihacklabs,edel-xstock,2026-07-01,2026-09-30T05:51:25,https://github.com/SunWeb3Sec/DeFiHackLabs/blob/main/src/test/2026-07/edel-xstock_exp.sol
Ethereum,0xBd497eE429D9D3E46446339286271b3714a83B29,victim,Vulnerable Contract,defihacklabs,edel-xstock,2026-07-01,2026-09-30T05:51:25,https://github.com/SunWeb3Sec/DeFiHackLabs/blob/main/src/test/2026-07/edel-xstock_exp.sol
Ethereum,0x3EEeB3cd20f844a578807fc457388Ceb9A67fAa6,unknown,Entry/State Contract,defihacklabs,edel-xstock,2026-07-01,2026-09-30T05:51:25,https://github.com/SunWeb3Sec/DeFiHackLabs/blob/main/src/test/2026-07/edel-xstock_exp.sol
ETH,0x58428161bB55c14A413945f06cbDeC157F411C76,unknown,,defihacklabs,edel-xstock,2026-07-01,2026-09-30T05:51:25,https://github.com/SunWeb3Sec/DeFiHackLabs/blob/main/src/test/2026-07/edel-xstock_exp.sol
ETH,0x1F05c70Db2fFa1B1BAc62b27e7678B765ebe7167,unknown,,defihacklabs,edel-xstock,2026-07-01,2026-09-30T05:51:25,https://github.com/SunWeb3Sec/DeFiHackLabs/blob/main/src/test/2026-07/edel-xstock_exp.sol
ETH,0xBd497eE429D9D3E46446339286271b3714a83B29,unknown,,defihacklabs,edel-xstock,2026-07-01,2026-09-30T05:51:25,https://github.com/SunWeb3Sec/DeFiHackLabs/blob/main/src/test/2026-07/edel-xstock_exp.sol
ETH,0x3EEeB3cd20f844a578807fc457388Ceb9A67fAa6,unknown,,defihacklabs,edel-xstock,2026-07-01,2026-09-30T05:51:25,https://github.com/SunWeb3Sec/DeFiHackLabs/blob/main/src/test/2026-07/edel-xstock_exp.sol
Ethereum,0x7bf716167b48cf527725722c6d79494b45b3bdca,attacker,Attacker,defihacklabs,SummerFi,2026-07-06,2026-09-30T05:51:25,https://github.com/SunWeb3Sec/DeFiHackLabs/blob/main/src/test/2026-07/SummerFi_exp.sol
Ethereum,0x0514f827c129c16418a0933e03c99a6af982fc61,unknown,Attack Contract,defihacklabs,SummerFi,2026-07-06,2026-09-30T05:51:25,https://github.com/SunWeb3Sec/DeFiHackLabs/blob/main/src/test/2026-07/SummerFi_exp.sol
Ethereum,0x98c49e13bf99d7cad8069faa2a370933ec9ecf17,victim,Vulnerable Contract,defihacklabs,SummerFi,2026-07-06,2026-09-30T05:51:25,https://github.com/SunWeb3Sec/DeFiHackLabs/blob/main/src/test/2026-07/SummerFi_exp.sol
ETH,0x7bf716167b48cf527725722c6d79494b45b3bdca,unknown,,defihacklabs,SummerFi,2026-07-06,2026-09-30T05:51:25,https://github.com/SunWeb3Sec/DeFiHackLabs/blob/main/src/test/2026-07/SummerFi_exp.sol
ETH,0x0514f827c129c16418a0933e03c99a6af982fc61,unknown,,defihacklabs,SummerFi,2026-07-06,2026-09-30T05:51:25,https://github.com/SunWeb3Sec/DeFiHackLabs/blob/main/src/test/2026-07/SummerFi_exp.sol
ETH,0x98c49e13bf99d7cad8069faa2a370933ec9ecf17,unknown,,defihacklabs,SummerFi,2026-07-06,2026-09-30T05:51:25,https://github.com/SunWeb3Sec/DeFiHackLabs/blob/main/src/test/2026-07/SummerFi_exp.sol
Arbitrum,0xB71ec9eBD8145daCaCF6724363143cb5667A3d36,unknown,,rekt,Ostium,2026-07-15,2026-09-30T05:51:25,https://rekt.news/ostium-rekt
ETH,0x321Df194646029e7A6193Ea05573d4B9c398bfD9,unknown,,rekt,Ostium,2026-07-15,2026-09-30T05:51:25,https://rekt.news/ostium-rekt
ETH,0x20D419a8e12C45f88fDA7c5760bb6923Cee27F98,unknown,,rekt,Ostium,2026-07-15,2026-09-30T05:51:25,https://rekt.news/ostium-rekt
Arbitrum,0xcCd5891083A8acD2074690F65d3024E7D13d66E7,unknown,,rekt,Ostium,2026-07-15,2026-09-30T05:51:25,https://rekt.news/ostium-rekt
Arbitrum,0xd456939e54F68Ef9B0BE62aBB2EC4A37397Cb814,unknown,,rekt,Ostium,2026-07-15,2026-09-30T05:51:25,https://rekt.news/ostium-rekt
Arbitrum,0xcCF233920e8cc9415ecF503b992881d69b6c47Ad,unknown,,rekt,Ostium,2026-07-15,2026-09-30T05:51:25,https://rekt.news/ostium-rekt
Arbitrum,0x52B2a78E12b09B66C6c8ce291D653D40bAb77f0c,unknown,,rekt,Ostium,2026-07-15,2026-09-30T05:51:25,https://rekt.news/ostium-rekt
ETH,0x6D0bA1f9996DBD8885827e1b2e8f6593e7702411,unknown,,rekt,Ostium,2026-07-15,2026-09-30T05:51:25,https://rekt.news/ostium-rekt
Arbitrum,0x7720fC8c8680bF4a1Af99d44c6c265a74e9742a9,unknown,,rekt,Ostium,2026-07-15,2026-09-30T05:51:25,https://rekt.news/ostium-rekt
ETH,0xCb3B9A3E5668AFE84DC7A864B36b845dCE062e67,unknown,,rekt,AFX Trade,2026-07-22,2026-09-30T05:51:25,https://rekt.news/afx-trade-rekt
Arbitrum,0x00BB84aF06daC03BFe744Da13dF9D2D6fd8e77E5,unknown,,rekt,AFX Trade,2026-07-22,2026-09-30T05:51:25,https://rekt.news/afx-trade-rekt
Arbitrum,0x27259f90D6ae500262AcE6E8428434e0c1f308F5,unknown,,rekt,AFX Trade,2026-07-22,2026-09-30T05:51:25,https://rekt.news/afx-trade-rekt
Arbitrum,0x2e26dE22a92e41704B3eA00cc65a6CDA47b12c9e,unknown,,rekt,AFX Trade,2026-07-22,2026-09-30T05:51:25,https://rekt.news/afx-trade-rekt
Arbitrum,0x52D4D9AD78a53a69bD089eE8f282CE0Cd0506Da7,unknown,,rekt,AFX Trade,2026-07-22,2026-09-30T05:51:25,https://rekt.news/afx-trade-rekt
Arbitrum,0xBB472BC3962Ad02Ac660429FdBB319B5BC66DA7b,unknown,,rekt,AFX Trade,2026-07-22,2026-09-30T05:51:25,https://rekt.news/afx-trade-rekt
Arbitrum,0x5553EA7Bda594aDE7AFe91D279779a42b2B84208,unknown,,rekt,AFX Trade,2026-07-22,2026-09-30T05:51:25,https://rekt.news/afx-trade-rekt
ETH,0x32E3200D6E944cd9bD1C8C9865293B07206e7A01,unknown,,rekt,AFX Trade,2026-07-22,2026-09-30T05:51:25,https://rekt.news/afx-trade-rekt
ETH,0x2f2974fAbc54dbA33442261211c06BD20E0FEefc,unknown,,rekt,AFX Trade,2026-07-22,2026-09-30T05:51:25,https://rekt.news/afx-trade-rekt
ETH,0xB3FA262d0fB521cc93bE83d87b322b8A23DAf3F0,unknown,,rekt,AFX Trade,2026-07-22,2026-09-30T05:51:25,https://rekt.news/afx-trade-rekt
ETH,0x627654b2782bfc57580ecd11d40869b350b6ebac,unknown,,rekt,AFX Trade,2026-07-22,2026-09-30T05:51:25,https://rekt.news/afx-trade-rekt
BSC,0xC3cB0872C42BFA5EB3B0258D7EEA2cCaF6a49475,unknown,,defihacklabs,AIC,2026-08-03,2026-09-30T05:51:25,https://github.com/SunWeb3Sec/DeFiHackLabs/blob/main/src/test/2026-08/AIC_exp.sol
BSC,0xc0DC449De632586A00409873521AFC251aC5cE74,unknown,,defihacklabs,AIC,2026-08-03,2026-09-30T05:51:25,https://github.com/SunWeb3Sec/DeFiHackLabs/blob/main/src/test/2026-08/AIC_exp.sol
BSC,0xaE04AE29bdB7aB7Eb249d3aFa7Bc3D37564e8Cf9,unknown,,defihacklabs,AIC,2026-08-03,2026-09-30T05:51:25,https://github.com/SunWeb3Sec/DeFiHackLabs/blob/main/src/test/2026-08/AIC_exp.sol
BSC,0xe89636FB73D04Db51e5Fbd0Ce1379fb8d2b96415,unknown,,defihacklabs,AIC,2026-08-03,2026-09-30T05:51:25,https://github.com/SunWeb3Sec/DeFiHackLabs/blob/main/src/test/2026-08/AIC_exp.sol
BSC,0x974C0078740480aE830D379fDB8d5f441C9dDC75,unknown,,defihacklabs,AIC,2026-08-03,2026-09-30T05:51:25,https://github.com/SunWeb3Sec/DeFiHackLabs/blob/main/src/test/2026-08/AIC_exp.sol
BSC,0x0f7e35653f6A8E09A0865a183B51177e16237CB5,unknown,,defihacklabs,AIC,2026-08-03,2026-09-30T05:51:25,https://github.com/SunWeb3Sec/DeFiHackLabs/blob/main/src/test/2026-08/AIC_exp.sol
Ethereum,0xc94e23C58b9b2998eDB7ABC8F99393FEaD985076,attacker,Attacker,defihacklabs,UnistreetLaunchpad,2026-08-06,2026-09-30T05:51:25,https://github.com/SunWeb3Sec/DeFiHackLabs/blob/main/src/test/2026-08/UnistreetLaunchpad_exp.sol
Ethereum,0xFB60CD0B36aD4bD839b91767a6Ad9055AB6aD825,victim,Victim,defihacklabs,UnistreetLaunchpad,2026-08-06,2026-09-30T05:51:25,https://github.com/SunWeb3Sec/DeFiHackLabs/blob/main/src/test/2026-08/UnistreetLaunchpad_exp.sol
Ethereum,0xbD216513d74C8cf14cf4747E6AaA6420FF64ee9e,unknown,V4 posm,defihacklabs,UnistreetLaunchpad,2026-08-06,2026-09-30T05:51:25,https://github.com/SunWeb3Sec/DeFiHackLabs/blob/main/src/test/2026-08/UnistreetLaunchpad_exp.sol
Ethereum,0x000000000004444c5DC75cB358380D2e3dE08A90,unknown,V4 PoolMgr,defihacklabs,UnistreetLaunchpad,2026-08-06,2026-09-30T05:51:25,https://github.com/SunWeb3Sec/DeFiHackLabs/blob/main/src/test/2026-08/UnistreetLaunchpad_exp.sol
ETH,0xc94e23C58b9b2998eDB7ABC8F99393FEaD985076,unknown,,defihacklabs,UnistreetLaunchpad,2026-08-06,2026-09-30T05:51:25,https://github.com/SunWeb3Sec/DeFiHackLabs/blob/main/src/test/2026-08/UnistreetLaunchpad_exp.sol
ETH,0xFB60CD0B36aD4bD839b91767a6Ad9055AB6aD825,unknown,,defihacklabs,UnistreetLaunchpad,2026-08-06,2026-09-30T05:51:25,https://github.com/SunWeb3Sec/DeFiHackLabs/blob/main/src/test/2026-08/UnistreetLaunchpad_exp.sol
ETH,0xbD216513d74C8cf14cf4747E6AaA6420FF64ee9e,unknown,,defihacklabs,UnistreetLaunchpad,2026-08-06,2026-09-30T05:51:25,https://github.com/SunWeb3Sec/DeFiHackLabs/blob/main/src/test/2026-08/UnistreetLaunchpad_exp.sol
ETH,0x000000000004444c5DC75cB358380D2e3dE08A90,unknown,,defihacklabs,UnistreetLaunchpad,2026-08-06,2026-09-30T05:51:25,https://github.com/SunWeb3Sec/DeFiHackLabs/blob/main/src/test/2026-08/UnistreetLaunchpad_exp.sol
ETH,0x4d1bEF2Fe998B3E3C4029EF9EA6A0534d95661d3,unknown,,rekt,Coinsbuy,2026-08-09,2026-09-30T05:51:25,https://rekt.news/coinsbuy-rekt
ETH,0x66790b54B891e2ebdef58a15B969Ff6fb4374b17,unknown,,rekt,Coinsbuy,2026-08-09,2026-09-30T05:51:25,https://rekt.news/coinsbuy-rekt
ETH,0x2bc77e147d18153fda24944e17b857ca63bc0044,unknown,,rekt,Coinsbuy,2026-08-09,2026-09-30T05:51:25,https://rekt.news/coinsbuy-rekt
ETH,0xB4C6C253872a862fCbb0371d77De0c606162aAb1,unknown,,rekt,Coinsbuy,2026-08-09,2026-09-30T05:51:25,https://rekt.news/coinsbuy-rekt
ETH,0x3a53cac44b1d7545821cbf46d8914479adca0044,unknown,,rekt,Coinsbuy,2026-08-09,2026-09-30T05:51:25,https://rekt.news/coinsbuy-rekt
ETH,0x429D4C1B0351285900a98c44933bbD2121F0aB42,unknown,,rekt,Coinsbuy,2026-08-09,2026-09-30T05:51:25,https://rekt.news/coinsbuy-rekt
ETH,0xB0240e13166A175eE5889590d25185EDD9842149,unknown,,rekt,Coinsbuy,2026-08-09,2026-09-30T05:51:25,https://rekt.news/coinsbuy-rekt
ETH,0x9d18ad159055088189d48ac616e8a44cf4590052,unknown,,rekt,Coinsbuy,2026-08-09,2026-09-30T05:51:25,https://rekt.news/coinsbuy-rekt
ETH,0xF8ce92F6C28bF2eaD7c622982122e33E6BaDdB0A,unknown,,rekt,Coinsbuy,2026-08-09,2026-09-30T05:51:25,https://rekt.news/coinsbuy-rekt
ETH,0x4ce377b6ff6a110889bbd9169137bcc568bb6355,unknown,,rekt,Coinsbuy,2026-08-09,2026-09-30T05:51:25,https://rekt.news/coinsbuy-rekt
ETH,0xcb007beb44e31e9a3b916961cfc0597fde510ca3,unknown,,rekt,Coinsbuy,2026-08-09,2026-09-30T05:51:25,https://rekt.news/coinsbuy-rekt
ETH,0xc6acbee42e9e323140c1ed060c2f6ea9cc3b4b75,unknown,,rekt,Coinsbuy,2026-08-09,2026-09-30T05:51:25,https://rekt.news/coinsbuy-rekt
ETH,0xc6f005765727770113ee70d63de23fe931bc6383,unknown,,rekt,Coinsbuy,2026-08-09,2026-09-30T05:51:25,https://rekt.news/coinsbuy-rekt
ETH,0x340fd3b164ce979b103684ee74dc66ca6d5782ba,unknown,,rekt,Coinsbuy,2026-08-09,2026-09-30T05:51:25,https://rekt.news/coinsbuy-rekt
TRX,TVpX9xCzrj6KHeNhhDJoqjzEqFMxdgubGR,unknown,,rekt,Coinsbuy,2026-08-09,2026-09-30T05:51:25,https://rekt.news/coinsbuy-rekt
TRX,TCEEJKaAT4mF3AsjqwUUHmHvosq67x3FTz,unknown,,rekt,Coinsbuy,2026-08-09,2026-09-30T05:51:25,https://rekt.news/coinsbuy-rekt
Ethereum,0xb92b2E47680c89DA8f951B8963ef469f461a50Fc,attacker,Attacker EOA,defihacklabs,USM,2026-08-09,2026-09-30T05:51:25,https://github.com/SunWeb3Sec/DeFiHackLabs/blob/main/src/test/2026-08/USM_exp.sol
Ethereum,0x5a5e29ba89663a3558273354E990426F3cAc7de7,attacker,Attacker contract,defihacklabs,USM,2026-08-09,2026-09-30T05:51:25,https://github.com/SunWeb3Sec/DeFiHackLabs/blob/main/src/test/2026-08/USM_exp.sol
Ethereum,0x2a7FFf44C19f39468064ab5e5c304De01D591675,victim,Victim (USM),defihacklabs,USM,2026-08-09,2026-09-30T05:51:25,https://github.com/SunWeb3Sec/DeFiHackLabs/blob/main/src/test/2026-08/USM_exp.sol
Ethereum,0x86729873e3b88DE2Ab85CA292D6d6D69D548eDF3,unknown,FUM token,defihacklabs,USM,2026-08-09,2026-09-30T05:51:25,https://github.com/SunWeb3Sec/DeFiHackLabs/blob/main/src/test/2026-08/USM_exp.sol
Ethereum,0xBBBBBbbBBb9cC5e90e3b3Af64bdAF62C37EEFFCb,unknown,Flash lender,defihacklabs,USM,2026-08-09,2026-09-30T05:51:25,https://github.com/SunWeb3Sec/DeFiHackLabs/blob/main/src/test/2026-08/USM_exp.sol
ETH,0xb92b2E47680c89DA8f951B8963ef469f461a50Fc,unknown,,defihacklabs,USM,2026-08-09,2026-09-30T05:51:25,https://github.com/SunWeb3Sec/DeFiHackLabs/blob/main/src/test/2026-08/USM_exp.sol
ETH,0x5a5e29ba89663a3558273354E990426F3cAc7de7,unknown,,defihacklabs,USM,2026-08-09,2026-09-30T05:51:25,https://github.com/SunWeb3Sec/DeFiHackLabs/blob/main/src/test/2026-08/USM_exp.sol
ETH,0x2a7FFf44C19f39468064ab5e5c304De01D591675,unknown,,defihacklabs,USM,2026-08-09,2026-09-30T05:51:25,https://github.com/SunWeb3Sec/DeFiHackLabs/blob/main/src/test/2026-08/USM_exp.sol
ETH,0x86729873e3b88DE2Ab85CA292D6d6D69D548eDF3,unknown,,defihacklabs,USM,2026-08-09,2026-09-30T05:51:25,https://github.com/SunWeb3Sec/DeFiHackLabs/blob/main/src/test/2026-08/USM_exp.sol
ETH,0xBBBBBbbBBb9cC5e90e3b3Af64bdAF62C37EEFFCb,unknown,,defihacklabs,USM,2026-08-09,2026-09-30T05:51:25,https://github.com/SunWeb3Sec/DeFiHackLabs/blob/main/src/test/2026-08/USM_exp.sol
Base,0x2419432344b0B892E592b2601B98eaE702Ba360e,unknown,,defihacklabs,AllbridgeCCTP,2026-08-19,2026-09-30T05:51:25,https://github.com/SunWeb3Sec/DeFiHackLabs/blob/main/src/test/2026-08/AllbridgeCCTP_exp.sol
Base,0xaA119F7442eCC28b9a8F236707ADA8362CFF24fF,unknown,,defihacklabs,AllbridgeCCTP,2026-08-19,2026-09-30T05:51:25,https://github.com/SunWeb3Sec/DeFiHackLabs/blob/main/src/test/2026-08/AllbridgeCCTP_exp.sol
Base,0xf9b710e427bf4d93598e0f80a84de22c7ad9b577,unknown,,defihacklabs,AllbridgeCCTP,2026-08-19,2026-09-30T05:51:25,https://github.com/SunWeb3Sec/DeFiHackLabs/blob/main/src/test/2026-08/AllbridgeCCTP_exp.sol
Base,0x81D40F21F12A8F0E3252Bccb954D722d4c464B64,unknown,,defihacklabs,AllbridgeCCTP,2026-08-19,2026-09-30T05:51:25,https://github.com/SunWeb3Sec/DeFiHackLabs/blob/main/src/test/2026-08/AllbridgeCCTP_exp.sol
Base,0xA238Dd80C259a72e81d7e4664a9801593F98d1c5,unknown,,defihacklabs,AllbridgeCCTP,2026-08-19,2026-09-30T05:51:25,https://github.com/SunWeb3Sec/DeFiHackLabs/blob/main/src/test/2026-08/AllbridgeCCTP_exp.sol
Base,0x833589fCD6eDb6E08f4c7C32D4f71b54bdA02913,unknown,,defihacklabs,AllbridgeCCTP,2026-08-19,2026-09-30T05:51:25,https://github.com/SunWeb3Sec/DeFiHackLabs/blob/main/src/test/2026-08/AllbridgeCCTP_exp.sol
Base,0x638Ccb18370eE228378a565c1d4D0F9620d7F296,unknown,,defihacklabs,SandboxOFT,2026-08-22,2026-09-30T05:51:25,https://github.com/SunWeb3Sec/DeFiHackLabs/blob/main/src/test/2026-08/SandboxOFT_exp.sol
Base,0xd7Cb71EE00a812FC22ACcfE08A2f59A5Add2f6Ca,unknown,,defihacklabs,SandboxOFT,2026-08-22,2026-09-30T05:51:25,https://github.com/SunWeb3Sec/DeFiHackLabs/blob/main/src/test/2026-08/SandboxOFT_exp.sol
Base,0xac531Eb26Ca1d21b85126De8FB87E80E09002DcF,unknown,,defihacklabs,SandboxOFT,2026-08-22,2026-09-30T05:51:25,https://github.com/SunWeb3Sec/DeFiHackLabs/blob/main/src/test/2026-08/SandboxOFT_exp.sol
Base,0x1a44076050125825900e736c501f859c50fE728c,unknown,,defihacklabs,SandboxOFT,2026-08-22,2026-09-30T05:51:25,https://github.com/SunWeb3Sec/DeFiHackLabs/blob/main/src/test/2026-08/SandboxOFT_exp.sol
Base,0xc70AB6f32772f59fBfc23889Caf4Ba3376C84bAf,unknown,,defihacklabs,SandboxOFT,2026-08-22,2026-09-30T05:51:25,https://github.com/SunWeb3Sec/DeFiHackLabs/blob/main/src/test/2026-08/SandboxOFT_exp.sol
Arbitrum,0x5fb0b8584b34e56e386941a65dbe455ad43c5a23,unknown,,defihacklabs,Stead,2025-06-29,2026-09-30T05:51:24,https://github.com/SunWeb3Sec/DeFiHackLabs/blob/main/src/test/2025-06/Stead_exp.sol
Arbitrum,0xf9FF933f51bA180a474634440a406c95DfB27596,unknown,,defihacklabs,Stead,2025-06-29,2026-09-30T05:51:24,https://github.com/SunWeb3Sec/DeFiHackLabs/blob/main/src/test/2025-06/Stead_exp.sol
Ethereum,0xc8d64bb25b489ba3fb33f1f81505e8938685c248,attacker,Attacker,defihacklabs,ActivePoolUrgentRedemption,2025-07-02,2026-09-30T05:51:24,https://github.com/SunWeb3Sec/DeFiHackLabs/blob/main/src/test/2025-07/ActivePoolUrgentRedemption_exp.sol
Ethereum,0xd94b9ad4918015724d5f68501f3252bb29505243,unknown,Attack Contract,defihacklabs,ActivePoolUrgentRedemption,2025-07-02,2026-09-30T05:51:24,https://github.com/SunWeb3Sec/DeFiHackLabs/blob/main/src/test/2025-07/ActivePoolUrgentRedemption_exp.sol
Ethereum,0xdee8a9ac2c2819fe6a3bae45a12bff70c604805a,victim,Vulnerable Contract,defihacklabs,ActivePoolUrgentRedemption,2025-07-02,2026-09-30T05:51:24,https://github.com/SunWeb3Sec/DeFiHackLabs/blob/main/src/test/2025-07/ActivePoolUrgentRedemption_exp.sol
ETH,0xc8d64bb25b489ba3fb33f1f81505e8938685c248,unknown,,defihacklabs,ActivePoolUrgentRedemption,2025-07-02,2026-09-30T05:51:24,https://github.com/SunWeb3Sec/DeFiHackLabs/blob/main/src/test/2025-07/ActivePoolUrgentRedemption_exp.sol
ETH,0xd94b9ad4918015724d5f68501f3252bb29505243,unknown,,defihacklabs,ActivePoolUrgentRedemption,2025-07-02,2026-09-30T05:51:24,https://github.com/SunWeb3Sec/DeFiHackLabs/blob/main/src/test/2025-07/ActivePoolUrgentRedemption_exp.sol
ETH,0xdee8a9ac2c2819fe6a3bae45a12bff70c604805a,unknown,,defihacklabs,ActivePoolUrgentRedemption,2025-07-02,2026-09-30T05:51:24,https://github.com/SunWeb3Sec/DeFiHackLabs/blob/main/src/test/2025-07/ActivePoolUrgentRedemption_exp.sol
BSC,0x18dd258631b23777c101440380bf053c79db3d9d,unknown,,defihacklabs,FPC,2025-07-02,2026-09-30T05:51:24,https://github.com/SunWeb3Sec/DeFiHackLabs/blob/main/src/test/2025-07/FPC_exp.sol
BSC,0xbf6e706d505e81ad1f73bbc0babfe2b414ba3eb3,unknown,,defihacklabs,FPC,2025-07-02,2026-09-30T05:51:24,https://github.com/SunWeb3Sec/DeFiHackLabs/blob/main/src/test/2025-07/FPC_exp.sol
BSC,0xb192d4a737430aa61cea4ce9bfb6432f7d42592f,unknown,,defihacklabs,FPC,2025-07-02,2026-09-30T05:51:24,https://github.com/SunWeb3Sec/DeFiHackLabs/blob/main/src/test/2025-07/FPC_exp.sol
Ethereum,0xad2cb8f48e74065a0b884af9c5a4ecbba101be23,attacker,Attacker,defihacklabs,RANT,2025-07-05,2026-09-30T05:51:24,https://github.com/SunWeb3Sec/DeFiHackLabs/blob/main/src/test/2025-07/RANTToken_exp.sol
ETH,0xad2cb8f48e74065a0b884af9c5a4ecbba101be23,unknown,,defihacklabs,RANT,2025-07-05,2026-09-30T05:51:24,https://github.com/SunWeb3Sec/DeFiHackLabs/blob/main/src/test/2025-07/RANTToken_exp.sol
BSC,0x1e2d48e640243b04a9fa76eb49080e9ab110b4ac,unknown,,defihacklabs,RANT,2025-07-05,2026-09-30T05:51:24,https://github.com/SunWeb3Sec/DeFiHackLabs/blob/main/src/test/2025-07/RANTToken_exp.sol
BSC,0xFd9267eE6594bD8E82e8030c353870fA1773F7f8,unknown,,defihacklabs,RANT,2025-07-05,2026-09-30T05:51:24,https://github.com/SunWeb3Sec/DeFiHackLabs/blob/main/src/test/2025-07/RANTToken_exp.sol
BSC,0xc321ac21a07b3d593b269acdace69c3762ca2dd0,unknown,,defihacklabs,RANT,2025-07-05,2026-09-30T05:51:24,https://github.com/SunWeb3Sec/DeFiHackLabs/blob/main/src/test/2025-07/RANTToken_exp.sol
Ethereum,0xb750e3165de458eae09904cc7fad099632860b0f,attacker,Attacker,defihacklabs,Unverified,2025-07-05,2026-09-30T05:51:24,https://github.com/SunWeb3Sec/DeFiHackLabs/blob/main/src/test/2025-07/unverified_54cd_exp.sol
Ethereum,0x1a61249f6f4f9813c55aa3b02c69438607272ed3,unknown,Attack Contract,defihacklabs,Unverified,2025-07-05,2026-09-30T05:51:24,https://github.com/SunWeb3Sec/DeFiHackLabs/blob/main/src/test/2025-07/unverified_54cd_exp.sol
Ethereum,0x54cd23460df45559fd5feeaada7ba25f89c13525,victim,Vulnerable Contract,defihacklabs,Unverified,2025-07-05,2026-09-30T05:51:24,https://github.com/SunWeb3Sec/DeFiHackLabs/blob/main/src/test/2025-07/unverified_54cd_exp.sol
ETH,0xb750e3165de458eae09904cc7fad099632860b0f,unknown,,defihacklabs,Unverified,2025-07-05,2026-09-30T05:51:24,https://github.com/SunWeb3Sec/DeFiHackLabs/blob/main/src/test/2025-07/unverified_54cd_exp.sol
ETH,0x1a61249f6f4f9813c55aa3b02c69438607272ed3,unknown,,defihacklabs,Unverified,2025-07-05,2026-09-30T05:51:24,https://github.com/SunWeb3Sec/DeFiHackLabs/blob/main/src/test/2025-07/unverified_54cd_exp.sol
ETH,0x54cd23460df45559fd5feeaada7ba25f89c13525,unknown,,defihacklabs,Unverified,2025-07-05,2026-09-30T05:51:24,https://github.com/SunWeb3Sec/DeFiHackLabs/blob/main/src/test/2025-07/unverified_54cd_exp.sol
Ethereum,0x4cf8ed875e508c3acd60e56a1ca21395d106bc94,attacker,Attacker,defihacklabs,ActivePoolScrvUsd,2025-07-05,2026-09-30T05:51:24,https://github.com/SunWeb3Sec/DeFiHackLabs/blob/main/src/test/2025-07/ActivePoolScrvUsdUrgentRedemption_exp.sol
Ethereum,0xd7954a8c7fa74c97ad2545719ce82eae915d73f7,victim,Vulnerable Contract,defihacklabs,ActivePoolScrvUsd,2025-07-05,2026-09-30T05:51:24,https://github.com/SunWeb3Sec/DeFiHackLabs/blob/main/src/test/2025-07/ActivePoolScrvUsdUrgentRedemption_exp.sol
ETH,0x4cf8ed875e508c3acd60e56a1ca21395d106bc94,unknown,,defihacklabs,ActivePoolScrvUsd,2025-07-05,2026-09-30T05:51:24,https://github.com/SunWeb3Sec/DeFiHackLabs/blob/main/src/test/2025-07/ActivePoolScrvUsdUrgentRedemption_exp.sol
ETH,0x5f3697bb418a55e941d14f4def8d18be73d66309,unknown,,defihacklabs,ActivePoolScrvUsd,2025-07-05,2026-09-30T05:51:24,https://github.com/SunWeb3Sec/DeFiHackLabs/blob/main/src/test/2025-07/ActivePoolScrvUsdUrgentRedemption_exp.sol
ETH,0xd7954a8c7fa74c97ad2545719ce82eae915d73f7,unknown,,defihacklabs,ActivePoolScrvUsd,2025-07-05,2026-09-30T05:51:24,https://github.com/SunWeb3Sec/DeFiHackLabs/blob/main/src/test/2025-07/ActivePoolScrvUsdUrgentRedemption_exp.sol
SOL,8xxRdtzsw1CJWfEahViqNjZwh5dYJAdSbBctWwcbycVo,unknown,,rekt,BonkDAO,2025-07-06,2026-09-30T05:51:24,https://rekt.news/bonkdao-rekt
SOL,CyEE7oHVDaFJ5xZLbXY3h2Z2uk1VwhTkdy72kPUEtypQ,unknown,,rekt,BonkDAO,2025-07-06,2026-09-30T05:51:24,https://rekt.news/bonkdao-rekt
SOL,FQnQYaYe1UiQZiokdDH39ybRbhJYfzzwXSghnA32pWxc,unknown,,rekt,BonkDAO,2025-07-06,2026-09-30T05:51:24,https://rekt.news/bonkdao-rekt
SOL,F8FqZuUKfoy58aHLW6bfeEhfW9sTtJyqFTqnxVmGZ6dU,unknown,,rekt,BonkDAO,2025-07-06,2026-09-30T05:51:24,https://rekt.news/bonkdao-rekt
SOL,9bxWkNf3BtJ6iehq9KbX9uCWMjem4TFiPZ19T2sYJHvQ,unknown,,rekt,BonkDAO,2025-07-06,2026-09-30T05:51:24,https://rekt.news/bonkdao-rekt
SOL,EXaJnmrLf7RAKLfn1hehoKX94keKYmvZm5H5zuYVeh42,unknown,,rekt,BonkDAO,2025-07-06,2026-09-30T05:51:24,https://rekt.news/bonkdao-rekt
ETH,0xDF3340A436c27655bA62F8281565C9925C3a5221,unknown,,rekt,GMX,2025-07-09,2026-09-30T05:51:24,https://rekt.news/gmx-rekt
Arbitrum,0x7D3BD50336f64b7A473C51f54e7f0Bd6771cc355,unknown,,rekt,GMX,2025-07-09,2026-09-30T05:51:24,https://rekt.news/gmx-rekt
Arbitrum,0x489ee077994b6658eafa855c308275ead8097c4a,unknown,,rekt,GMX,2025-07-09,2026-09-30T05:51:24,https://rekt.news/gmx-rekt
ETH,0x321f653eed006ad1c29d174e17d96351bde22649,unknown,,rekt,GMX,2025-07-09,2026-09-30T05:51:24,https://rekt.news/gmx-rekt
BSC,0x37023a0c3440106cf50dc8498dcd64fdbb1e837a,unknown,,defihacklabs,UPENG,2025-07-13,2026-09-30T05:51:24,https://github.com/SunWeb3Sec/DeFiHackLabs/blob/main/src/test/2025-07/UPENGBurnSync_exp.sol
BSC,0x91b74e8e38290d7b1e0c48f72f4c54312b7f148e,unknown,,defihacklabs,UPENG,2025-07-13,2026-09-30T05:51:24,https://github.com/SunWeb3Sec/DeFiHackLabs/blob/main/src/test/2025-07/UPENGBurnSync_exp.sol
BSC,0x4303cddbef06b5820f10dbc00206f8bde6749e2f,unknown,,defihacklabs,UPENG,2025-07-13,2026-09-30T05:51:24,https://github.com/SunWeb3Sec/DeFiHackLabs/blob/main/src/test/2025-07/UPENGBurnSync_exp.sol
BSC,0xb29b0e7545e7252e8db380c5c010cb1ef6990cac,unknown,,defihacklabs,UPENG,2025-07-13,2026-09-30T05:51:24,https://github.com/SunWeb3Sec/DeFiHackLabs/blob/main/src/test/2025-07/UPENGBurnSync_exp.sol
ETH,0x0fa54e967a9cc5df2af38babc376c91a29878615,unknown,,rekt,ArcadiaFi,2025-07-15,2026-09-30T05:51:24,https://rekt.news/arcadiafi-rekt
Base,0xC729213B9b72694F202FeB9cf40FE8ba5F5A4509,unknown,,rekt,ArcadiaFi,2025-07-15,2026-09-30T05:51:24,https://rekt.news/arcadiafi-rekt
Base,0x9529e5988ced568898566782e88012cf11c3ec99,unknown,,rekt,ArcadiaFi,2025-07-15,2026-09-30T05:51:24,https://rekt.news/arcadiafi-rekt
Base,0x6250DFD35ca9eee5Ea21b5837F6F21425BEe4553,unknown,,rekt,ArcadiaFi,2025-07-15,2026-09-30T05:51:24,https://rekt.news/arcadiafi-rekt
Base,0x1DBC011983288B334397B4F64c29F941bE4DF265,unknown,,rekt,ArcadiaFi,2025-07-15,2026-09-30T05:51:24,https://rekt.news/arcadiafi-rekt
ETH,0x9Bf7a4dDcA405929dba1FBB136F764F5892A8a7a,unknown,,rekt,BigONE,2025-07-15,2026-09-30T05:51:24,https://rekt.news/bigone-rekt
TRX,TKKGH8bwmEEvyp3QkzDCbK61EwCHXdo17c,unknown,,rekt,BigONE,2025-07-15,2026-09-30T05:51:24,https://rekt.news/bigone-rekt
BTC,16jAfbpfRzFvagiP5hzBPrYF9YhUhQuq9h,unknown,,rekt,BigONE,2025-07-15,2026-09-30T05:51:24,https://rekt.news/bigone-rekt
BTC,1MWq9iNRe3MfYCq3j7439JDyooczqGBnR5,unknown,,rekt,BigONE,2025-07-15,2026-09-30T05:51:24,https://rekt.news/bigone-rekt
BTC,bc1qwxm53zya6cuflxhcxy84t4c4wrmgrwqzd07jxm,unknown,,rekt,BigONE,2025-07-15,2026-09-30T05:51:24,https://rekt.news/bigone-rekt
SOL,HSr1FNv266zCnVtUdZhfYrhgWx1a4LNEpMPDymQzPg4R,unknown,,rekt,BigONE,2025-07-15,2026-09-30T05:51:24,https://rekt.news/bigone-rekt
BSC,0xa3e18e6028b1ca09433157cd6a5e807ffe705350,unknown,,defihacklabs,VDS,2025-07-16,2026-09-30T05:51:24,https://github.com/SunWeb3Sec/DeFiHackLabs/blob/main/src/test/2025-07/VDS_exp.sol
BSC,0x383794a0c68e5c8c050f8f361b26a22b3f60eccf,unknown,,defihacklabs,VDS,2025-07-16,2026-09-30T05:51:24,https://github.com/SunWeb3Sec/DeFiHackLabs/blob/main/src/test/2025-07/VDS_exp.sol
BSC,0x6ce69d7146dbaae18c11c36d8d94428623b29d5a,unknown,,defihacklabs,VDS,2025-07-16,2026-09-30T05:51:24,https://github.com/SunWeb3Sec/DeFiHackLabs/blob/main/src/test/2025-07/VDS_exp.sol
Ethereum,0x29Bd2258485Da9f4224A99c512e14D4F64d81a50,attacker,Attacker,defihacklabs,StrategyLlamaLendConvex,2025-07-16,2026-09-30T05:51:24,https://github.com/SunWeb3Sec/DeFiHackLabs/blob/main/src/test/2025-07/StrategyLlamaLendConvex_exp.sol
Ethereum,0x2114Ab8Bb9b69545A5C0923E63687Ee8CdAd269E,unknown,Attack Contract,defihacklabs,StrategyLlamaLendConvex,2025-07-16,2026-09-30T05:51:24,https://github.com/SunWeb3Sec/DeFiHackLabs/blob/main/src/test/2025-07/StrategyLlamaLendConvex_exp.sol
Ethereum,0x75b7DB3e11138134fe4744553b5e5e3D6546d289,victim,Vulnerable Contract,defihacklabs,StrategyLlamaLendConvex,2025-07-16,2026-09-30T05:51:24,https://github.com/SunWeb3Sec/DeFiHackLabs/blob/main/src/test/2025-07/StrategyLlamaLendConvex_exp.sol
ETH,0x29Bd2258485Da9f4224A99c512e14D4F64d81a50,unknown,,defihacklabs,StrategyLlamaLendConvex,2025-07-16,2026-09-30T05:51:24,https://github.com/SunWeb3Sec/DeFiHackLabs/blob/main/src/test/2025-07/StrategyLlamaLendConvex_exp.sol
ETH,0x2114Ab8Bb9b69545A5C0923E63687Ee8CdAd269E,unknown,,defihacklabs,StrategyLlamaLendConvex,2025-07-16,2026-09-30T05:51:24,https://github.com/SunWeb3Sec/DeFiHackLabs/blob/main/src/test/2025-07/StrategyLlamaLendConvex_exp.sol
ETH,0x75b7DB3e11138134fe4744553b5e5e3D6546d289,unknown,,defihacklabs,StrategyLlamaLendConvex,2025-07-16,2026-09-30T05:51:24,https://github.com/SunWeb3Sec/DeFiHackLabs/blob/main/src/test/2025-07/StrategyLlamaLendConvex_exp.sol
BSC,0x7e7c1f0d567c0483f85e1d016718e44414cdbafe,unknown,,defihacklabs,WETC,2025-07-17,2026-09-30T05:51:24,https://github.com/SunWeb3Sec/DeFiHackLabs/blob/main/src/test/2025-07/WETC_Token_exp.sol
BSC,0xaf68efb3c1e81aad5cdb3d4962c8815fb754c688,unknown,,defihacklabs,WETC,2025-07-17,2026-09-30T05:51:24,https://github.com/SunWeb3Sec/DeFiHackLabs/blob/main/src/test/2025-07/WETC_Token_exp.sol
BSC,0x0BAD002980a744CA944f380B2007Ff9f6C31A4Ba,unknown,,defihacklabs,unverified,2025-07-17,2026-09-30T05:51:24,https://github.com/SunWeb3Sec/DeFiHackLabs/blob/main/src/test/2025-07/unverified_8fd3_exp.sol
ETH,0x90f21de8D1a25f6451ea5232C5B646a782Aa9cf0,unknown,,defihacklabs,unverified,2025-07-17,2026-09-30T05:51:24,https://github.com/SunWeb3Sec/DeFiHackLabs/blob/main/src/test/2025-07/unverified_8fd3_exp.sol
BSC,0x8Fd3d01Cc65eA0E4dFFFde7Ec8159Dc99a177f0A,unknown,,defihacklabs,unverified,2025-07-17,2026-09-30T05:51:24,https://github.com/SunWeb3Sec/DeFiHackLabs/blob/main/src/test/2025-07/unverified_8fd3_exp.sol
ETH,0xEF0c5b9E0E9643937D75C229648158584A8CD8D2,unknown,,rekt,CoinDCX,2025-07-18,2026-09-30T05:51:24,https://rekt.news/coindcx-rekt
SOL,6peRRbTz28xofaJPJzEkxnpcpR5xhYsQcmJHQFdP22n,unknown,,rekt,CoinDCX,2025-07-18,2026-09-30T05:51:24,https://rekt.news/coindcx-rekt
SOL,3btch8cSVp3Uh2SiY9DeiRNYUBmFiBNHZQzDyecJs7Gu,unknown,,rekt,CoinDCX,2025-07-18,2026-09-30T05:51:24,https://rekt.news/coindcx-rekt
BSC,0xd7235d08a48cbd3f63b9faa16130f2fdb50b2341,unknown,,defihacklabs,Stepp2p,2025-07-20,2026-09-30T05:51:24,https://github.com/SunWeb3Sec/DeFiHackLabs/blob/main/src/test/2025-07/Stepp2p_exp.sol
BSC,0x399eff46b7d458575ebbbb572098e62e38f3c993,unknown,,defihacklabs,Stepp2p,2025-07-20,2026-09-30T05:51:24,https://github.com/SunWeb3Sec/DeFiHackLabs/blob/main/src/test/2025-07/Stepp2p_exp.sol
BSC,0x99855380e5f48db0a6babeae312b80885a816dce,unknown,,defihacklabs,Stepp2p,2025-07-20,2026-09-30T05:51:24,https://github.com/SunWeb3Sec/DeFiHackLabs/blob/main/src/test/2025-07/Stepp2p_exp.sol
Base,0xdf4089d9845C87ed8FD109bD724f30339C2d0B7B,unknown,,defihacklabs,BoJLeverageMarket,2025-07-21,2026-09-30T05:51:24,https://github.com/SunWeb3Sec/DeFiHackLabs/blob/main/src/test/2025-07/BoJLeverageMarket_exp.sol
Base,0x1B7cDeE38912c679C9E496e8035B4bd1a5D3aEE0,unknown,,defihacklabs,BoJLeverageMarket,2025-07-21,2026-09-30T05:51:24,https://github.com/SunWeb3Sec/DeFiHackLabs/blob/main/src/test/2025-07/BoJLeverageMarket_exp.sol
Base,0x0B326E95e6EA0b50284b3e44b750fda4b4364E82,unknown,,defihacklabs,BoJLeverageMarket,2025-07-21,2026-09-30T05:51:24,https://github.com/SunWeb3Sec/DeFiHackLabs/blob/main/src/test/2025-07/BoJLeverageMarket_exp.sol
Base,0xF441a52fc1898feBb78FBa81eeD3002cBB45d571,unknown,,defihacklabs,BoJLeverageMarket,2025-07-21,2026-09-30T05:51:24,https://github.com/SunWeb3Sec/DeFiHackLabs/blob/main/src/test/2025-07/BoJLeverageMarket_exp.sol
Ethereum,0x657a2b6fe37ced2f31fd7513095dbfb126a53601,attacker,Attacker,defihacklabs,SWAPPStaking,2025-07-24,2026-09-30T05:51:24,https://github.com/SunWeb3Sec/DeFiHackLabs/blob/main/src/test/2025-07/SWAPPStaking_exp.sol
Ethereum,0x7f1f536223d6a84ad4897a675f04886ce1c3b7a1,unknown,Attack Contract,defihacklabs,SWAPPStaking,2025-07-24,2026-09-30T05:51:24,https://github.com/SunWeb3Sec/DeFiHackLabs/blob/main/src/test/2025-07/SWAPPStaking_exp.sol
Ethereum,0x245a551ee0f55005e510b239c917fa34b41b3461,victim,Vulnerable Contract,defihacklabs,SWAPPStaking,2025-07-24,2026-09-30T05:51:24,https://github.com/SunWeb3Sec/DeFiHackLabs/blob/main/src/test/2025-07/SWAPPStaking_exp.sol
Ethereum,0x6e90c85a495d54c6d7E1f3400FEF1f6e59f86bd6,victim,Vulnerable Contract Code,defihacklabs,SWAPPStaking,2025-07-24,2026-09-30T05:51:24,https://github.com/SunWeb3Sec/DeFiHackLabs/blob/main/src/test/2025-07/SWAPPStaking_exp.sol
ETH,0x657a2b6fe37ced2f31fd7513095dbfb126a53601,unknown,,defihacklabs,SWAPPStaking,2025-07-24,2026-09-30T05:51:24,https://github.com/SunWeb3Sec/DeFiHackLabs/blob/main/src/test/2025-07/SWAPPStaking_exp.sol
ETH,0x7f1f536223d6a84ad4897a675f04886ce1c3b7a1,unknown,,defihacklabs,SWAPPStaking,2025-07-24,2026-09-30T05:51:24,https://github.com/SunWeb3Sec/DeFiHackLabs/blob/main/src/test/2025-07/SWAPPStaking_exp.sol
ETH,0x245a551ee0f55005e510b239c917fa34b41b3461,unknown,,defihacklabs,SWAPPStaking,2025-07-24,2026-09-30T05:51:24,https://github.com/SunWeb3Sec/DeFiHackLabs/blob/main/src/test/2025-07/SWAPPStaking_exp.sol
ETH,0x6e90c85a495d54c6d7E1f3400FEF1f6e59f86bd6,unknown,,defihacklabs,SWAPPStaking,2025-07-24,2026-09-30T05:51:24,https://github.com/SunWeb3Sec/DeFiHackLabs/blob/main/src/test/2025-07/SWAPPStaking_exp.sol
ETH,0x63DFE4e34A3bFC00eB0220786238a7C6cEF8Ffc4,unknown,,rekt,Woo X,2025-07-24,2026-09-30T05:51:24,https://rekt.news/woox-rekt
ETH,0x87aab7bac1308fAF2A0d59DA26b8379e18b26355,unknown,,rekt,Woo X,2025-07-24,2026-09-30T05:51:24,https://rekt.news/woox-rekt
ETH,0x889b49ef0bf787c3ddc2950bfc7d1d439320004b,unknown,,rekt,Woo X,2025-07-24,2026-09-30T05:51:24,https://rekt.news/woox-rekt
ETH,0x77167f0bc412eb39d004f354869938e7c5acd518,unknown,,rekt,Woo X,2025-07-24,2026-09-30T05:51:24,https://rekt.news/woox-rekt
ETH,0x14896E88E0F7dCe1FB88A979439C2f87b416c024,unknown,,rekt,Woo X,2025-07-24,2026-09-30T05:51:24,https://rekt.news/woox-rekt
BSC,0x1891438F4CFDFf9e145285A3f15C8b2C52B571CC,unknown,,rekt,Woo X,2025-07-24,2026-09-30T05:51:24,https://rekt.news/woox-rekt
TRX,TDZeVyGHgN5bErmWumuYRtXCrYMoUzKF7L,unknown,,rekt,Woo X,2025-07-24,2026-09-30T05:51:24,https://rekt.news/woox-rekt
TRX,TUchNtdDgLXzhSSC32QaNnzKVPj2rNg8dX,unknown,,rekt,Woo X,2025-07-24,2026-09-30T05:51:24,https://rekt.news/woox-rekt
BTC,bc1qm4hycszv0v0qel3swxqyp57nkpnnrda4rc55lm,unknown,,rekt,Woo X,2025-07-24,2026-09-30T05:51:24,https://rekt.news/woox-rekt
BTC,bc1q4xm6y972qa82f4cudr4d28xdhxa4e68v5atrej,unknown,,rekt,Woo X,2025-07-24,2026-09-30T05:51:24,https://rekt.news/woox-rekt
BTC,bc1qut0g2uflywfcycuftuek7944p6hhxgm2p92fzm,unknown,,rekt,Woo X,2025-07-24,2026-09-30T05:51:24,https://rekt.news/woox-rekt
BTC,bc1qvd58w5kperw3hzu7j5gkca8rxkzwd7vjxtu2gh,unknown,,rekt,Woo X,2025-07-24,2026-09-30T05:51:24,https://rekt.news/woox-rekt
BTC,bc1qtzlpu326jcqnx8tnhrkqcfxjhn9e02zfutzsch,unknown,,rekt,Woo X,2025-07-24,2026-09-30T05:51:24,https://rekt.news/woox-rekt
BTC,bc1qxvft9ytzjx50ylqnglc0fsd5ck0v6hayl2xsyh,unknown,,rekt,Woo X,2025-07-24,2026-09-30T05:51:24,https://rekt.news/woox-rekt
Ethereum,0xdDEB9e72fbecCa668fFD47314565954347ade522,attacker,Attacker,defihacklabs,EmptySetReserve,2025-07-24,2026-09-30T05:51:24,https://github.com/SunWeb3Sec/DeFiHackLabs/blob/main/src/test/2025-07/EmptySetReserve_exp.sol
Ethereum,0x17E2c0844AE7CfE9D0B04cA923017F4892824E15,unknown,Attack Contract,defihacklabs,EmptySetReserve,2025-07-24,2026-09-30T05:51:24,https://github.com/SunWeb3Sec/DeFiHackLabs/blob/main/src/test/2025-07/EmptySetReserve_exp.sol
Ethereum,0xD05aCe63789cCb35B9cE71d01e4d632a0486Da4B,victim,Vulnerable Contract,defihacklabs,EmptySetReserve,2025-07-24,2026-09-30T05:51:24,https://github.com/SunWeb3Sec/DeFiHackLabs/blob/main/src/test/2025-07/EmptySetReserve_exp.sol
Ethereum,0x363aF3acFfEd0B7181C2E3c56C00922E142100a8,victim,Vulnerable Implementation,defihacklabs,EmptySetReserve,2025-07-24,2026-09-30T05:51:24,https://github.com/SunWeb3Sec/DeFiHackLabs/blob/main/src/test/2025-07/EmptySetReserve_exp.sol
ETH,0xdDEB9e72fbecCa668fFD47314565954347ade522,unknown,,defihacklabs,EmptySetReserve,2025-07-24,2026-09-30T05:51:24,https://github.com/SunWeb3Sec/DeFiHackLabs/blob/main/src/test/2025-07/EmptySetReserve_exp.sol
ETH,0x17E2c0844AE7CfE9D0B04cA923017F4892824E15,unknown,,defihacklabs,EmptySetReserve,2025-07-24,2026-09-30T05:51:24,https://github.com/SunWeb3Sec/DeFiHackLabs/blob/main/src/test/2025-07/EmptySetReserve_exp.sol
ETH,0xD05aCe63789cCb35B9cE71d01e4d632a0486Da4B,unknown,,defihacklabs,EmptySetReserve,2025-07-24,2026-09-30T05:51:24,https://github.com/SunWeb3Sec/DeFiHackLabs/blob/main/src/test/2025-07/EmptySetReserve_exp.sol
ETH,0x363aF3acFfEd0B7181C2E3c56C00922E142100a8,unknown,,defihacklabs,EmptySetReserve,2025-07-24,2026-09-30T05:51:24,https://github.com/SunWeb3Sec/DeFiHackLabs/blob/main/src/test/2025-07/EmptySetReserve_exp.sol
Ethereum,0x8b88A3b92433638324E5f429bEe52b1fd84E7c5a,attacker,Attacker,defihacklabs,WhereIsMyDragonTreasure,2025-07-25,2026-09-30T05:51:24,https://github.com/SunWeb3Sec/DeFiHackLabs/blob/main/src/test/2025-07/WhereIsMyDragonTreasure_exp.sol
Ethereum,0xd73c37d235b6032b21adaf7f6de73bdbc31667b2,unknown,Attack Contract,defihacklabs,WhereIsMyDragonTreasure,2025-07-25,2026-09-30T05:51:24,https://github.com/SunWeb3Sec/DeFiHackLabs/blob/main/src/test/2025-07/WhereIsMyDragonTreasure_exp.sol
Ethereum,0x32c87193C2cC9961F2283FcA3ca11A483d8E426B,victim,Vulnerable Contract,defihacklabs,WhereIsMyDragonTreasure,2025-07-25,2026-09-30T05:51:24,https://github.com/SunWeb3Sec/DeFiHackLabs/blob/main/src/test/2025-07/WhereIsMyDragonTreasure_exp.sol
Ethereum,0x87AD9009C4Fd0AAa7bFE74f7E00845B3f09aD0CE,unknown,WhereIsMyDragon,defihacklabs,WhereIsMyDragonTreasure,2025-07-25,2026-09-30T05:51:24,https://github.com/SunWeb3Sec/DeFiHackLabs/blob/main/src/test/2025-07/WhereIsMyDragonTreasure_exp.sol
ETH,0x8b88A3b92433638324E5f429bEe52b1fd84E7c5a,unknown,,defihacklabs,WhereIsMyDragonTreasure,2025-07-25,2026-09-30T05:51:24,https://github.com/SunWeb3Sec/DeFiHackLabs/blob/main/src/test/2025-07/WhereIsMyDragonTreasure_exp.sol
ETH,0xd73c37d235b6032b21adaf7f6de73bdbc31667b2,unknown,,defihacklabs,WhereIsMyDragonTreasure,2025-07-25,2026-09-30T05:51:24,https://github.com/SunWeb3Sec/DeFiHackLabs/blob/main/src/test/2025-07/WhereIsMyDragonTreasure_exp.sol
ETH,0x32c87193C2cC9961F2283FcA3ca11A483d8E426B,unknown,,defihacklabs,WhereIsMyDragonTreasure,2025-07-25,2026-09-30T05:51:24,https://github.com/SunWeb3Sec/DeFiHackLabs/blob/main/src/test/2025-07/WhereIsMyDragonTreasure_exp.sol
ETH,0x87AD9009C4Fd0AAa7bFE74f7E00845B3f09aD0CE,unknown,,defihacklabs,WhereIsMyDragonTreasure,2025-07-25,2026-09-30T05:51:24,https://github.com/SunWeb3Sec/DeFiHackLabs/blob/main/src/test/2025-07/WhereIsMyDragonTreasure_exp.sol
BSC,0x726fb298168c89d5dce9a578668ab156c7e7be67,unknown,,defihacklabs,MulticallWithETH,2025-07-26,2026-09-30T05:51:24,https://github.com/SunWeb3Sec/DeFiHackLabs/blob/main/src/test/2025-07/MulticallWithETH_exp.sol
BSC,0x756d614e3d277baea260f64cc2ab9a3ac89877d3,unknown,,defihacklabs,MulticallWithETH,2025-07-26,2026-09-30T05:51:24,https://github.com/SunWeb3Sec/DeFiHackLabs/blob/main/src/test/2025-07/MulticallWithETH_exp.sol
BSC,0x3da0f00d5c4e544924bc7282e18497c4a4c92046,unknown,,defihacklabs,MulticallWithETH,2025-07-26,2026-09-30T05:51:24,https://github.com/SunWeb3Sec/DeFiHackLabs/blob/main/src/test/2025-07/MulticallWithETH_exp.sol
Ethereum,0x87c6D33808F10348Cd9a4Cd825f25BE341d7bA2d,attacker,Attacker,defihacklabs,Unverified6883,2025-07-26,2026-09-30T05:51:24,https://github.com/SunWeb3Sec/DeFiHackLabs/blob/main/src/test/2025-07/Unverified6883_exp.sol
Ethereum,0x46bbb647b61560432b58ecba6bd048d691701d82,unknown,Attack Contract,defihacklabs,Unverified6883,2025-07-26,2026-09-30T05:51:24,https://github.com/SunWeb3Sec/DeFiHackLabs/blob/main/src/test/2025-07/Unverified6883_exp.sol
Ethereum,0x6883Fe4D2EE50941b80b41b8F7F9BF2561D844Cc,victim,Vulnerable Contract,defihacklabs,Unverified6883,2025-07-26,2026-09-30T05:51:24,https://github.com/SunWeb3Sec/DeFiHackLabs/blob/main/src/test/2025-07/Unverified6883_exp.sol
ETH,0x87c6D33808F10348Cd9a4Cd825f25BE341d7bA2d,unknown,,defihacklabs,Unverified6883,2025-07-26,2026-09-30T05:51:24,https://github.com/SunWeb3Sec/DeFiHackLabs/blob/main/src/test/2025-07/Unverified6883_exp.sol
ETH,0x46bbb647b61560432b58ecba6bd048d691701d82,unknown,,defihacklabs,Unverified6883,2025-07-26,2026-09-30T05:51:24,https://github.com/SunWeb3Sec/DeFiHackLabs/blob/main/src/test/2025-07/Unverified6883_exp.sol
ETH,0x6883Fe4D2EE50941b80b41b8F7F9BF2561D844Cc,unknown,,defihacklabs,Unverified6883,2025-07-26,2026-09-30T05:51:24,https://github.com/SunWeb3Sec/DeFiHackLabs/blob/main/src/test/2025-07/Unverified6883_exp.sol
Ethereum,0xe4B97Db5FAF476DB464Bc271097Fac97d6CE3783,attacker,Attacker,defihacklabs,Unverified670471,2025-07-26,2026-09-30T05:51:24,https://github.com/SunWeb3Sec/DeFiHackLabs/blob/main/src/test/2025-07/Unverified670471_exp.sol
Ethereum,0x2db9f0a1e21a68b5df3b0ab9f5ceb154efa26f2d,unknown,Attack Contract,defihacklabs,Unverified670471,2025-07-26,2026-09-30T05:51:24,https://github.com/SunWeb3Sec/DeFiHackLabs/blob/main/src/test/2025-07/Unverified670471_exp.sol
Ethereum,0x6704713B32CB1B3e89B0CF7D77417807061BdEB8,victim,Vulnerable Contract,defihacklabs,Unverified670471,2025-07-26,2026-09-30T05:51:24,https://github.com/SunWeb3Sec/DeFiHackLabs/blob/main/src/test/2025-07/Unverified670471_exp.sol
Ethereum,0x0b5125099395324e8f0db097a3e0c286e3dcba12,victim,Vulnerable Implementation,defihacklabs,Unverified670471,2025-07-26,2026-09-30T05:51:24,https://github.com/SunWeb3Sec/DeFiHackLabs/blob/main/src/test/2025-07/Unverified670471_exp.sol
ETH,0xe4B97Db5FAF476DB464Bc271097Fac97d6CE3783,unknown,,defihacklabs,Unverified670471,2025-07-26,2026-09-30T05:51:24,https://github.com/SunWeb3Sec/DeFiHackLabs/blob/main/src/test/2025-07/Unverified670471_exp.sol
ETH,0x2db9f0a1e21a68b5df3b0ab9f5ceb154efa26f2d,unknown,,defihacklabs,Unverified670471,2025-07-26,2026-09-30T05:51:24,https://github.com/SunWeb3Sec/DeFiHackLabs/blob/main/src/test/2025-07/Unverified670471_exp.sol
ETH,0x6704713B32CB1B3e89B0CF7D77417807061BdEB8,unknown,,defihacklabs,Unverified670471,2025-07-26,2026-09-30T05:51:24,https://github.com/SunWeb3Sec/DeFiHackLabs/blob/main/src/test/2025-07/Unverified670471_exp.sol
ETH,0x0b5125099395324e8f0db097a3e0c286e3dcba12,unknown,,defihacklabs,Unverified670471,2025-07-26,2026-09-30T05:51:24,https://github.com/SunWeb3Sec/DeFiHackLabs/blob/main/src/test/2025-07/Unverified670471_exp.sol
Avalanche,0x13459bc2db6053524881415321667d5e16f5f15c,unknown,,defihacklabs,AvaxBIFKNPair,2025-07-28,2026-09-30T05:51:24,https://github.com/SunWeb3Sec/DeFiHackLabs/blob/main/src/test/2025-07/AvaxBIFKNPair_exp.sol
Avalanche,0x346a89f7f5b42b67fc66ef4b3fb816a2a8bce552,unknown,,defihacklabs,AvaxBIFKNPair,2025-07-28,2026-09-30T05:51:24,https://github.com/SunWeb3Sec/DeFiHackLabs/blob/main/src/test/2025-07/AvaxBIFKNPair_exp.sol
Avalanche,0x5b5913eec2031c9d8383e3afcfd269217e481ce1,unknown,,defihacklabs,AvaxBIFKNPair,2025-07-28,2026-09-30T05:51:24,https://github.com/SunWeb3Sec/DeFiHackLabs/blob/main/src/test/2025-07/AvaxBIFKNPair_exp.sol
Ethereum,0x5b9b4b4dafbcfceea7afba56958fcbb37d82d4a2,attacker,Attacker,defihacklabs,SuperRare,2025-07-28,2026-09-30T05:51:24,https://github.com/SunWeb3Sec/DeFiHackLabs/blob/main/src/test/2025-07/SuperRare_exp.sol
Ethereum,0x08947cedf35f9669012bda6fda9d03c399b017ab,unknown,Attack Contract,defihacklabs,SuperRare,2025-07-28,2026-09-30T05:51:24,https://github.com/SunWeb3Sec/DeFiHackLabs/blob/main/src/test/2025-07/SuperRare_exp.sol
Ethereum,0xfFB512B9176D527C5D32189c3e310Ed4aB2Bb9eC,victim,Vulnerable Contract,defihacklabs,SuperRare,2025-07-28,2026-09-30T05:51:24,https://github.com/SunWeb3Sec/DeFiHackLabs/blob/main/src/test/2025-07/SuperRare_exp.sol
ETH,0x5b9b4b4dafbcfceea7afba56958fcbb37d82d4a2,unknown,,defihacklabs,SuperRare,2025-07-28,2026-09-30T05:51:24,https://github.com/SunWeb3Sec/DeFiHackLabs/blob/main/src/test/2025-07/SuperRare_exp.sol
ETH,0x08947cedf35f9669012bda6fda9d03c399b017ab,unknown,,defihacklabs,SuperRare,2025-07-28,2026-09-30T05:51:24,https://github.com/SunWeb3Sec/DeFiHackLabs/blob/main/src/test/2025-07/SuperRare_exp.sol
ETH,0xfFB512B9176D527C5D32189c3e310Ed4aB2Bb9eC,unknown,,defihacklabs,SuperRare,2025-07-28,2026-09-30T05:51:24,https://github.com/SunWeb3Sec/DeFiHackLabs/blob/main/src/test/2025-07/SuperRare_exp.sol
Ethereum,0xC0ffeEBABE5D496B2DDE509f9fa189C25cF29671,attacker,Attacker,defihacklabs,AnyswapWETHPermit,2025-07-29,2026-09-30T05:51:24,https://github.com/SunWeb3Sec/DeFiHackLabs/blob/main/src/test/2025-07/AnyswapWETHPermit_exp.sol
Ethereum,0xE08D97e151473A848C3d9CA3f323Cb720472D015,unknown,Attack Contract,defihacklabs,AnyswapWETHPermit,2025-07-29,2026-09-30T05:51:24,https://github.com/SunWeb3Sec/DeFiHackLabs/blob/main/src/test/2025-07/AnyswapWETHPermit_exp.sol
Ethereum,0x6b7a87899490EcE95443e979cA9485CBE7E71522,victim,Vulnerable Contract,defihacklabs,AnyswapWETHPermit,2025-07-29,2026-09-30T05:51:24,https://github.com/SunWeb3Sec/DeFiHackLabs/blob/main/src/test/2025-07/AnyswapWETHPermit_exp.sol
ETH,0xC0ffeEBABE5D496B2DDE509f9fa189C25cF29671,unknown,,defihacklabs,AnyswapWETHPermit,2025-07-29,2026-09-30T05:51:24,https://github.com/SunWeb3Sec/DeFiHackLabs/blob/main/src/test/2025-07/AnyswapWETHPermit_exp.sol
ETH,0xE08D97e151473A848C3d9CA3f323Cb720472D015,unknown,,defihacklabs,AnyswapWETHPermit,2025-07-29,2026-09-30T05:51:24,https://github.com/SunWeb3Sec/DeFiHackLabs/blob/main/src/test/2025-07/AnyswapWETHPermit_exp.sol
ETH,0x6b7a87899490EcE95443e979cA9485CBE7E71522,unknown,,defihacklabs,AnyswapWETHPermit,2025-07-29,2026-09-30T05:51:24,https://github.com/SunWeb3Sec/DeFiHackLabs/blob/main/src/test/2025-07/AnyswapWETHPermit_exp.sol
Arbitrum,0x6c1d0f1EF9ac1C989cCA02955d0e2b23d134e03A,unknown,,defihacklabs,PendleReflector,2025-08-01,2026-09-30T05:51:24,https://github.com/SunWeb3Sec/DeFiHackLabs/blob/main/src/test/2025-08/PendleReflector_exp.sol
Arbitrum,0xb630D5Ba520Ca38E9137900BDFe2eD8900665D0D,unknown,,defihacklabs,PendleReflector,2025-08-01,2026-09-30T05:51:24,https://github.com/SunWeb3Sec/DeFiHackLabs/blob/main/src/test/2025-08/PendleReflector_exp.sol
Arbitrum,0x5039Da22E5126e7c4e9284376116716A91782faF,unknown,,defihacklabs,PendleReflector,2025-08-01,2026-09-30T05:51:24,https://github.com/SunWeb3Sec/DeFiHackLabs/blob/main/src/test/2025-08/PendleReflector_exp.sol
Base,0x33fa83ae1029a82ae4b46eb37432847f270a8e36,unknown,Attack Tx,defihacklabs,BscInitcodeToken,2025-08-04,2026-09-30T05:51:24,https://github.com/SunWeb3Sec/DeFiHackLabs/blob/main/src/test/2025-08/BscInitcodeToken_exp.sol
BSC,0xebe15a67e37203563d0d99aafaf06ecf41305fba,unknown,,defihacklabs,BscInitcodeToken,2025-08-04,2026-09-30T05:51:24,https://github.com/SunWeb3Sec/DeFiHackLabs/blob/main/src/test/2025-08/BscInitcodeToken_exp.sol
BSC,0xe603826ac124450522684c763a37d0e181984716,unknown,,defihacklabs,BscInitcodeToken,2025-08-04,2026-09-30T05:51:24,https://github.com/SunWeb3Sec/DeFiHackLabs/blob/main/src/test/2025-08/BscInitcodeToken_exp.sol
BSC,0x0b0d67049fc34fd8ab2559a456a80276e805c4da,unknown,,defihacklabs,BscInitcodeToken,2025-08-04,2026-09-30T05:51:24,https://github.com/SunWeb3Sec/DeFiHackLabs/blob/main/src/test/2025-08/BscInitcodeToken_exp.sol
BSC,0xebe15a67e37203563d0d99aafaf06ecf41305fba,unknown,,defihacklabs,MyCoinMaster,2025-08-05,2026-09-30T05:51:24,https://github.com/SunWeb3Sec/DeFiHackLabs/blob/main/src/test/2025-08/MyCoinMaster_exp.sol
BSC,0x436322d4a854E89cDdaFF00C2c1cB72015f37ca1,unknown,,defihacklabs,MyCoinMaster,2025-08-05,2026-09-30T05:51:24,https://github.com/SunWeb3Sec/DeFiHackLabs/blob/main/src/test/2025-08/MyCoinMaster_exp.sol
BSC,0xEF9A10D6abFd5D3aA345a008c0F9132Ce4b23E70,unknown,,defihacklabs,MyCoinMaster,2025-08-05,2026-09-30T05:51:24,https://github.com/SunWeb3Sec/DeFiHackLabs/blob/main/src/test/2025-08/MyCoinMaster_exp.sol
Arbitrum,0x38ae75ead48102e2431ac8cea164ed28637388a3,unknown,,defihacklabs,ArbitrumBaseSwapper,2025-08-08,2026-09-30T05:51:24,https://github.com/SunWeb3Sec/DeFiHackLabs/blob/main/src/test/2025-08/ArbitrumBaseSwapper_exp.sol
Arbitrum,0x3b7ef30aa1ba72800742c3aea1efcc7f96af81e0,unknown,,defihacklabs,ArbitrumBaseSwapper,2025-08-08,2026-09-30T05:51:24,https://github.com/SunWeb3Sec/DeFiHackLabs/blob/main/src/test/2025-08/ArbitrumBaseSwapper_exp.sol
Arbitrum,0xb5eff2a863c9b42d823919368a467f26a2648559,unknown,,defihacklabs,ArbitrumBaseSwapper,2025-08-08,2026-09-30T05:51:24,https://github.com/SunWeb3Sec/DeFiHackLabs/blob/main/src/test/2025-08/ArbitrumBaseSwapper_exp.sol
BSC,0x476954c752a6ee04b68382c97f7560040eda7309,unknown,,defihacklabs,WXC,2025-08-11,2026-09-30T05:51:24,https://github.com/SunWeb3Sec/DeFiHackLabs/blob/main/src/test/2025-08/WXC_Token_exp.sol
BSC,0x798465b25b68206370d99f541e11eea43288d297,unknown,,defihacklabs,WXC,2025-08-11,2026-09-30T05:51:24,https://github.com/SunWeb3Sec/DeFiHackLabs/blob/main/src/test/2025-08/WXC_Token_exp.sol
BSC,0x8087720eeea59f9f04787065447d52150c09643e,unknown,,defihacklabs,WXC,2025-08-11,2026-09-30T05:51:24,https://github.com/SunWeb3Sec/DeFiHackLabs/blob/main/src/test/2025-08/WXC_Token_exp.sol
Arbitrum,0x59537353248d0b12c7fcca56a4e420ffec4abc91,unknown,,defihacklabs,Bebop,2025-08-12,2026-09-30T05:51:24,https://github.com/SunWeb3Sec/DeFiHackLabs/blob/main/src/test/2025-08/Bebop_dex_exp.sol
Arbitrum,0x091101b0f31833c03dddd5b6411e62a212d05875,unknown,,defihacklabs,Bebop,2025-08-12,2026-09-30T05:51:24,https://github.com/SunWeb3Sec/DeFiHackLabs/blob/main/src/test/2025-08/Bebop_dex_exp.sol
Arbitrum,0xbeb0b0623f66bE8cE162EbDfA2ec543A522F4ea6,unknown,,defihacklabs,Bebop,2025-08-12,2026-09-30T05:51:24,https://github.com/SunWeb3Sec/DeFiHackLabs/blob/main/src/test/2025-08/Bebop_dex_exp.sol
Base,0x473993E254be8D46eD85b149335b2Be02b2891f1,unknown,,defihacklabs,BaseBebopSettlement,2025-08-12,2026-09-30T05:51:24,https://github.com/SunWeb3Sec/DeFiHackLabs/blob/main/src/test/2025-08/BaseBebopSettlement_exp.sol
Base,0xbf8e523170875107fD3c36C6Cf3e350DC52a5021,unknown,,defihacklabs,BaseBebopSettlement,2025-08-12,2026-09-30T05:51:24,https://github.com/SunWeb3Sec/DeFiHackLabs/blob/main/src/test/2025-08/BaseBebopSettlement_exp.sol
Arbitrum,0xbeb0b0623f66bE8cE162EbDfA2ec543A522F4ea6,unknown,,defihacklabs,BaseBebopSettlement,2025-08-12,2026-09-30T05:51:24,https://github.com/SunWeb3Sec/DeFiHackLabs/blob/main/src/test/2025-08/BaseBebopSettlement_exp.sol
BSC,0xe2336b08a43f87a4ac8de7707ab7333ba4dbaf7c,unknown,,defihacklabs,Grizzifi,2025-08-13,2026-09-30T05:51:24,https://github.com/SunWeb3Sec/DeFiHackLabs/blob/main/src/test/2025-08/Grizzifi_exp.sol
BSC,0xEd35746F389177eCD52A16987b2aaC74AA0c1128,unknown,,defihacklabs,Grizzifi,2025-08-13,2026-09-30T05:51:24,https://github.com/SunWeb3Sec/DeFiHackLabs/blob/main/src/test/2025-08/Grizzifi_exp.sol
BSC,0x21ab8943380b752306abf4d49c203b011a89266b,unknown,,defihacklabs,Grizzifi,2025-08-13,2026-09-30T05:51:24,https://github.com/SunWeb3Sec/DeFiHackLabs/blob/main/src/test/2025-08/Grizzifi_exp.sol
Ethereum,0xC31a49D1c4C652aF57cEFDeF248f3c55b801c649,attacker,Attacker,defihacklabs,coinbase,2025-08-13,2026-09-30T05:51:24,https://github.com/SunWeb3Sec/DeFiHackLabs/blob/main/src/test/2025-08/coinbase_exp.sol
Ethereum,0xF0D539955974b248d763D60C3663eF272dfC6971,unknown,Attack Contract,defihacklabs,coinbase,2025-08-13,2026-09-30T05:51:24,https://github.com/SunWeb3Sec/DeFiHackLabs/blob/main/src/test/2025-08/coinbase_exp.sol
ETH,0xC31a49D1c4C652aF57cEFDeF248f3c55b801c649,unknown,,defihacklabs,coinbase,2025-08-13,2026-09-30T05:51:24,https://github.com/SunWeb3Sec/DeFiHackLabs/blob/main/src/test/2025-08/coinbase_exp.sol
ETH,0xF0D539955974b248d763D60C3663eF272dfC6971,unknown,,defihacklabs,coinbase,2025-08-13,2026-09-30T05:51:24,https://github.com/SunWeb3Sec/DeFiHackLabs/blob/main/src/test/2025-08/coinbase_exp.sol
BSC,0x26f8bf8a772b8283bc1ef657d690c19e545ccc0d,unknown,,defihacklabs,YuliAI,2025-08-13,2026-09-30T05:51:24,https://github.com/SunWeb3Sec/DeFiHackLabs/blob/main/src/test/2025-08/YuliAI_exp.sol
BSC,0xd6b9ee63c1c360d1ea3e4d15170d20638115ffaa,unknown,,defihacklabs,YuliAI,2025-08-13,2026-09-30T05:51:24,https://github.com/SunWeb3Sec/DeFiHackLabs/blob/main/src/test/2025-08/YuliAI_exp.sol
BSC,0x8262325Bf1d8c3bE83EB99f5a74b8458Ebb96282,unknown,,defihacklabs,YuliAI,2025-08-13,2026-09-30T05:51:24,https://github.com/SunWeb3Sec/DeFiHackLabs/blob/main/src/test/2025-08/YuliAI_exp.sol
Arbitrum,0x3c6184f4Ee527600Dcc0163cCC47dedd110A6101,unknown,,defihacklabs,BeefyZapRouter,2025-08-13,2026-09-30T05:51:24,https://github.com/SunWeb3Sec/DeFiHackLabs/blob/main/src/test/2025-08/BeefyZapRouter_exp.sol
Arbitrum,0x398A526582dA473750d22e3FE1e3344638865ac0,unknown,,defihacklabs,BeefyZapRouter,2025-08-13,2026-09-30T05:51:24,https://github.com/SunWeb3Sec/DeFiHackLabs/blob/main/src/test/2025-08/BeefyZapRouter_exp.sol
Arbitrum,0xf49F7bB6F4F50d272A0914a671895c4384696E5A,unknown,,defihacklabs,BeefyZapRouter,2025-08-13,2026-09-30T05:51:24,https://github.com/SunWeb3Sec/DeFiHackLabs/blob/main/src/test/2025-08/BeefyZapRouter_exp.sol
ETH,0x7d91d1ebeba91257733a523409125aedac5d8b6e,unknown,,rekt,BTCTurk,2025-08-14,2026-09-30T05:51:24,https://rekt.news/btcturk-rekt
ETH,0xb4b537626e21df5386cf167d1e654b38785056cc,unknown,,rekt,BTCTurk,2025-08-14,2026-09-30T05:51:24,https://rekt.news/btcturk-rekt
ETH,0xa041feb3a8297c5689fee180083164a061a17fd6,unknown,,rekt,BTCTurk,2025-08-14,2026-09-30T05:51:24,https://rekt.news/btcturk-rekt
ETH,0xddfa0884f32d0d210597a996060fbdb5b068b0ea,unknown,,rekt,BTCTurk,2025-08-14,2026-09-30T05:51:24,https://rekt.news/btcturk-rekt
ETH,0x95ab53305bc71d0e6e2d46f2e62690599cbc87fc,unknown,,rekt,BTCTurk,2025-08-14,2026-09-30T05:51:24,https://rekt.news/btcturk-rekt
ETH,0x0fe41fe8786329fb6bd8f2baa73aa55e770f0951,unknown,,rekt,BTCTurk,2025-08-14,2026-09-30T05:51:24,https://rekt.news/btcturk-rekt
BTC,bc1q3xgyvmfk6mw6zvhjklsw7v8wl2dk0xtm35ulut,unknown,,rekt,BTCTurk,2025-08-14,2026-09-30T05:51:24,https://rekt.news/btcturk-rekt
Ethereum,0xa7e9b982b0e19a399bc737ca5346ef0ef12046da,attacker,Attacker,defihacklabs,SizeCredit,2025-08-15,2026-09-30T05:51:24,https://github.com/SunWeb3Sec/DeFiHackLabs/blob/main/src/test/2025-08/SizeCredit_exp.sol
Ethereum,0xa6dc1fc33c03513a762cdf2810f163b9b0fd3a71,unknown,Attack Contract,defihacklabs,SizeCredit,2025-08-15,2026-09-30T05:51:24,https://github.com/SunWeb3Sec/DeFiHackLabs/blob/main/src/test/2025-08/SizeCredit_exp.sol
Ethereum,0xf4a21ac7e51d17a0e1c8b59f7a98bb7a97806f14,victim,Vulnerable Contract,defihacklabs,SizeCredit,2025-08-15,2026-09-30T05:51:24,https://github.com/SunWeb3Sec/DeFiHackLabs/blob/main/src/test/2025-08/SizeCredit_exp.sol
ETH,0xa7e9b982b0e19a399bc737ca5346ef0ef12046da,unknown,,defihacklabs,SizeCredit,2025-08-15,2026-09-30T05:51:24,https://github.com/SunWeb3Sec/DeFiHackLabs/blob/main/src/test/2025-08/SizeCredit_exp.sol
ETH,0xa6dc1fc33c03513a762cdf2810f163b9b0fd3a71,unknown,,defihacklabs,SizeCredit,2025-08-15,2026-09-30T05:51:24,https://github.com/SunWeb3Sec/DeFiHackLabs/blob/main/src/test/2025-08/SizeCredit_exp.sol
ETH,0xf4a21ac7e51d17a0e1c8b59f7a98bb7a97806f14,unknown,,defihacklabs,SizeCredit,2025-08-15,2026-09-30T05:51:24,https://github.com/SunWeb3Sec/DeFiHackLabs/blob/main/src/test/2025-08/SizeCredit_exp.sol
BSC,0x48234fb95d4d3e5a09f3ec4dd57f68281b78c825,unknown,,defihacklabs,PDZ,2025-08-15,2026-09-30T05:51:24,https://github.com/SunWeb3Sec/DeFiHackLabs/blob/main/src/test/2025-08/PDZ_exp.sol
BSC,0x1dffe35fb021f124f04d1a654236e0879fa0cb81,unknown,,defihacklabs,PDZ,2025-08-15,2026-09-30T05:51:24,https://github.com/SunWeb3Sec/DeFiHackLabs/blob/main/src/test/2025-08/PDZ_exp.sol
BSC,0x664201579057f50D23820d20558f4b61bd80BDda,unknown,,defihacklabs,PDZ,2025-08-15,2026-09-30T05:51:24,https://github.com/SunWeb3Sec/DeFiHackLabs/blob/main/src/test/2025-08/PDZ_exp.sol
Ethereum,0x326dc2ff9045ae79ca3e395d584d3b56af1f310e,attacker,Attacker,defihacklabs,SizeFlashLoanLooping,2025-08-15,2026-09-30T05:51:24,https://github.com/SunWeb3Sec/DeFiHackLabs/blob/main/src/test/2025-08/SizeFlashLoanLooping_exp.sol
Ethereum,0x977e8f1c4e3a05be213d62428afc2891aeb9f4e3,unknown,Attack Contract,defihacklabs,SizeFlashLoanLooping,2025-08-15,2026-09-30T05:51:24,https://github.com/SunWeb3Sec/DeFiHackLabs/blob/main/src/test/2025-08/SizeFlashLoanLooping_exp.sol
Ethereum,0x4b356dc596dd508836bd9e8fe5acad81f8cf9019,victim,Vulnerable Contract,defihacklabs,SizeFlashLoanLooping,2025-08-15,2026-09-30T05:51:24,https://github.com/SunWeb3Sec/DeFiHackLabs/blob/main/src/test/2025-08/SizeFlashLoanLooping_exp.sol
ETH,0x326dc2ff9045ae79ca3e395d584d3b56af1f310e,unknown,,defihacklabs,SizeFlashLoanLooping,2025-08-15,2026-09-30T05:51:24,https://github.com/SunWeb3Sec/DeFiHackLabs/blob/main/src/test/2025-08/SizeFlashLoanLooping_exp.sol
ETH,0x977e8f1c4e3a05be213d62428afc2891aeb9f4e3,unknown,,defihacklabs,SizeFlashLoanLooping,2025-08-15,2026-09-30T05:51:24,https://github.com/SunWeb3Sec/DeFiHackLabs/blob/main/src/test/2025-08/SizeFlashLoanLooping_exp.sol
ETH,0x4b356dc596dd508836bd9e8fe5acad81f8cf9019,unknown,,defihacklabs,SizeFlashLoanLooping,2025-08-15,2026-09-30T05:51:24,https://github.com/SunWeb3Sec/DeFiHackLabs/blob/main/src/test/2025-08/SizeFlashLoanLooping_exp.sol
BSC,0x4b63c0cf524f71847ea05b59f3077a224d922e8d,unknown,,defihacklabs,d3xai,2025-08-16,2026-09-30T05:51:24,https://github.com/SunWeb3Sec/DeFiHackLabs/blob/main/src/test/2025-08/d3xai_exp.sol
BSC,0x3b3e1edeb726b52d5de79cf8dd8b84995d9aa27c,unknown,,defihacklabs,d3xai,2025-08-16,2026-09-30T05:51:24,https://github.com/SunWeb3Sec/DeFiHackLabs/blob/main/src/test/2025-08/d3xai_exp.sol
Ethereum,0xe4B97Db5FAF476DB464Bc271097Fac97d6CE3783,attacker,Attacker,defihacklabs,unverified,2025-08-16,2026-09-30T05:51:24,https://github.com/SunWeb3Sec/DeFiHackLabs/blob/main/src/test/2025-08/unverified_d132_exp.sol
ETH,0xe4B97Db5FAF476DB464Bc271097Fac97d6CE3783,unknown,,defihacklabs,unverified,2025-08-16,2026-09-30T05:51:24,https://github.com/SunWeb3Sec/DeFiHackLabs/blob/main/src/test/2025-08/unverified_d132_exp.sol
Polygon,0x672321F6c952000b5f0b26952D85c98cdDd06D93,unknown,,defihacklabs,unverified,2025-08-16,2026-09-30T05:51:24,https://github.com/SunWeb3Sec/DeFiHackLabs/blob/main/src/test/2025-08/unverified_d132_exp.sol
Polygon,0xd132B6e4CdB57E8E992C9b968CD4CcdDE3B0bafF,unknown,,defihacklabs,unverified,2025-08-16,2026-09-30T05:51:24,https://github.com/SunWeb3Sec/DeFiHackLabs/blob/main/src/test/2025-08/unverified_d132_exp.sol
Ethereum,0x8A6ce2d90EE1199F815628970a90dF73e12B5057,attacker,Attacker,defihacklabs,AutoPooledTradingBot,2025-08-17,2026-09-30T05:51:24,https://github.com/SunWeb3Sec/DeFiHackLabs/blob/main/src/test/2025-08/AutoPooledTradingBot_exp.sol
Ethereum,0xe033880fed8A54C1F37230cC3b25aCFB1c9d4185,unknown,Attack Contract,defihacklabs,AutoPooledTradingBot,2025-08-17,2026-09-30T05:51:24,https://github.com/SunWeb3Sec/DeFiHackLabs/blob/main/src/test/2025-08/AutoPooledTradingBot_exp.sol
Ethereum,0x879e993e2E37DE3b47F38C13858e1f337D51448B,victim,Vulnerable Contract,defihacklabs,AutoPooledTradingBot,2025-08-17,2026-09-30T05:51:24,https://github.com/SunWeb3Sec/DeFiHackLabs/blob/main/src/test/2025-08/AutoPooledTradingBot_exp.sol
ETH,0x8A6ce2d90EE1199F815628970a90dF73e12B5057,unknown,,defihacklabs,AutoPooledTradingBot,2025-08-17,2026-09-30T05:51:24,https://github.com/SunWeb3Sec/DeFiHackLabs/blob/main/src/test/2025-08/AutoPooledTradingBot_exp.sol
ETH,0xe033880fed8A54C1F37230cC3b25aCFB1c9d4185,unknown,,defihacklabs,AutoPooledTradingBot,2025-08-17,2026-09-30T05:51:24,https://github.com/SunWeb3Sec/DeFiHackLabs/blob/main/src/test/2025-08/AutoPooledTradingBot_exp.sol
ETH,0x879e993e2E37DE3b47F38C13858e1f337D51448B,unknown,,defihacklabs,AutoPooledTradingBot,2025-08-17,2026-09-30T05:51:24,https://github.com/SunWeb3Sec/DeFiHackLabs/blob/main/src/test/2025-08/AutoPooledTradingBot_exp.sol
Ethereum,0x3a7e13dacccd3de56b8186987f348bfd21dc4ec5,attacker,Attacker,defihacklabs,PresaleV5,2025-08-19,2026-09-30T05:51:24,https://github.com/SunWeb3Sec/DeFiHackLabs/blob/main/src/test/2025-08/PresaleV5_exp.sol
Ethereum,0xdc781c9714382e9f973e9d687acae0fb37225f52,unknown,Attack Contract,defihacklabs,PresaleV5,2025-08-19,2026-09-30T05:51:24,https://github.com/SunWeb3Sec/DeFiHackLabs/blob/main/src/test/2025-08/PresaleV5_exp.sol
Ethereum,0x9a15bb3a8fec8d0d810691bafe36f6e5d42360f7,victim,Vulnerable Contract,defihacklabs,PresaleV5,2025-08-19,2026-09-30T05:51:24,https://github.com/SunWeb3Sec/DeFiHackLabs/blob/main/src/test/2025-08/PresaleV5_exp.sol
Ethereum,0x09c135aacd4a82b08890e930dfdc3143b4578d45,victim,Vulnerable Contract Code,defihacklabs,PresaleV5,2025-08-19,2026-09-30T05:51:24,https://github.com/SunWeb3Sec/DeFiHackLabs/blob/main/src/test/2025-08/PresaleV5_exp.sol
ETH,0x3a7e13dacccd3de56b8186987f348bfd21dc4ec5,unknown,,defihacklabs,PresaleV5,2025-08-19,2026-09-30T05:51:24,https://github.com/SunWeb3Sec/DeFiHackLabs/blob/main/src/test/2025-08/PresaleV5_exp.sol
ETH,0xdc781c9714382e9f973e9d687acae0fb37225f52,unknown,,defihacklabs,PresaleV5,2025-08-19,2026-09-30T05:51:24,https://github.com/SunWeb3Sec/DeFiHackLabs/blob/main/src/test/2025-08/PresaleV5_exp.sol
ETH,0x9a15bb3a8fec8d0d810691bafe36f6e5d42360f7,unknown,,defihacklabs,PresaleV5,2025-08-19,2026-09-30T05:51:24,https://github.com/SunWeb3Sec/DeFiHackLabs/blob/main/src/test/2025-08/PresaleV5_exp.sol
ETH,0x09c135aacd4a82b08890e930dfdc3143b4578d45,unknown,,defihacklabs,PresaleV5,2025-08-19,2026-09-30T05:51:24,https://github.com/SunWeb3Sec/DeFiHackLabs/blob/main/src/test/2025-08/PresaleV5_exp.sol
Base,0x4efd5f0749b1b91afdcd2ecf464210db733150e0,unknown,,defihacklabs,0x8d2e,2025-08-20,2026-09-30T05:51:24,https://github.com/SunWeb3Sec/DeFiHackLabs/blob/main/src/test/2025-08/0x8d2e_exp.sol
Base,0x2a59ac31c58327efcbf83cc5a52fae1b24a81440,unknown,,defihacklabs,0x8d2e,2025-08-20,2026-09-30T05:51:24,https://github.com/SunWeb3Sec/DeFiHackLabs/blob/main/src/test/2025-08/0x8d2e_exp.sol
Base,0x8d2Ef0d39A438C3601112AE21701819E13c41288,unknown,,defihacklabs,0x8d2e,2025-08-20,2026-09-30T05:51:24,https://github.com/SunWeb3Sec/DeFiHackLabs/blob/main/src/test/2025-08/0x8d2e_exp.sol
BSC,0x00b700b9da0053009cb84400ed1e8fe251002af3,unknown,,defihacklabs,MulticallWithXera,2025-08-20,2026-09-30T05:51:24,https://github.com/SunWeb3Sec/DeFiHackLabs/blob/main/src/test/2025-08/MulticallWithXera_exp.sol
BSC,0x90be00229fe8000000009e007743a485d400c3b7,unknown,,defihacklabs,MulticallWithXera,2025-08-20,2026-09-30T05:51:24,https://github.com/SunWeb3Sec/DeFiHackLabs/blob/main/src/test/2025-08/MulticallWithXera_exp.sol
Ethereum,0xe4B97Db5FAF476DB464Bc271097Fac97d6CE3783,attacker,Attacker,defihacklabs,Unverified_6f7a,2025-08-22,2026-09-30T05:51:24,https://github.com/SunWeb3Sec/DeFiHackLabs/blob/main/src/test/2025-08/unverified_6f7a_exp.sol
Ethereum,0x308a2c17e8f7c41982c8e944560876a0241324e1,unknown,Attack Contract,defihacklabs,Unverified_6f7a,2025-08-22,2026-09-30T05:51:24,https://github.com/SunWeb3Sec/DeFiHackLabs/blob/main/src/test/2025-08/unverified_6f7a_exp.sol
Ethereum,0x6f7a14bd931554683ed15dc92e25d046ed68ea68,victim,Vulnerable Contract,defihacklabs,Unverified_6f7a,2025-08-22,2026-09-30T05:51:24,https://github.com/SunWeb3Sec/DeFiHackLabs/blob/main/src/test/2025-08/unverified_6f7a_exp.sol
ETH,0xe4B97Db5FAF476DB464Bc271097Fac97d6CE3783,unknown,,defihacklabs,Unverified_6f7a,2025-08-22,2026-09-30T05:51:24,https://github.com/SunWeb3Sec/DeFiHackLabs/blob/main/src/test/2025-08/unverified_6f7a_exp.sol
ETH,0x308a2c17e8f7c41982c8e944560876a0241324e1,unknown,,defihacklabs,Unverified_6f7a,2025-08-22,2026-09-30T05:51:24,https://github.com/SunWeb3Sec/DeFiHackLabs/blob/main/src/test/2025-08/unverified_6f7a_exp.sol
ETH,0x6f7a14bd931554683ed15dc92e25d046ed68ea68,unknown,,defihacklabs,Unverified_6f7a,2025-08-22,2026-09-30T05:51:24,https://github.com/SunWeb3Sec/DeFiHackLabs/blob/main/src/test/2025-08/unverified_6f7a_exp.sol
BSC,0x53feee33527819bb793b72bd67dbf0f8466f7d2c,unknown,,defihacklabs,ABCCApp,2025-08-23,2026-09-30T05:51:24,https://github.com/SunWeb3Sec/DeFiHackLabs/blob/main/src/test/2025-08/ABCCApp_exp.sol
BSC,0x90e076ef0fed49a0b63938987f2cad6b4cd97a24,unknown,,defihacklabs,ABCCApp,2025-08-23,2026-09-30T05:51:24,https://github.com/SunWeb3Sec/DeFiHackLabs/blob/main/src/test/2025-08/ABCCApp_exp.sol
BSC,0x1bc016c00f8d603c41a582d5da745905b9d034e5,unknown,,defihacklabs,ABCCApp,2025-08-23,2026-09-30T05:51:24,https://github.com/SunWeb3Sec/DeFiHackLabs/blob/main/src/test/2025-08/ABCCApp_exp.sol
Ethereum,0x4DCCc719f277eBeB8F7fdB68cD4b105E5bC325db,attacker,Attacker,defihacklabs,EquilibriaEPendle,2025-08-23,2026-09-30T05:51:24,https://github.com/SunWeb3Sec/DeFiHackLabs/blob/main/src/test/2025-08/EquilibriaEPendle_exp.sol
Ethereum,0x0A2d023b1EcFbFb091464ADEbc852e19E0F02E6b,unknown,Attack Contract,defihacklabs,EquilibriaEPendle,2025-08-23,2026-09-30T05:51:24,https://github.com/SunWeb3Sec/DeFiHackLabs/blob/main/src/test/2025-08/EquilibriaEPendle_exp.sol
Ethereum,0x615b0B54e585ab83ba1c94a734cd4499dEc1C956,victim,Vulnerable Contract,defihacklabs,EquilibriaEPendle,2025-08-23,2026-09-30T05:51:24,https://github.com/SunWeb3Sec/DeFiHackLabs/blob/main/src/test/2025-08/EquilibriaEPendle_exp.sol
ETH,0x4DCCc719f277eBeB8F7fdB68cD4b105E5bC325db,unknown,,defihacklabs,EquilibriaEPendle,2025-08-23,2026-09-30T05:51:24,https://github.com/SunWeb3Sec/DeFiHackLabs/blob/main/src/test/2025-08/EquilibriaEPendle_exp.sol
ETH,0x0A2d023b1EcFbFb091464ADEbc852e19E0F02E6b,unknown,,defihacklabs,EquilibriaEPendle,2025-08-23,2026-09-30T05:51:24,https://github.com/SunWeb3Sec/DeFiHackLabs/blob/main/src/test/2025-08/EquilibriaEPendle_exp.sol
ETH,0x615b0B54e585ab83ba1c94a734cd4499dEc1C956,unknown,,defihacklabs,EquilibriaEPendle,2025-08-23,2026-09-30T05:51:24,https://github.com/SunWeb3Sec/DeFiHackLabs/blob/main/src/test/2025-08/EquilibriaEPendle_exp.sol
Ethereum,0xda97a086fc74b20c88bd71e12e365027e9ec2d24,attacker,Attacker,defihacklabs,0xf340,2025-08-27,2026-09-30T05:51:24,https://github.com/SunWeb3Sec/DeFiHackLabs/blob/main/src/test/2025-08/0xf340_exp.sol
Ethereum,0xf340bd3eb3e82994cff5b8c3493245edbce63436,victim,Vulnerable Contract,defihacklabs,0xf340,2025-08-27,2026-09-30T05:51:24,https://github.com/SunWeb3Sec/DeFiHackLabs/blob/main/src/test/2025-08/0xf340_exp.sol
ETH,0xda97a086fc74b20c88bd71e12e365027e9ec2d24,unknown,,defihacklabs,0xf340,2025-08-27,2026-09-30T05:51:24,https://github.com/SunWeb3Sec/DeFiHackLabs/blob/main/src/test/2025-08/0xf340_exp.sol
ETH,0xd76c5305d0672ce5a2cdd1e8419b900410ea1d36,unknown,,defihacklabs,0xf340,2025-08-27,2026-09-30T05:51:24,https://github.com/SunWeb3Sec/DeFiHackLabs/blob/main/src/test/2025-08/0xf340_exp.sol
ETH,0xf340bd3eb3e82994cff5b8c3493245edbce63436,unknown,,defihacklabs,0xf340,2025-08-27,2026-09-30T05:51:24,https://github.com/SunWeb3Sec/DeFiHackLabs/blob/main/src/test/2025-08/0xf340_exp.sol
Ethereum,0x07185a9e74f8dceb7d6487400e4009ff76d1af46,attacker,Attacker,defihacklabs,Hexotic,2025-08-31,2026-09-30T05:51:24,https://github.com/SunWeb3Sec/DeFiHackLabs/blob/main/src/test/2025-08/Hexotic_exp.sol
Ethereum,0x6e0113c4f1de65b98381baa6443b20834b70d4c5,unknown,Attack Contract,defihacklabs,Hexotic,2025-08-31,2026-09-30T05:51:24,https://github.com/SunWeb3Sec/DeFiHackLabs/blob/main/src/test/2025-08/Hexotic_exp.sol
ETH,0x07185a9e74f8dceb7d6487400e4009ff76d1af46,unknown,,defihacklabs,Hexotic,2025-08-31,2026-09-30T05:51:24,https://github.com/SunWeb3Sec/DeFiHackLabs/blob/main/src/test/2025-08/Hexotic_exp.sol
ETH,0x6e0113c4f1de65b98381baa6443b20834b70d4c5,unknown,,defihacklabs,Hexotic,2025-08-31,2026-09-30T05:51:24,https://github.com/SunWeb3Sec/DeFiHackLabs/blob/main/src/test/2025-08/Hexotic_exp.sol
Arbitrum,0x03339ecae41bc162dacae5c2a275c8f64d6c80a0,unknown,,defihacklabs,Hexotic,2025-08-31,2026-09-30T05:51:24,https://github.com/SunWeb3Sec/DeFiHackLabs/blob/main/src/test/2025-08/Hexotic_exp.sol
SOL,TYFWG3hvvxWMs2KXEk8cDuJCsXEyKs65eeqpD9P4mK1,unknown,,rekt,Swissborg,2025-09-08,2026-09-30T05:51:24,https://rekt.news/swissborg-rekt
SOL,2dmoNLgfP1UjqM9ZxtTqWY1YJMHJdXnUkwTrcLhL7Xoq,unknown,,rekt,Swissborg,2025-09-08,2026-09-30T05:51:24,https://rekt.news/swissborg-rekt
SOL,6bnSQH4UtGKgo4hUXRj8MeMz2bqPP6hxSaRrBjL96QaT,unknown,,rekt,Swissborg,2025-09-08,2026-09-30T05:51:24,https://rekt.news/swissborg-rekt
SOL,91XrHcYL9eAFB3G7w53X4mXV4zaaZypVe3MrPCyU43dR,unknown,,rekt,Swissborg,2025-09-08,2026-09-30T05:51:24,https://rekt.news/swissborg-rekt
BSC,0x0305ddd42887676ec593b39ace691b772eb3c876,unknown,,rekt,New Gold Protocol,2025-09-17,2026-09-30T05:51:24,https://rekt.news/newgold-protocol-rekt
ETH,0x8618314270528e245fbbb6fba54e245bb61a8d47,unknown,,rekt,New Gold Protocol,2025-09-17,2026-09-30T05:51:24,https://rekt.news/newgold-protocol-rekt
BSC,0x0305ddd42887676ec593b39ace691b772eb3c876,unknown,,defihacklabs,NGP,2025-09-18,2026-09-30T05:51:24,https://github.com/SunWeb3Sec/DeFiHackLabs/blob/main/src/test/2025-09/NGP_exp.sol
BSC,0x2d2a69bdafe4aad981da4e98721b3b81a0315363,unknown,,defihacklabs,NGP,2025-09-18,2026-09-30T05:51:24,https://github.com/SunWeb3Sec/DeFiHackLabs/blob/main/src/test/2025-09/NGP_exp.sol
BSC,0xd2f26200cd524db097cf4ab7cc2e5c38ab6ae5c9,unknown,,defihacklabs,NGP,2025-09-18,2026-09-30T05:51:24,https://github.com/SunWeb3Sec/DeFiHackLabs/blob/main/src/test/2025-09/NGP_exp.sol
ETH,0x7a8CAffeb11047E90Affc9F7527103b0334572E6,unknown,,rekt,GriffinAI,2025-09-24,2026-09-30T05:51:24,https://rekt.news/griffinai-rekt
ETH,0xccdbb9c8e43f50407c58f81407a16549e2a475dd,unknown,,rekt,GriffinAI,2025-09-24,2026-09-30T05:51:24,https://rekt.news/griffinai-rekt
ETH,0x54A978238984d581EdD3a9359dDA9BE53A930a7e,unknown,,rekt,GriffinAI,2025-09-24,2026-09-30T05:51:24,https://rekt.news/griffinai-rekt
ETH,0xba159054636e69080ae7c756319e5c85498efeb0,unknown,,rekt,GriffinAI,2025-09-24,2026-09-30T05:51:24,https://rekt.news/griffinai-rekt
BSC,0xf3d17326130f90c1900bc0b69323c4c7e2d58db2,unknown,,rekt,GriffinAI,2025-09-24,2026-09-30T05:51:24,https://rekt.news/griffinai-rekt
ETH,0x1afc80d0E15cBCBfAAB9aD5520b4ab843Dfd648D,unknown,,rekt,GriffinAI,2025-09-24,2026-09-30T05:51:24,https://rekt.news/griffinai-rekt
ETH,0xD4d83C2BC58B97d6458a7AE7d5b417c5422DC04C,unknown,,rekt,GriffinAI,2025-09-24,2026-09-30T05:51:24,https://rekt.news/griffinai-rekt
ETH,0xB31BDDb3d1c2b45E5c5fE149Aa4c8304e9D1916C,unknown,,rekt,GriffinAI,2025-09-24,2026-09-30T05:51:24,https://rekt.news/griffinai-rekt
ETH,0xa6654f227EcCF2f84476d2d51434081613F8Baba,unknown,,rekt,GriffinAI,2025-09-24,2026-09-30T05:51:24,https://rekt.news/griffinai-rekt
ETH,0x107E83EBE677DDec253C440127F23310720177c2,unknown,,rekt,GriffinAI,2025-09-24,2026-09-30T05:51:24,https://rekt.news/griffinai-rekt
ETH,0xf1755A2b7d0e418E9BAB4F81AD674fa39fA7F23D,unknown,,rekt,GriffinAI,2025-09-24,2026-09-30T05:51:24,https://rekt.news/griffinai-rekt
ETH,0x40d76a78ddba2ea81fb0f9fba147a08bcfc2b866,unknown,,rekt,SBI Crypto,2025-09-24,2026-09-30T05:51:24,https://rekt.news/sbi-crypto-rekt
ETH,0x9f25779098c5632da2ec55d161c4e5f2afc4e0ec,unknown,,rekt,SBI Crypto,2025-09-24,2026-09-30T05:51:24,https://rekt.news/sbi-crypto-rekt
ETH,0xd2C8EDe41fb84d18353A7ABBcf6448f2E6B664e0,unknown,,rekt,SBI Crypto,2025-09-24,2026-09-30T05:51:24,https://rekt.news/sbi-crypto-rekt
BTC,bc1qx0a2kfjd7eweczv8xqjm6rggm40v0nkhfss78l,unknown,,rekt,SBI Crypto,2025-09-24,2026-09-30T05:51:24,https://rekt.news/sbi-crypto-rekt
BTC,bc1qte0s6pz7gsdlqq2cf6hv5mxcfksykyyyjkdfd5,unknown,,rekt,SBI Crypto,2025-09-24,2026-09-30T05:51:24,https://rekt.news/sbi-crypto-rekt
BTC,bc1qrpp7g75sx3ejclvsfdw2uahzchtyu7vumkuadu,unknown,,rekt,SBI Crypto,2025-09-24,2026-09-30T05:51:24,https://rekt.news/sbi-crypto-rekt
BTC,bc1q8uyg2xpp6vjlmn0g5c9kujr7scm4hry5g67uqe,unknown,,rekt,SBI Crypto,2025-09-24,2026-09-30T05:51:24,https://rekt.news/sbi-crypto-rekt
BTC,bc1qe2esaxek04jx7vn2eelu4u7fee90cd6nh09dhn,unknown,,rekt,SBI Crypto,2025-09-24,2026-09-30T05:51:24,https://rekt.news/sbi-crypto-rekt
Ethereum,0x1aaade3e9062d124b7deb0ed6ddc7055efa7354d,attacker,Attacker,defihacklabs,MIMSpell3,2025-10-04,2026-09-30T05:51:24,https://github.com/SunWeb3Sec/DeFiHackLabs/blob/main/src/test/2025-10/MIMSpell3_exp.sol
Ethereum,0x46f54d434063e5f1a2b2cc6d9aaa657b1b9ff82c,victim,Vulnerable Contract,defihacklabs,MIMSpell3,2025-10-04,2026-09-30T05:51:24,https://github.com/SunWeb3Sec/DeFiHackLabs/blob/main/src/test/2025-10/MIMSpell3_exp.sol
ETH,0x1aaade3e9062d124b7deb0ed6ddc7055efa7354d,unknown,,defihacklabs,MIMSpell3,2025-10-04,2026-09-30T05:51:24,https://github.com/SunWeb3Sec/DeFiHackLabs/blob/main/src/test/2025-10/MIMSpell3_exp.sol
ETH,0xb8e0a4758df2954063ca4ba3d094f2d6eda9b993,unknown,,defihacklabs,MIMSpell3,2025-10-04,2026-09-30T05:51:24,https://github.com/SunWeb3Sec/DeFiHackLabs/blob/main/src/test/2025-10/MIMSpell3_exp.sol
ETH,0x46f54d434063e5f1a2b2cc6d9aaa657b1b9ff82c,unknown,,defihacklabs,MIMSpell3,2025-10-04,2026-09-30T05:51:24,https://github.com/SunWeb3Sec/DeFiHackLabs/blob/main/src/test/2025-10/MIMSpell3_exp.sol
BSC,0x3fee6d8aaea76d06cf1ebeaf6b186af215f14088,unknown,,defihacklabs,TokenHolder,2025-10-07,2026-09-30T05:51:24,https://github.com/SunWeb3Sec/DeFiHackLabs/blob/main/src/test/2025-10/TokenHolder_exp.sol
BSC,0xe82Fc275B0e3573115eaDCa465f85c4F96A6c631,unknown,,defihacklabs,TokenHolder,2025-10-07,2026-09-30T05:51:24,https://github.com/SunWeb3Sec/DeFiHackLabs/blob/main/src/test/2025-10/TokenHolder_exp.sol
BSC,0x8c7f34436C0037742AeCf047e06fD4B27Ad01117,unknown,,defihacklabs,TokenHolder,2025-10-07,2026-09-30T05:51:24,https://github.com/SunWeb3Sec/DeFiHackLabs/blob/main/src/test/2025-10/TokenHolder_exp.sol
Arbitrum,0xd64729c528e6689cb18b0c90345ab0c9ed18fea4,unknown,https,defihacklabs,SharwaFinance,2025-10-20,2026-09-30T05:51:24,https://github.com/SunWeb3Sec/DeFiHackLabs/blob/main/src/test/2025-10/SharwaFinance_exp.sol
Arbitrum,0x9f8b4841f805ec50cc6632068f759216d85633fb,unknown,https,defihacklabs,SharwaFinance,2025-10-20,2026-09-30T05:51:24,https://github.com/SunWeb3Sec/DeFiHackLabs/blob/main/src/test/2025-10/SharwaFinance_exp.sol
Arbitrum,0xd356c82e0c85e1568641d084dbdaf76b8df96c08,unknown,,defihacklabs,SharwaFinance,2025-10-20,2026-09-30T05:51:24,https://github.com/SunWeb3Sec/DeFiHackLabs/blob/main/src/test/2025-10/SharwaFinance_exp.sol
Arbitrum,0xd9ff21caeeea4329133c98a892db16b42f9baa25,unknown,,defihacklabs,SharwaFinance,2025-10-20,2026-09-30T05:51:24,https://github.com/SunWeb3Sec/DeFiHackLabs/blob/main/src/test/2025-10/SharwaFinance_exp.sol
Arbitrum,0xd3fde5af30da1f394d6e0d361b552648d0dff797,unknown,,defihacklabs,SharwaFinance,2025-10-20,2026-09-30T05:51:24,https://github.com/SunWeb3Sec/DeFiHackLabs/blob/main/src/test/2025-10/SharwaFinance_exp.sol
ETH,0x506D1f9EFe24f0d47853aDca907EB8d89AE03207,unknown,,rekt,Balancer,2025-11-03,2026-09-30T05:51:24,https://rekt.news/balancer-rekt2
ETH,0xAa760D53541d8390074c61DEFeaba314675b8e3f,unknown,,rekt,Balancer,2025-11-03,2026-09-30T05:51:24,https://rekt.news/balancer-rekt2
ETH,0x766a892f8ba102556c8537d02fca0ff4cacfc492,unknown,,rekt,Balancer,2025-11-03,2026-09-30T05:51:24,https://rekt.news/balancer-rekt2
Arbitrum,0x310ebc4ffe858ab40b95343de0c2431b95892962,unknown,,rekt,Balancer,2025-11-03,2026-09-30T05:51:24,https://rekt.news/balancer-rekt2
BSC,0x0000000000004f3d8aaf9175fd824cb00ad4bf80,unknown,,rekt,Balancer,2025-11-03,2026-09-30T05:51:24,https://rekt.news/balancer-rekt2
ETH,0x872757006b6F2Fd65244C0a2A5fdd1f70A7780f4,unknown,,rekt,Balancer,2025-11-03,2026-09-30T05:51:24,https://rekt.news/balancer-rekt2
ETH,0x679B362B9f38BE63FbD4A499413141A997eb381e,unknown,,rekt,Balancer,2025-11-03,2026-09-30T05:51:24,https://rekt.news/balancer-rekt2
ETH,0x54B53503c0e2173Df29f8da735fBd45Ee8aBa30d,unknown,,rekt,Balancer,2025-11-03,2026-09-30T05:51:24,https://rekt.news/balancer-rekt2
ETH,0xDACf5Fa19b1f720111609043ac67A9818262850c,unknown,,rekt,Balancer,2025-11-03,2026-09-30T05:51:24,https://rekt.news/balancer-rekt2
ETH,0x93d199263632a4EF4Bb438F1feB99e57b4b5f0BD,unknown,,rekt,Balancer,2025-11-03,2026-09-30T05:51:24,https://rekt.news/balancer-rekt2
ETH,0x58AAdFB1Afac0ad7fca1148f3cdE6aEDF5236B6D,unknown,,rekt,Balancer,2025-11-03,2026-09-30T05:51:24,https://rekt.news/balancer-rekt2
ETH,0x05ff47AFADa98a98982113758878F9A8B9FddA0a,unknown,,rekt,Balancer,2025-11-03,2026-09-30T05:51:24,https://rekt.news/balancer-rekt2
ETH,0x5aEe1e99fE86960377DE9f88689616916D5DcaBe,unknown,,rekt,Balancer,2025-11-03,2026-09-30T05:51:24,https://rekt.news/balancer-rekt2
ETH,0x42ED016F826165C2e5976fe5bC3df540C5aD0Af7,unknown,,rekt,Balancer,2025-11-03,2026-09-30T05:51:24,https://rekt.news/balancer-rekt2
ETH,0x596192bB6e41802428Ac943D2f1476C1Af25CC0E,unknown,,rekt,Balancer,2025-11-03,2026-09-30T05:51:24,https://rekt.news/balancer-rekt2
Arbitrum,0x4a2F6Ae7F3e5D715689530873ec35593Dc28951B,unknown,,rekt,Balancer,2025-11-03,2026-09-30T05:51:24,https://rekt.news/balancer-rekt2
Base,0x56e5Adab68b594B0c2aD6C112D94AE5aCA98A001,unknown,,rekt,Balancer,2025-11-03,2026-09-30T05:51:24,https://rekt.news/balancer-rekt2
Base,0xC771c1a5905420DAEc317b154EB13e4198BA97D0,unknown,,rekt,Balancer,2025-11-03,2026-09-30T05:51:24,https://rekt.news/balancer-rekt2
Base,0xaB99a3e856dEb448eD99713dfce62F937E2d4D74,unknown,,rekt,Balancer,2025-11-03,2026-09-30T05:51:24,https://rekt.news/balancer-rekt2
Base,0xFb4C2E6E6e27B5b4a07a36360C89EDE29bB3c9B6,unknown,,rekt,Balancer,2025-11-03,2026-09-30T05:51:24,https://rekt.news/balancer-rekt2
ETH,0x0e9c9473D0c504Da72763426719F6f03A15544D5,unknown,,rekt,Balancer,2025-11-03,2026-09-30T05:51:24,https://rekt.news/balancer-rekt2
ETH,0xf19fd5c683a958ce9210948858b80d433f6bfae2,unknown,,rekt,Balancer,2025-11-03,2026-09-30T05:51:24,https://rekt.news/balancer-rekt2
ETH,0x1c7da4e9740f99279c193540328314c04e2edc00,unknown,,rekt,Balancer,2025-11-03,2026-09-30T05:51:24,https://rekt.news/balancer-rekt2
Sonic,0x045371528A01071D6E5C934d42D641FD3cBE941c,unknown,,rekt,Balancer,2025-11-03,2026-09-30T05:51:24,https://rekt.news/balancer-rekt2
Ethereum,0x506d1f9efe24f0d47853adca907eb8d89ae03207,attacker,Attacker,defihacklabs,BalancerV2,2025-11-03,2026-09-30T05:51:24,https://github.com/SunWeb3Sec/DeFiHackLabs/blob/main/src/test/2025-11/BalancerV2_exp.sol
Ethereum,0x54B53503c0e2173Df29f8da735fBd45Ee8aBa30d,unknown,Attack Contract,defihacklabs,BalancerV2,2025-11-03,2026-09-30T05:51:24,https://github.com/SunWeb3Sec/DeFiHackLabs/blob/main/src/test/2025-11/BalancerV2_exp.sol
ETH,0x506d1f9efe24f0d47853adca907eb8d89ae03207,unknown,,defihacklabs,BalancerV2,2025-11-03,2026-09-30T05:51:24,https://github.com/SunWeb3Sec/DeFiHackLabs/blob/main/src/test/2025-11/BalancerV2_exp.sol
ETH,0x54B53503c0e2173Df29f8da735fBd45Ee8aBa30d,unknown,,defihacklabs,BalancerV2,2025-11-03,2026-09-30T05:51:24,https://github.com/SunWeb3Sec/DeFiHackLabs/blob/main/src/test/2025-11/BalancerV2_exp.sol
Base,0x6997a8c804642ae2de16d7b8ff09565a5d5658ff,unknown,,defihacklabs,Moonwell,2025-11-04,2026-09-30T05:51:24,https://github.com/SunWeb3Sec/DeFiHackLabs/blob/main/src/test/2025-11/Moonwell_exp.sol
Base,0x42ecd332d47c91cbc83b39bd7f53cebe5e9734bb,unknown,,defihacklabs,Moonwell,2025-11-04,2026-09-30T05:51:24,https://github.com/SunWeb3Sec/DeFiHackLabs/blob/main/src/test/2025-11/Moonwell_exp.sol
Ethereum,0xC0ffeEBABE5D496B2DDE509f9fa189C25cF29671,attacker,Attacker,defihacklabs,DRLVaultV3,2025-11-10,2026-09-30T05:51:24,https://github.com/SunWeb3Sec/DeFiHackLabs/blob/main/src/test/2025-11/DRLVaultV3_exp.sol
Ethereum,0xe08d97e151473a848c3d9ca3f323cb720472d015,unknown,Attack Contract,defihacklabs,DRLVaultV3,2025-11-10,2026-09-30T05:51:24,https://github.com/SunWeb3Sec/DeFiHackLabs/blob/main/src/test/2025-11/DRLVaultV3_exp.sol
Ethereum,0x6A06707ab339BEE00C6663db17DdB422301ff5e8,victim,Vulnerable Contract,defihacklabs,DRLVaultV3,2025-11-10,2026-09-30T05:51:24,https://github.com/SunWeb3Sec/DeFiHackLabs/blob/main/src/test/2025-11/DRLVaultV3_exp.sol
ETH,0xC0ffeEBABE5D496B2DDE509f9fa189C25cF29671,unknown,,defihacklabs,DRLVaultV3,2025-11-10,2026-09-30T05:51:24,https://github.com/SunWeb3Sec/DeFiHackLabs/blob/main/src/test/2025-11/DRLVaultV3_exp.sol
ETH,0xe08d97e151473a848c3d9ca3f323cb720472d015,unknown,,defihacklabs,DRLVaultV3,2025-11-10,2026-09-30T05:51:24,https://github.com/SunWeb3Sec/DeFiHackLabs/blob/main/src/test/2025-11/DRLVaultV3_exp.sol
ETH,0x6A06707ab339BEE00C6663db17DdB422301ff5e8,unknown,,defihacklabs,DRLVaultV3,2025-11-10,2026-09-30T05:51:24,https://github.com/SunWeb3Sec/DeFiHackLabs/blob/main/src/test/2025-11/DRLVaultV3_exp.sol
BSC,0x7A44bD9C6095Ca7b2A6f62FE65b81924c6cAb067,unknown,,rekt,GANA Payment,2025-11-20,2026-09-30T05:51:24,https://rekt.news/gana-payment-rekt
BSC,0xacf753d5d81462db45b7f024e9fa76993ce9bcfb,unknown,,rekt,GANA Payment,2025-11-20,2026-09-30T05:51:24,https://rekt.news/gana-payment-rekt
BSC,0x2e8a8670b734e260cedbc6d5a05532264aae5c38,unknown,,rekt,GANA Payment,2025-11-20,2026-09-30T05:51:24,https://rekt.news/gana-payment-rekt
BSC,0xd10Ed57534Dc63f2ea9dC0cB0096086F3CC8fA4d,unknown,,rekt,GANA Payment,2025-11-20,2026-09-30T05:51:24,https://rekt.news/gana-payment-rekt
ETH,0x5149A7696188F083297281D10293a20476252CDD,unknown,,rekt,GANA Payment,2025-11-20,2026-09-30T05:51:24,https://rekt.news/gana-payment-rekt
ETH,0x7a503e3ab9433ebf13afb4f7f1793c25733b3cca,unknown,,rekt,GANA Payment,2025-11-20,2026-09-30T05:51:24,https://rekt.news/gana-payment-rekt
ETH,0x98fc13632ff112e4667fc4f21ae980571f122b5a,unknown,,rekt,GANA Payment,2025-11-20,2026-09-30T05:51:24,https://rekt.news/gana-payment-rekt
Ethereum,0xfb63aa935cf0a003335dce9cca03c4f9c0fa4779,attacker,Attacker,defihacklabs,yETH,2025-12-01,2026-09-30T05:51:24,https://github.com/SunWeb3Sec/DeFiHackLabs/blob/main/src/test/2025-12/yETH_exp.sol
Ethereum,0xCcd04073f4BdC4510927ea9Ba350875C3c65BF81,victim,Vulnerable Contract,defihacklabs,yETH,2025-12-01,2026-09-30T05:51:24,https://github.com/SunWeb3Sec/DeFiHackLabs/blob/main/src/test/2025-12/yETH_exp.sol
ETH,0xfb63aa935cf0a003335dce9cca03c4f9c0fa4779,unknown,,defihacklabs,yETH,2025-12-01,2026-09-30T05:51:24,https://github.com/SunWeb3Sec/DeFiHackLabs/blob/main/src/test/2025-12/yETH_exp.sol
ETH,0xbb2789b418fa18f9526ba79fa7038d4e6d753f73,unknown,,defihacklabs,yETH,2025-12-01,2026-09-30T05:51:24,https://github.com/SunWeb3Sec/DeFiHackLabs/blob/main/src/test/2025-12/yETH_exp.sol
ETH,0xCcd04073f4BdC4510927ea9Ba350875C3c65BF81,unknown,,defihacklabs,yETH,2025-12-01,2026-09-30T05:51:24,https://github.com/SunWeb3Sec/DeFiHackLabs/blob/main/src/test/2025-12/yETH_exp.sol
ETH,0xCf5DF51A10c097140FB3a367281A4f5313725b1F,unknown,,rekt,Aevo,2025-12-12,2026-09-30T05:51:24,https://rekt.news/aevo-rekt
ETH,0x9c619915fda0db49d6ec7b4224537acb872731ca,unknown,,rekt,Aevo,2025-12-12,2026-09-30T05:51:24,https://rekt.news/aevo-rekt
ETH,0x4bfd5c65082171df83fd0fbbe54aa74909529b2c,unknown,,rekt,Aevo,2025-12-12,2026-09-30T05:51:24,https://rekt.news/aevo-rekt
ETH,0x4c0dc529C4252e7Be0Db8D00592e04f878e4F397,unknown,,rekt,Aevo,2025-12-12,2026-09-30T05:51:24,https://rekt.news/aevo-rekt
ETH,0x8eccacbc1147fc7edc52bae135bd54f5f1950255,unknown,,rekt,Aevo,2025-12-12,2026-09-30T05:51:24,https://rekt.news/aevo-rekt
ETH,0xE1f09d50F733993b11bF3054bD870d688401984c,unknown,,rekt,Aevo,2025-12-12,2026-09-30T05:51:24,https://rekt.news/aevo-rekt
ETH,0xb594f7e7ad548f63db49665ae4e3d3f8457cf6f5,unknown,,rekt,Aevo,2025-12-12,2026-09-30T05:51:24,https://rekt.news/aevo-rekt
ETH,0xF2Df028a81682375b27967d6de36ADA049cBDFf7,unknown,,rekt,Aevo,2025-12-12,2026-09-30T05:51:24,https://rekt.news/aevo-rekt
ETH,0x9D7b3586f361e3621Bf4F099cBC9d155e8ae6B76,unknown,,rekt,Aevo,2025-12-12,2026-09-30T05:51:24,https://rekt.news/aevo-rekt
ETH,0x3c212A044760DE5a529B3Ba59363ddeCcc2210bE,unknown,,rekt,Aevo,2025-12-12,2026-09-30T05:51:24,https://rekt.news/aevo-rekt
ETH,0x657CDEfc7ef8b459b519dEFc8BED2A67d3cC1aAb,unknown,,rekt,Aevo,2025-12-12,2026-09-30T05:51:24,https://rekt.news/aevo-rekt
ETH,0x354ad0816de79E72452C14001F564e5fDf9a355e,unknown,,rekt,Aevo,2025-12-12,2026-09-30T05:51:24,https://rekt.news/aevo-rekt
ETH,0x2Cfea8EfAb822778E4e109E8f9BCdc3e9E22CCC9,unknown,,rekt,Aevo,2025-12-12,2026-09-30T05:51:24,https://rekt.news/aevo-rekt
ETH,0x255b29642d1B125a0Ce8529aae61Ad19EE636DDf,unknown,,rekt,Aevo,2025-12-12,2026-09-30T05:51:24,https://rekt.news/aevo-rekt
ETH,0x537dee211543CC9CdEcB8690c5Be248D5b287558,unknown,,rekt,Aevo,2025-12-12,2026-09-30T05:51:24,https://rekt.news/aevo-rekt
ETH,0x46300aA369A59139E70F8Ec75ee9B921e5fdfC6F,unknown,,rekt,Aevo,2025-12-12,2026-09-30T05:51:24,https://rekt.news/aevo-rekt
ETH,0x816f6c6cc941364e3d2DA79442310e385043B479,unknown,,rekt,Aevo,2025-12-12,2026-09-30T05:51:24,https://rekt.news/aevo-rekt
ETH,0xB4f7eD0d3eA5256fA5Dfb2C73a1661ffb7f7beDb,unknown,,rekt,Aevo,2025-12-12,2026-09-30T05:51:24,https://rekt.news/aevo-rekt
ETH,0x40B31Ae97468e9Abd56965D1a3e28DDE1c79d0A3,unknown,,rekt,Aevo,2025-12-12,2026-09-30T05:51:24,https://rekt.news/aevo-rekt
ETH,0xDaDfe088422335C7A49D1de2B439e29Cb90EA5Ca,unknown,,rekt,Aevo,2025-12-12,2026-09-30T05:51:24,https://rekt.news/aevo-rekt
ETH,0x936457bEE1366e0bf05Eb52BB4a9FFFe2e7eF465,unknown,,rekt,Aevo,2025-12-12,2026-09-30T05:51:24,https://rekt.news/aevo-rekt
ETH,0x49CC128345bCF31A02b1B2B81f836f72E24c97bC,unknown,,rekt,Aevo,2025-12-12,2026-09-30T05:51:24,https://rekt.news/aevo-rekt
ETH,0xcaca279dff5110efa61091becf577911a2fa4cc3,unknown,,rekt,Yearn,2025-12-16,2026-09-30T05:51:24,https://rekt.news/yearn-rekt4
ETH,0x67e0c4cfc88b98b9ed718b49b8d2f812df738e42,unknown,,rekt,Yearn,2025-12-16,2026-09-30T05:51:24,https://rekt.news/yearn-rekt4
ETH,0x73a052500105205d34daf004eab301916da8190f,unknown,,rekt,Yearn,2025-12-16,2026-09-30T05:51:24,https://rekt.news/yearn-rekt4
ETH,0x0f214a04c70cf421ae92279afb3cf5668f554066,unknown,,rekt,Yearn,2025-12-16,2026-09-30T05:51:24,https://rekt.news/yearn-rekt4
Base,0x7407f9bdc4140d5e284ea7de32a9de6037842f45,unknown,,defihacklabs,PRXVT,2026-01-01,2026-09-30T05:51:24,https://github.com/SunWeb3Sec/DeFiHackLabs/blob/main/src/test/2026-01/PRXVT_exp.sol
Base,0x702980b1ed754c214b79192a4d7c39106f19bce9,unknown,,defihacklabs,PRXVT,2026-01-01,2026-09-30T05:51:24,https://github.com/SunWeb3Sec/DeFiHackLabs/blob/main/src/test/2026-01/PRXVT_exp.sol
Base,0xdac30a5e2612206e2756836ed6764ec5817e6fff,unknown,,defihacklabs,PRXVT,2026-01-01,2026-09-30T05:51:24,https://github.com/SunWeb3Sec/DeFiHackLabs/blob/main/src/test/2026-01/PRXVT_exp.sol
ETH,0x763a67E4418278f84c04383071fC00165C112661,unknown,,rekt,TMXTribe,2026-01-05,2026-09-30T05:51:24,https://rekt.news/tmztribe-rekt
Arbitrum,0x16Ed3AFf3255FDDB44dAa73B4dE06f0c2E15288d,unknown,,rekt,TMXTribe,2026-01-05,2026-09-30T05:51:24,https://rekt.news/tmztribe-rekt
Arbitrum,0x33392e39325013e81874ca7b76326858ec179543,unknown,,rekt,TMXTribe,2026-01-05,2026-09-30T05:51:24,https://rekt.news/tmztribe-rekt
Arbitrum,0x3afdbef553d5c92817da37096bb2e47daeef951d,unknown,,rekt,TMXTribe,2026-01-05,2026-09-30T05:51:24,https://rekt.news/tmztribe-rekt
Ethereum,0x6C8EC8f14bE7C01672d31CFa5f2CEfeAB2562b50,attacker,Attacker,defihacklabs,Truebit,2026-01-09,2026-09-30T05:51:24,https://github.com/SunWeb3Sec/DeFiHackLabs/blob/main/src/test/2026-01/Truebit_exp.sol
Ethereum,0x1De399967B206e446B4E9AeEb3Cb0A0991bF11b8,unknown,Attack Contract,defihacklabs,Truebit,2026-01-09,2026-09-30T05:51:24,https://github.com/SunWeb3Sec/DeFiHackLabs/blob/main/src/test/2026-01/Truebit_exp.sol
Ethereum,0x764C64b2A09b09Acb100B80d8c505Aa6a0302EF2,victim,Vulnerable Contract,defihacklabs,Truebit,2026-01-09,2026-09-30T05:51:24,https://github.com/SunWeb3Sec/DeFiHackLabs/blob/main/src/test/2026-01/Truebit_exp.sol
ETH,0x6C8EC8f14bE7C01672d31CFa5f2CEfeAB2562b50,unknown,,defihacklabs,Truebit,2026-01-09,2026-09-30T05:51:24,https://github.com/SunWeb3Sec/DeFiHackLabs/blob/main/src/test/2026-01/Truebit_exp.sol
ETH,0x1De399967B206e446B4E9AeEb3Cb0A0991bF11b8,unknown,,defihacklabs,Truebit,2026-01-09,2026-09-30T05:51:24,https://github.com/SunWeb3Sec/DeFiHackLabs/blob/main/src/test/2026-01/Truebit_exp.sol
ETH,0x764C64b2A09b09Acb100B80d8c505Aa6a0302EF2,unknown,,defihacklabs,Truebit,2026-01-09,2026-09-30T05:51:24,https://github.com/SunWeb3Sec/DeFiHackLabs/blob/main/src/test/2026-01/Truebit_exp.sol
Arbitrum,0xbf6ec059f519b668a309e1b6ecb9a8ea62832d95,unknown,,defihacklabs,FutureSwap,2026-01-10,2026-09-30T05:51:24,https://github.com/SunWeb3Sec/DeFiHackLabs/blob/main/src/test/2026-01/futureswap_exp.sol
Arbitrum,0x348df930e825da25552d8b3dc44e871c67846cb5,unknown,,defihacklabs,FutureSwap,2026-01-10,2026-09-30T05:51:24,https://github.com/SunWeb3Sec/DeFiHackLabs/blob/main/src/test/2026-01/futureswap_exp.sol
Arbitrum,0xf7ca7384cc6619866749955065f17bedd3ed80bc,unknown,,defihacklabs,FutureSwap,2026-01-10,2026-09-30T05:51:24,https://github.com/SunWeb3Sec/DeFiHackLabs/blob/main/src/test/2026-01/futureswap_exp.sol
Arbitrum,0x010659727ad7716c239e206acd3ebee0fdc9e207,unknown,,defihacklabs,FutureSwap,2026-01-10,2026-09-30T05:51:24,https://github.com/SunWeb3Sec/DeFiHackLabs/blob/main/src/test/2026-01/futureswap_exp.sol
BSC,0xe918a1784ceca08e51a1b740f4036fd149339811,unknown,,defihacklabs,MTToken,2026-01-12,2026-09-30T05:51:24,https://github.com/SunWeb3Sec/DeFiHackLabs/blob/main/src/test/2026-01/MTToken_exp.sol
BSC,0xb64f5d49656fae38655ef2e3c2e3768ddb5f3d5c,unknown,,defihacklabs,MTToken,2026-01-12,2026-09-30T05:51:24,https://github.com/SunWeb3Sec/DeFiHackLabs/blob/main/src/test/2026-01/MTToken_exp.sol
BSC,0x2f3f25046ea518d1e524b8fb6147c656d6722ced,unknown,,defihacklabs,MTToken,2026-01-12,2026-09-30T05:51:24,https://github.com/SunWeb3Sec/DeFiHackLabs/blob/main/src/test/2026-01/MTToken_exp.sol
BSC,0xbf4707b7f9f53e3aae29bf2558cb373419ef4d45,unknown,,defihacklabs,MTToken,2026-01-12,2026-09-30T05:51:24,https://github.com/SunWeb3Sec/DeFiHackLabs/blob/main/src/test/2026-01/MTToken_exp.sol
Ethereum,0x935bfb495e33f74d2e9735df1da66ace442ede48,unknown,MEV,defihacklabs,Makina,2026-01-20,2026-09-30T05:51:24,https://github.com/SunWeb3Sec/DeFiHackLabs/blob/main/src/test/2026-01/makina_exp.sol
Ethereum,0x454d03b2a1D52F5F7AabA8E352225335a1b724E8,unknown,MEV Contract,defihacklabs,Makina,2026-01-20,2026-09-30T05:51:24,https://github.com/SunWeb3Sec/DeFiHackLabs/blob/main/src/test/2026-01/makina_exp.sol
Ethereum,0x2f934b0fd5c4f99bab37d47604a3a1aeadef1ccc,attacker,Real attacker,defihacklabs,Makina,2026-01-20,2026-09-30T05:51:24,https://github.com/SunWeb3Sec/DeFiHackLabs/blob/main/src/test/2026-01/makina_exp.sol
Ethereum,0x2c19b916b29e5170f75628d690623dedcafeca4c,attacker,Real attacker Contract,defihacklabs,Makina,2026-01-20,2026-09-30T05:51:24,https://github.com/SunWeb3Sec/DeFiHackLabs/blob/main/src/test/2026-01/makina_exp.sol
Ethereum,0xD1A1C248B253f1fc60eACd90777B9A63F8c8c1BC,unknown,- Caliber,defihacklabs,Makina,2026-01-20,2026-09-30T05:51:24,https://github.com/SunWeb3Sec/DeFiHackLabs/blob/main/src/test/2026-01/makina_exp.sol
Ethereum,0x6b006870C83b1Cd49E766Ac9209f8d68763Df721,unknown,- Machine,defihacklabs,Makina,2026-01-20,2026-09-30T05:51:24,https://github.com/SunWeb3Sec/DeFiHackLabs/blob/main/src/test/2026-01/makina_exp.sol
Ethereum,0x32e616f4f17d43f9a5cd9be0e294727187064cb3,unknown,- DUSD/USDC Pool,defihacklabs,Makina,2026-01-20,2026-09-30T05:51:24,https://github.com/SunWeb3Sec/DeFiHackLabs/blob/main/src/test/2026-01/makina_exp.sol
ETH,0x935bfb495e33f74d2e9735df1da66ace442ede48,unknown,,defihacklabs,Makina,2026-01-20,2026-09-30T05:51:24,https://github.com/SunWeb3Sec/DeFiHackLabs/blob/main/src/test/2026-01/makina_exp.sol
ETH,0x454d03b2a1D52F5F7AabA8E352225335a1b724E8,unknown,,defihacklabs,Makina,2026-01-20,2026-09-30T05:51:24,https://github.com/SunWeb3Sec/DeFiHackLabs/blob/main/src/test/2026-01/makina_exp.sol
ETH,0x2f934b0fd5c4f99bab37d47604a3a1aeadef1ccc,unknown,,defihacklabs,Makina,2026-01-20,2026-09-30T05:51:24,https://github.com/SunWeb3Sec/DeFiHackLabs/blob/main/src/test/2026-01/makina_exp.sol
ETH,0x2c19b916b29e5170f75628d690623dedcafeca4c,unknown,,defihacklabs,Makina,2026-01-20,2026-09-30T05:51:24,https://github.com/SunWeb3Sec/DeFiHackLabs/blob/main/src/test/2026-01/makina_exp.sol
ETH,0xD1A1C248B253f1fc60eACd90777B9A63F8c8c1BC,unknown,,defihacklabs,Makina,2026-01-20,2026-09-30T05:51:24,https://github.com/SunWeb3Sec/DeFiHackLabs/blob/main/src/test/2026-01/makina_exp.sol
ETH,0x6b006870C83b1Cd49E766Ac9209f8d68763Df721,unknown,,defihacklabs,Makina,2026-01-20,2026-09-30T05:51:24,https://github.com/SunWeb3Sec/DeFiHackLabs/blob/main/src/test/2026-01/makina_exp.sol
ETH,0x32e616f4f17d43f9a5cd9be0e294727187064cb3,unknown,,defihacklabs,Makina,2026-01-20,2026-09-30T05:51:24,https://github.com/SunWeb3Sec/DeFiHackLabs/blob/main/src/test/2026-01/makina_exp.sol
Base,0xdc0f9149ace1a2fe0445fe1c096b098e0dbf06ed,unknown,0xdc0f9149ace1a2fe0445fe1c096b098e0dbf06edec675a1f2f2a5c8b72,defihacklabs,SynapLogic,2026-01-20,2026-09-30T05:51:24,https://github.com/SunWeb3Sec/DeFiHackLabs/blob/main/src/test/2026-01/SynapLogic_exp.sol
Base,0xc495621dba960f9fbe472389ff7606f4c255486e,unknown,0xc495621dba960f9fbe472389ff7606f4c255486e09a92efc2266b6e29f,defihacklabs,SynapLogic,2026-01-20,2026-09-30T05:51:24,https://github.com/SunWeb3Sec/DeFiHackLabs/blob/main/src/test/2026-01/SynapLogic_exp.sol
Base,0x675413fb257b5353f73f506bdff40f4c0f0902c3,unknown,0x675413fb257b5353f73f506bdff40f4c0f0902c39de235ee3e5d47d99f,defihacklabs,SynapLogic,2026-01-20,2026-09-30T05:51:24,https://github.com/SunWeb3Sec/DeFiHackLabs/blob/main/src/test/2026-01/SynapLogic_exp.sol
Base,0x2a95a0321e17e10e4a2424d71151c3194c7c731e,unknown,0x2a95a0321e17e10e4a2424d71151c3194c7c731ebd79577f615babf98d,defihacklabs,SynapLogic,2026-01-20,2026-09-30T05:51:24,https://github.com/SunWeb3Sec/DeFiHackLabs/blob/main/src/test/2026-01/SynapLogic_exp.sol
Base,0x12d384a958c4eb546fdc988ed80ff5c7e97c6111,unknown,0x12d384a958c4eb546fdc988ed80ff5c7e97c61115f5cfcdf7465bc2df5,defihacklabs,SynapLogic,2026-01-20,2026-09-30T05:51:24,https://github.com/SunWeb3Sec/DeFiHackLabs/blob/main/src/test/2026-01/SynapLogic_exp.sol
Base,0xbf45ef7cbf764bb333aaf2a3b006bdb7451ebbbb,unknown,0xbf45ef7cbf764bb333aaf2a3b006bdb7451ebbbb5175cca08fb570f41c,defihacklabs,SynapLogic,2026-01-20,2026-09-30T05:51:24,https://github.com/SunWeb3Sec/DeFiHackLabs/blob/main/src/test/2026-01/SynapLogic_exp.sol
Base,0xcee9a883b89622aaa427fbe4341b7ffb6b21a0e0,unknown,0xcee9a883b89622aaa427fbe4341b7ffb6b21a0e02c3deee91427c7321e,defihacklabs,SynapLogic,2026-01-20,2026-09-30T05:51:24,https://github.com/SunWeb3Sec/DeFiHackLabs/blob/main/src/test/2026-01/SynapLogic_exp.sol
Base,0x2f21c4756760d72d8a5e017fb9900ff80812ff2d,unknown,0x2f21c4756760d72d8a5e017fb9900ff80812ff2dcc20eeb22c192a336b,defihacklabs,SynapLogic,2026-01-20,2026-09-30T05:51:24,https://github.com/SunWeb3Sec/DeFiHackLabs/blob/main/src/test/2026-01/SynapLogic_exp.sol
Base,0x59398c0f9a344aea7cbb848fc5821532acdcf72b,unknown,0x59398c0f9a344aea7cbb848fc5821532acdcf72b49d4dc4f54de8527f4,defihacklabs,SynapLogic,2026-01-20,2026-09-30T05:51:24,https://github.com/SunWeb3Sec/DeFiHackLabs/blob/main/src/test/2026-01/SynapLogic_exp.sol
Base,0xe9df84cf4bfad72b3d6e7037e4b07520dd6bfeea,unknown,0xe9df84cf4bfad72b3d6e7037e4b07520dd6bfeea09cd5a1ef12a9894ad,defihacklabs,SynapLogic,2026-01-20,2026-09-30T05:51:24,https://github.com/SunWeb3Sec/DeFiHackLabs/blob/main/src/test/2026-01/SynapLogic_exp.sol
Base,0x7a2d64bb7a52fa424a1ce6c2e3269c54362e86bb,unknown,0x7a2d64bb7a52fa424a1ce6c2e3269c54362e86bbf5798b6c21e11272ba,defihacklabs,SynapLogic,2026-01-20,2026-09-30T05:51:24,https://github.com/SunWeb3Sec/DeFiHackLabs/blob/main/src/test/2026-01/SynapLogic_exp.sol
Base,0x8359fbbf0a72ffac810e8d2592859a1a30317b83,unknown,0x8359fbbf0a72ffac810e8d2592859a1a30317b8345f94e1b3912808248,defihacklabs,SynapLogic,2026-01-20,2026-09-30T05:51:24,https://github.com/SunWeb3Sec/DeFiHackLabs/blob/main/src/test/2026-01/SynapLogic_exp.sol
Base,0x71172cdbb5f25858ecd10fc99abe9cdf6d52551d,unknown,0x71172cdbb5f25858ecd10fc99abe9cdf6d52551d1df0537250028bafe1,defihacklabs,SynapLogic,2026-01-20,2026-09-30T05:51:24,https://github.com/SunWeb3Sec/DeFiHackLabs/blob/main/src/test/2026-01/SynapLogic_exp.sol
Base,0x2d111d537a233e93df9ff8f9e93806d5149a8e1d,unknown,0x2d111d537a233e93df9ff8f9e93806d5149a8e1dc7f096652d1bcf4ad6,defihacklabs,SynapLogic,2026-01-20,2026-09-30T05:51:24,https://github.com/SunWeb3Sec/DeFiHackLabs/blob/main/src/test/2026-01/SynapLogic_exp.sol
Base,0x9e7079678637563f8ea40d50d6bfd826915b0c0a,unknown,0x9e7079678637563f8ea40d50d6bfd826915b0c0a54d2b8015d16224f9b,defihacklabs,SynapLogic,2026-01-20,2026-09-30T05:51:24,https://github.com/SunWeb3Sec/DeFiHackLabs/blob/main/src/test/2026-01/SynapLogic_exp.sol
Base,0x3821f686384c231e2F71ea093Fb6189dE803f482,unknown,,defihacklabs,SynapLogic,2026-01-20,2026-09-30T05:51:24,https://github.com/SunWeb3Sec/DeFiHackLabs/blob/main/src/test/2026-01/SynapLogic_exp.sol
Base,0xc859ac8429fb4a5e24f24a7bed3fe3a8db4fb371,unknown,,defihacklabs,SynapLogic,2026-01-20,2026-09-30T05:51:24,https://github.com/SunWeb3Sec/DeFiHackLabs/blob/main/src/test/2026-01/SynapLogic_exp.sol
Base,0x3Aa8bb3A19EECD229Cb33fbc03Ff549473e30F38,unknown,,defihacklabs,SynapLogic,2026-01-20,2026-09-30T05:51:24,https://github.com/SunWeb3Sec/DeFiHackLabs/blob/main/src/test/2026-01/SynapLogic_exp.sol
Base,0x11f9564c0e3a203e4c2b427dcae401dfc7ea3b61,unknown,,defihacklabs,SynapLogic,2026-01-20,2026-09-30T05:51:24,https://github.com/SunWeb3Sec/DeFiHackLabs/blob/main/src/test/2026-01/SynapLogic_exp.sol
BSC,0xb180ef1bf6fb3e9a0b5db4460e4db804e946cc8a,unknown,,defihacklabs,XDKRecycle,2026-02-16,2026-09-30T05:51:24,https://github.com/SunWeb3Sec/DeFiHackLabs/blob/main/src/test/2026-02/XDKRecycle_exp.sol
BSC,0x1e7e4e41defde022e78add6f6e406a7520b63c70,unknown,,defihacklabs,XDKRecycle,2026-02-16,2026-09-30T05:51:24,https://github.com/SunWeb3Sec/DeFiHackLabs/blob/main/src/test/2026-02/XDKRecycle_exp.sol
BSC,0x02739be625f7a1cb196f42dceee630c394dd9faa,unknown,,defihacklabs,XDKRecycle,2026-02-16,2026-09-30T05:51:24,https://github.com/SunWeb3Sec/DeFiHackLabs/blob/main/src/test/2026-02/XDKRecycle_exp.sol
BSC,0x17f9132E66A78b93195b4B186702Ad18Fdcd6E3D,unknown,,defihacklabs,LAXO Token,2026-02-22,2026-09-30T05:51:24,https://github.com/SunWeb3Sec/DeFiHackLabs/blob/main/src/test/2026-02/LAXO_Token_exp.sol
BSC,0x6588ACB7dd37887C707C08AC710A82c9F9A7C1E9,unknown,,defihacklabs,LAXO Token,2026-02-22,2026-09-30T05:51:24,https://github.com/SunWeb3Sec/DeFiHackLabs/blob/main/src/test/2026-02/LAXO_Token_exp.sol
BSC,0x62951CaD7659393BF07fbe790cF898A3B6d317CB,unknown,,defihacklabs,LAXO Token,2026-02-22,2026-09-30T05:51:24,https://github.com/SunWeb3Sec/DeFiHackLabs/blob/main/src/test/2026-02/LAXO_Token_exp.sol
Ethereum,0x33a0aab2642c78729873786e5903cc30f9a94be2,attacker,Attacker,defihacklabs,Curve LlamaLend,2026-03-02,2026-09-30T05:51:24,https://github.com/SunWeb3Sec/DeFiHackLabs/blob/main/src/test/2026-03/Curve_LlamaLend_exp.sol
Ethereum,0xd8E8544E0c808641b9b89dfB285b5655BD5B6982,unknown,Attack Contract,defihacklabs,Curve LlamaLend,2026-03-02,2026-09-30T05:51:24,https://github.com/SunWeb3Sec/DeFiHackLabs/blob/main/src/test/2026-03/Curve_LlamaLend_exp.sol
Ethereum,0xC6C2fcdf688BAeB7b03D9D9C088c183dbB499ac0,unknown,Attack Contract2,defihacklabs,Curve LlamaLend,2026-03-02,2026-09-30T05:51:24,https://github.com/SunWeb3Sec/DeFiHackLabs/blob/main/src/test/2026-03/Curve_LlamaLend_exp.sol
ETH,0x33a0aab2642c78729873786e5903cc30f9a94be2,unknown,,defihacklabs,Curve LlamaLend,2026-03-02,2026-09-30T05:51:24,https://github.com/SunWeb3Sec/DeFiHackLabs/blob/main/src/test/2026-03/Curve_LlamaLend_exp.sol
ETH,0xd8E8544E0c808641b9b89dfB285b5655BD5B6982,unknown,,defihacklabs,Curve LlamaLend,2026-03-02,2026-09-30T05:51:24,https://github.com/SunWeb3Sec/DeFiHackLabs/blob/main/src/test/2026-03/Curve_LlamaLend_exp.sol
ETH,0xC6C2fcdf688BAeB7b03D9D9C088c183dbB499ac0,unknown,,defihacklabs,Curve LlamaLend,2026-03-02,2026-09-30T05:51:24,https://github.com/SunWeb3Sec/DeFiHackLabs/blob/main/src/test/2026-03/Curve_LlamaLend_exp.sol
Ethereum,0x0ed1c01b8420a965d7bd2374db02896464c91cd7,attacker,Attacker,defihacklabs,AlkemiEarn,2026-03-10,2026-09-30T05:51:24,https://github.com/SunWeb3Sec/DeFiHackLabs/blob/main/src/test/2026-03/AlkemiEarn_exp.sol
Ethereum,0xE408b52AEfB27A2FB4f1cD760A76DAa4BF23794B,unknown,Attack Contract,defihacklabs,AlkemiEarn,2026-03-10,2026-09-30T05:51:24,https://github.com/SunWeb3Sec/DeFiHackLabs/blob/main/src/test/2026-03/AlkemiEarn_exp.sol
Ethereum,0x4822D9172e5b76b9Db37B75f5552F9988F98a888,victim,Vulnerable Contract,defihacklabs,AlkemiEarn,2026-03-10,2026-09-30T05:51:24,https://github.com/SunWeb3Sec/DeFiHackLabs/blob/main/src/test/2026-03/AlkemiEarn_exp.sol
ETH,0x0ed1c01b8420a965d7bd2374db02896464c91cd7,unknown,,defihacklabs,AlkemiEarn,2026-03-10,2026-09-30T05:51:24,https://github.com/SunWeb3Sec/DeFiHackLabs/blob/main/src/test/2026-03/AlkemiEarn_exp.sol
ETH,0xE408b52AEfB27A2FB4f1cD760A76DAa4BF23794B,unknown,,defihacklabs,AlkemiEarn,2026-03-10,2026-09-30T05:51:24,https://github.com/SunWeb3Sec/DeFiHackLabs/blob/main/src/test/2026-03/AlkemiEarn_exp.sol
ETH,0x4822D9172e5b76b9Db37B75f5552F9988F98a888,unknown,,defihacklabs,AlkemiEarn,2026-03-10,2026-09-30T05:51:24,https://github.com/SunWeb3Sec/DeFiHackLabs/blob/main/src/test/2026-03/AlkemiEarn_exp.sol
ETH,0x1A35bD28EFD46CfC46c2136f878777D69ae16231,unknown,,rekt,Venus Protocol,2026-03-15,2026-09-30T05:51:24,https://rekt.news/venus-protocol-rekt4
ETH,0x43c743e316f40d4511762eedf6f6d484f67b2f82,unknown,,rekt,Venus Protocol,2026-03-15,2026-09-30T05:51:24,https://rekt.news/venus-protocol-rekt4
BSC,0x737bc98f1d34e19539c074b8ad1169d5d45da619,unknown,,rekt,Venus Protocol,2026-03-15,2026-09-30T05:51:24,https://rekt.news/venus-protocol-rekt4
Ethereum,0xbdcdc1d072dfd2a1401e88959c31071fc585ce8e,attacker,Attacker,defihacklabs,StakeOnMe,2026-03-15,2026-09-30T05:51:24,https://github.com/SunWeb3Sec/DeFiHackLabs/blob/main/src/test/2026-03/unverified_237d_exp.sol
Ethereum,0x8a9be1b19895798287a5a9b64db3d133e0297cda,unknown,Attack Contract,defihacklabs,StakeOnMe,2026-03-15,2026-09-30T05:51:24,https://github.com/SunWeb3Sec/DeFiHackLabs/blob/main/src/test/2026-03/unverified_237d_exp.sol
Ethereum,0x237d59bf98ec4f4f013bc35d66f22d2bc9504b3f,victim,Vulnerable Contract,defihacklabs,StakeOnMe,2026-03-15,2026-09-30T05:51:24,https://github.com/SunWeb3Sec/DeFiHackLabs/blob/main/src/test/2026-03/unverified_237d_exp.sol
ETH,0xbdcdc1d072dfd2a1401e88959c31071fc585ce8e,unknown,,defihacklabs,StakeOnMe,2026-03-15,2026-09-30T05:51:24,https://github.com/SunWeb3Sec/DeFiHackLabs/blob/main/src/test/2026-03/unverified_237d_exp.sol
ETH,0x8a9be1b19895798287a5a9b64db3d133e0297cda,unknown,,defihacklabs,StakeOnMe,2026-03-15,2026-09-30T05:51:24,https://github.com/SunWeb3Sec/DeFiHackLabs/blob/main/src/test/2026-03/unverified_237d_exp.sol
ETH,0x237d59bf98ec4f4f013bc35d66f22d2bc9504b3f,unknown,,defihacklabs,StakeOnMe,2026-03-15,2026-09-30T05:51:24,https://github.com/SunWeb3Sec/DeFiHackLabs/blob/main/src/test/2026-03/unverified_237d_exp.sol
Ethereum,0x43C743e316F40d4511762EEdf6f6D484F67b2F82,attacker,Attacker,defihacklabs,Venus THE,2026-03-15,2026-09-30T05:51:24,https://github.com/SunWeb3Sec/DeFiHackLabs/blob/main/src/test/2026-03/Venus_THE_exp.sol
ETH,0x43C743e316F40d4511762EEdf6f6D484F67b2F82,unknown,,defihacklabs,Venus THE,2026-03-15,2026-09-30T05:51:24,https://github.com/SunWeb3Sec/DeFiHackLabs/blob/main/src/test/2026-03/Venus_THE_exp.sol
BSC,0x737bc98F1D34E19539C074B8Ad1169d5d45dA619,unknown,,defihacklabs,Venus THE,2026-03-15,2026-09-30T05:51:24,https://github.com/SunWeb3Sec/DeFiHackLabs/blob/main/src/test/2026-03/Venus_THE_exp.sol
Polygon,0x6ff2be5d0e5b3974a818731e3ff6eeec8cd9d970,unknown,,defihacklabs,unverified,2026-03-16,2026-09-30T05:51:24,https://github.com/SunWeb3Sec/DeFiHackLabs/blob/main/src/test/2026-03/unverified_1304_exp.sol
Polygon,0x9a5fe6e6a27f7eace0782b89e6b216849d871e4f,unknown,,defihacklabs,unverified,2026-03-16,2026-09-30T05:51:24,https://github.com/SunWeb3Sec/DeFiHackLabs/blob/main/src/test/2026-03/unverified_1304_exp.sol
Polygon,0x13046f513802de93f3fc48f0cdb2cb7df22ec01a,unknown,,defihacklabs,unverified,2026-03-16,2026-09-30T05:51:24,https://github.com/SunWeb3Sec/DeFiHackLabs/blob/main/src/test/2026-03/unverified_1304_exp.sol
BSC,0xf1e73123594cb0f3655d40e4dd6bde41fa8806e8,unknown,,defihacklabs,JPulsepot,2025-01-10,2026-09-30T05:51:23,https://github.com/SunWeb3Sec/DeFiHackLabs/blob/main/src/test/2025-01/JPulsepot_exp.sol
ETH,0xe40ab156440804c3404bb80cbb6b47dddd3abfd7,unknown,,defihacklabs,JPulsepot,2025-01-10,2026-09-30T05:51:23,https://github.com/SunWeb3Sec/DeFiHackLabs/blob/main/src/test/2025-01/JPulsepot_exp.sol
BSC,0x818CD70bE0C9DEC3B0bc52eFAACEb06469Ce587F,unknown,,defihacklabs,JPulsepot,2025-01-10,2026-09-30T05:51:23,https://github.com/SunWeb3Sec/DeFiHackLabs/blob/main/src/test/2025-01/JPulsepot_exp.sol
BSC,0x384b9fb6e42dab87f3023d87ea1575499a69998e,unknown,,defihacklabs,JPulsepot,2025-01-10,2026-09-30T05:51:23,https://github.com/SunWeb3Sec/DeFiHackLabs/blob/main/src/test/2025-01/JPulsepot_exp.sol
BSC,0x0000000000004f3d8aaf9175fd824cb00ad4bf80,unknown,,defihacklabs,RoulettePotV2,2025-01-11,2026-09-30T05:51:23,https://github.com/SunWeb3Sec/DeFiHackLabs/blob/main/src/test/2025-01/RoulettePotV2_exp.sol
BSC,0x000000000000bb1b11e5ac8099e92e366b64c133,unknown,,defihacklabs,RoulettePotV2,2025-01-11,2026-09-30T05:51:23,https://github.com/SunWeb3Sec/DeFiHackLabs/blob/main/src/test/2025-01/RoulettePotV2_exp.sol
BSC,0xf573748637e0576387289f1914627d716927f90f,unknown,,defihacklabs,RoulettePotV2,2025-01-11,2026-09-30T05:51:23,https://github.com/SunWeb3Sec/DeFiHackLabs/blob/main/src/test/2025-01/RoulettePotV2_exp.sol
Ethereum,0x55f5f8058816d5376df310770ca3a2e294089c33,attacker,Attacker,defihacklabs,Unilend,2025-01-12,2026-09-30T05:51:23,https://github.com/SunWeb3Sec/DeFiHackLabs/blob/main/src/test/2025-01/Unilend_exp.sol
Ethereum,0x3f814e5fae74cd73a70a0ea38d85971dfa6fda21,unknown,Attack Contract,defihacklabs,Unilend,2025-01-12,2026-09-30T05:51:23,https://github.com/SunWeb3Sec/DeFiHackLabs/blob/main/src/test/2025-01/Unilend_exp.sol
Ethereum,0x4e34dd25dbd367b1bf82e1b5527dbbe799fad0d0,victim,Vulnerable Contract,defihacklabs,Unilend,2025-01-12,2026-09-30T05:51:23,https://github.com/SunWeb3Sec/DeFiHackLabs/blob/main/src/test/2025-01/Unilend_exp.sol
ETH,0x55f5f8058816d5376df310770ca3a2e294089c33,unknown,,defihacklabs,Unilend,2025-01-12,2026-09-30T05:51:23,https://github.com/SunWeb3Sec/DeFiHackLabs/blob/main/src/test/2025-01/Unilend_exp.sol
ETH,0x3f814e5fae74cd73a70a0ea38d85971dfa6fda21,unknown,,defihacklabs,Unilend,2025-01-12,2026-09-30T05:51:23,https://github.com/SunWeb3Sec/DeFiHackLabs/blob/main/src/test/2025-01/Unilend_exp.sol
ETH,0x4e34dd25dbd367b1bf82e1b5527dbbe799fad0d0,unknown,,defihacklabs,Unilend,2025-01-12,2026-09-30T05:51:23,https://github.com/SunWeb3Sec/DeFiHackLabs/blob/main/src/test/2025-01/Unilend_exp.sol
BSC,0xe763da20e25103da8e6afa84b6297f87de557419,unknown,,defihacklabs,Mosca2,2025-01-13,2026-09-30T05:51:23,https://github.com/SunWeb3Sec/DeFiHackLabs/blob/main/src/test/2025-01/Mosca2_exp.sol
BSC,0xedcfa34e275120e7d18edbbb0a6171d8ad3ccf54,unknown,,defihacklabs,Mosca2,2025-01-13,2026-09-30T05:51:23,https://github.com/SunWeb3Sec/DeFiHackLabs/blob/main/src/test/2025-01/Mosca2_exp.sol
BSC,0xd8791f0c10b831b605c5d48959eb763b266940b9,unknown,,defihacklabs,Mosca2,2025-01-13,2026-09-30T05:51:23,https://github.com/SunWeb3Sec/DeFiHackLabs/blob/main/src/test/2025-01/Mosca2_exp.sol
Ethereum,0xe546480138d50bb841b204691c39cc514858d101,attacker,Attacker,defihacklabs,IdolsNFT,2025-01-14,2026-09-30T05:51:23,https://github.com/SunWeb3Sec/DeFiHackLabs/blob/main/src/test/2025-01/IdolsNFT_exp.sol
Ethereum,0x439cac149b935ae1d726569800972e1669d17094,victim,Vulnerable Contract,defihacklabs,IdolsNFT,2025-01-14,2026-09-30T05:51:23,https://github.com/SunWeb3Sec/DeFiHackLabs/blob/main/src/test/2025-01/IdolsNFT_exp.sol
ETH,0xe546480138d50bb841b204691c39cc514858d101,unknown,,defihacklabs,IdolsNFT,2025-01-14,2026-09-30T05:51:23,https://github.com/SunWeb3Sec/DeFiHackLabs/blob/main/src/test/2025-01/IdolsNFT_exp.sol
ETH,0x22d22134612c0741ebdb3b74a58842d6e74e3b16,unknown,,defihacklabs,IdolsNFT,2025-01-14,2026-09-30T05:51:23,https://github.com/SunWeb3Sec/DeFiHackLabs/blob/main/src/test/2025-01/IdolsNFT_exp.sol
ETH,0x439cac149b935ae1d726569800972e1669d17094,unknown,,defihacklabs,IdolsNFT,2025-01-14,2026-09-30T05:51:23,https://github.com/SunWeb3Sec/DeFiHackLabs/blob/main/src/test/2025-01/IdolsNFT_exp.sol
Arbitrum,0x56190CAC88b8D4b5D5Ed668ef81828913932e7Ed,unknown,,defihacklabs,Paribus,2025-01-18,2026-09-30T05:51:23,https://github.com/SunWeb3Sec/DeFiHackLabs/blob/main/src/test/2025-01/Paribus_exp.sol
Arbitrum,0xaffd437801434643b734d0b2853654876f66f7d7,unknown,,defihacklabs,Paribus,2025-01-18,2026-09-30T05:51:23,https://github.com/SunWeb3Sec/DeFiHackLabs/blob/main/src/test/2025-01/Paribus_exp.sol
BSC,0x56f77AdC522BFfebB3AF0669564122933AB5EA4f,unknown,,defihacklabs,Ast,2025-01-21,2026-09-30T05:51:23,https://github.com/SunWeb3Sec/DeFiHackLabs/blob/main/src/test/2025-01/Ast_exp.sol
BSC,0xaaE196b6E3f3Ee34405e857e7bfb05D74c5cf775,unknown,,defihacklabs,Ast,2025-01-21,2026-09-30T05:51:23,https://github.com/SunWeb3Sec/DeFiHackLabs/blob/main/src/test/2025-01/Ast_exp.sol
BSC,0xc10E0319337c7F83342424Df72e73a70A29579B2,unknown,,defihacklabs,Ast,2025-01-21,2026-09-30T05:51:23,https://github.com/SunWeb3Sec/DeFiHackLabs/blob/main/src/test/2025-01/Ast_exp.sol
ETH,0x50be13b54f3eebbe415d20250598d81280e56772,unknown,,rekt,Phemex,2025-01-23,2026-09-30T05:51:23,https://rekt.news/phemex-rekt
ETH,0x5B34414e95a8b8D0B16a39BAf5b97CEc1d517E22,unknown,,rekt,Phemex,2025-01-23,2026-09-30T05:51:23,https://rekt.news/phemex-rekt
ETH,0x140dEA3B704D724ddfF41597b35A10Ce0189661f,unknown,,rekt,Phemex,2025-01-23,2026-09-30T05:51:23,https://rekt.news/phemex-rekt
ETH,0x6C42F03d730b7643939fA1D00416cB2985eD9cF3,unknown,,rekt,Phemex,2025-01-23,2026-09-30T05:51:23,https://rekt.news/phemex-rekt
BSC,0xd760CC6F2D41E43309912D54a0955dbC8A77890f,unknown,,rekt,Phemex,2025-01-23,2026-09-30T05:51:23,https://rekt.news/phemex-rekt
ETH,0x392d99Ec0348172C046cd64b85C21Df0927ab946,unknown,,rekt,Phemex,2025-01-23,2026-09-30T05:51:23,https://rekt.news/phemex-rekt
ETH,0x17BCC630B1409637D42dFb278f8E2ea9fc862631,unknown,,rekt,Phemex,2025-01-23,2026-09-30T05:51:23,https://rekt.news/phemex-rekt
Avalanche,0x7288CA84AB40Be3435dd33D0ceaC57Fe75eccD1D,unknown,,rekt,Phemex,2025-01-23,2026-09-30T05:51:23,https://rekt.news/phemex-rekt
ETH,0x069987773b3DeE7AC4afFb9f06A4a90f9984AB10,unknown,,rekt,Phemex,2025-01-23,2026-09-30T05:51:23,https://rekt.news/phemex-rekt
Arbitrum,0xAE2F4172f3665c0AA332e871B32314D26D47f465,unknown,,rekt,Phemex,2025-01-23,2026-09-30T05:51:23,https://rekt.news/phemex-rekt
ETH,0xf493033B14cE39CBC6a283921eA50919C5D43Dfe,unknown,,rekt,Phemex,2025-01-23,2026-09-30T05:51:23,https://rekt.news/phemex-rekt
ETH,0xc590175E458b83680867AFD273527Ff58f74c02b,unknown,,rekt,Phemex,2025-01-23,2026-09-30T05:51:23,https://rekt.news/phemex-rekt
Polygon,0x9B52594bFe50c51A75a8775ea03aD687E25E6A58,unknown,,rekt,Phemex,2025-01-23,2026-09-30T05:51:23,https://rekt.news/phemex-rekt
ETH,0xE9AA4a999ca1D9093054CF4f5dc221a06D433650,unknown,,rekt,Phemex,2025-01-23,2026-09-30T05:51:23,https://rekt.news/phemex-rekt
ETH,0xEba89b66C132E7fAd2a238BF416Fb9d45dcAd1FF,unknown,,rekt,Phemex,2025-01-23,2026-09-30T05:51:23,https://rekt.news/phemex-rekt
ETH,0xB66aF6Fe0478507f2cF74F43a2bc383fdcF8d09c,unknown,,rekt,Phemex,2025-01-23,2026-09-30T05:51:23,https://rekt.news/phemex-rekt
ETH,0x521ca0920fe5f77c63cb4e6aa9567a0c460c1b26,unknown,,rekt,Phemex,2025-01-23,2026-09-30T05:51:23,https://rekt.news/phemex-rekt
ETH,0x42984Ce6bA186Fd684C92ed3165fa029BE2F217E,unknown,,rekt,Phemex,2025-01-23,2026-09-30T05:51:23,https://rekt.news/phemex-rekt
ETH,0x4919d3793e1d4FFEa2b824B7A579414533950b00,unknown,,rekt,Phemex,2025-01-23,2026-09-30T05:51:23,https://rekt.news/phemex-rekt
ETH,0xd30dc7fb42a7054cbe8b140bd038498e9ba562eb,unknown,,rekt,Phemex,2025-01-23,2026-09-30T05:51:23,https://rekt.news/phemex-rekt
TRX,THAABzWrhp84Nr7gxss7qhtzA5mp3d1qUo,unknown,,rekt,Phemex,2025-01-23,2026-09-30T05:51:23,https://rekt.news/phemex-rekt
TRX,TBz3DH6GUpg4cEGrcKzs8gSTvLQCGaYk5F,unknown,,rekt,Phemex,2025-01-23,2026-09-30T05:51:23,https://rekt.news/phemex-rekt
TRX,TLz7tV8B4hAwYZ54ES1HQfRrdi8SFfxbA1,unknown,,rekt,Phemex,2025-01-23,2026-09-30T05:51:23,https://rekt.news/phemex-rekt
BTC,bc1q32sxnq5hecdurfzgzp5x0zh8du86v9x84wdqdx,unknown,,rekt,Phemex,2025-01-23,2026-09-30T05:51:23,https://rekt.news/phemex-rekt
BTC,bc1q7v5se5aq37g3lw8ccgre2laktpt6qrjvxqcz4p,unknown,,rekt,Phemex,2025-01-23,2026-09-30T05:51:23,https://rekt.news/phemex-rekt
SOL,EWSHJzKpzjpwz9GuNKkXWMHXAiwtB7obSGhdFKu5QZku,unknown,,rekt,Phemex,2025-01-23,2026-09-30T05:51:23,https://rekt.news/phemex-rekt
SOL,3q38w9HpZcVGrKp43WSJa6KQpEfSDSoAyaebuARwbU8B,unknown,,rekt,Phemex,2025-01-23,2026-09-30T05:51:23,https://rekt.news/phemex-rekt
SOL,CSERJWB57xayQte4xyngoUVPDcWwJgXX9V4NjPS19F66,unknown,,rekt,Phemex,2025-01-23,2026-09-30T05:51:23,https://rekt.news/phemex-rekt
Base,0x4015d786e33c1842c3e4d27792098e4a3612fc0e,unknown,,defihacklabs,ODOS,2025-01-23,2026-09-30T05:51:23,https://github.com/SunWeb3Sec/DeFiHackLabs/blob/main/src/test/2025-01/ODOS_exp.sol
Base,0x22a7da241a39f189a8aec269a6f11a238b6086fc,unknown,,defihacklabs,ODOS,2025-01-23,2026-09-30T05:51:23,https://github.com/SunWeb3Sec/DeFiHackLabs/blob/main/src/test/2025-01/ODOS_exp.sol
Base,0xb6333e994fd02a9255e794c177efbdeb1fe779c7,unknown,,defihacklabs,ODOS,2025-01-23,2026-09-30T05:51:23,https://github.com/SunWeb3Sec/DeFiHackLabs/blob/main/src/test/2025-01/ODOS_exp.sol
Base,0x312b559b41139c75a75c7ae1ea4454e661a02647,unknown,,defihacklabs,AIXBTForcedSwap,2025-01-26,2026-09-30T05:51:23,https://github.com/SunWeb3Sec/DeFiHackLabs/blob/main/src/test/2025-01/AIXBTForcedSwap_exp.sol
Base,0x4f3a1aebc074ef7a1b3675d7b8d4c5a72d629fac,unknown,,defihacklabs,AIXBTForcedSwap,2025-01-26,2026-09-30T05:51:23,https://github.com/SunWeb3Sec/DeFiHackLabs/blob/main/src/test/2025-01/AIXBTForcedSwap_exp.sol
Base,0x32cd8541ccd275a70dda33a9fd490d948a78e1ff,unknown,,defihacklabs,AIXBTForcedSwap,2025-01-26,2026-09-30T05:51:23,https://github.com/SunWeb3Sec/DeFiHackLabs/blob/main/src/test/2025-01/AIXBTForcedSwap_exp.sol
Ethereum,0x0C8ecf2BbF9361fa2DD0Bd29ea473FB790aB7fEE,attacker,Attacker,defihacklabs,MCAI,2025-01-28,2026-09-30T05:51:23,https://github.com/SunWeb3Sec/DeFiHackLabs/blob/main/src/test/2025-01/MCAI_exp.sol
Ethereum,0xdDF062714911A2e59996Eb94A57b7040Ea44309D,unknown,Attack Contract,defihacklabs,MCAI,2025-01-28,2026-09-30T05:51:23,https://github.com/SunWeb3Sec/DeFiHackLabs/blob/main/src/test/2025-01/MCAI_exp.sol
Ethereum,0x810B5902CB2ac2Fa63dFE4A6935EA32aED975cc8,victim,Vulnerable Contract,defihacklabs,MCAI,2025-01-28,2026-09-30T05:51:23,https://github.com/SunWeb3Sec/DeFiHackLabs/blob/main/src/test/2025-01/MCAI_exp.sol
Ethereum,0x660a6619574e87d12Ba7Fa3F5679D5D7F587A4fE,victim,Victim,defihacklabs,MCAI,2025-01-28,2026-09-30T05:51:23,https://github.com/SunWeb3Sec/DeFiHackLabs/blob/main/src/test/2025-01/MCAI_exp.sol
ETH,0x0C8ecf2BbF9361fa2DD0Bd29ea473FB790aB7fEE,unknown,,defihacklabs,MCAI,2025-01-28,2026-09-30T05:51:23,https://github.com/SunWeb3Sec/DeFiHackLabs/blob/main/src/test/2025-01/MCAI_exp.sol
ETH,0xdDF062714911A2e59996Eb94A57b7040Ea44309D,unknown,,defihacklabs,MCAI,2025-01-28,2026-09-30T05:51:23,https://github.com/SunWeb3Sec/DeFiHackLabs/blob/main/src/test/2025-01/MCAI_exp.sol
ETH,0x810B5902CB2ac2Fa63dFE4A6935EA32aED975cc8,unknown,,defihacklabs,MCAI,2025-01-28,2026-09-30T05:51:23,https://github.com/SunWeb3Sec/DeFiHackLabs/blob/main/src/test/2025-01/MCAI_exp.sol
ETH,0x660a6619574e87d12Ba7Fa3F5679D5D7F587A4fE,unknown,,defihacklabs,MCAI,2025-01-28,2026-09-30T05:51:23,https://github.com/SunWeb3Sec/DeFiHackLabs/blob/main/src/test/2025-01/MCAI_exp.sol
BSC,0xfBE2CF822e1361FB74421E2a0bD9844A48932cE2,unknown,,defihacklabs,GoldReserve,2025-02-01,2026-09-30T05:51:23,https://github.com/SunWeb3Sec/DeFiHackLabs/blob/main/src/test/2025-02/GoldReserve_exp.sol
BSC,0x3Fc424f13BE05D4F261877a4a9B9963C02222815,unknown,,defihacklabs,GoldReserve,2025-02-01,2026-09-30T05:51:23,https://github.com/SunWeb3Sec/DeFiHackLabs/blob/main/src/test/2025-02/GoldReserve_exp.sol
BSC,0x7c77576a2b48504EBD9fF0810D799651f68742d3,unknown,,defihacklabs,GoldReserve,2025-02-01,2026-09-30T05:51:23,https://github.com/SunWeb3Sec/DeFiHackLabs/blob/main/src/test/2025-02/GoldReserve_exp.sol
BSC,0x0a4125690753b6cc82cadbca0f0899eb2025acb0,unknown,,defihacklabs,GMT7,2025-02-08,2026-09-30T05:51:23,https://github.com/SunWeb3Sec/DeFiHackLabs/blob/main/src/test/2025-02/GMT7_exp.sol
BSC,0x8ea93821691bb9ec2ce0b4edacd920e9025779e4,unknown,,defihacklabs,GMT7,2025-02-08,2026-09-30T05:51:23,https://github.com/SunWeb3Sec/DeFiHackLabs/blob/main/src/test/2025-02/GMT7_exp.sol
BSC,0x9ad90eeab3caff64a762cb40387ee1bb18bd31e3,unknown,,defihacklabs,GMT7,2025-02-08,2026-09-30T05:51:23,https://github.com/SunWeb3Sec/DeFiHackLabs/blob/main/src/test/2025-02/GMT7_exp.sol
Ethereum,0xedee6379fe90bd9b85d8d0b767d4a6deb0dc9dcf,attacker,Attacker,defihacklabs,Peapods Finance,2025-02-08,2026-09-30T05:51:23,https://github.com/SunWeb3Sec/DeFiHackLabs/blob/main/src/test/2025-02/PeapodsFinance_exp.sol
ETH,0xedee6379fe90bd9b85d8d0b767d4a6deb0dc9dcf,unknown,,defihacklabs,Peapods Finance,2025-02-08,2026-09-30T05:51:23,https://github.com/SunWeb3Sec/DeFiHackLabs/blob/main/src/test/2025-02/PeapodsFinance_exp.sol
Base,0xc2B2197ca4B2eE3b4EB61Fc59E6D592d04a2e26A,unknown,,defihacklabs,LimitOrderProtocol,2025-02-11,2026-09-30T05:51:23,https://github.com/SunWeb3Sec/DeFiHackLabs/blob/main/src/test/2025-02/LimitOrderProtocol_exp.sol
Base,0xfeCC81Ad11E2362CDb6C3df16FF49682fF229dE7,unknown,,defihacklabs,LimitOrderProtocol,2025-02-11,2026-09-30T05:51:23,https://github.com/SunWeb3Sec/DeFiHackLabs/blob/main/src/test/2025-02/LimitOrderProtocol_exp.sol
Base,0xCe8D7Cd4DdB3Fd50bAae0Cc59DBfd786a7f0e44e,unknown,,defihacklabs,LimitOrderProtocol,2025-02-11,2026-09-30T05:51:23,https://github.com/SunWeb3Sec/DeFiHackLabs/blob/main/src/test/2025-02/LimitOrderProtocol_exp.sol
Base,0xb5486f71c902fe0844bb07221fa8f47834d90b1b,unknown,,defihacklabs,LimitOrderProtocol,2025-02-11,2026-09-30T05:51:23,https://github.com/SunWeb3Sec/DeFiHackLabs/blob/main/src/test/2025-02/LimitOrderProtocol_exp.sol
Ethereum,0xc9A5643eD8E4CD68d16FE779D378C0E8e7225A54,attacker,Attacker,defihacklabs,Scorch,2025-02-11,2026-09-30T05:51:23,https://github.com/SunWeb3Sec/DeFiHackLabs/blob/main/src/test/2025-02/Scorch_exp.sol
Ethereum,0x60E1a5714AB98f4ba55811c45899Fb425433BB65,unknown,Attack Contract,defihacklabs,Scorch,2025-02-11,2026-09-30T05:51:23,https://github.com/SunWeb3Sec/DeFiHackLabs/blob/main/src/test/2025-02/Scorch_exp.sol
Ethereum,0xA3D0e72c8A2fE9127A77412BF34bEe5e4945bd49,victim,Vulnerable Contract,defihacklabs,Scorch,2025-02-11,2026-09-30T05:51:23,https://github.com/SunWeb3Sec/DeFiHackLabs/blob/main/src/test/2025-02/Scorch_exp.sol
ETH,0xc9A5643eD8E4CD68d16FE779D378C0E8e7225A54,unknown,,defihacklabs,Scorch,2025-02-11,2026-09-30T05:51:23,https://github.com/SunWeb3Sec/DeFiHackLabs/blob/main/src/test/2025-02/Scorch_exp.sol
ETH,0x60E1a5714AB98f4ba55811c45899Fb425433BB65,unknown,,defihacklabs,Scorch,2025-02-11,2026-09-30T05:51:23,https://github.com/SunWeb3Sec/DeFiHackLabs/blob/main/src/test/2025-02/Scorch_exp.sol
ETH,0xA3D0e72c8A2fE9127A77412BF34bEe5e4945bd49,unknown,,defihacklabs,Scorch,2025-02-11,2026-09-30T05:51:23,https://github.com/SunWeb3Sec/DeFiHackLabs/blob/main/src/test/2025-02/Scorch_exp.sol
BSC,0x010Fc97CB0a4D101dCe20DAB37361514bD59A53A,unknown,,defihacklabs,FourMeme,2025-02-11,2026-09-30T05:51:23,https://github.com/SunWeb3Sec/DeFiHackLabs/blob/main/src/test/2025-02/FourMeme_exp.sol
BSC,0x935d6cf073eab37ca2b5878af21329d5dbf4f4a5,unknown,,defihacklabs,FourMeme,2025-02-11,2026-09-30T05:51:23,https://github.com/SunWeb3Sec/DeFiHackLabs/blob/main/src/test/2025-02/FourMeme_exp.sol
BSC,0xf91848a076efaa6b8ecc9d378ab6d32bd506dc79,unknown,,defihacklabs,FourMeme,2025-02-11,2026-09-30T05:51:23,https://github.com/SunWeb3Sec/DeFiHackLabs/blob/main/src/test/2025-02/FourMeme_exp.sol
BSC,0x907004b6bb6965a83fdbcbc060a5b30bc876c33d,unknown,,defihacklabs,FourMeme,2025-02-11,2026-09-30T05:51:23,https://github.com/SunWeb3Sec/DeFiHackLabs/blob/main/src/test/2025-02/FourMeme_exp.sol
BSC,0x482b004e7800174a1efb87f496552ac8f53b2fda,unknown,,defihacklabs,FourMeme,2025-02-11,2026-09-30T05:51:23,https://github.com/SunWeb3Sec/DeFiHackLabs/blob/main/src/test/2025-02/FourMeme_exp.sol
BSC,0x06799F7b09A455c1cF6a8E7615Ece04B31A9D051,unknown,,defihacklabs,FourMeme,2025-02-11,2026-09-30T05:51:23,https://github.com/SunWeb3Sec/DeFiHackLabs/blob/main/src/test/2025-02/FourMeme_exp.sol
BSC,0x4fdebca823b7886c3a69fa5fc014104f646d9591,unknown,,defihacklabs,FourMeme,2025-02-11,2026-09-30T05:51:23,https://github.com/SunWeb3Sec/DeFiHackLabs/blob/main/src/test/2025-02/FourMeme_exp.sol
BSC,0xbf26e147918a07cb8d8cf38d260edf346977686c,unknown,,defihacklabs,FourMeme,2025-02-11,2026-09-30T05:51:23,https://github.com/SunWeb3Sec/DeFiHackLabs/blob/main/src/test/2025-02/FourMeme_exp.sol
BSC,0x5c952063c7fc8610FFDB798152D69F0B9550762b,unknown,,defihacklabs,FourMeme,2025-02-11,2026-09-30T05:51:23,https://github.com/SunWeb3Sec/DeFiHackLabs/blob/main/src/test/2025-02/FourMeme_exp.sol
Ethereum,0x8149f77504007450711023cf0ec11bdd6348401f,attacker,Attacker,defihacklabs,unverified_d4f1,2025-02-15,2026-09-30T05:51:23,https://github.com/SunWeb3Sec/DeFiHackLabs/blob/main/src/test/2025-02/unverified_d4f1_exp.sol
ETH,0x8149f77504007450711023cf0ec11bdd6348401f,unknown,,defihacklabs,unverified_d4f1,2025-02-15,2026-09-30T05:51:23,https://github.com/SunWeb3Sec/DeFiHackLabs/blob/main/src/test/2025-02/unverified_d4f1_exp.sol
BSC,0x009e64c02848dc51aa3f46775c2cfbf1190c2841,unknown,,defihacklabs,unverified_d4f1,2025-02-15,2026-09-30T05:51:23,https://github.com/SunWeb3Sec/DeFiHackLabs/blob/main/src/test/2025-02/unverified_d4f1_exp.sol
BSC,0xd4f1afd0331255e848c119ca39143d41144f7cb3,unknown,,defihacklabs,unverified_d4f1,2025-02-15,2026-09-30T05:51:23,https://github.com/SunWeb3Sec/DeFiHackLabs/blob/main/src/test/2025-02/unverified_d4f1_exp.sol
ETH,0x6dd31a526eE3DdBC7BE888b729A445695c03148e,unknown,,rekt,IoTeX,2025-02-21,2026-09-30T05:51:23,https://rekt.news/iotex-rekt
ETH,0xE7eBA1CEA51EC9B3AcCC16728e3B8786560c59d5,unknown,,rekt,IoTeX,2025-02-21,2026-09-30T05:51:23,https://rekt.news/iotex-rekt
ETH,0xa467a6c7ca8e812e997bfe50ce4e7991aad00a88,unknown,,rekt,IoTeX,2025-02-21,2026-09-30T05:51:23,https://rekt.news/iotex-rekt
ETH,0x43ed5caadb3fbef610dad8aae621519b20b34de6,unknown,,rekt,IoTeX,2025-02-21,2026-09-30T05:51:23,https://rekt.news/iotex-rekt
ETH,0xc9ca98967cc0f9ffb36c9752e8d7536f6b815c1b,unknown,,rekt,IoTeX,2025-02-21,2026-09-30T05:51:23,https://rekt.news/iotex-rekt
ETH,0x6487B5006904f3Db3C4a3654409AE92b87eD442f,unknown,,rekt,IoTeX,2025-02-21,2026-09-30T05:51:23,https://rekt.news/iotex-rekt
ETH,0xE6A191a894dD3c85e3c89926e9f476F818eE55d9,unknown,,rekt,IoTeX,2025-02-21,2026-09-30T05:51:23,https://rekt.news/iotex-rekt
ETH,0x39c188029433bdd7965B55959221ABe00466565E,unknown,,rekt,IoTeX,2025-02-21,2026-09-30T05:51:23,https://rekt.news/iotex-rekt
ETH,0xa5f24f4f89f62dd2df9a4a46b9f81f6590025d97,unknown,,rekt,IoTeX,2025-02-21,2026-09-30T05:51:23,https://rekt.news/iotex-rekt
BTC,135oSa2fobTxtHtm5dwTREDyRY2o1DG1Aw,unknown,,rekt,IoTeX,2025-02-21,2026-09-30T05:51:23,https://rekt.news/iotex-rekt
BTC,16xusPKLMyqK68SkhfXDtic6AJPDi51tqh,unknown,,rekt,IoTeX,2025-02-21,2026-09-30T05:51:23,https://rekt.news/iotex-rekt
BTC,12V7jhcPnqnGbRFMasSW2CZVBd8qpvUgAK,unknown,,rekt,IoTeX,2025-02-21,2026-09-30T05:51:23,https://rekt.news/iotex-rekt
BTC,1PN2BoHU4buDQWcrNHk9T9NBA2qX8oyYEc,unknown,,rekt,IoTeX,2025-02-21,2026-09-30T05:51:23,https://rekt.news/iotex-rekt
Ethereum,0x0fa09c3a328792253f8dee7116848723b72a6d2e,attacker,Attacker,defihacklabs,Bybit,2025-02-21,2026-09-30T05:51:23,https://github.com/SunWeb3Sec/DeFiHackLabs/blob/main/src/test/2025-02/Bybit_exp.sol
Ethereum,0x96221423681a6d52e184d440a8efcebb105c7242,unknown,Attack Contract (Trojan),defihacklabs,Bybit,2025-02-21,2026-09-30T05:51:23,https://github.com/SunWeb3Sec/DeFiHackLabs/blob/main/src/test/2025-02/Bybit_exp.sol
Ethereum,0xbdd077f651ebe7f7b3ce16fe5f2b025be2969516,unknown,Attack Contract (Backdoor),defihacklabs,Bybit,2025-02-21,2026-09-30T05:51:23,https://github.com/SunWeb3Sec/DeFiHackLabs/blob/main/src/test/2025-02/Bybit_exp.sol
Ethereum,0x1db92e2eebc8e0c075a02bea49a2935bcd2dfcf4,victim,Vulnerable Contract (Bybit Cold Wallet),defihacklabs,Bybit,2025-02-21,2026-09-30T05:51:23,https://github.com/SunWeb3Sec/DeFiHackLabs/blob/main/src/test/2025-02/Bybit_exp.sol
Ethereum,0x34cfac646f301356faa8b21e94227e3583fe3f5f,victim,Vulnerable Contract Code (Implementation),defihacklabs,Bybit,2025-02-21,2026-09-30T05:51:23,https://github.com/SunWeb3Sec/DeFiHackLabs/blob/main/src/test/2025-02/Bybit_exp.sol
ETH,0x0fa09c3a328792253f8dee7116848723b72a6d2e,unknown,,defihacklabs,Bybit,2025-02-21,2026-09-30T05:51:23,https://github.com/SunWeb3Sec/DeFiHackLabs/blob/main/src/test/2025-02/Bybit_exp.sol
ETH,0x96221423681a6d52e184d440a8efcebb105c7242,unknown,,defihacklabs,Bybit,2025-02-21,2026-09-30T05:51:23,https://github.com/SunWeb3Sec/DeFiHackLabs/blob/main/src/test/2025-02/Bybit_exp.sol
ETH,0xbdd077f651ebe7f7b3ce16fe5f2b025be2969516,unknown,,defihacklabs,Bybit,2025-02-21,2026-09-30T05:51:23,https://github.com/SunWeb3Sec/DeFiHackLabs/blob/main/src/test/2025-02/Bybit_exp.sol
ETH,0x1db92e2eebc8e0c075a02bea49a2935bcd2dfcf4,unknown,,defihacklabs,Bybit,2025-02-21,2026-09-30T05:51:23,https://github.com/SunWeb3Sec/DeFiHackLabs/blob/main/src/test/2025-02/Bybit_exp.sol
ETH,0x34cfac646f301356faa8b21e94227e3583fe3f5f,unknown,,defihacklabs,Bybit,2025-02-21,2026-09-30T05:51:23,https://github.com/SunWeb3Sec/DeFiHackLabs/blob/main/src/test/2025-02/Bybit_exp.sol
BSC,0xFb1cc1548D039f14b02cfF9aE86757Edd2CDB8A5,unknown,,defihacklabs,StepHeroNFTs,2025-02-21,2026-09-30T05:51:23,https://github.com/SunWeb3Sec/DeFiHackLabs/blob/main/src/test/2025-02/StepHeroNFTs_exp.sol
BSC,0xd4c80700ca911d5d3026a595e12aa4174f4cacb3,unknown,,defihacklabs,StepHeroNFTs,2025-02-21,2026-09-30T05:51:23,https://github.com/SunWeb3Sec/DeFiHackLabs/blob/main/src/test/2025-02/StepHeroNFTs_exp.sol
BSC,0xb4c32404de3367ca94385ac5b952a7a84b5bdf76,unknown,,defihacklabs,StepHeroNFTs,2025-02-21,2026-09-30T05:51:23,https://github.com/SunWeb3Sec/DeFiHackLabs/blob/main/src/test/2025-02/StepHeroNFTs_exp.sol
BSC,0x8f327e60fb2a7928c879c135453bd2b4ed6b0fe9,unknown,,defihacklabs,StepHeroNFTs,2025-02-21,2026-09-30T05:51:23,https://github.com/SunWeb3Sec/DeFiHackLabs/blob/main/src/test/2025-02/StepHeroNFTs_exp.sol
BSC,0x9823E10A0bF6F64F59964bE1A7f83090bf5728aB,unknown,,defihacklabs,StepHeroNFTs,2025-02-21,2026-09-30T05:51:23,https://github.com/SunWeb3Sec/DeFiHackLabs/blob/main/src/test/2025-02/StepHeroNFTs_exp.sol
BSC,0xd75652ada2f6a140f2ffcd7cd20f34c21fbc3fbc,unknown,,defihacklabs,Unverified_35bc,2025-02-22,2026-09-30T05:51:23,https://github.com/SunWeb3Sec/DeFiHackLabs/blob/main/src/test/2025-02/unverified_35bc_exp.sol
BSC,0x0a2f4da966319c14ee4c9f1a2bf04fe738df3ce5,unknown,,defihacklabs,Unverified_35bc,2025-02-22,2026-09-30T05:51:23,https://github.com/SunWeb3Sec/DeFiHackLabs/blob/main/src/test/2025-02/unverified_35bc_exp.sol
BSC,0xde91e6e937ec344e5a3c800539c41979c2d85278,unknown,,defihacklabs,Unverified_35bc,2025-02-22,2026-09-30T05:51:23,https://github.com/SunWeb3Sec/DeFiHackLabs/blob/main/src/test/2025-02/unverified_35bc_exp.sol
Ethereum,0x4B53608fF0cE42cDF9Cf01D7d024C2c9ea1aA2e8,attacker,Attacker,defihacklabs,HegicOptions,2025-02-23,2026-09-30T05:51:23,https://github.com/SunWeb3Sec/DeFiHackLabs/blob/main/src/test/2025-02/HegicOptions_exp.sol
Ethereum,0xF51E888616a123875EAf7AFd4417fbc4111750f7,unknown,Attack Contract,defihacklabs,HegicOptions,2025-02-23,2026-09-30T05:51:23,https://github.com/SunWeb3Sec/DeFiHackLabs/blob/main/src/test/2025-02/HegicOptions_exp.sol
Ethereum,0x7094E706E75E13D1E0ea237f71A7C4511e9d270B,victim,Vulnerable Contract,defihacklabs,HegicOptions,2025-02-23,2026-09-30T05:51:23,https://github.com/SunWeb3Sec/DeFiHackLabs/blob/main/src/test/2025-02/HegicOptions_exp.sol
ETH,0x4B53608fF0cE42cDF9Cf01D7d024C2c9ea1aA2e8,unknown,,defihacklabs,HegicOptions,2025-02-23,2026-09-30T05:51:23,https://github.com/SunWeb3Sec/DeFiHackLabs/blob/main/src/test/2025-02/HegicOptions_exp.sol
ETH,0xF51E888616a123875EAf7AFd4417fbc4111750f7,unknown,,defihacklabs,HegicOptions,2025-02-23,2026-09-30T05:51:23,https://github.com/SunWeb3Sec/DeFiHackLabs/blob/main/src/test/2025-02/HegicOptions_exp.sol
ETH,0x7094E706E75E13D1E0ea237f71A7C4511e9d270B,unknown,,defihacklabs,HegicOptions,2025-02-23,2026-09-30T05:51:23,https://github.com/SunWeb3Sec/DeFiHackLabs/blob/main/src/test/2025-02/HegicOptions_exp.sol
BSC,0x52e38d496f8d712394d5ed55e4d4cdd21f1957de,unknown,,defihacklabs,INVISTECH,2025-02-24,2026-09-30T05:51:23,https://github.com/SunWeb3Sec/DeFiHackLabs/blob/main/src/test/2025-02/INVISTECH_exp.sol
BSC,0x3f364b486b99dd1433287d3b1aa49addfe94f790,unknown,,defihacklabs,INVISTECH,2025-02-24,2026-09-30T05:51:23,https://github.com/SunWeb3Sec/DeFiHackLabs/blob/main/src/test/2025-02/INVISTECH_exp.sol
BSC,0xaa217f7bab90100419b99c027adcf5f0a005c192,unknown,,defihacklabs,INVISTECH,2025-02-24,2026-09-30T05:51:23,https://github.com/SunWeb3Sec/DeFiHackLabs/blob/main/src/test/2025-02/INVISTECH_exp.sol
Base,0xc2b2197ca4b2ee3b4eb61fc59e6d592d04a2e26a,unknown,,defihacklabs,HenloKart,2025-02-26,2026-09-30T05:51:23,https://github.com/SunWeb3Sec/DeFiHackLabs/blob/main/src/test/2025-02/HenloKart_exp.sol
Base,0xbb7cef7b870bdb80cdd2857785ad7e84303b5625,unknown,,defihacklabs,HenloKart,2025-02-26,2026-09-30T05:51:23,https://github.com/SunWeb3Sec/DeFiHackLabs/blob/main/src/test/2025-02/HenloKart_exp.sol
Base,0x27fafc210e4b240786d9ef3aa44399fb7e107f6f,unknown,,defihacklabs,HenloKart,2025-02-26,2026-09-30T05:51:23,https://github.com/SunWeb3Sec/DeFiHackLabs/blob/main/src/test/2025-02/HenloKart_exp.sol
ETH,0x68c8020A052d5061760e2AbF5726D59D4ebe3506,unknown,,defihacklabs,Venus_ZKSync,2025-02-27,2026-09-30T05:51:23,https://github.com/SunWeb3Sec/DeFiHackLabs/blob/main/src/test/2025-02/Venus_ZKSync_exp.sol
BSC,0x5d6e908c4cd6eda1c2a9010d1971c7d62bdb5cd3,unknown,,defihacklabs,Pump,2025-03-04,2026-09-30T05:51:23,https://github.com/SunWeb3Sec/DeFiHackLabs/blob/main/src/test/2025-03/Pump_exp.sol
BSC,0x0e220c6c52d383869a5085ef074b6028254b3462,unknown,,defihacklabs,Pump,2025-03-04,2026-09-30T05:51:23,https://github.com/SunWeb3Sec/DeFiHackLabs/blob/main/src/test/2025-03/Pump_exp.sol
BSC,0x09762e00ce0de8211f7002f70759447b1f2b1892,unknown,,defihacklabs,Pump,2025-03-04,2026-09-30T05:51:23,https://github.com/SunWeb3Sec/DeFiHackLabs/blob/main/src/test/2025-03/Pump_exp.sol
BSC,0x02e8ead6de82c8a248ef0eebe145295116d0e4c2,unknown,,defihacklabs,Pump,2025-03-04,2026-09-30T05:51:23,https://github.com/SunWeb3Sec/DeFiHackLabs/blob/main/src/test/2025-03/Pump_exp.sol
BSC,0x6b7e9be56ca035d3471da76caa99f165449697a0,unknown,,defihacklabs,Pump,2025-03-04,2026-09-30T05:51:23,https://github.com/SunWeb3Sec/DeFiHackLabs/blob/main/src/test/2025-03/Pump_exp.sol
BSC,0xba0d236fbcbd34052cdab29c4900063f9efe6e4f,unknown,,defihacklabs,Pump,2025-03-04,2026-09-30T05:51:23,https://github.com/SunWeb3Sec/DeFiHackLabs/blob/main/src/test/2025-03/Pump_exp.sol
BSC,0x52e38d496f8d712394d5ed55e4d4cdd21f1957de,unknown,,defihacklabs,PTM,2025-03-06,2026-09-30T05:51:23,https://github.com/SunWeb3Sec/DeFiHackLabs/blob/main/src/test/2025-03/PTM_exp.sol
BSC,0x9774d7bbf21f1c50881df62518c3160ab3a5a989,unknown,,defihacklabs,PTM,2025-03-06,2026-09-30T05:51:23,https://github.com/SunWeb3Sec/DeFiHackLabs/blob/main/src/test/2025-03/PTM_exp.sol
BSC,0x2e13771622b967e9afbf0dc6c7736c6b7544b0b7,unknown,,defihacklabs,PTM,2025-03-06,2026-09-30T05:51:23,https://github.com/SunWeb3Sec/DeFiHackLabs/blob/main/src/test/2025-03/PTM_exp.sol
Ethereum,0x806d9d1f1b80107a294393c76258b69b441565f0,attacker,Attacker,defihacklabs,RnsPay,2025-03-06,2026-09-30T05:51:23,https://github.com/SunWeb3Sec/DeFiHackLabs/blob/main/src/test/2025-03/RnsPay_exp.sol
Ethereum,0x5198bc63edf0f9d9926c4cd4db4ef18032ac4767,unknown,Attack Contract,defihacklabs,RnsPay,2025-03-06,2026-09-30T05:51:23,https://github.com/SunWeb3Sec/DeFiHackLabs/blob/main/src/test/2025-03/RnsPay_exp.sol
Ethereum,0x4c7f92d77b331ea74092e2e347c9fd026faa1c3f,victim,Vulnerable Contract,defihacklabs,RnsPay,2025-03-06,2026-09-30T05:51:23,https://github.com/SunWeb3Sec/DeFiHackLabs/blob/main/src/test/2025-03/RnsPay_exp.sol
ETH,0x806d9d1f1b80107a294393c76258b69b441565f0,unknown,,defihacklabs,RnsPay,2025-03-06,2026-09-30T05:51:23,https://github.com/SunWeb3Sec/DeFiHackLabs/blob/main/src/test/2025-03/RnsPay_exp.sol
ETH,0x5198bc63edf0f9d9926c4cd4db4ef18032ac4767,unknown,,defihacklabs,RnsPay,2025-03-06,2026-09-30T05:51:23,https://github.com/SunWeb3Sec/DeFiHackLabs/blob/main/src/test/2025-03/RnsPay_exp.sol
ETH,0x4c7f92d77b331ea74092e2e347c9fd026faa1c3f,unknown,,defihacklabs,RnsPay,2025-03-06,2026-09-30T05:51:23,https://github.com/SunWeb3Sec/DeFiHackLabs/blob/main/src/test/2025-03/RnsPay_exp.sol
Base,0x97d8170e04771826A31C4c9B81E9f9191a1C8613,unknown,,defihacklabs,unverified,2025-03-06,2026-09-30T05:51:23,https://github.com/SunWeb3Sec/DeFiHackLabs/blob/main/src/test/2025-03/unverified_de7c_exp.sol
Base,0x123c06D5CA1Dd1a518118e786A1976BED5e16aA3,unknown,,defihacklabs,unverified,2025-03-06,2026-09-30T05:51:23,https://github.com/SunWeb3Sec/DeFiHackLabs/blob/main/src/test/2025-03/unverified_de7c_exp.sol
Base,0xdE7CA40aE3C3430723A2d1E3AE0e6e27152744B0,unknown,,defihacklabs,unverified,2025-03-06,2026-09-30T05:51:23,https://github.com/SunWeb3Sec/DeFiHackLabs/blob/main/src/test/2025-03/unverified_de7c_exp.sol
Ethereum,0x7a6488348a7626c10e35df9ae0a2ad916a56a952,attacker,Attacker,defihacklabs,SBR Token,2025-03-07,2026-09-30T05:51:23,https://github.com/SunWeb3Sec/DeFiHackLabs/blob/main/src/test/2025-03/SBRToken_exp.sol
Ethereum,0x9926796371e0107abe406128fa801fda0e436f44,unknown,Attack Contract,defihacklabs,SBR Token,2025-03-07,2026-09-30T05:51:23,https://github.com/SunWeb3Sec/DeFiHackLabs/blob/main/src/test/2025-03/SBRToken_exp.sol
ETH,0x7a6488348a7626c10e35df9ae0a2ad916a56a952,unknown,,defihacklabs,SBR Token,2025-03-07,2026-09-30T05:51:23,https://github.com/SunWeb3Sec/DeFiHackLabs/blob/main/src/test/2025-03/SBRToken_exp.sol
ETH,0x9926796371e0107abe406128fa801fda0e436f44,unknown,,defihacklabs,SBR Token,2025-03-07,2026-09-30T05:51:23,https://github.com/SunWeb3Sec/DeFiHackLabs/blob/main/src/test/2025-03/SBRToken_exp.sol
Ethereum,0x2901c8b8e6d9f2c9f848987ded74b776ab1f973e,unknown,Attack Contract,defihacklabs,UNI,2025-03-07,2026-09-30T05:51:23,https://github.com/SunWeb3Sec/DeFiHackLabs/blob/main/src/test/2025-03/UNI_exp.sol
Ethereum,0x76ea342bc038d665e8a116392c82552d2605eda1,victim,Vulnerable Contract,defihacklabs,UNI,2025-03-07,2026-09-30T05:51:23,https://github.com/SunWeb3Sec/DeFiHackLabs/blob/main/src/test/2025-03/UNI_exp.sol
Base,0x97d8170e04771826a31c4c9b81e9f9191a1c8613,unknown,,defihacklabs,UNI,2025-03-07,2026-09-30T05:51:23,https://github.com/SunWeb3Sec/DeFiHackLabs/blob/main/src/test/2025-03/UNI_exp.sol
ETH,0x2901c8b8e6d9f2c9f848987ded74b776ab1f973e,unknown,,defihacklabs,UNI,2025-03-07,2026-09-30T05:51:23,https://github.com/SunWeb3Sec/DeFiHackLabs/blob/main/src/test/2025-03/UNI_exp.sol
ETH,0x76ea342bc038d665e8a116392c82552d2605eda1,unknown,,defihacklabs,UNI,2025-03-07,2026-09-30T05:51:23,https://github.com/SunWeb3Sec/DeFiHackLabs/blob/main/src/test/2025-03/UNI_exp.sol
Base,0x97d8170e04771826a31c4c9b81e9f9191a1c8613,unknown,,defihacklabs,StackMarket,2025-03-07,2026-09-30T05:51:23,https://github.com/SunWeb3Sec/DeFiHackLabs/blob/main/src/test/2025-03/StackMarket_exp.sol
Base,0xc494dc1fe2c84cf7206562783edeeecd91c37715,unknown,,defihacklabs,StackMarket,2025-03-07,2026-09-30T05:51:23,https://github.com/SunWeb3Sec/DeFiHackLabs/blob/main/src/test/2025-03/StackMarket_exp.sol
Base,0x555555555a4161c1c0ba310fc1c993086d3de042,unknown,,defihacklabs,StackMarket,2025-03-07,2026-09-30T05:51:23,https://github.com/SunWeb3Sec/DeFiHackLabs/blob/main/src/test/2025-03/StackMarket_exp.sol
Base,0x2383a550e40a61b41a89da6b91d8a4a2452270d0,unknown,,defihacklabs,DUCKVADER,2025-03-11,2026-09-30T05:51:23,https://github.com/SunWeb3Sec/DeFiHackLabs/blob/main/src/test/2025-03/DUCKVADER_exp.sol
Base,0x652f9ac437a870ce273a0be9d7e7ee03043a91ff,unknown,,defihacklabs,DUCKVADER,2025-03-11,2026-09-30T05:51:23,https://github.com/SunWeb3Sec/DeFiHackLabs/blob/main/src/test/2025-03/DUCKVADER_exp.sol
Base,0xaa8f35183478b8eced5619521ac3eb3886e98c56,unknown,,defihacklabs,DUCKVADER,2025-03-11,2026-09-30T05:51:23,https://github.com/SunWeb3Sec/DeFiHackLabs/blob/main/src/test/2025-03/DUCKVADER_exp.sol
Ethereum,0xc58a769e3089792670dff22ab85a11983816323b,attacker,Attacker,defihacklabs,ZeroExSettler,2025-03-11,2026-09-30T05:51:23,https://github.com/SunWeb3Sec/DeFiHackLabs/blob/main/src/test/2025-03/ZeroExSettler_exp.sol
Ethereum,0x447cd3a83134941523e7c0676f80e4e99bab28ab,unknown,Attack Contract,defihacklabs,ZeroExSettler,2025-03-11,2026-09-30T05:51:23,https://github.com/SunWeb3Sec/DeFiHackLabs/blob/main/src/test/2025-03/ZeroExSettler_exp.sol
Ethereum,0x0d0e364aa7852291883c162b22d6d81f6355428f,victim,Vulnerable Contract,defihacklabs,ZeroExSettler,2025-03-11,2026-09-30T05:51:23,https://github.com/SunWeb3Sec/DeFiHackLabs/blob/main/src/test/2025-03/ZeroExSettler_exp.sol
ETH,0xc58a769e3089792670dff22ab85a11983816323b,unknown,,defihacklabs,ZeroExSettler,2025-03-11,2026-09-30T05:51:23,https://github.com/SunWeb3Sec/DeFiHackLabs/blob/main/src/test/2025-03/ZeroExSettler_exp.sol
ETH,0x447cd3a83134941523e7c0676f80e4e99bab28ab,unknown,,defihacklabs,ZeroExSettler,2025-03-11,2026-09-30T05:51:23,https://github.com/SunWeb3Sec/DeFiHackLabs/blob/main/src/test/2025-03/ZeroExSettler_exp.sol
ETH,0x0d0e364aa7852291883c162b22d6d81f6355428f,unknown,,defihacklabs,ZeroExSettler,2025-03-11,2026-09-30T05:51:23,https://github.com/SunWeb3Sec/DeFiHackLabs/blob/main/src/test/2025-03/ZeroExSettler_exp.sol
BSC,0x8842dd26fd301c74afc4df12e9cdabd9db107d1e,unknown,,defihacklabs,H2O,2025-03-14,2026-09-30T05:51:23,https://github.com/SunWeb3Sec/DeFiHackLabs/blob/main/src/test/2025-03/H2O_exp.sol
BSC,0x03ca8b574dd4250576f7bccc5707e6214e8c6e0d,unknown,,defihacklabs,H2O,2025-03-14,2026-09-30T05:51:23,https://github.com/SunWeb3Sec/DeFiHackLabs/blob/main/src/test/2025-03/H2O_exp.sol
BSC,0xe9c4d4f095c7943a9ef5ec01afd1385d011855a1,unknown,,defihacklabs,H2O,2025-03-14,2026-09-30T05:51:23,https://github.com/SunWeb3Sec/DeFiHackLabs/blob/main/src/test/2025-03/H2O_exp.sol
BSC,0x3026c464d3bd6ef0ced0d49e80f171b58176ce32,unknown,,defihacklabs,wKeyDAO,2025-03-16,2026-09-30T05:51:23,https://github.com/SunWeb3Sec/DeFiHackLabs/blob/main/src/test/2025-03/wKeyDAO_exp.sol
BSC,0x3783c91ee49a303c17c558f92bf8d6395d2f76e3,unknown,,defihacklabs,wKeyDAO,2025-03-16,2026-09-30T05:51:23,https://github.com/SunWeb3Sec/DeFiHackLabs/blob/main/src/test/2025-03/wKeyDAO_exp.sol
BSC,0xd511096a73292a7419a94354d4c1c73e8a3cd851,unknown,,defihacklabs,wKeyDAO,2025-03-16,2026-09-30T05:51:23,https://github.com/SunWeb3Sec/DeFiHackLabs/blob/main/src/test/2025-03/wKeyDAO_exp.sol
Avalanche,0x000000B2695002B00A7b8016f03c91284a22Ec05,unknown,,defihacklabs,unverified,2025-03-18,2026-09-30T05:51:23,https://github.com/SunWeb3Sec/DeFiHackLabs/blob/main/src/test/2025-03/unverified_3f27_exp.sol
ETH,0x92FE9F31E8C96e5C13E5f113FD6288d3a1514103,unknown,,defihacklabs,unverified,2025-03-18,2026-09-30T05:51:23,https://github.com/SunWeb3Sec/DeFiHackLabs/blob/main/src/test/2025-03/unverified_3f27_exp.sol
Avalanche,0x3f274117f86808D7682BB313Fa31a1583c5028Aa,unknown,,defihacklabs,unverified,2025-03-18,2026-09-30T05:51:23,https://github.com/SunWeb3Sec/DeFiHackLabs/blob/main/src/test/2025-03/unverified_3f27_exp.sol
BSC,0x00c58434f247dfdca49b9ee82f3013bac96f60ff,unknown,,defihacklabs,DCFToken,2025-03-18,2026-09-30T05:51:23,https://github.com/SunWeb3Sec/DeFiHackLabs/blob/main/src/test/2025-03/DCFToken_exp.sol
BSC,0x77ab960503659711498a4c0bc99a84e8d0a47589,unknown,,defihacklabs,DCFToken,2025-03-18,2026-09-30T05:51:23,https://github.com/SunWeb3Sec/DeFiHackLabs/blob/main/src/test/2025-03/DCFToken_exp.sol
BSC,0x8487f846d59f8fb4f1285c64086b47e2626c01b6,unknown,,defihacklabs,DCFToken,2025-03-18,2026-09-30T05:51:23,https://github.com/SunWeb3Sec/DeFiHackLabs/blob/main/src/test/2025-03/DCFToken_exp.sol
BSC,0x8aea7516b3b6aabf474f8872c5e71c1a7907e69e,unknown,,defihacklabs,BBXToken,2025-03-20,2026-09-30T05:51:23,https://github.com/SunWeb3Sec/DeFiHackLabs/blob/main/src/test/2025-03/BBXToken_exp.sol
BSC,0x0489E8433e4E74fB1ba938dF712c954DDEA93898,unknown,,defihacklabs,BBXToken,2025-03-20,2026-09-30T05:51:23,https://github.com/SunWeb3Sec/DeFiHackLabs/blob/main/src/test/2025-03/BBXToken_exp.sol
BSC,0x6051428b580f561b627247119eed4d0483b8d28e,unknown,,defihacklabs,BBXToken,2025-03-20,2026-09-30T05:51:23,https://github.com/SunWeb3Sec/DeFiHackLabs/blob/main/src/test/2025-03/BBXToken_exp.sol
ETH,0xAF9e33Aa03CAaa613c3Ba4221f7EA3eE2AC38649,unknown,,rekt,Abracadabra,2025-03-25,2026-09-30T05:51:23,https://rekt.news/abracadabra-rekt2
Arbitrum,0x625Fe79547828b1B54467E5Ed822a9A8a074bD61,unknown,,rekt,Abracadabra,2025-03-25,2026-09-30T05:51:23,https://rekt.news/abracadabra-rekt2
ETH,0xa8f822E937C982e65b0437Ac81792a3AdA76A1ff,unknown,,rekt,Abracadabra,2025-03-25,2026-09-30T05:51:23,https://rekt.news/abracadabra-rekt2
ETH,0x047C2a3dd1Ab4105B365685d4804fE5c440B5729,unknown,,rekt,Abracadabra,2025-03-25,2026-09-30T05:51:23,https://rekt.news/abracadabra-rekt2
ETH,0x018182FD7B856AeE1606D7E0AA8bca10F1Cb0b5d,unknown,,rekt,Abracadabra,2025-03-25,2026-09-30T05:51:23,https://rekt.news/abracadabra-rekt2
BSC,0x63fc3ff98de8d5ca900e68e6c6f41a7ca949c453,unknown,,defihacklabs,YziAI,2025-03-27,2026-09-30T05:51:23,https://github.com/SunWeb3Sec/DeFiHackLabs/blob/main/src/test/2025-03/YziAIToken_exp.sol
BSC,0x7fdff64bf87bad52e6430bda30239bd182389ee3,unknown,,defihacklabs,YziAI,2025-03-27,2026-09-30T05:51:23,https://github.com/SunWeb3Sec/DeFiHackLabs/blob/main/src/test/2025-03/YziAIToken_exp.sol
Ethereum,0xF6ffBa5cbF285824000daC0B9431032169672B6e,attacker,Original Attacker,defihacklabs,Alkimiya_IO,2025-03-28,2026-09-30T05:51:23,https://github.com/SunWeb3Sec/DeFiHackLabs/blob/main/src/test/2025-03/Alkimiya_io_exp.sol
Ethereum,0xFDe0d1575Ed8E06FBf36256bcdfA1F359281455A,unknown,MEV frontrunner,defihacklabs,Alkimiya_IO,2025-03-28,2026-09-30T05:51:23,https://github.com/SunWeb3Sec/DeFiHackLabs/blob/main/src/test/2025-03/Alkimiya_io_exp.sol
Ethereum,0x80bf7db69556d9521c03461978b8fc731dbbd4e4,unknown,Attack Contract,defihacklabs,Alkimiya_IO,2025-03-28,2026-09-30T05:51:23,https://github.com/SunWeb3Sec/DeFiHackLabs/blob/main/src/test/2025-03/Alkimiya_io_exp.sol
Ethereum,0xf3f84ce038442ae4c4dcb6a8ca8bacd7f28c9bde,victim,Vulnerable Contract,defihacklabs,Alkimiya_IO,2025-03-28,2026-09-30T05:51:23,https://github.com/SunWeb3Sec/DeFiHackLabs/blob/main/src/test/2025-03/Alkimiya_io_exp.sol
ETH,0xF6ffBa5cbF285824000daC0B9431032169672B6e,unknown,,defihacklabs,Alkimiya_IO,2025-03-28,2026-09-30T05:51:23,https://github.com/SunWeb3Sec/DeFiHackLabs/blob/main/src/test/2025-03/Alkimiya_io_exp.sol
ETH,0xFDe0d1575Ed8E06FBf36256bcdfA1F359281455A,unknown,,defihacklabs,Alkimiya_IO,2025-03-28,2026-09-30T05:51:23,https://github.com/SunWeb3Sec/DeFiHackLabs/blob/main/src/test/2025-03/Alkimiya_io_exp.sol
ETH,0x80bf7db69556d9521c03461978b8fc731dbbd4e4,unknown,,defihacklabs,Alkimiya_IO,2025-03-28,2026-09-30T05:51:23,https://github.com/SunWeb3Sec/DeFiHackLabs/blob/main/src/test/2025-03/Alkimiya_io_exp.sol
ETH,0xf3f84ce038442ae4c4dcb6a8ca8bacd7f28c9bde,unknown,,defihacklabs,Alkimiya_IO,2025-03-28,2026-09-30T05:51:23,https://github.com/SunWeb3Sec/DeFiHackLabs/blob/main/src/test/2025-03/Alkimiya_io_exp.sol
Ethereum,0x27defcfa6498f957918f407ed8a58eba2884768c,attacker,Original Attacker,defihacklabs,LeverageSIR,2025-03-30,2026-09-30T05:51:23,https://github.com/SunWeb3Sec/DeFiHackLabs/blob/main/src/test/2025-03/LeverageSIR_exp.sol
Ethereum,0xea55fffae1937e47eba2d854ab7bd29a9cc29170,unknown,Attack Contract(Main),defihacklabs,LeverageSIR,2025-03-30,2026-09-30T05:51:23,https://github.com/SunWeb3Sec/DeFiHackLabs/blob/main/src/test/2025-03/LeverageSIR_exp.sol
Ethereum,0x341c853c09b3691b434781078572f9d3ab9e3cbb,unknown,Attack Contract(Dumb Token),defihacklabs,LeverageSIR,2025-03-30,2026-09-30T05:51:23,https://github.com/SunWeb3Sec/DeFiHackLabs/blob/main/src/test/2025-03/LeverageSIR_exp.sol
Ethereum,0x00000000001271551295307acc16ba1e7e0d4281,unknown,Attack Contract(Create2 Deployed),defihacklabs,LeverageSIR,2025-03-30,2026-09-30T05:51:23,https://github.com/SunWeb3Sec/DeFiHackLabs/blob/main/src/test/2025-03/LeverageSIR_exp.sol
Ethereum,0xb91ae2c8365fd45030aba84a4666c4db074e53e7,victim,Vulnerable Contract,defihacklabs,LeverageSIR,2025-03-30,2026-09-30T05:51:23,https://github.com/SunWeb3Sec/DeFiHackLabs/blob/main/src/test/2025-03/LeverageSIR_exp.sol
ETH,0x27defcfa6498f957918f407ed8a58eba2884768c,unknown,,defihacklabs,LeverageSIR,2025-03-30,2026-09-30T05:51:23,https://github.com/SunWeb3Sec/DeFiHackLabs/blob/main/src/test/2025-03/LeverageSIR_exp.sol
ETH,0xea55fffae1937e47eba2d854ab7bd29a9cc29170,unknown,,defihacklabs,LeverageSIR,2025-03-30,2026-09-30T05:51:23,https://github.com/SunWeb3Sec/DeFiHackLabs/blob/main/src/test/2025-03/LeverageSIR_exp.sol
ETH,0x341c853c09b3691b434781078572f9d3ab9e3cbb,unknown,,defihacklabs,LeverageSIR,2025-03-30,2026-09-30T05:51:23,https://github.com/SunWeb3Sec/DeFiHackLabs/blob/main/src/test/2025-03/LeverageSIR_exp.sol
ETH,0x00000000001271551295307acc16ba1e7e0d4281,unknown,,defihacklabs,LeverageSIR,2025-03-30,2026-09-30T05:51:23,https://github.com/SunWeb3Sec/DeFiHackLabs/blob/main/src/test/2025-03/LeverageSIR_exp.sol
ETH,0xb91ae2c8365fd45030aba84a4666c4db074e53e7,unknown,,defihacklabs,LeverageSIR,2025-03-30,2026-09-30T05:51:23,https://github.com/SunWeb3Sec/DeFiHackLabs/blob/main/src/test/2025-03/LeverageSIR_exp.sol
ETH,0xd91a122b585bc588c9a48d0995ee0d7b4f8ab7dd,unknown,,rekt,Private Key Leak,2025-04-01,2026-09-30T05:51:23,https://rekt.news/drift-protocol-rekt
ETH,0xD3FEEd5DA83D8e8c449d6CB96ff1eb06ED1cF6C7,unknown,,rekt,Private Key Leak,2025-04-01,2026-09-30T05:51:23,https://rekt.news/drift-protocol-rekt
ETH,0xAa843eD65C1f061F111B5289169731351c5e57C1,unknown,,rekt,Private Key Leak,2025-04-01,2026-09-30T05:51:23,https://rekt.news/drift-protocol-rekt
ETH,0xbDdAE987FEe930910fCC5aa403D5688fB440561B,unknown,,rekt,Private Key Leak,2025-04-01,2026-09-30T05:51:23,https://rekt.news/drift-protocol-rekt
ETH,0x0FE3b6908318B1F630daa5B31B49a15fC5F6B674,unknown,,rekt,Private Key Leak,2025-04-01,2026-09-30T05:51:23,https://rekt.news/drift-protocol-rekt
SOL,G84LEhbNMR1yYbHgHbnNYNSK8mpTKcazh5jcW5yMPQKo,unknown,,rekt,Private Key Leak,2025-04-01,2026-09-30T05:51:23,https://rekt.news/drift-protocol-rekt
SOL,45cZ5Fj97Va5Abipr6NN8Zf1BqZqWneSek1hU5cQRvhw,unknown,,rekt,Private Key Leak,2025-04-01,2026-09-30T05:51:23,https://rekt.news/drift-protocol-rekt
SOL,39JyWrdbVdRqjzw9yyEjxNtTbTKcTPLdtdCgbz7C7Aq8,unknown,,rekt,Private Key Leak,2025-04-01,2026-09-30T05:51:23,https://rekt.news/drift-protocol-rekt
SOL,CZRBcHAvXU6TzzjGuG4rT98UuTR7PBUeSGPZRDW5mfYW,unknown,,rekt,Private Key Leak,2025-04-01,2026-09-30T05:51:23,https://rekt.news/drift-protocol-rekt
SOL,48cV6Mw5Y5afT8ofukvtFaMtrsCohHhsv8MfbdW8agh3,unknown,,rekt,Private Key Leak,2025-04-01,2026-09-30T05:51:23,https://rekt.news/drift-protocol-rekt
SOL,6UJbu9ut5VAsFYQFgPEa5xPfoyF5bB5oi4EknFPvu924,unknown,,rekt,Private Key Leak,2025-04-01,2026-09-30T05:51:23,https://rekt.news/drift-protocol-rekt
SOL,5zpq7DvB6UdFFvpmBPspGPNfUGoBRRCE2HHg5u3gxcsN,unknown,,rekt,Private Key Leak,2025-04-01,2026-09-30T05:51:23,https://rekt.news/drift-protocol-rekt
SOL,55udxhScWQxM7cC9d1NPBQoEDC7B38w81EWKPZsM7ZCW,unknown,,rekt,Private Key Leak,2025-04-01,2026-09-30T05:51:23,https://rekt.news/drift-protocol-rekt
SOL,HkGz4KmoZ7Zmk7HN6ndJ31UJ1qZ2qgwQxgVqQwovpZES,unknown,,rekt,Private Key Leak,2025-04-01,2026-09-30T05:51:23,https://rekt.news/drift-protocol-rekt
SOL,8ubo4HbWJHKyFJYJc2Gh74dxCP7bN7Fu2Pi13KZ9rGxw,unknown,,rekt,Private Key Leak,2025-04-01,2026-09-30T05:51:23,https://rekt.news/drift-protocol-rekt
BSC,0x70f0406e0a50c53304194b2668ec853d664a3d9c,unknown,,defihacklabs,AIRWA,2025-04-04,2026-09-30T05:51:23,https://github.com/SunWeb3Sec/DeFiHackLabs/blob/main/src/test/2025-04/AIRWA_exp.sol
BSC,0x2a011580f1b1533006967bd6dc63af7ae5c82363,unknown,,defihacklabs,AIRWA,2025-04-04,2026-09-30T05:51:23,https://github.com/SunWeb3Sec/DeFiHackLabs/blob/main/src/test/2025-04/AIRWA_exp.sol
BSC,0x3af7da38c9f68df9549ce1980eef4ac6b635223a,unknown,,defihacklabs,AIRWA,2025-04-04,2026-09-30T05:51:23,https://github.com/SunWeb3Sec/DeFiHackLabs/blob/main/src/test/2025-04/AIRWA_exp.sol
Ethereum,0xda9d65086a986624cbf71989118938f0cf9a0c68,attacker,Attacker,defihacklabs,AmpKashi,2025-04-07,2026-09-30T05:51:23,https://github.com/SunWeb3Sec/DeFiHackLabs/blob/main/src/test/2025-04/AmpKashi_exp.sol
Ethereum,0x7132492af58ab4c8787b381da997dfaeb3ca5f85,unknown,Attack Contract,defihacklabs,AmpKashi,2025-04-07,2026-09-30T05:51:23,https://github.com/SunWeb3Sec/DeFiHackLabs/blob/main/src/test/2025-04/AmpKashi_exp.sol
Ethereum,0x63d4026cbc902e538618b9aa51a4d05ef48ef5a4,victim,Vulnerable Contract,defihacklabs,AmpKashi,2025-04-07,2026-09-30T05:51:23,https://github.com/SunWeb3Sec/DeFiHackLabs/blob/main/src/test/2025-04/AmpKashi_exp.sol
ETH,0xda9d65086a986624cbf71989118938f0cf9a0c68,unknown,,defihacklabs,AmpKashi,2025-04-07,2026-09-30T05:51:23,https://github.com/SunWeb3Sec/DeFiHackLabs/blob/main/src/test/2025-04/AmpKashi_exp.sol
ETH,0x7132492af58ab4c8787b381da997dfaeb3ca5f85,unknown,,defihacklabs,AmpKashi,2025-04-07,2026-09-30T05:51:23,https://github.com/SunWeb3Sec/DeFiHackLabs/blob/main/src/test/2025-04/AmpKashi_exp.sol
ETH,0x63d4026cbc902e538618b9aa51a4d05ef48ef5a4,unknown,,defihacklabs,AmpKashi,2025-04-07,2026-09-30T05:51:23,https://github.com/SunWeb3Sec/DeFiHackLabs/blob/main/src/test/2025-04/AmpKashi_exp.sol
Ethereum,0xd6be07499d408454d090c96bd74a193f61f706f4,attacker,Attacker,defihacklabs,Laundromat,2025-04-08,2026-09-30T05:51:23,https://github.com/SunWeb3Sec/DeFiHackLabs/blob/main/src/test/2025-04/Laundromat_exp.sol
Ethereum,0x934cbbe5377358e6712b5f041d90313d935c501c,victim,Vulnerable Contract,defihacklabs,Laundromat,2025-04-08,2026-09-30T05:51:23,https://github.com/SunWeb3Sec/DeFiHackLabs/blob/main/src/test/2025-04/Laundromat_exp.sol
ETH,0xd6be07499d408454d090c96bd74a193f61f706f4,unknown,,defihacklabs,Laundromat,2025-04-08,2026-09-30T05:51:23,https://github.com/SunWeb3Sec/DeFiHackLabs/blob/main/src/test/2025-04/Laundromat_exp.sol
ETH,0x2e95cfc93ebb0a2aace603ed3474d451e4161578,unknown,,defihacklabs,Laundromat,2025-04-08,2026-09-30T05:51:23,https://github.com/SunWeb3Sec/DeFiHackLabs/blob/main/src/test/2025-04/Laundromat_exp.sol
ETH,0x934cbbe5377358e6712b5f041d90313d935c501c,unknown,,defihacklabs,Laundromat,2025-04-08,2026-09-30T05:51:23,https://github.com/SunWeb3Sec/DeFiHackLabs/blob/main/src/test/2025-04/Laundromat_exp.sol
Base,0x780e5cb8de79846f35541b700637057c9ddded68,unknown,,defihacklabs,Unverified 0x6077,2025-04-11,2026-09-30T05:51:23,https://github.com/SunWeb3Sec/DeFiHackLabs/blob/main/src/test/2025-04/Unverified_6077_exp.sol
Base,0x607742a2adea4037020e11bb67cb98e289e3ec7d,unknown,,defihacklabs,Unverified 0x6077,2025-04-11,2026-09-30T05:51:23,https://github.com/SunWeb3Sec/DeFiHackLabs/blob/main/src/test/2025-04/Unverified_6077_exp.sol
Ethereum,0x8149f77504007450711023cf0ec11bdd6348401f,attacker,Attacker,defihacklabs,Roar,2025-04-16,2026-09-30T05:51:23,https://github.com/SunWeb3Sec/DeFiHackLabs/blob/main/src/test/2025-04/Roar_exp.sol
ETH,0x8149f77504007450711023cf0ec11bdd6348401f,unknown,,defihacklabs,Roar,2025-04-16,2026-09-30T05:51:23,https://github.com/SunWeb3Sec/DeFiHackLabs/blob/main/src/test/2025-04/Roar_exp.sol
BSC,0x00000000b7da455fed1553c4639c4b29983d8538,unknown,,defihacklabs,YVToken,2025-04-16,2026-09-30T05:51:23,https://github.com/SunWeb3Sec/DeFiHackLabs/blob/main/src/test/2025-04/YBToken_exp.sol
BSC,0xbdcd584ec7b767a58ad6a4c732542b026dceaa35,unknown,,defihacklabs,YVToken,2025-04-16,2026-09-30T05:51:23,https://github.com/SunWeb3Sec/DeFiHackLabs/blob/main/src/test/2025-04/YBToken_exp.sol
BSC,0x113F16A3341D32c4a38Ca207Ec6ab109cF63e434,unknown,,defihacklabs,YVToken,2025-04-16,2026-09-30T05:51:23,https://github.com/SunWeb3Sec/DeFiHackLabs/blob/main/src/test/2025-04/YBToken_exp.sol
BSC,0xbda2a27cdb2ffd4258f3b1ed664ed0f28f9e0fc3,unknown,,defihacklabs,BTNFT,2025-04-18,2026-09-30T05:51:23,https://github.com/SunWeb3Sec/DeFiHackLabs/blob/main/src/test/2025-04/BTNFT_exp.sol
BSC,0x7A4D144307d2DFA2885887368E4cd4678dB3c27a,unknown,,defihacklabs,BTNFT,2025-04-18,2026-09-30T05:51:23,https://github.com/SunWeb3Sec/DeFiHackLabs/blob/main/src/test/2025-04/BTNFT_exp.sol
BSC,0x0FC91B6Fea2E7A827a8C99C91101ed36c638521B,unknown,,defihacklabs,BTNFT,2025-04-18,2026-09-30T05:51:23,https://github.com/SunWeb3Sec/DeFiHackLabs/blob/main/src/test/2025-04/BTNFT_exp.sol
SOL,4QsqugQcrCuSVzU9WjeLDoR6HaaSZtMEZr5JCyxwHgCV,unknown,,rekt,Loopscale,2025-04-26,2026-09-30T05:51:23,https://rekt.news/loopscale-rekt
SOL,C1QyPYoWQiueqhtLeaG5Nhkv1LJ8oweBNCbfGJ3LprYT,unknown,,rekt,Loopscale,2025-04-26,2026-09-30T05:51:23,https://rekt.news/loopscale-rekt
Base,0xe3223f7e3343c2c8079f261d59ee1e513086c7c3,unknown,,defihacklabs,ImpermaxV3,2025-04-26,2026-09-30T05:51:23,https://github.com/SunWeb3Sec/DeFiHackLabs/blob/main/src/test/2025-04/ImpermaxV3_exp.sol
Base,0x98e938899902217465f17cf0b76d12b3dca8ce1b,unknown,,defihacklabs,ImpermaxV3,2025-04-26,2026-09-30T05:51:23,https://github.com/SunWeb3Sec/DeFiHackLabs/blob/main/src/test/2025-04/ImpermaxV3_exp.sol
Base,0x5d93f216f17c225a8b5ffa34e74b7133436281ee,unknown,,defihacklabs,ImpermaxV3,2025-04-26,2026-09-30T05:51:23,https://github.com/SunWeb3Sec/DeFiHackLabs/blob/main/src/test/2025-04/ImpermaxV3_exp.sol
BSC,0x3026C464d3Bd6Ef0CeD0D49e80f171b58176Ce32,unknown,,defihacklabs,Lifeprotocol,2025-04-26,2026-09-30T05:51:23,https://github.com/SunWeb3Sec/DeFiHackLabs/blob/main/src/test/2025-04/Lifeprotocol_exp.sol
BSC,0xF6Cee497DFE95A04FAa26F3138F9244a4d92f942,unknown,,defihacklabs,Lifeprotocol,2025-04-26,2026-09-30T05:51:23,https://github.com/SunWeb3Sec/DeFiHackLabs/blob/main/src/test/2025-04/Lifeprotocol_exp.sol
BSC,0x42e2773508e2ae8ff9434bea599812e28449e2cd,unknown,,defihacklabs,Lifeprotocol,2025-04-26,2026-09-30T05:51:23,https://github.com/SunWeb3Sec/DeFiHackLabs/blob/main/src/test/2025-04/Lifeprotocol_exp.sol
Ethereum,0x7c982e93d6b1ede9626a84ebeafbc42e5991dee8,attacker,Attacker,defihacklabs,AventaRewardClaim,2025-04-27,2026-09-30T05:51:23,https://github.com/SunWeb3Sec/DeFiHackLabs/blob/main/src/test/2025-04/AventaRewardClaim_exp.sol
Ethereum,0x0cdaa461d9d60ef84ded453fa1fbd3e2916f9016,unknown,Attack Contract,defihacklabs,AventaRewardClaim,2025-04-27,2026-09-30T05:51:23,https://github.com/SunWeb3Sec/DeFiHackLabs/blob/main/src/test/2025-04/AventaRewardClaim_exp.sol
Ethereum,0x33b860fc7787e9e4813181b227eaffa0cada4c73,victim,Vulnerable Contract,defihacklabs,AventaRewardClaim,2025-04-27,2026-09-30T05:51:23,https://github.com/SunWeb3Sec/DeFiHackLabs/blob/main/src/test/2025-04/AventaRewardClaim_exp.sol
ETH,0x7c982e93d6b1ede9626a84ebeafbc42e5991dee8,unknown,,defihacklabs,AventaRewardClaim,2025-04-27,2026-09-30T05:51:23,https://github.com/SunWeb3Sec/DeFiHackLabs/blob/main/src/test/2025-04/AventaRewardClaim_exp.sol
ETH,0x0cdaa461d9d60ef84ded453fa1fbd3e2916f9016,unknown,,defihacklabs,AventaRewardClaim,2025-04-27,2026-09-30T05:51:23,https://github.com/SunWeb3Sec/DeFiHackLabs/blob/main/src/test/2025-04/AventaRewardClaim_exp.sol
ETH,0x33b860fc7787e9e4813181b227eaffa0cada4c73,unknown,,defihacklabs,AventaRewardClaim,2025-04-27,2026-09-30T05:51:23,https://github.com/SunWeb3Sec/DeFiHackLabs/blob/main/src/test/2025-04/AventaRewardClaim_exp.sol
Ethereum,0x7c982E93d6B1eDE9626A84EbeafBC42e5991Dee8,attacker,Attacker,defihacklabs,multitransferswap,2025-04-27,2026-09-30T05:51:23,https://github.com/SunWeb3Sec/DeFiHackLabs/blob/main/src/test/2025-04/multitransferswap_exp.sol
Ethereum,0x9Fb0a31799FA1243FB53dbCC57Fd531e13753437,unknown,Attack Contract,defihacklabs,multitransferswap,2025-04-27,2026-09-30T05:51:23,https://github.com/SunWeb3Sec/DeFiHackLabs/blob/main/src/test/2025-04/multitransferswap_exp.sol
Ethereum,0x6518905b5917614383E09bF9E94083f8f679aCd1,victim,Vulnerable Contract,defihacklabs,multitransferswap,2025-04-27,2026-09-30T05:51:23,https://github.com/SunWeb3Sec/DeFiHackLabs/blob/main/src/test/2025-04/multitransferswap_exp.sol
ETH,0x7c982E93d6B1eDE9626A84EbeafBC42e5991Dee8,unknown,,defihacklabs,multitransferswap,2025-04-27,2026-09-30T05:51:23,https://github.com/SunWeb3Sec/DeFiHackLabs/blob/main/src/test/2025-04/multitransferswap_exp.sol
ETH,0x9Fb0a31799FA1243FB53dbCC57Fd531e13753437,unknown,,defihacklabs,multitransferswap,2025-04-27,2026-09-30T05:51:23,https://github.com/SunWeb3Sec/DeFiHackLabs/blob/main/src/test/2025-04/multitransferswap_exp.sol
ETH,0x6518905b5917614383E09bF9E94083f8f679aCd1,unknown,,defihacklabs,multitransferswap,2025-04-27,2026-09-30T05:51:23,https://github.com/SunWeb3Sec/DeFiHackLabs/blob/main/src/test/2025-04/multitransferswap_exp.sol
BSC,0x7b6a1f878bf29430788e743ee149ed2a3202f136,unknown,,defihacklabs,bitdog,2025-04-27,2026-09-30T05:51:23,https://github.com/SunWeb3Sec/DeFiHackLabs/blob/main/src/test/2025-04/bitdog_exp.sol
BSC,0xdfdf4a3ec9ca12ccb46daabdc65b41ea852136ae,unknown,,defihacklabs,bitdog,2025-04-27,2026-09-30T05:51:23,https://github.com/SunWeb3Sec/DeFiHackLabs/blob/main/src/test/2025-04/bitdog_exp.sol
BSC,0x4bbb53252b0cee84e6824e85989ea2eddeec25f1,unknown,,defihacklabs,bitdog,2025-04-27,2026-09-30T05:51:23,https://github.com/SunWeb3Sec/DeFiHackLabs/blob/main/src/test/2025-04/bitdog_exp.sol
Ethereum,0xd49cb0924f871bcfd78ea4187d9e6bd943f85d98,attacker,Attacker,defihacklabs,tcdp,2025-04-28,2026-09-30T05:51:23,https://github.com/SunWeb3Sec/DeFiHackLabs/blob/main/src/test/2025-04/tcdp_exp.sol
Ethereum,0xc3d478f039125c536bc3c3efbaeac7c1a15bcb1b,unknown,Attack Contract,defihacklabs,tcdp,2025-04-28,2026-09-30T05:51:23,https://github.com/SunWeb3Sec/DeFiHackLabs/blob/main/src/test/2025-04/tcdp_exp.sol
Ethereum,0xda4c9ee8373fd1095379a3dd457a0c78968aaf03,victim,Vulnerable Contract,defihacklabs,tcdp,2025-04-28,2026-09-30T05:51:23,https://github.com/SunWeb3Sec/DeFiHackLabs/blob/main/src/test/2025-04/tcdp_exp.sol
ETH,0xd49cb0924f871bcfd78ea4187d9e6bd943f85d98,unknown,,defihacklabs,tcdp,2025-04-28,2026-09-30T05:51:23,https://github.com/SunWeb3Sec/DeFiHackLabs/blob/main/src/test/2025-04/tcdp_exp.sol
ETH,0xc3d478f039125c536bc3c3efbaeac7c1a15bcb1b,unknown,,defihacklabs,tcdp,2025-04-28,2026-09-30T05:51:23,https://github.com/SunWeb3Sec/DeFiHackLabs/blob/main/src/test/2025-04/tcdp_exp.sol
ETH,0xda4c9ee8373fd1095379a3dd457a0c78968aaf03,unknown,,defihacklabs,tcdp,2025-04-28,2026-09-30T05:51:23,https://github.com/SunWeb3Sec/DeFiHackLabs/blob/main/src/test/2025-04/tcdp_exp.sol
BSC,0xd4e11065267421f88c0cf7a7791d84d8fdd7d42b,unknown,,defihacklabs,FlyLong,2025-04-29,2026-09-30T05:51:23,https://github.com/SunWeb3Sec/DeFiHackLabs/blob/main/src/test/2025-04/flylong_exp.sol
BSC,0xc8e256a41d0ac7fd8d9ac31c0ae1942dc5ef8419,unknown,,defihacklabs,FlyLong,2025-04-29,2026-09-30T05:51:23,https://github.com/SunWeb3Sec/DeFiHackLabs/blob/main/src/test/2025-04/flylong_exp.sol
BSC,0x9cA66a67dC3d77bEb59DC11cAf96677843797c08,unknown,,defihacklabs,FlyLong,2025-04-29,2026-09-30T05:51:23,https://github.com/SunWeb3Sec/DeFiHackLabs/blob/main/src/test/2025-04/flylong_exp.sol
BSC,0xc49f2938327aa2cdc3f2f89ed17b54b3671f05de,unknown,,defihacklabs,Crosswise,2025-05-06,2026-09-30T05:51:23,https://github.com/SunWeb3Sec/DeFiHackLabs/blob/main/src/test/2025-05/crosswise_exp.sol
BSC,0xafc88cab578af298ba412376c34b43f6392e939a,unknown,,defihacklabs,Crosswise,2025-05-06,2026-09-30T05:51:23,https://github.com/SunWeb3Sec/DeFiHackLabs/blob/main/src/test/2025-05/crosswise_exp.sol
BSC,0x70873211cb64c1d4ec027ea63a399a7d07c4085b,unknown,,defihacklabs,Crosswise,2025-05-06,2026-09-30T05:51:23,https://github.com/SunWeb3Sec/DeFiHackLabs/blob/main/src/test/2025-05/crosswise_exp.sol
BSC,0x3026c464d3bd6ef0ced0d49e80f171b58176ce32,unknown,,defihacklabs,Nalakuvara_LotteryTicket50,2025-05-09,2026-09-30T05:51:23,https://github.com/SunWeb3Sec/DeFiHackLabs/blob/main/src/test/2025-05/Nalakuvara_LotteryTicket50_exp.sol
BSC,0xB32A53Af96F7735D47F4b76C525BD5Eb02B42600,unknown,,rekt,MobiusDAO,2025-05-11,2026-09-30T05:51:23,https://rekt.news/mobiusdao-rekt
BSC,0x631adFF068D484Ce531Fb519Cda4042805521641,unknown,,rekt,MobiusDAO,2025-05-11,2026-09-30T05:51:23,https://rekt.news/mobiusdao-rekt
BSC,0x95e92B09b89cF31Fa9F1Eca4109A85F88EB08531,unknown,,rekt,MobiusDAO,2025-05-11,2026-09-30T05:51:23,https://rekt.news/mobiusdao-rekt
BSC,0x0dfb6ac3a8ea88d058be219066931db2bee9a581,unknown,,rekt,MobiusDAO,2025-05-11,2026-09-30T05:51:23,https://rekt.news/mobiusdao-rekt
BSC,0xb32a53af96f7735d47f4b76c525bd5eb02b42600,unknown,,defihacklabs,MBUToken,2025-05-11,2026-09-30T05:51:23,https://github.com/SunWeb3Sec/DeFiHackLabs/blob/main/src/test/2025-05/MBUToken_exp.sol
BSC,0x631adff068d484ce531fb519cda4042805521641,unknown,,defihacklabs,MBUToken,2025-05-11,2026-09-30T05:51:23,https://github.com/SunWeb3Sec/DeFiHackLabs/blob/main/src/test/2025-05/MBUToken_exp.sol
BSC,0x95e92b09b89cf31fa9f1eca4109a85f88eb08531,unknown,,defihacklabs,MBUToken,2025-05-11,2026-09-30T05:51:23,https://github.com/SunWeb3Sec/DeFiHackLabs/blob/main/src/test/2025-05/MBUToken_exp.sol
BSC,0x0dfb6ac3a8ea88d058be219066931db2bee9a581,unknown,,defihacklabs,MBUToken,2025-05-11,2026-09-30T05:51:23,https://github.com/SunWeb3Sec/DeFiHackLabs/blob/main/src/test/2025-05/MBUToken_exp.sol
Base,0x5cc162c556092fe1d993b95d1b9e9ce58a11dbc9,unknown,,defihacklabs,Unwarp,2025-05-14,2026-09-30T05:51:23,https://github.com/SunWeb3Sec/DeFiHackLabs/blob/main/src/test/2025-05/Unwarp_exp.sol
Base,0x0c6a8c285d696d4d9b8dd4079a72a6460a4da05f,unknown,,defihacklabs,Unwarp,2025-05-14,2026-09-30T05:51:23,https://github.com/SunWeb3Sec/DeFiHackLabs/blob/main/src/test/2025-05/Unwarp_exp.sol
Base,0x8befc1d90d03011a7d0b35b3a00ec50f8e014802,unknown,,defihacklabs,Unwarp,2025-05-14,2026-09-30T05:51:23,https://github.com/SunWeb3Sec/DeFiHackLabs/blob/main/src/test/2025-05/Unwarp_exp.sol
BSC,0xF499F7a82De632CFd194025A51C88d1b44C8155e,unknown,,defihacklabs,Bitallx,2025-05-16,2026-09-30T05:51:23,https://github.com/SunWeb3Sec/DeFiHackLabs/blob/main/src/test/2025-05/bitallx_exp.sol
BSC,0x81e631FaC80CdaC59b1A5BBC5667AaaCB238965F,unknown,,defihacklabs,Bitallx,2025-05-16,2026-09-30T05:51:23,https://github.com/SunWeb3Sec/DeFiHackLabs/blob/main/src/test/2025-05/bitallx_exp.sol
BSC,0xa5f3728767F834C591eE99C8C5854b752F39C385,unknown,,defihacklabs,Bitallx,2025-05-16,2026-09-30T05:51:23,https://github.com/SunWeb3Sec/DeFiHackLabs/blob/main/src/test/2025-05/bitallx_exp.sol
BSC,0x9943f26831f9b468a7fe5ac531c352baab8af655,unknown,,defihacklabs,KRC,2025-05-18,2026-09-30T05:51:23,https://github.com/SunWeb3Sec/DeFiHackLabs/blob/main/src/test/2025-05/KRCToken_pair_exp.sol
BSC,0xd995edcab2efe3283514ff111cedc9aaff0349c8,unknown,,defihacklabs,KRC,2025-05-18,2026-09-30T05:51:23,https://github.com/SunWeb3Sec/DeFiHackLabs/blob/main/src/test/2025-05/KRCToken_pair_exp.sol
BSC,0xdbead75d3610209a093af1d46d5296bbeffd53f5,unknown,,defihacklabs,KRC,2025-05-18,2026-09-30T05:51:23,https://github.com/SunWeb3Sec/DeFiHackLabs/blob/main/src/test/2025-05/KRCToken_pair_exp.sol
BSC,0xc49f2938327aa2cdc3f2f89ed17b54b3671f05de,unknown,,defihacklabs,BetaPresale,2025-05-19,2026-09-30T05:51:23,https://github.com/SunWeb3Sec/DeFiHackLabs/blob/main/src/test/2025-05/BetaPresale_exp.sol
BSC,0x627ba7a2b5c07546d38614315ce85f28b332d79c,unknown,,defihacklabs,BetaPresale,2025-05-19,2026-09-30T05:51:23,https://github.com/SunWeb3Sec/DeFiHackLabs/blob/main/src/test/2025-05/BetaPresale_exp.sol
BSC,0x760c2aaa22220f24b9343b2a91a62dd664953853,unknown,,defihacklabs,BetaPresale,2025-05-19,2026-09-30T05:51:23,https://github.com/SunWeb3Sec/DeFiHackLabs/blob/main/src/test/2025-05/BetaPresale_exp.sol
Base,0x2a49c6fd18bd111d51c4fffa6559be1d950b8eff,unknown,,defihacklabs,RICE,2025-05-24,2026-09-30T05:51:23,https://github.com/SunWeb3Sec/DeFiHackLabs/blob/main/src/test/2025-05/RICE_exp.sol
Base,0x7ee23c81995fe7992721ac14b3af522718b63f8f,unknown,,defihacklabs,RICE,2025-05-24,2026-09-30T05:51:23,https://github.com/SunWeb3Sec/DeFiHackLabs/blob/main/src/test/2025-05/RICE_exp.sol
Base,0xcfe0de4a50c80b434092f87e106dfa40b71a5563,unknown,,defihacklabs,RICE,2025-05-24,2026-09-30T05:51:23,https://github.com/SunWeb3Sec/DeFiHackLabs/blob/main/src/test/2025-05/RICE_exp.sol
BSC,0x280489ba18fc7fbfaa38316eff5b842dcc91a738,unknown,,defihacklabs,Dumbo,2025-05-25,2026-09-30T05:51:23,https://github.com/SunWeb3Sec/DeFiHackLabs/blob/main/src/test/2025-05/Dumbo_exp.sol
BSC,0x8d8e60d23bac161ebab168d50b239c63cdcc8342,unknown,,defihacklabs,Dumbo,2025-05-25,2026-09-30T05:51:23,https://github.com/SunWeb3Sec/DeFiHackLabs/blob/main/src/test/2025-05/Dumbo_exp.sol
BSC,0x495670e5a43ce393597952b2fe944036e6785baf,unknown,,defihacklabs,Dumbo,2025-05-25,2026-09-30T05:51:23,https://github.com/SunWeb3Sec/DeFiHackLabs/blob/main/src/test/2025-05/Dumbo_exp.sol
BSC,0x1491b276528531ad3f41dbe9b00387abac55c114,unknown,,defihacklabs,Unverified_0000,2025-05-25,2026-09-30T05:51:23,https://github.com/SunWeb3Sec/DeFiHackLabs/blob/main/src/test/2025-05/unverified_0000_exp.sol
ETH,0x167d4a1658dd960b2945131cd90ca4fdf0faa242,unknown,,defihacklabs,Unverified_0000,2025-05-25,2026-09-30T05:51:23,https://github.com/SunWeb3Sec/DeFiHackLabs/blob/main/src/test/2025-05/unverified_0000_exp.sol
BSC,0x000004a70f92f1b22de1201af76c48365d5d0000,unknown,,defihacklabs,Unverified_0000,2025-05-25,2026-09-30T05:51:23,https://github.com/SunWeb3Sec/DeFiHackLabs/blob/main/src/test/2025-05/unverified_0000_exp.sol
Ethereum,0x2ae2f691642bb18cd8deb13a378a0f95a9fee933,attacker,Attacker,defihacklabs,UsualMoney,2025-05-27,2026-09-30T05:51:23,https://github.com/SunWeb3Sec/DeFiHackLabs/blob/main/src/test/2025-05/UsualMoney_exp.sol
Ethereum,0xf195b8800b729aee5e57851dd4330fcbb69f07ea,unknown,Attack Contract,defihacklabs,UsualMoney,2025-05-27,2026-09-30T05:51:23,https://github.com/SunWeb3Sec/DeFiHackLabs/blob/main/src/test/2025-05/UsualMoney_exp.sol
Ethereum,0x35d8949372d46b7a3d5a56006ae77b215fc69bc0,victim,Vulnerable Contract,defihacklabs,UsualMoney,2025-05-27,2026-09-30T05:51:23,https://github.com/SunWeb3Sec/DeFiHackLabs/blob/main/src/test/2025-05/UsualMoney_exp.sol
ETH,0x2ae2f691642bb18cd8deb13a378a0f95a9fee933,unknown,,defihacklabs,UsualMoney,2025-05-27,2026-09-30T05:51:23,https://github.com/SunWeb3Sec/DeFiHackLabs/blob/main/src/test/2025-05/UsualMoney_exp.sol
ETH,0xf195b8800b729aee5e57851dd4330fcbb69f07ea,unknown,,defihacklabs,UsualMoney,2025-05-27,2026-09-30T05:51:23,https://github.com/SunWeb3Sec/DeFiHackLabs/blob/main/src/test/2025-05/UsualMoney_exp.sol
ETH,0x35d8949372d46b7a3d5a56006ae77b215fc69bc0,unknown,,defihacklabs,UsualMoney,2025-05-27,2026-09-30T05:51:23,https://github.com/SunWeb3Sec/DeFiHackLabs/blob/main/src/test/2025-05/UsualMoney_exp.sol
Base,0xc0082433ac0928ecb63d9a1b87fdd8567f956f11,unknown,,defihacklabs,Unverified_91a1,2025-05-28,2026-09-30T05:51:23,https://github.com/SunWeb3Sec/DeFiHackLabs/blob/main/src/test/2025-05/unverified_91a1_exp.sol
Base,0x7f05e20f02f92ac5801c410cb76d2f8531068208,unknown,,defihacklabs,Unverified_91a1,2025-05-28,2026-09-30T05:51:23,https://github.com/SunWeb3Sec/DeFiHackLabs/blob/main/src/test/2025-05/unverified_91a1_exp.sol
Base,0x91a1dd68dc0ba6526d560ba9e9a3715e0634193d,unknown,,defihacklabs,Unverified_91a1,2025-05-28,2026-09-30T05:51:23,https://github.com/SunWeb3Sec/DeFiHackLabs/blob/main/src/test/2025-05/unverified_91a1_exp.sol
Linea,0x4Da818DD3aAfb9D042a76B5037cdBa61533C7692,unknown,,slowmist,Malda,2025-05-30,2026-09-30T05:51:23,https://mirror.xyz/0x4Da818DD3aAfb9D042a76B5037cdBa61533C7692/yhFSyxCImJ23OD00vb2GQ0JmbcBkX2CO4V2t_29ykIA
BSC,0xd9a34af0b97f13871287c317ea0e1e8c00be0630,unknown,,defihacklabs,DogeAlliance,2025-05-31,2026-09-30T05:51:23,https://github.com/SunWeb3Sec/DeFiHackLabs/blob/main/src/test/2025-05/DogeAlliance_exp.sol
BSC,0xb76fe86265b738616fd69d4751cada35b0a466f0,unknown,,defihacklabs,DogeAlliance,2025-05-31,2026-09-30T05:51:23,https://github.com/SunWeb3Sec/DeFiHackLabs/blob/main/src/test/2025-05/DogeAlliance_exp.sol
BSC,0x04df78093e2b66a0387f8c052c8d344d84ca49af,unknown,,defihacklabs,DogeAlliance,2025-05-31,2026-09-30T05:51:23,https://github.com/SunWeb3Sec/DeFiHackLabs/blob/main/src/test/2025-05/DogeAlliance_exp.sol
ETH,0x1998C6d25212194eBf9BB919b87D40b2Dc8aa8b9,unknown,,rekt,Force Bridge,2025-06-01,2026-09-30T05:51:23,https://rekt.news/force-bridge-rekt
ETH,0x63A993502e74828ddba5710327AFC6dc78d661b2,unknown,,rekt,Force Bridge,2025-06-01,2026-09-30T05:51:23,https://rekt.news/force-bridge-rekt
BSC,0x8215c949F2025B84629041903aDe8394f0a080c6,unknown,,rekt,Force Bridge,2025-06-01,2026-09-30T05:51:23,https://rekt.news/force-bridge-rekt
Ethereum,0x28a8cB85d9d2C9ee536931De22Fe80e3EfEa3bD6,attacker,Attacker,defihacklabs,PegaBall,2025-06-03,2026-09-30T05:51:23,https://github.com/SunWeb3Sec/DeFiHackLabs/blob/main/src/test/2025-06/PegaBall_exp.sol
Ethereum,0x60cbAA2594B2494fce81444697F10701E7B78a31,unknown,Attack Contract,defihacklabs,PegaBall,2025-06-03,2026-09-30T05:51:23,https://github.com/SunWeb3Sec/DeFiHackLabs/blob/main/src/test/2025-06/PegaBall_exp.sol
Ethereum,0x29003DD6B9970AD658314fFFB61E42F352C41630,victim,Vulnerable Contract,defihacklabs,PegaBall,2025-06-03,2026-09-30T05:51:23,https://github.com/SunWeb3Sec/DeFiHackLabs/blob/main/src/test/2025-06/PegaBall_exp.sol
ETH,0x28a8cB85d9d2C9ee536931De22Fe80e3EfEa3bD6,unknown,,defihacklabs,PegaBall,2025-06-03,2026-09-30T05:51:23,https://github.com/SunWeb3Sec/DeFiHackLabs/blob/main/src/test/2025-06/PegaBall_exp.sol
ETH,0x60cbAA2594B2494fce81444697F10701E7B78a31,unknown,,defihacklabs,PegaBall,2025-06-03,2026-09-30T05:51:23,https://github.com/SunWeb3Sec/DeFiHackLabs/blob/main/src/test/2025-06/PegaBall_exp.sol
ETH,0x29003DD6B9970AD658314fFFB61E42F352C41630,unknown,,defihacklabs,PegaBall,2025-06-03,2026-09-30T05:51:23,https://github.com/SunWeb3Sec/DeFiHackLabs/blob/main/src/test/2025-06/PegaBall_exp.sol
BSC,0xc49f2938327aa2cdc3f2f89ed17b54b3671f05de,unknown,,defihacklabs,TokenFactory,2025-06-08,2026-09-30T05:51:23,https://github.com/SunWeb3Sec/DeFiHackLabs/blob/main/src/test/2025-06/TokenFactory_exp.sol
BSC,0xC427866DcFa3dEc145B97ba73D1073a186A59769,unknown,,defihacklabs,TokenFactory,2025-06-08,2026-09-30T05:51:23,https://github.com/SunWeb3Sec/DeFiHackLabs/blob/main/src/test/2025-06/TokenFactory_exp.sol
BSC,0xe4997f98E84C1891e7b57069e177fcCF5f4F6094,unknown,,defihacklabs,TokenFactory,2025-06-08,2026-09-30T05:51:23,https://github.com/SunWeb3Sec/DeFiHackLabs/blob/main/src/test/2025-06/TokenFactory_exp.sol
BSC,0xF499F7A82dE632cFD194025A51C88D1B44C8155e,unknown,,defihacklabs,BitCrown,2025-06-09,2026-09-30T05:51:23,https://github.com/SunWeb3Sec/DeFiHackLabs/blob/main/src/test/2025-06/BitCrown_exp.sol
BSC,0x728f4dfec4cbef3b51f493fdb13b5a1824e6d24d,unknown,,defihacklabs,BitCrown,2025-06-09,2026-09-30T05:51:23,https://github.com/SunWeb3Sec/DeFiHackLabs/blob/main/src/test/2025-06/BitCrown_exp.sol
BSC,0x93b621a9f8f1821a6a693a29672ca3d6612a2a7e,unknown,,defihacklabs,BitCrown,2025-06-09,2026-09-30T05:51:23,https://github.com/SunWeb3Sec/DeFiHackLabs/blob/main/src/test/2025-06/BitCrown_exp.sol
Ethereum,0x7248939f65bdd23aab9eaab1bc4a4f909567486e,attacker,Attacker,defihacklabs,Unverified_8490,2025-06-10,2026-09-30T05:51:23,https://github.com/SunWeb3Sec/DeFiHackLabs/blob/main/src/test/2025-06/unverified_8490_exp.sol
ETH,0x7248939f65bdd23aab9eaab1bc4a4f909567486e,unknown,,defihacklabs,Unverified_8490,2025-06-10,2026-09-30T05:51:23,https://github.com/SunWeb3Sec/DeFiHackLabs/blob/main/src/test/2025-06/unverified_8490_exp.sol
BSC,0xc59d50e26aee2ca34ae11f08924c0bc619728e7c,unknown,,defihacklabs,Unverified_8490,2025-06-10,2026-09-30T05:51:23,https://github.com/SunWeb3Sec/DeFiHackLabs/blob/main/src/test/2025-06/unverified_8490_exp.sol
Ethereum,0x5d4430d14ae1d11526ddac1c1ef01da3b1dae455,attacker,Attacker,defihacklabs,AAVEBoost,2025-06-12,2026-09-30T05:51:23,https://github.com/SunWeb3Sec/DeFiHackLabs/blob/main/src/test/2025-06/AAVEBoost_exp.sol
Ethereum,0x8fa5cf0aa8af0e5adc7b43746ea033ca1b8e68de,unknown,Attack Contract,defihacklabs,AAVEBoost,2025-06-12,2026-09-30T05:51:23,https://github.com/SunWeb3Sec/DeFiHackLabs/blob/main/src/test/2025-06/AAVEBoost_exp.sol
ETH,0x5d4430d14ae1d11526ddac1c1ef01da3b1dae455,unknown,,defihacklabs,AAVEBoost,2025-06-12,2026-09-30T05:51:23,https://github.com/SunWeb3Sec/DeFiHackLabs/blob/main/src/test/2025-06/AAVEBoost_exp.sol
ETH,0x8fa5cf0aa8af0e5adc7b43746ea033ca1b8e68de,unknown,,defihacklabs,AAVEBoost,2025-06-12,2026-09-30T05:51:23,https://github.com/SunWeb3Sec/DeFiHackLabs/blob/main/src/test/2025-06/AAVEBoost_exp.sol
BSC,0xd76bfdbfe0f47d63c99ea47f05262e0d43097e5a,unknown,,defihacklabs,TSAggregatorGeneric,2025-06-14,2026-09-30T05:51:23,https://github.com/SunWeb3Sec/DeFiHackLabs/blob/main/src/test/2025-06/TSAggregatorGeneric_exp.sol
BSC,0x7e0bdfae4ecc3d84a4107625b7b7c227f598ef56,unknown,,defihacklabs,TSAggregatorGeneric,2025-06-14,2026-09-30T05:51:23,https://github.com/SunWeb3Sec/DeFiHackLabs/blob/main/src/test/2025-06/TSAggregatorGeneric_exp.sol
BSC,0xb6fa6f1dcd686f4a573fd243a6fabb4ba36ba98c,unknown,,defihacklabs,TSAggregatorGeneric,2025-06-14,2026-09-30T05:51:23,https://github.com/SunWeb3Sec/DeFiHackLabs/blob/main/src/test/2025-06/TSAggregatorGeneric_exp.sol
Ethereum,0x5FF8645BbC6c8B4390aA228A3e8bf08240F333b4,attacker,Attacker,defihacklabs,FixedTokenBSwap,2025-06-15,2026-09-30T05:51:23,https://github.com/SunWeb3Sec/DeFiHackLabs/blob/main/src/test/2025-06/FixedTokenBSwap_exp.sol
Ethereum,0x746b3d7E9953cDaa8C4d4Fd3ee24fE133f459F32,victim,Vulnerable Contract,defihacklabs,FixedTokenBSwap,2025-06-15,2026-09-30T05:51:23,https://github.com/SunWeb3Sec/DeFiHackLabs/blob/main/src/test/2025-06/FixedTokenBSwap_exp.sol
ETH,0x5FF8645BbC6c8B4390aA228A3e8bf08240F333b4,unknown,,defihacklabs,FixedTokenBSwap,2025-06-15,2026-09-30T05:51:23,https://github.com/SunWeb3Sec/DeFiHackLabs/blob/main/src/test/2025-06/FixedTokenBSwap_exp.sol
ETH,0xDc1d6a8c90735eABa3d34395B9FFe160E1daAc02,unknown,,defihacklabs,FixedTokenBSwap,2025-06-15,2026-09-30T05:51:23,https://github.com/SunWeb3Sec/DeFiHackLabs/blob/main/src/test/2025-06/FixedTokenBSwap_exp.sol
ETH,0x746b3d7E9953cDaa8C4d4Fd3ee24fE133f459F32,unknown,,defihacklabs,FixedTokenBSwap,2025-06-15,2026-09-30T05:51:23,https://github.com/SunWeb3Sec/DeFiHackLabs/blob/main/src/test/2025-06/FixedTokenBSwap_exp.sol
BSC,0xc49f2938327aa2cdc3f2f89ed17b54b3671f05de,unknown,,defihacklabs,WaleCoin,2025-06-15,2026-09-30T05:51:23,https://github.com/SunWeb3Sec/DeFiHackLabs/blob/main/src/test/2025-06/WaleCoin_exp.sol
BSC,0x07a86ab86c58b894c3722fa8c69065320fae8883,unknown,,defihacklabs,WaleCoin,2025-06-15,2026-09-30T05:51:23,https://github.com/SunWeb3Sec/DeFiHackLabs/blob/main/src/test/2025-06/WaleCoin_exp.sol
BSC,0x67cea5e25903c3022ebaf99e67e1898f1de6a75e,unknown,,defihacklabs,WaleCoin,2025-06-15,2026-09-30T05:51:23,https://github.com/SunWeb3Sec/DeFiHackLabs/blob/main/src/test/2025-06/WaleCoin_exp.sol
BSC,0x904d8c8ac825b70ce893cfdb133899d21e10e8b7,unknown,,defihacklabs,WaleCoin,2025-06-15,2026-09-30T05:51:23,https://github.com/SunWeb3Sec/DeFiHackLabs/blob/main/src/test/2025-06/WaleCoin_exp.sol
Ethereum,0x48f1d0f5831eb6e544f8cbde777b527b87a1be98,attacker,Attacker,defihacklabs,MetaPool,2025-06-17,2026-09-30T05:51:23,https://github.com/SunWeb3Sec/DeFiHackLabs/blob/main/src/test/2025-06/MetaPool_exp.sol
Ethereum,0xff13d5899aa7d84c10e4cd6fb030b80554424136,unknown,Attack Contract,defihacklabs,MetaPool,2025-06-17,2026-09-30T05:51:23,https://github.com/SunWeb3Sec/DeFiHackLabs/blob/main/src/test/2025-06/MetaPool_exp.sol
Ethereum,0xC3D10bd8e051a2bE6408d18Be8464654F699a25a,unknown,Created Attack Contract,defihacklabs,MetaPool,2025-06-17,2026-09-30T05:51:23,https://github.com/SunWeb3Sec/DeFiHackLabs/blob/main/src/test/2025-06/MetaPool_exp.sol
Ethereum,0x48afbbd342f64ef8a9ab1c143719b63c2ad81710,victim,Vulnerable Contract,defihacklabs,MetaPool,2025-06-17,2026-09-30T05:51:23,https://github.com/SunWeb3Sec/DeFiHackLabs/blob/main/src/test/2025-06/MetaPool_exp.sol
ETH,0x48f1d0f5831eb6e544f8cbde777b527b87a1be98,unknown,,defihacklabs,MetaPool,2025-06-17,2026-09-30T05:51:23,https://github.com/SunWeb3Sec/DeFiHackLabs/blob/main/src/test/2025-06/MetaPool_exp.sol
ETH,0xff13d5899aa7d84c10e4cd6fb030b80554424136,unknown,,defihacklabs,MetaPool,2025-06-17,2026-09-30T05:51:23,https://github.com/SunWeb3Sec/DeFiHackLabs/blob/main/src/test/2025-06/MetaPool_exp.sol
ETH,0xC3D10bd8e051a2bE6408d18Be8464654F699a25a,unknown,,defihacklabs,MetaPool,2025-06-17,2026-09-30T05:51:23,https://github.com/SunWeb3Sec/DeFiHackLabs/blob/main/src/test/2025-06/MetaPool_exp.sol
ETH,0x48afbbd342f64ef8a9ab1c143719b63c2ad81710,unknown,,defihacklabs,MetaPool,2025-06-17,2026-09-30T05:51:23,https://github.com/SunWeb3Sec/DeFiHackLabs/blob/main/src/test/2025-06/MetaPool_exp.sol
Ethereum,0x172dca3e72e4643ce8b7932f4947347c1e49ba6d,attacker,Attacker,defihacklabs,BankrollStackPlus,2025-06-18,2026-09-30T05:51:23,https://github.com/SunWeb3Sec/DeFiHackLabs/blob/main/src/test/2025-06/BankrollStackPlus_exp.sol
Ethereum,0x92c56dd0c9eee1da9f68f6e0f70c4a77de7b2b3c,unknown,Attack Contract,defihacklabs,BankrollStackPlus,2025-06-18,2026-09-30T05:51:23,https://github.com/SunWeb3Sec/DeFiHackLabs/blob/main/src/test/2025-06/BankrollStackPlus_exp.sol
Ethereum,0x7b3611b0affc27d212a68293831d3b55354b802f,victim,Vulnerable Contract,defihacklabs,BankrollStackPlus,2025-06-18,2026-09-30T05:51:23,https://github.com/SunWeb3Sec/DeFiHackLabs/blob/main/src/test/2025-06/BankrollStackPlus_exp.sol
ETH,0x172dca3e72e4643ce8b7932f4947347c1e49ba6d,unknown,,defihacklabs,BankrollStackPlus,2025-06-18,2026-09-30T05:51:23,https://github.com/SunWeb3Sec/DeFiHackLabs/blob/main/src/test/2025-06/BankrollStackPlus_exp.sol
ETH,0x92c56dd0c9eee1da9f68f6e0f70c4a77de7b2b3c,unknown,,defihacklabs,BankrollStackPlus,2025-06-18,2026-09-30T05:51:23,https://github.com/SunWeb3Sec/DeFiHackLabs/blob/main/src/test/2025-06/BankrollStackPlus_exp.sol
ETH,0x7b3611b0affc27d212a68293831d3b55354b802f,unknown,,defihacklabs,BankrollStackPlus,2025-06-18,2026-09-30T05:51:23,https://github.com/SunWeb3Sec/DeFiHackLabs/blob/main/src/test/2025-06/BankrollStackPlus_exp.sol
BSC,0x2dea406bb3bea68d6be8d9ef0071fdf63082fb52,unknown,,defihacklabs,BankrollNetwork,2025-06-19,2026-09-30T05:51:23,https://github.com/SunWeb3Sec/DeFiHackLabs/blob/main/src/test/2025-06/BankrollNetwork_exp.sol
BSC,0xe63a5c681cacb8484c8a989cfdd41b8e3b7a2be2,unknown,,defihacklabs,BankrollNetwork,2025-06-19,2026-09-30T05:51:23,https://github.com/SunWeb3Sec/DeFiHackLabs/blob/main/src/test/2025-06/BankrollNetwork_exp.sol
BSC,0xAdEfb902CaB716B8043c5231ae9A50b8b4eE7c4e,unknown,,defihacklabs,BankrollNetwork,2025-06-19,2026-09-30T05:51:23,https://github.com/SunWeb3Sec/DeFiHackLabs/blob/main/src/test/2025-06/BankrollNetwork_exp.sol
Ethereum,0x172dca3e72e4643ce8b7932f4947347c1e49ba6d,attacker,Attacker,defihacklabs,BankrollStack,2025-06-19,2026-09-30T05:51:23,https://github.com/SunWeb3Sec/DeFiHackLabs/blob/main/src/test/2025-06/BankrollStack_exp.sol
Ethereum,0x92c56dd0c9eee1da9f68f6e0f70c4a77de7b2b3c,unknown,Attack Contract,defihacklabs,BankrollStack,2025-06-19,2026-09-30T05:51:23,https://github.com/SunWeb3Sec/DeFiHackLabs/blob/main/src/test/2025-06/BankrollStack_exp.sol
ETH,0x172dca3e72e4643ce8b7932f4947347c1e49ba6d,unknown,,defihacklabs,BankrollStack,2025-06-19,2026-09-30T05:51:23,https://github.com/SunWeb3Sec/DeFiHackLabs/blob/main/src/test/2025-06/BankrollStack_exp.sol
ETH,0x92c56dd0c9eee1da9f68f6e0f70c4a77de7b2b3c,unknown,,defihacklabs,BankrollStack,2025-06-19,2026-09-30T05:51:23,https://github.com/SunWeb3Sec/DeFiHackLabs/blob/main/src/test/2025-06/BankrollStack_exp.sol
BSC,0x16d0a151297a0393915239373897bCc955882110,unknown,,defihacklabs,BankrollStack,2025-06-19,2026-09-30T05:51:23,https://github.com/SunWeb3Sec/DeFiHackLabs/blob/main/src/test/2025-06/BankrollStack_exp.sol
BSC,0xd9a34af0b97f13871287c317ea0e1e8c00be0630,unknown,,defihacklabs,BasePricePool,2025-06-19,2026-09-30T05:51:23,https://github.com/SunWeb3Sec/DeFiHackLabs/blob/main/src/test/2025-06/BasePricePool_exp.sol
BSC,0x99e9ee61cac90715fdedbb07d8786535964bf47b,unknown,,defihacklabs,BasePricePool,2025-06-19,2026-09-30T05:51:23,https://github.com/SunWeb3Sec/DeFiHackLabs/blob/main/src/test/2025-06/BasePricePool_exp.sol
BSC,0x53fef7d598a2db0920b2a9fdf27e5c401dc9ff85,unknown,,defihacklabs,BasePricePool,2025-06-19,2026-09-30T05:51:23,https://github.com/SunWeb3Sec/DeFiHackLabs/blob/main/src/test/2025-06/BasePricePool_exp.sol
BSC,0xc49f2938327aa2cdc3f2f89ed17b54b3671f05de,unknown,,defihacklabs,SinstakeZombie,2025-06-19,2026-09-30T05:51:23,https://github.com/SunWeb3Sec/DeFiHackLabs/blob/main/src/test/2025-06/SinstakeZombie_exp.sol
BSC,0xd599588b08eb167ee455f4bdac46fe162e7a6515,unknown,,defihacklabs,SinstakeZombie,2025-06-19,2026-09-30T05:51:23,https://github.com/SunWeb3Sec/DeFiHackLabs/blob/main/src/test/2025-06/SinstakeZombie_exp.sol
BSC,0x7314729d691fd074dbba03ca3c6ef3be61b31d34,unknown,,defihacklabs,SinstakeZombie,2025-06-19,2026-09-30T05:51:23,https://github.com/SunWeb3Sec/DeFiHackLabs/blob/main/src/test/2025-06/SinstakeZombie_exp.sol
BSC,0xc49f2938327aa2cdc3f2f89ed17b54b3671f05de,unknown,,defihacklabs,Gangsterfinance,2025-06-20,2026-09-30T05:51:23,https://github.com/SunWeb3Sec/DeFiHackLabs/blob/main/src/test/2025-06/Gangsterfinance_exp.sol
BSC,0x982769c5e5dd77f8308e3cd6eec37da9d8237dc6,unknown,,defihacklabs,Gangsterfinance,2025-06-20,2026-09-30T05:51:23,https://github.com/SunWeb3Sec/DeFiHackLabs/blob/main/src/test/2025-06/Gangsterfinance_exp.sol
BSC,0x268D1581a34FB63dC46C92f07cB0D739517ca51C,unknown,,defihacklabs,Gangsterfinance,2025-06-20,2026-09-30T05:51:23,https://github.com/SunWeb3Sec/DeFiHackLabs/blob/main/src/test/2025-06/Gangsterfinance_exp.sol
BSC,0xe968d2e4adc89609773571301abec3399d163c3b,unknown,,defihacklabs,Gangsterfinance,2025-06-20,2026-09-30T05:51:23,https://github.com/SunWeb3Sec/DeFiHackLabs/blob/main/src/test/2025-06/Gangsterfinance_exp.sol
BSC,0x0a4125690753b6cc82cadbca0f0899eb2025acb0,unknown,,defihacklabs,HoldSafe,2025-06-20,2026-09-30T05:51:23,https://github.com/SunWeb3Sec/DeFiHackLabs/blob/main/src/test/2025-06/HoldSafe_exp.sol
BSC,0x8b6dc9db598ecc3aa36d3eddebe9a9dd36e2bd7d,unknown,,defihacklabs,HoldSafe,2025-06-20,2026-09-30T05:51:23,https://github.com/SunWeb3Sec/DeFiHackLabs/blob/main/src/test/2025-06/HoldSafe_exp.sol
BSC,0x2496b87189d5ae18d4d83b8a7039b0c8a07d98d4,unknown,,defihacklabs,HoldSafe,2025-06-20,2026-09-30T05:51:23,https://github.com/SunWeb3Sec/DeFiHackLabs/blob/main/src/test/2025-06/HoldSafe_exp.sol
BSC,0x00e5c8e39eece020ad21d965402d2f9248f0a6ab,unknown,https,defihacklabs,TokenVault,2025-06-20,2026-09-30T05:51:23,https://github.com/SunWeb3Sec/DeFiHackLabs/blob/main/src/test/2025-06/TokenVault_exp.sol
BSC,0xc49f2938327aa2cdc3f2f89ed17b54b3671f05de,unknown,,defihacklabs,TokenVault,2025-06-20,2026-09-30T05:51:23,https://github.com/SunWeb3Sec/DeFiHackLabs/blob/main/src/test/2025-06/TokenVault_exp.sol
BSC,0x96cFc7fd01fCF3A3b6eE4891b4D2B7e0A951AD70,unknown,,defihacklabs,TokenVault,2025-06-20,2026-09-30T05:51:23,https://github.com/SunWeb3Sec/DeFiHackLabs/blob/main/src/test/2025-06/TokenVault_exp.sol
BSC,0x5b68EfE78D9951a8C347A5Dc807998c40934CD14,unknown,,defihacklabs,TokenVault,2025-06-20,2026-09-30T05:51:23,https://github.com/SunWeb3Sec/DeFiHackLabs/blob/main/src/test/2025-06/TokenVault_exp.sol
Ethereum,0x1234567a98230550894bf93e2346a8bc5c3b36e3,attacker,Attacker,defihacklabs,GradientMakerPool,2025-06-23,2026-09-30T05:51:23,https://github.com/SunWeb3Sec/DeFiHackLabs/blob/main/src/test/2025-06/GradientMakerPool_exp.sol
Ethereum,0xcb4059bb021f4cf9d90267b7961125210cedb792,unknown,Attack Contract,defihacklabs,GradientMakerPool,2025-06-23,2026-09-30T05:51:23,https://github.com/SunWeb3Sec/DeFiHackLabs/blob/main/src/test/2025-06/GradientMakerPool_exp.sol
Ethereum,0x37Ea5f691bCe8459C66fFceeb9cf34ffa32fdadC,victim,Vulnerable Contract,defihacklabs,GradientMakerPool,2025-06-23,2026-09-30T05:51:23,https://github.com/SunWeb3Sec/DeFiHackLabs/blob/main/src/test/2025-06/GradientMakerPool_exp.sol
ETH,0x1234567a98230550894bf93e2346a8bc5c3b36e3,unknown,,defihacklabs,GradientMakerPool,2025-06-23,2026-09-30T05:51:23,https://github.com/SunWeb3Sec/DeFiHackLabs/blob/main/src/test/2025-06/GradientMakerPool_exp.sol
ETH,0xcb4059bb021f4cf9d90267b7961125210cedb792,unknown,,defihacklabs,GradientMakerPool,2025-06-23,2026-09-30T05:51:23,https://github.com/SunWeb3Sec/DeFiHackLabs/blob/main/src/test/2025-06/GradientMakerPool_exp.sol
ETH,0x37Ea5f691bCe8459C66fFceeb9cf34ffa32fdadC,unknown,,defihacklabs,GradientMakerPool,2025-06-23,2026-09-30T05:51:23,https://github.com/SunWeb3Sec/DeFiHackLabs/blob/main/src/test/2025-06/GradientMakerPool_exp.sol
Ethereum,0x2d9a39de3e5227ff74b4cfc154b16fd77614ee33,attacker,Attacker,defihacklabs,ParaSwapDAIApproval,2025-06-25,2026-09-30T05:51:23,https://github.com/SunWeb3Sec/DeFiHackLabs/blob/main/src/test/2025-06/ParaSwapDAIApproval_exp.sol
Ethereum,0x5b24ff16da6b75cc1e18c9361d8deaeae5ea2f0f,unknown,Attack Contract,defihacklabs,ParaSwapDAIApproval,2025-06-25,2026-09-30T05:51:23,https://github.com/SunWeb3Sec/DeFiHackLabs/blob/main/src/test/2025-06/ParaSwapDAIApproval_exp.sol
Ethereum,0xb5d85cbf7cb3ee0d56b3bb207d5fc4b82f43f511,victim,Alert Victim,defihacklabs,ParaSwapDAIApproval,2025-06-25,2026-09-30T05:51:23,https://github.com/SunWeb3Sec/DeFiHackLabs/blob/main/src/test/2025-06/ParaSwapDAIApproval_exp.sol
Ethereum,0x1e0c22a1f39b6c7f36661297437e874ec31fa0b1,unknown,DAI Source Account,defihacklabs,ParaSwapDAIApproval,2025-06-25,2026-09-30T05:51:23,https://github.com/SunWeb3Sec/DeFiHackLabs/blob/main/src/test/2025-06/ParaSwapDAIApproval_exp.sol
Ethereum,0xdef171fe48cf0115b1d80b88dc8eab59176fee57,unknown,ParaSwap AugustusSwapper,defihacklabs,ParaSwapDAIApproval,2025-06-25,2026-09-30T05:51:23,https://github.com/SunWeb3Sec/DeFiHackLabs/blob/main/src/test/2025-06/ParaSwapDAIApproval_exp.sol
ETH,0x2d9a39de3e5227ff74b4cfc154b16fd77614ee33,unknown,,defihacklabs,ParaSwapDAIApproval,2025-06-25,2026-09-30T05:51:23,https://github.com/SunWeb3Sec/DeFiHackLabs/blob/main/src/test/2025-06/ParaSwapDAIApproval_exp.sol
ETH,0x5b24ff16da6b75cc1e18c9361d8deaeae5ea2f0f,unknown,,defihacklabs,ParaSwapDAIApproval,2025-06-25,2026-09-30T05:51:23,https://github.com/SunWeb3Sec/DeFiHackLabs/blob/main/src/test/2025-06/ParaSwapDAIApproval_exp.sol
ETH,0xb5d85cbf7cb3ee0d56b3bb207d5fc4b82f43f511,unknown,,defihacklabs,ParaSwapDAIApproval,2025-06-25,2026-09-30T05:51:23,https://github.com/SunWeb3Sec/DeFiHackLabs/blob/main/src/test/2025-06/ParaSwapDAIApproval_exp.sol
ETH,0x1e0c22a1f39b6c7f36661297437e874ec31fa0b1,unknown,,defihacklabs,ParaSwapDAIApproval,2025-06-25,2026-09-30T05:51:23,https://github.com/SunWeb3Sec/DeFiHackLabs/blob/main/src/test/2025-06/ParaSwapDAIApproval_exp.sol
ETH,0xdef171fe48cf0115b1d80b88dc8eab59176fee57,unknown,,defihacklabs,ParaSwapDAIApproval,2025-06-25,2026-09-30T05:51:23,https://github.com/SunWeb3Sec/DeFiHackLabs/blob/main/src/test/2025-06/ParaSwapDAIApproval_exp.sol
Ethereum,0x04377cfaf4b4a44bb84042218cdda4cebcf8fd62,attacker,Attacker,defihacklabs,SiloFinance,2025-06-25,2026-09-30T05:51:23,https://github.com/SunWeb3Sec/DeFiHackLabs/blob/main/src/test/2025-06/SiloFinance_exp.sol
Ethereum,0x79c5c002410a67ac7a0cde2c2217c3f560859c7e,unknown,Attack Contract,defihacklabs,SiloFinance,2025-06-25,2026-09-30T05:51:23,https://github.com/SunWeb3Sec/DeFiHackLabs/blob/main/src/test/2025-06/SiloFinance_exp.sol
Ethereum,0x160287e2d3fdcde9e91317982fc1cc01c1f94085,victim,Vulnerable Contract,defihacklabs,SiloFinance,2025-06-25,2026-09-30T05:51:23,https://github.com/SunWeb3Sec/DeFiHackLabs/blob/main/src/test/2025-06/SiloFinance_exp.sol
ETH,0x04377cfaf4b4a44bb84042218cdda4cebcf8fd62,unknown,,defihacklabs,SiloFinance,2025-06-25,2026-09-30T05:51:23,https://github.com/SunWeb3Sec/DeFiHackLabs/blob/main/src/test/2025-06/SiloFinance_exp.sol
ETH,0x79c5c002410a67ac7a0cde2c2217c3f560859c7e,unknown,,defihacklabs,SiloFinance,2025-06-25,2026-09-30T05:51:23,https://github.com/SunWeb3Sec/DeFiHackLabs/blob/main/src/test/2025-06/SiloFinance_exp.sol
ETH,0x160287e2d3fdcde9e91317982fc1cc01c1f94085,unknown,,defihacklabs,SiloFinance,2025-06-25,2026-09-30T05:51:23,https://github.com/SunWeb3Sec/DeFiHackLabs/blob/main/src/test/2025-06/SiloFinance_exp.sol
BSC,0x7708aaedf3d408c47b04d62dac6edd2496637be9,unknown,- https,defihacklabs,Unverified_b5cb,2025-06-25,2026-09-30T05:51:23,https://github.com/SunWeb3Sec/DeFiHackLabs/blob/main/src/test/2025-06/unverified_b5cb_exp.sol
BSC,0xf9025e317ce71bc8c055a511fccf0eb4eafd0b8c,unknown,- https,defihacklabs,Unverified_b5cb,2025-06-25,2026-09-30T05:51:23,https://github.com/SunWeb3Sec/DeFiHackLabs/blob/main/src/test/2025-06/unverified_b5cb_exp.sol
BSC,0xd5c6f3b71bcceb2ef8332bd8225f5f39e56a122c,unknown,,defihacklabs,Unverified_b5cb,2025-06-25,2026-09-30T05:51:23,https://github.com/SunWeb3Sec/DeFiHackLabs/blob/main/src/test/2025-06/unverified_b5cb_exp.sol
BSC,0x7c2565b563e057d482be2bf77796047e5340c57a,unknown,,defihacklabs,Unverified_b5cb,2025-06-25,2026-09-30T05:51:23,https://github.com/SunWeb3Sec/DeFiHackLabs/blob/main/src/test/2025-06/unverified_b5cb_exp.sol
BSC,0xb5cb0555a1d28c9dfdbc14017dae131d5c1cc19c,unknown,,defihacklabs,Unverified_b5cb,2025-06-25,2026-09-30T05:51:23,https://github.com/SunWeb3Sec/DeFiHackLabs/blob/main/src/test/2025-06/unverified_b5cb_exp.sol
Ethereum,0x6d9f6e900ac2ce6770fd9f04f98b7b0fc355e2ea,attacker,Attacker,defihacklabs,ResupplyFi,2025-06-26,2026-09-30T05:51:23,https://github.com/SunWeb3Sec/DeFiHackLabs/blob/main/src/test/2025-06/ResupplyFi_exp.sol
Ethereum,0xf90da523a7c19a0a3d8d4606242c46f1ee459dc7,unknown,Attack Contract,defihacklabs,ResupplyFi,2025-06-26,2026-09-30T05:51:23,https://github.com/SunWeb3Sec/DeFiHackLabs/blob/main/src/test/2025-06/ResupplyFi_exp.sol
Ethereum,0x151aA63dbb7C605E7b0a173Ab7375e1450E79238,unknown,Created Attack Contract,defihacklabs,ResupplyFi,2025-06-26,2026-09-30T05:51:23,https://github.com/SunWeb3Sec/DeFiHackLabs/blob/main/src/test/2025-06/ResupplyFi_exp.sol
Ethereum,0x6e90c85a495d54c6d7E1f3400FEF1f6e59f86bd6,victim,Vulnerable Contract,defihacklabs,ResupplyFi,2025-06-26,2026-09-30T05:51:23,https://github.com/SunWeb3Sec/DeFiHackLabs/blob/main/src/test/2025-06/ResupplyFi_exp.sol
Ethereum,0x521CB9b35514E9c8a8a929C890bf1489F63B2C84,unknown,Post-mortem,defihacklabs,ResupplyFi,2025-06-26,2026-09-30T05:51:23,https://github.com/SunWeb3Sec/DeFiHackLabs/blob/main/src/test/2025-06/ResupplyFi_exp.sol
ETH,0x6d9f6e900ac2ce6770fd9f04f98b7b0fc355e2ea,unknown,,defihacklabs,ResupplyFi,2025-06-26,2026-09-30T05:51:23,https://github.com/SunWeb3Sec/DeFiHackLabs/blob/main/src/test/2025-06/ResupplyFi_exp.sol
ETH,0xf90da523a7c19a0a3d8d4606242c46f1ee459dc7,unknown,,defihacklabs,ResupplyFi,2025-06-26,2026-09-30T05:51:23,https://github.com/SunWeb3Sec/DeFiHackLabs/blob/main/src/test/2025-06/ResupplyFi_exp.sol
ETH,0x151aA63dbb7C605E7b0a173Ab7375e1450E79238,unknown,,defihacklabs,ResupplyFi,2025-06-26,2026-09-30T05:51:23,https://github.com/SunWeb3Sec/DeFiHackLabs/blob/main/src/test/2025-06/ResupplyFi_exp.sol
ETH,0x6e90c85a495d54c6d7E1f3400FEF1f6e59f86bd6,unknown,,defihacklabs,ResupplyFi,2025-06-26,2026-09-30T05:51:23,https://github.com/SunWeb3Sec/DeFiHackLabs/blob/main/src/test/2025-06/ResupplyFi_exp.sol
ETH,0x521CB9b35514E9c8a8a929C890bf1489F63B2C84,unknown,,defihacklabs,ResupplyFi,2025-06-26,2026-09-30T05:51:23,https://github.com/SunWeb3Sec/DeFiHackLabs/blob/main/src/test/2025-06/ResupplyFi_exp.sol
Ethereum,0xad2cb8f48e74065a0b884af9c5a4ecbba101be23,attacker,Attacker,defihacklabs,InitcodeFactoryFees,2025-06-28,2026-09-30T05:51:23,https://github.com/SunWeb3Sec/DeFiHackLabs/blob/main/src/test/2025-06/InitcodeFactoryFees_exp.sol
Ethereum,0x0c76c4911d92b99d0dab0a8a90b73e9ae3bc940f,unknown,Attack Contract,defihacklabs,InitcodeFactoryFees,2025-06-28,2026-09-30T05:51:23,https://github.com/SunWeb3Sec/DeFiHackLabs/blob/main/src/test/2025-06/InitcodeFactoryFees_exp.sol
Ethereum,0x930f9fa91e1e46d8e44abc3517e2965c6f9c4763,victim,Vulnerable Contract,defihacklabs,InitcodeFactoryFees,2025-06-28,2026-09-30T05:51:23,https://github.com/SunWeb3Sec/DeFiHackLabs/blob/main/src/test/2025-06/InitcodeFactoryFees_exp.sol
ETH,0xad2cb8f48e74065a0b884af9c5a4ecbba101be23,unknown,,defihacklabs,InitcodeFactoryFees,2025-06-28,2026-09-30T05:51:23,https://github.com/SunWeb3Sec/DeFiHackLabs/blob/main/src/test/2025-06/InitcodeFactoryFees_exp.sol
ETH,0x0c76c4911d92b99d0dab0a8a90b73e9ae3bc940f,unknown,,defihacklabs,InitcodeFactoryFees,2025-06-28,2026-09-30T05:51:23,https://github.com/SunWeb3Sec/DeFiHackLabs/blob/main/src/test/2025-06/InitcodeFactoryFees_exp.sol
ETH,0x930f9fa91e1e46d8e44abc3517e2965c6f9c4763,unknown,,defihacklabs,InitcodeFactoryFees,2025-06-28,2026-09-30T05:51:23,https://github.com/SunWeb3Sec/DeFiHackLabs/blob/main/src/test/2025-06/InitcodeFactoryFees_exp.sol
Optimism,0xae4a7cde7c99fb98b0d5fa414aa40f0300531f43,unknown,,rekt,Sonne Finance,2024-05-15,2026-09-30T05:51:22,https://rekt.news/sonne-finance-rekt
Optimism,0x02fa2625825917e9b1f8346a465de1bbc150c5b9,unknown,,rekt,Sonne Finance,2024-05-15,2026-09-30T05:51:22,https://rekt.news/sonne-finance-rekt
Optimism,0xe3b81318b1b6776f0877c3770afddff97b9f5fe5,unknown,,rekt,Sonne Finance,2024-05-15,2026-09-30T05:51:22,https://rekt.news/sonne-finance-rekt
Base,0xec8fea79026ffed168ccf5c627c7f486d77b765f,unknown,,rekt,Sonne Finance,2024-05-15,2026-09-30T05:51:22,https://rekt.news/sonne-finance-rekt
Base,0xf7b5965f5c117eb1b5450187c9dcfccc3c317e8e,unknown,,rekt,Sonne Finance,2024-05-15,2026-09-30T05:51:22,https://rekt.news/sonne-finance-rekt
Optimism,0x5d0d99e9886581ff8fcb01f35804317f5ed80bbb,unknown,,rekt,Sonne Finance,2024-05-15,2026-09-30T05:51:22,https://rekt.news/sonne-finance-rekt
ETH,0x6277ab36a67cfb5535b02ee95c835a5eec554c07,unknown,,rekt,Sonne Finance,2024-05-15,2026-09-30T05:51:22,https://rekt.news/sonne-finance-rekt
Optimism,0x9f09ec563222fe52712dc413d0b7b66cb5c7c795,unknown,,rekt,Sonne Finance,2024-05-15,2026-09-30T05:51:22,https://rekt.news/sonne-finance-rekt
ETH,0x3b39652151102d19ca41544a635956ef97416598,unknown,,rekt,Sonne Finance,2024-05-15,2026-09-30T05:51:22,https://rekt.news/sonne-finance-rekt
Optimism,0x9f44c4ec0b34c2dde2268ed3acbf3aba8eacde51,unknown,,rekt,Sonne Finance,2024-05-15,2026-09-30T05:51:22,https://rekt.news/sonne-finance-rekt
BSC,0xb9596d6e53d81981b9f06ca2ca6d3e422232d575,unknown,,defihacklabs,TCH,2024-05-16,2026-09-30T05:51:22,https://github.com/SunWeb3Sec/DeFiHackLabs/blob/main/src/test/2024-05/TCH_exp.sol
BSC,0x258850ec735f6532fe34fe24ef9628992a9b7e84,unknown,,defihacklabs,TCH,2024-05-16,2026-09-30T05:51:22,https://github.com/SunWeb3Sec/DeFiHackLabs/blob/main/src/test/2024-05/TCH_exp.sol
BSC,0x5d78cfc8732fd328015c9b73699de9556ef06e8e,unknown,,defihacklabs,TCH,2024-05-16,2026-09-30T05:51:22,https://github.com/SunWeb3Sec/DeFiHackLabs/blob/main/src/test/2024-05/TCH_exp.sol
Base,0x587f14b7ffb30b5013ab0db02e9bc94183817ef3,unknown,https,defihacklabs,NORMIE,2024-05-26,2026-09-30T05:51:22,https://github.com/SunWeb3Sec/DeFiHackLabs/blob/main/src/test/2024-05/NORMIE_exp.sol
Base,0x24605e0bb933f6ec96e6bbbcea0be8cc880f6e6f,unknown,,defihacklabs,NORMIE,2024-05-26,2026-09-30T05:51:22,https://github.com/SunWeb3Sec/DeFiHackLabs/blob/main/src/test/2024-05/NORMIE_exp.sol
BSC,0x36a6135672035507b772279d99a9f7445f2d1601,unknown,,defihacklabs,RedKeysCoin,2024-05-27,2026-09-30T05:51:22,https://github.com/SunWeb3Sec/DeFiHackLabs/blob/main/src/test/2024-05/RedKeysCoin_exp.sol
BSC,0x471038827c05c87c23e9dba5331c753337fd918b,unknown,,defihacklabs,RedKeysCoin,2024-05-27,2026-09-30T05:51:22,https://github.com/SunWeb3Sec/DeFiHackLabs/blob/main/src/test/2024-05/RedKeysCoin_exp.sol
BSC,0x71e3056aa4985de9f5441f079e6c74454a3c95f0,unknown,,defihacklabs,RedKeysCoin,2024-05-27,2026-09-30T05:51:22,https://github.com/SunWeb3Sec/DeFiHackLabs/blob/main/src/test/2024-05/RedKeysCoin_exp.sol
BSC,0x51177db1ff3b450007958447946a2eee388288d2,unknown,,defihacklabs,Tradeonorion,2024-05-28,2026-09-30T05:51:22,https://github.com/SunWeb3Sec/DeFiHackLabs/blob/main/src/test/2024-05/Tradeonorion_exp.sol
BSC,0xf8bfac82bdd7ac82d3aeec98b9e1e73579509db6,unknown,,defihacklabs,Tradeonorion,2024-05-28,2026-09-30T05:51:22,https://github.com/SunWeb3Sec/DeFiHackLabs/blob/main/src/test/2024-05/Tradeonorion_exp.sol
BSC,0xEF1f39d8391cdDcaee62b8b383cB992F46a6ce4f,unknown,,defihacklabs,MetaDragon,2024-05-29,2026-09-30T05:51:22,https://github.com/SunWeb3Sec/DeFiHackLabs/blob/main/src/test/2024-05/MetaDragon_exp.sol
Ethereum,0x55Db954F0121E09ec838a20c216eABf35Ca32cDD,attacker,Attacker,defihacklabs,SCROLL,2024-05-29,2026-09-30T05:51:22,https://github.com/SunWeb3Sec/DeFiHackLabs/blob/main/src/test/2024-05/SCROLL_exp.sol
Ethereum,0x55f5aac4466eb9b7bbeee8c05b365e5b18b5afcc,unknown,Attack Contract,defihacklabs,SCROLL,2024-05-29,2026-09-30T05:51:22,https://github.com/SunWeb3Sec/DeFiHackLabs/blob/main/src/test/2024-05/SCROLL_exp.sol
Ethereum,0xe51D3dE9b81916D383eF97855C271250852eC7B7,victim,Vulnerable Contract,defihacklabs,SCROLL,2024-05-29,2026-09-30T05:51:22,https://github.com/SunWeb3Sec/DeFiHackLabs/blob/main/src/test/2024-05/SCROLL_exp.sol
ETH,0x55Db954F0121E09ec838a20c216eABf35Ca32cDD,unknown,,defihacklabs,SCROLL,2024-05-29,2026-09-30T05:51:22,https://github.com/SunWeb3Sec/DeFiHackLabs/blob/main/src/test/2024-05/SCROLL_exp.sol
ETH,0x55f5aac4466eb9b7bbeee8c05b365e5b18b5afcc,unknown,,defihacklabs,SCROLL,2024-05-29,2026-09-30T05:51:22,https://github.com/SunWeb3Sec/DeFiHackLabs/blob/main/src/test/2024-05/SCROLL_exp.sol
ETH,0xe51D3dE9b81916D383eF97855C271250852eC7B7,unknown,,defihacklabs,SCROLL,2024-05-29,2026-09-30T05:51:22,https://github.com/SunWeb3Sec/DeFiHackLabs/blob/main/src/test/2024-05/SCROLL_exp.sol
BTC,1B6rJRfjTXwEy36SCs5zofGMmdv2kdZw7P,unknown,,rekt,DMM Bitcoin,2024-05-30,2026-09-30T05:51:22,https://rekt.news/dmm-rekt
BTC,bc1qegcazuxnp5wxxxamdqvjv345fpve6656vpjln4,unknown,,rekt,DMM Bitcoin,2024-05-30,2026-09-30T05:51:22,https://rekt.news/dmm-rekt
BTC,bc1qgcv2j80009apvjekph40wagwutfu6l3gcm2fw0,unknown,,rekt,DMM Bitcoin,2024-05-30,2026-09-30T05:51:22,https://rekt.news/dmm-rekt
BTC,bc1q2u9m2eqy8glvrjeqr5sceqngpad6dnxrtyxlf3,unknown,,rekt,DMM Bitcoin,2024-05-30,2026-09-30T05:51:22,https://rekt.news/dmm-rekt
BTC,bc1q2tu4dxyvnaquar96mj99yqjanfzgg3fv4gzytd,unknown,,rekt,DMM Bitcoin,2024-05-30,2026-09-30T05:51:22,https://rekt.news/dmm-rekt
BTC,bc1q7p3atj3v95k4pd7qxnnqlhjwu843ty2hqn9gy0,unknown,,rekt,DMM Bitcoin,2024-05-30,2026-09-30T05:51:22,https://rekt.news/dmm-rekt
BTC,bc1qr4vnu4f4tl3gwfxt6a5hgt6vuusgsd0j2cnz74,unknown,,rekt,DMM Bitcoin,2024-05-30,2026-09-30T05:51:22,https://rekt.news/dmm-rekt
BTC,bc1q3ur23g02rq5w0x6y8vek3xradjgs080nzksfje,unknown,,rekt,DMM Bitcoin,2024-05-30,2026-09-30T05:51:22,https://rekt.news/dmm-rekt
BTC,bc1qrtltlc7zjzj3knde2tqjt7tl2p5l2keh4l2uka,unknown,,rekt,DMM Bitcoin,2024-05-30,2026-09-30T05:51:22,https://rekt.news/dmm-rekt
BTC,bc1qx6jpnnfjrfcx9ehhdmj7qqyzpyd8pek00trrq7,unknown,,rekt,DMM Bitcoin,2024-05-30,2026-09-30T05:51:22,https://rekt.news/dmm-rekt
BTC,bc1q7pdecv2raf3x84unxlv9ghtpjfpwlam6dx27xd,unknown,,rekt,DMM Bitcoin,2024-05-30,2026-09-30T05:51:22,https://rekt.news/dmm-rekt
Arbitrum,0xfeef112831cc8f790abe71b4b196c220ee26ecf3,unknown,,defihacklabs,MixedSwapRouter,2024-05-31,2026-09-30T05:51:22,https://github.com/SunWeb3Sec/DeFiHackLabs/blob/main/src/test/2024-05/MixedSwapRouter_exp.sol
Arbitrum,0x4fba400b95cd9e3d7e4073ad6e6bbaf41e640cdf,unknown,,defihacklabs,MixedSwapRouter,2024-05-31,2026-09-30T05:51:22,https://github.com/SunWeb3Sec/DeFiHackLabs/blob/main/src/test/2024-05/MixedSwapRouter_exp.sol
Arbitrum,0x58637aaac44e2a2f190d9e1976e236d86d691542,unknown,,defihacklabs,MixedSwapRouter,2024-05-31,2026-09-30T05:51:22,https://github.com/SunWeb3Sec/DeFiHackLabs/blob/main/src/test/2024-05/MixedSwapRouter_exp.sol
BSC,0x6951eb8a4a1dab360f2230fb654551335d560ec0,unknown,,defihacklabs,Liquiditytokens,2024-05-31,2026-09-30T05:51:22,https://github.com/SunWeb3Sec/DeFiHackLabs/blob/main/src/test/2024-05/Liquiditytokens_exp.sol
BSC,0xbdfbb387fbf20379c016998ac609871c3357d749,unknown,,defihacklabs,Liquiditytokens,2024-05-31,2026-09-30T05:51:22,https://github.com/SunWeb3Sec/DeFiHackLabs/blob/main/src/test/2024-05/Liquiditytokens_exp.sol
Linea,0x8cdc37ed79c5ef116b9dc2a53cb86acaca3716bf,unknown,,defihacklabs,VeloCore,2024-06-01,2026-09-30T05:51:22,https://github.com/SunWeb3Sec/DeFiHackLabs/blob/main/src/test/2024-06/Velocore_exp.sol
Linea,0xb7f6354b2cfd3018b3261fbc63248a56a24ae91a,unknown,,defihacklabs,VeloCore,2024-06-01,2026-09-30T05:51:22,https://github.com/SunWeb3Sec/DeFiHackLabs/blob/main/src/test/2024-06/Velocore_exp.sol
Linea,0x8cdc37ed79c5ef116b9dc2a53cb86acaca3716bf,unknown,,rekt,Velocore,2024-06-02,2026-09-30T05:51:22,https://rekt.news/velocore-rekt
Linea,0xed4e130f6f9e68918996f7e1e46a3306b3e12cec,unknown,,rekt,Velocore,2024-06-02,2026-09-30T05:51:22,https://rekt.news/velocore-rekt
Linea,0xb7f6354b2cfd3018b3261fbc63248a56a24ae91a,unknown,,rekt,Velocore,2024-06-02,2026-09-30T05:51:22,https://rekt.news/velocore-rekt
Linea,0xc030fba4b741b770f03e715c3a27d02c41fc9dae,unknown,,rekt,Velocore,2024-06-02,2026-09-30T05:51:22,https://rekt.news/velocore-rekt
ETH,0xf7f76b30a301524fe76508546B1e3762eF2B9267,unknown,,rekt,Velocore,2024-06-02,2026-09-30T05:51:22,https://rekt.news/velocore-rekt
ETH,0xe4062fcade7ac0ed47ad794028967a2314ee02b3,unknown,,rekt,Velocore,2024-06-02,2026-09-30T05:51:22,https://rekt.news/velocore-rekt
BSC,0xd52f125085b70f7f52bd112500a9c334b7246984,unknown,,defihacklabs,NCD,2024-06-04,2026-09-30T05:51:22,https://github.com/SunWeb3Sec/DeFiHackLabs/blob/main/src/test/2024-06/NCD_exp.sol
BSC,0xfad2a0642a44a68606c2295e69d383700643be68,unknown,,defihacklabs,NCD,2024-06-04,2026-09-30T05:51:22,https://github.com/SunWeb3Sec/DeFiHackLabs/blob/main/src/test/2024-06/NCD_exp.sol
BSC,0x40a82dfdbf01630ea87a0372cf95fa8636fcad89,unknown,,defihacklabs,MineSTM,2024-06-06,2026-09-30T05:51:22,https://github.com/SunWeb3Sec/DeFiHackLabs/blob/main/src/test/2024-06/MineSTM_exp.sol
BSC,0x88c17622d33b327268924e9f90a9e475a244e3ab,unknown,,defihacklabs,MineSTM,2024-06-06,2026-09-30T05:51:22,https://github.com/SunWeb3Sec/DeFiHackLabs/blob/main/src/test/2024-06/MineSTM_exp.sol
BSC,0xb2d546547168f61debf0a780210b5591e4dd39a8,unknown,,defihacklabs,SteamSwap,2024-06-06,2026-09-30T05:51:22,https://github.com/SunWeb3Sec/DeFiHackLabs/blob/main/src/test/2024-06/SteamSwap_exp.sol
BSC,0xa4fd1beac3b5fb78a8ec074338152100b87437a9,unknown,,defihacklabs,SteamSwap,2024-06-06,2026-09-30T05:51:22,https://github.com/SunWeb3Sec/DeFiHackLabs/blob/main/src/test/2024-06/SteamSwap_exp.sol
BSC,0xb7d0a1adafa3e9e8d8e244c20b6277bee17a09b6,unknown,,defihacklabs,SteamSwap,2024-06-06,2026-09-30T05:51:22,https://github.com/SunWeb3Sec/DeFiHackLabs/blob/main/src/test/2024-06/SteamSwap_exp.sol
BSC,0x101723def8695f5bb8d5d4aa70869c10b5ff6340,unknown,,defihacklabs,YYStoken,2024-06-08,2026-09-30T05:51:22,https://github.com/SunWeb3Sec/DeFiHackLabs/blob/main/src/test/2024-06/YYS_exp.sol
BSC,0x832e6540da54d07cb0dfea8957be690c8eb2c6a0,unknown,,defihacklabs,YYStoken,2024-06-08,2026-09-30T05:51:22,https://github.com/SunWeb3Sec/DeFiHackLabs/blob/main/src/test/2024-06/YYS_exp.sol
BSC,0x4192abd1466b49be9d1e99918aee99e0dbd65289,unknown,,defihacklabs,YYStoken,2024-06-08,2026-09-30T05:51:22,https://github.com/SunWeb3Sec/DeFiHackLabs/blob/main/src/test/2024-06/YYS_exp.sol
Ethereum,0x3cf5B87726Af770c94494E886d2A69c42A203884,attacker,Attacker,defihacklabs,Bazaar,2024-06-10,2026-09-30T05:51:22,https://github.com/SunWeb3Sec/DeFiHackLabs/blob/main/src/test/2024-06/Bazaar_exp.sol
Ethereum,0xefb4e3Cc438eF2854727A7Df0d0baf844484EdaB,victim,Vulnerable Contract,defihacklabs,Bazaar,2024-06-10,2026-09-30T05:51:22,https://github.com/SunWeb3Sec/DeFiHackLabs/blob/main/src/test/2024-06/Bazaar_exp.sol
ETH,0x3cf5B87726Af770c94494E886d2A69c42A203884,unknown,,defihacklabs,Bazaar,2024-06-10,2026-09-30T05:51:22,https://github.com/SunWeb3Sec/DeFiHackLabs/blob/main/src/test/2024-06/Bazaar_exp.sol
ETH,0xd31c7a22f4e6f928f1d4adabbc08c7bf88a3e402,unknown,,defihacklabs,Bazaar,2024-06-10,2026-09-30T05:51:22,https://github.com/SunWeb3Sec/DeFiHackLabs/blob/main/src/test/2024-06/Bazaar_exp.sol
ETH,0xefb4e3Cc438eF2854727A7Df0d0baf844484EdaB,unknown,,defihacklabs,Bazaar,2024-06-10,2026-09-30T05:51:22,https://github.com/SunWeb3Sec/DeFiHackLabs/blob/main/src/test/2024-06/Bazaar_exp.sol
Ethereum,0x841ddf093f5188989fa1524e7b893de64b421f47,attacker,Attacker,defihacklabs,UwULend,2024-06-10,2026-09-30T05:51:22,https://github.com/SunWeb3Sec/DeFiHackLabs/blob/main/src/test/2024-06/UwuLend_First_exp.sol
Ethereum,0xf19d66e82ffe8e203b30df9e81359f8a201517ad,unknown,Attack Contract,defihacklabs,UwULend,2024-06-10,2026-09-30T05:51:22,https://github.com/SunWeb3Sec/DeFiHackLabs/blob/main/src/test/2024-06/UwuLend_First_exp.sol
Ethereum,0x2409af0251dcb89ee3dee572629291f9b087c668,victim,Vulnerable Contract,defihacklabs,UwULend,2024-06-10,2026-09-30T05:51:22,https://github.com/SunWeb3Sec/DeFiHackLabs/blob/main/src/test/2024-06/UwuLend_First_exp.sol
ETH,0x841ddf093f5188989fa1524e7b893de64b421f47,unknown,,defihacklabs,UwULend,2024-06-10,2026-09-30T05:51:22,https://github.com/SunWeb3Sec/DeFiHackLabs/blob/main/src/test/2024-06/UwuLend_First_exp.sol
ETH,0xf19d66e82ffe8e203b30df9e81359f8a201517ad,unknown,,defihacklabs,UwULend,2024-06-10,2026-09-30T05:51:22,https://github.com/SunWeb3Sec/DeFiHackLabs/blob/main/src/test/2024-06/UwuLend_First_exp.sol
ETH,0x2409af0251dcb89ee3dee572629291f9b087c668,unknown,,defihacklabs,UwULend,2024-06-10,2026-09-30T05:51:22,https://github.com/SunWeb3Sec/DeFiHackLabs/blob/main/src/test/2024-06/UwuLend_First_exp.sol
Ethereum,0xfcd4acbc55df53fbc4c9d275e3495b490635f113,attacker,Attacker,defihacklabs,JokInTheBox,2024-06-11,2026-09-30T05:51:22,https://github.com/SunWeb3Sec/DeFiHackLabs/blob/main/src/test/2024-06/JokInTheBox_exp.sol
Ethereum,0x9d3425d45df30183fda059c586543dcdeb5993e6,unknown,Attack Contract,defihacklabs,JokInTheBox,2024-06-11,2026-09-30T05:51:22,https://github.com/SunWeb3Sec/DeFiHackLabs/blob/main/src/test/2024-06/JokInTheBox_exp.sol
ETH,0xfcd4acbc55df53fbc4c9d275e3495b490635f113,unknown,,defihacklabs,JokInTheBox,2024-06-11,2026-09-30T05:51:22,https://github.com/SunWeb3Sec/DeFiHackLabs/blob/main/src/test/2024-06/JokInTheBox_exp.sol
ETH,0x9d3425d45df30183fda059c586543dcdeb5993e6,unknown,,defihacklabs,JokInTheBox,2024-06-11,2026-09-30T05:51:22,https://github.com/SunWeb3Sec/DeFiHackLabs/blob/main/src/test/2024-06/JokInTheBox_exp.sol
BSC,0x65bba34c11add305cb2a1f8a68cecbd6e75089cd,unknown,,defihacklabs,Crb2,2024-06-16,2026-09-30T05:51:22,https://github.com/SunWeb3Sec/DeFiHackLabs/blob/main/src/test/2024-06/Crb2_exp.sol
BSC,0x73ceea4C6571DbCf9BCc9eA77b1D8107b1D46280,unknown,,defihacklabs,Crb2,2024-06-16,2026-09-30T05:51:22,https://github.com/SunWeb3Sec/DeFiHackLabs/blob/main/src/test/2024-06/Crb2_exp.sol
BSC,0xee6De822159765daf0Fd72d71529d7ab026ec2f2,unknown,,defihacklabs,Crb2,2024-06-16,2026-09-30T05:51:22,https://github.com/SunWeb3Sec/DeFiHackLabs/blob/main/src/test/2024-06/Crb2_exp.sol
BSC,0x4ced363484dfebd0fab1b33c3eca0edca44a346c,unknown,,defihacklabs,Dyson_money,2024-06-17,2026-09-30T05:51:22,https://github.com/SunWeb3Sec/DeFiHackLabs/blob/main/src/test/2024-06/Dyson_money_exp.sol
BSC,0x00db72390c1843de815ef635ee58ac19b54af4ef,unknown,,defihacklabs,Dyson_money,2024-06-17,2026-09-30T05:51:22,https://github.com/SunWeb3Sec/DeFiHackLabs/blob/main/src/test/2024-06/Dyson_money_exp.sol
BSC,0xb6911dee6a5b1c65ad1ac11a99aec09c2cf83c0e,unknown,,defihacklabs,INcufi,2024-06-18,2026-09-30T05:51:22,https://github.com/SunWeb3Sec/DeFiHackLabs/blob/main/src/test/2024-06/INcufi_exp.sol
BSC,0x4237d006471b38af0e1691c00d96193a8ff5709f,unknown,,defihacklabs,INcufi,2024-06-18,2026-09-30T05:51:22,https://github.com/SunWeb3Sec/DeFiHackLabs/blob/main/src/test/2024-06/INcufi_exp.sol
BSC,0x31bc199b81614a5a85e11b10c4224d39775ffdeb,unknown,,slowmist,Fake CGPT,2024-06-21,2026-09-30T05:51:22,https://www.dextools.io/app/cn/bnb/pair-explorer/0x31bc199b81614a5a85e11b10c4224d39775ffdeb?t=1719224892979
Ethereum,0xb297735e9fb3e695ccce3963bfe042f318901ea0,attacker,Attacker,defihacklabs,APEMAGA,2024-06-27,2026-09-30T05:51:22,https://github.com/SunWeb3Sec/DeFiHackLabs/blob/main/src/test/2024-06/APEMAGA_exp.sol
Ethereum,0x8de6314058c0b7eea809881d73e69b425c01f0b5,unknown,Attack Contract,defihacklabs,APEMAGA,2024-06-27,2026-09-30T05:51:22,https://github.com/SunWeb3Sec/DeFiHackLabs/blob/main/src/test/2024-06/APEMAGA_exp.sol
Ethereum,0x56ff4afd909aa66a1530fe69bf94c74e6d44500c,victim,Vulnerable Contract,defihacklabs,APEMAGA,2024-06-27,2026-09-30T05:51:22,https://github.com/SunWeb3Sec/DeFiHackLabs/blob/main/src/test/2024-06/APEMAGA_exp.sol
ETH,0xb297735e9fb3e695ccce3963bfe042f318901ea0,unknown,,defihacklabs,APEMAGA,2024-06-27,2026-09-30T05:51:22,https://github.com/SunWeb3Sec/DeFiHackLabs/blob/main/src/test/2024-06/APEMAGA_exp.sol
ETH,0x8de6314058c0b7eea809881d73e69b425c01f0b5,unknown,,defihacklabs,APEMAGA,2024-06-27,2026-09-30T05:51:22,https://github.com/SunWeb3Sec/DeFiHackLabs/blob/main/src/test/2024-06/APEMAGA_exp.sol
ETH,0x56ff4afd909aa66a1530fe69bf94c74e6d44500c,unknown,,defihacklabs,APEMAGA,2024-06-27,2026-09-30T05:51:22,https://github.com/SunWeb3Sec/DeFiHackLabs/blob/main/src/test/2024-06/APEMAGA_exp.sol
BSC,0xc12ccc3bdaf3f0ec1efa09d089a0c1dbad05519e,unknown,TX1,defihacklabs,Will,2024-06-28,2026-09-30T05:51:22,https://github.com/SunWeb3Sec/DeFiHackLabs/blob/main/src/test/2024-06/Will_exp.sol
BSC,0xefe58a14fc0022872262678b358aaae64a26fe23,unknown,TX2,defihacklabs,Will,2024-06-28,2026-09-30T05:51:22,https://github.com/SunWeb3Sec/DeFiHackLabs/blob/main/src/test/2024-06/Will_exp.sol
BSC,0xb6911dee6a5b1c65ad1ac11a99aec09c2cf83c0e,unknown,,defihacklabs,Will,2024-06-28,2026-09-30T05:51:22,https://github.com/SunWeb3Sec/DeFiHackLabs/blob/main/src/test/2024-06/Will_exp.sol
BSC,0x63b4de190c35f900bb7adf1a13d66fb1f0d624a1,unknown,,defihacklabs,Will,2024-06-28,2026-09-30T05:51:22,https://github.com/SunWeb3Sec/DeFiHackLabs/blob/main/src/test/2024-06/Will_exp.sol
BSC,0x132d9bbdbe718365af6cc9e43bac109a9a53b138,unknown,,defihacklabs,MRP,2024-07-02,2026-09-30T05:51:22,https://github.com/SunWeb3Sec/DeFiHackLabs/blob/main/src/test/2024-07/MRP_exp.sol
BSC,0x2bd8980a925e6f5a910be8cc0ad1cff663e62d9d,unknown,,defihacklabs,MRP,2024-07-02,2026-09-30T05:51:22,https://github.com/SunWeb3Sec/DeFiHackLabs/blob/main/src/test/2024-07/MRP_exp.sol
Ethereum,0xabee16e74dd268105f166c27a847edc2b8e7cc4e,attacker,Attacker,defihacklabs,UnverifiedContr_0x452E25,2024-07-03,2026-09-30T05:51:22,https://github.com/SunWeb3Sec/DeFiHackLabs/blob/main/src/test/2024-07/UnverifiedContr_0x452E25_exp.sol
Ethereum,0x27b27842771df79af6a69795f6fca0948c8333c0,unknown,Attack Contract,defihacklabs,UnverifiedContr_0x452E25,2024-07-03,2026-09-30T05:51:22,https://github.com/SunWeb3Sec/DeFiHackLabs/blob/main/src/test/2024-07/UnverifiedContr_0x452E25_exp.sol
ETH,0xabee16e74dd268105f166c27a847edc2b8e7cc4e,unknown,,defihacklabs,UnverifiedContr_0x452E25,2024-07-03,2026-09-30T05:51:22,https://github.com/SunWeb3Sec/DeFiHackLabs/blob/main/src/test/2024-07/UnverifiedContr_0x452E25_exp.sol
ETH,0x27b27842771df79af6a69795f6fca0948c8333c0,unknown,,defihacklabs,UnverifiedContr_0x452E25,2024-07-03,2026-09-30T05:51:22,https://github.com/SunWeb3Sec/DeFiHackLabs/blob/main/src/test/2024-07/UnverifiedContr_0x452E25_exp.sol
Ethereum,0xfde0d1575ed8e06fbf36256bcdfa1f359281455a,unknown,Frontrunner,defihacklabs,DeFiPlaza,2024-07-05,2026-09-30T05:51:22,https://github.com/SunWeb3Sec/DeFiHackLabs/blob/main/src/test/2024-07/DeFiPlaza_exp.sol
Ethereum,0x14b362d2e38250604f21a334d71c13e2ed478467,attacker,Original Attacker,defihacklabs,DeFiPlaza,2024-07-05,2026-09-30T05:51:22,https://github.com/SunWeb3Sec/DeFiHackLabs/blob/main/src/test/2024-07/DeFiPlaza_exp.sol
Ethereum,0x6980a47bee930a4584b09ee79ebe46484fbdbdd0,unknown,Frontrunner Attack Contract,defihacklabs,DeFiPlaza,2024-07-05,2026-09-30T05:51:22,https://github.com/SunWeb3Sec/DeFiHackLabs/blob/main/src/test/2024-07/DeFiPlaza_exp.sol
Ethereum,0xa4e8969bba1e1d48c30c948de0884cdff43e2d54,unknown,Original Attack Contract,defihacklabs,DeFiPlaza,2024-07-05,2026-09-30T05:51:22,https://github.com/SunWeb3Sec/DeFiHackLabs/blob/main/src/test/2024-07/DeFiPlaza_exp.sol
ETH,0xfde0d1575ed8e06fbf36256bcdfa1f359281455a,unknown,,defihacklabs,DeFiPlaza,2024-07-05,2026-09-30T05:51:22,https://github.com/SunWeb3Sec/DeFiHackLabs/blob/main/src/test/2024-07/DeFiPlaza_exp.sol
ETH,0x14b362d2e38250604f21a334d71c13e2ed478467,unknown,,defihacklabs,DeFiPlaza,2024-07-05,2026-09-30T05:51:22,https://github.com/SunWeb3Sec/DeFiHackLabs/blob/main/src/test/2024-07/DeFiPlaza_exp.sol
ETH,0x6980a47bee930a4584b09ee79ebe46484fbdbdd0,unknown,,defihacklabs,DeFiPlaza,2024-07-05,2026-09-30T05:51:22,https://github.com/SunWeb3Sec/DeFiHackLabs/blob/main/src/test/2024-07/DeFiPlaza_exp.sol
ETH,0xa4e8969bba1e1d48c30c948de0884cdff43e2d54,unknown,,defihacklabs,DeFiPlaza,2024-07-05,2026-09-30T05:51:22,https://github.com/SunWeb3Sec/DeFiHackLabs/blob/main/src/test/2024-07/DeFiPlaza_exp.sol
BSC,0x56b2d55457b31fb4b78ebddd6718ea2667804a06,unknown,,defihacklabs,LW,2024-07-08,2026-09-30T05:51:22,https://github.com/SunWeb3Sec/DeFiHackLabs/blob/main/src/test/2024-07/LW_exp.sol
BSC,0xfe7e9c76affdba7b7442adaca9c7c059ec3092fc,unknown,,defihacklabs,LW,2024-07-08,2026-09-30T05:51:22,https://github.com/SunWeb3Sec/DeFiHackLabs/blob/main/src/test/2024-07/LW_exp.sol
BSC,0x0496824589CD3758119F74560E4Fa970e6dff104,unknown,,defihacklabs,LW,2024-07-08,2026-09-30T05:51:22,https://github.com/SunWeb3Sec/DeFiHackLabs/blob/main/src/test/2024-07/LW_exp.sol
BSC,0x8ccf2860f38fc2f4a56dec897c8c976503fcb123,unknown,,defihacklabs,GAX,2024-07-11,2026-09-30T05:51:22,https://github.com/SunWeb3Sec/DeFiHackLabs/blob/main/src/test/2024-07/GAX_exp.sol
BSC,0x64b9d294cd918204d1ee6bce283edb49302ddf7e,unknown,,defihacklabs,GAX,2024-07-11,2026-09-30T05:51:22,https://github.com/SunWeb3Sec/DeFiHackLabs/blob/main/src/test/2024-07/GAX_exp.sol
BSC,0xa901FDA83E9906e6177f3A3f7B85f13f68723326,unknown,,defihacklabs,GAX,2024-07-11,2026-09-30T05:51:22,https://github.com/SunWeb3Sec/DeFiHackLabs/blob/main/src/test/2024-07/GAX_exp.sol
BSC,0xdb4b73df2f6de4afcd3a883efe8b7a4b0763822b,unknown,,defihacklabs,GAX,2024-07-11,2026-09-30T05:51:22,https://github.com/SunWeb3Sec/DeFiHackLabs/blob/main/src/test/2024-07/GAX_exp.sol
BSC,0x3026c464d3bd6ef0ced0d49e80f171b58176ce32,unknown,,defihacklabs,SBT,2024-07-11,2026-09-30T05:51:22,https://github.com/SunWeb3Sec/DeFiHackLabs/blob/main/src/test/2024-07/SBT_exp.sol
BSC,0x88f9e1799465655f0dd206093dbd08922a1d9e28,unknown,,defihacklabs,SBT,2024-07-11,2026-09-30T05:51:22,https://github.com/SunWeb3Sec/DeFiHackLabs/blob/main/src/test/2024-07/SBT_exp.sol
Ethereum,0x67104175fc5fabbdb5a1876c3914e04b94c71741,attacker,Attacker,defihacklabs,DoughFina,2024-07-12,2026-09-30T05:51:22,https://github.com/SunWeb3Sec/DeFiHackLabs/blob/main/src/test/2024-07/DoughFina_exp.sol
Ethereum,0x11a8dc866c5d03ff06bb74565b6575537b215978,unknown,Attack Contract,defihacklabs,DoughFina,2024-07-12,2026-09-30T05:51:22,https://github.com/SunWeb3Sec/DeFiHackLabs/blob/main/src/test/2024-07/DoughFina_exp.sol
ETH,0x67104175fc5fabbdb5a1876c3914e04b94c71741,unknown,,defihacklabs,DoughFina,2024-07-12,2026-09-30T05:51:22,https://github.com/SunWeb3Sec/DeFiHackLabs/blob/main/src/test/2024-07/DoughFina_exp.sol
ETH,0x11a8dc866c5d03ff06bb74565b6575537b215978,unknown,,defihacklabs,DoughFina,2024-07-12,2026-09-30T05:51:22,https://github.com/SunWeb3Sec/DeFiHackLabs/blob/main/src/test/2024-07/DoughFina_exp.sol
Ethereum,0x618f768af6291705eb13e0b2e96600b3851911d1,attacker,Attacker,defihacklabs,Minterest,2024-07-14,2026-09-30T05:51:22,https://github.com/SunWeb3Sec/DeFiHackLabs/blob/main/src/test/2024-07/Minterest_exp.sol
ETH,0x618f768af6291705eb13e0b2e96600b3851911d1,unknown,,defihacklabs,Minterest,2024-07-14,2026-09-30T05:51:22,https://github.com/SunWeb3Sec/DeFiHackLabs/blob/main/src/test/2024-07/Minterest_exp.sol
ETH,0x5fdac50aa48e3e86299a04ad18a68750b2074d2d,unknown,,defihacklabs,Minterest,2024-07-14,2026-09-30T05:51:22,https://github.com/SunWeb3Sec/DeFiHackLabs/blob/main/src/test/2024-07/Minterest_exp.sol
BSC,0xd7c358b8337d3116f5765060f48C1C71B9908B84,unknown,,slowmist,MALOU (NEVER),2024-07-16,2026-09-30T05:51:22,https://bscscan.com/tx/0x90254b3b0c28da99f48f23db54c86e5fcae890bf939e31dcd4a59d29045e77e4
ETH,0x8B3Cb6Bf982798fba233Bca56749e22EEc42DcF3,unknown,,rekt,LiFi Protocol,2024-07-16,2026-09-30T05:51:22,https://rekt.news/lifi-jumper-rekt
ETH,0x1231deb6f5749ef6ce6943a275a1d3e7486f4eae,unknown,,rekt,LiFi Protocol,2024-07-16,2026-09-30T05:51:22,https://rekt.news/lifi-jumper-rekt
ETH,0x341e94069f53234fE6DabeF707aD424830525715,unknown,,rekt,LiFi Protocol,2024-07-16,2026-09-30T05:51:22,https://rekt.news/lifi-jumper-rekt
ETH,0xDE1E598b81620773454588B85D6b5D4eEC32573e,unknown,,rekt,LiFi Protocol,2024-07-16,2026-09-30T05:51:22,https://rekt.news/lifi-jumper-rekt
Linea,0x24ca98fB6972F5eE05f0dB00595c7f68D9FaFd68,unknown,,rekt,LiFi Protocol,2024-07-16,2026-09-30T05:51:22,https://rekt.news/lifi-jumper-rekt
Ethereum,0x8b3cb6bf982798fba233bca56749e22eec42dcf3,attacker,Attacker,defihacklabs,Lifiprotocol,2024-07-16,2026-09-30T05:51:22,https://github.com/SunWeb3Sec/DeFiHackLabs/blob/main/src/test/2024-07/Lifiprotocol_exp.sol
Ethereum,0x986aca5f2ca6b120f4361c519d7a49c5ac50c240,unknown,Attack Contract,defihacklabs,Lifiprotocol,2024-07-16,2026-09-30T05:51:22,https://github.com/SunWeb3Sec/DeFiHackLabs/blob/main/src/test/2024-07/Lifiprotocol_exp.sol
ETH,0x8b3cb6bf982798fba233bca56749e22eec42dcf3,unknown,,defihacklabs,Lifiprotocol,2024-07-16,2026-09-30T05:51:22,https://github.com/SunWeb3Sec/DeFiHackLabs/blob/main/src/test/2024-07/Lifiprotocol_exp.sol
ETH,0x986aca5f2ca6b120f4361c519d7a49c5ac50c240,unknown,,defihacklabs,Lifiprotocol,2024-07-16,2026-09-30T05:51:22,https://github.com/SunWeb3Sec/DeFiHackLabs/blob/main/src/test/2024-07/Lifiprotocol_exp.sol
ETH,0xF259F01C40C211D63Ab75A6d2B108B364EFaB780,unknown,,rekt,ETHTrustFund,2024-07-20,2026-09-30T05:51:22,https://rekt.news/ethtrustfund-rekt
Base,0xbfDB66a6783a6Dc757f539139c68BED75EB491c8,unknown,,rekt,ETHTrustFund,2024-07-20,2026-09-30T05:51:22,https://rekt.news/ethtrustfund-rekt
ETH,0x374f4BD39aD211e67e0f8Cb8Ebf1b4F6Ac3059aD,unknown,,rekt,ETHTrustFund,2024-07-20,2026-09-30T05:51:22,https://rekt.news/ethtrustfund-rekt
Ethereum,0x98250d30aed204e5cbb8fef7f099bc68dbc4b896,attacker,Attacker,defihacklabs,MEVbot_0xdd7c,2024-07-23,2026-09-30T05:51:22,https://github.com/SunWeb3Sec/DeFiHackLabs/blob/main/src/test/2024-07/MEVbot_0xdd7c_exp.sol
Ethereum,0xe10b2cfa421d0ecd5153c7a9d53dad949e1990dd,unknown,Attack Contract,defihacklabs,MEVbot_0xdd7c,2024-07-23,2026-09-30T05:51:22,https://github.com/SunWeb3Sec/DeFiHackLabs/blob/main/src/test/2024-07/MEVbot_0xdd7c_exp.sol
Ethereum,0x8a2F54B649d22BFd2A6bA23ADAb7DFd2d72EED9f,unknown,Created Attack Contract,defihacklabs,MEVbot_0xdd7c,2024-07-23,2026-09-30T05:51:22,https://github.com/SunWeb3Sec/DeFiHackLabs/blob/main/src/test/2024-07/MEVbot_0xdd7c_exp.sol
ETH,0x98250d30aed204e5cbb8fef7f099bc68dbc4b896,unknown,,defihacklabs,MEVbot_0xdd7c,2024-07-23,2026-09-30T05:51:22,https://github.com/SunWeb3Sec/DeFiHackLabs/blob/main/src/test/2024-07/MEVbot_0xdd7c_exp.sol
ETH,0xe10b2cfa421d0ecd5153c7a9d53dad949e1990dd,unknown,,defihacklabs,MEVbot_0xdd7c,2024-07-23,2026-09-30T05:51:22,https://github.com/SunWeb3Sec/DeFiHackLabs/blob/main/src/test/2024-07/MEVbot_0xdd7c_exp.sol
ETH,0x8a2F54B649d22BFd2A6bA23ADAb7DFd2d72EED9f,unknown,,defihacklabs,MEVbot_0xdd7c,2024-07-23,2026-09-30T05:51:22,https://github.com/SunWeb3Sec/DeFiHackLabs/blob/main/src/test/2024-07/MEVbot_0xdd7c_exp.sol
Ethereum,0x53635bf7b92b9512f6de0eb7450b26d5d1ad9a4c,attacker,Attacker,defihacklabs,Spectra_finance,2024-07-24,2026-09-30T05:51:22,https://github.com/SunWeb3Sec/DeFiHackLabs/blob/main/src/test/2024-07/Spectra_finance_exp.sol
Ethereum,0xba8ce86147ded54c0879c9a954f9754a472704aa,unknown,Attack Contract,defihacklabs,Spectra_finance,2024-07-24,2026-09-30T05:51:22,https://github.com/SunWeb3Sec/DeFiHackLabs/blob/main/src/test/2024-07/Spectra_finance_exp.sol
ETH,0x53635bf7b92b9512f6de0eb7450b26d5d1ad9a4c,unknown,,defihacklabs,Spectra_finance,2024-07-24,2026-09-30T05:51:22,https://github.com/SunWeb3Sec/DeFiHackLabs/blob/main/src/test/2024-07/Spectra_finance_exp.sol
ETH,0xba8ce86147ded54c0879c9a954f9754a472704aa,unknown,,defihacklabs,Spectra_finance,2024-07-24,2026-09-30T05:51:22,https://github.com/SunWeb3Sec/DeFiHackLabs/blob/main/src/test/2024-07/Spectra_finance_exp.sol
Ethereum,0x03560a9d7a2c391fb1a087c33650037ae30de3aa,attacker,Original Attacker,defihacklabs,Convergence,2024-08-01,2026-09-30T05:51:22,https://github.com/SunWeb3Sec/DeFiHackLabs/blob/main/src/test/2024-08/Convergence_exp.sol
Ethereum,0xee45384d4861b6fb422dfa03fbdcc6e29d7beb69,unknown,Original Attack Contract,defihacklabs,Convergence,2024-08-01,2026-09-30T05:51:22,https://github.com/SunWeb3Sec/DeFiHackLabs/blob/main/src/test/2024-08/Convergence_exp.sol
ETH,0x03560a9d7a2c391fb1a087c33650037ae30de3aa,unknown,,defihacklabs,Convergence,2024-08-01,2026-09-30T05:51:22,https://github.com/SunWeb3Sec/DeFiHackLabs/blob/main/src/test/2024-08/Convergence_exp.sol
ETH,0xee45384d4861b6fb422dfa03fbdcc6e29d7beb69,unknown,,defihacklabs,Convergence,2024-08-01,2026-09-30T05:51:22,https://github.com/SunWeb3Sec/DeFiHackLabs/blob/main/src/test/2024-08/Convergence_exp.sol
Ethereum,0x48de6bf9e301946b0a32b053804c61dc5f00c0c3,attacker,Attacker,defihacklabs,VOW,2024-08-13,2026-09-30T05:51:22,https://github.com/SunWeb3Sec/DeFiHackLabs/blob/main/src/test/2024-08/VOW_exp.sol
Ethereum,0xb7f221e373e3f44409f91c233477ec2859261758,unknown,Attack Contract,defihacklabs,VOW,2024-08-13,2026-09-30T05:51:22,https://github.com/SunWeb3Sec/DeFiHackLabs/blob/main/src/test/2024-08/VOW_exp.sol
Ethereum,0x1bbf25e71ec48b84d773809b4ba55b6f4be946fb,victim,Vulnerable Contract,defihacklabs,VOW,2024-08-13,2026-09-30T05:51:22,https://github.com/SunWeb3Sec/DeFiHackLabs/blob/main/src/test/2024-08/VOW_exp.sol
ETH,0x48de6bf9e301946b0a32b053804c61dc5f00c0c3,unknown,,defihacklabs,VOW,2024-08-13,2026-09-30T05:51:22,https://github.com/SunWeb3Sec/DeFiHackLabs/blob/main/src/test/2024-08/VOW_exp.sol
ETH,0xb7f221e373e3f44409f91c233477ec2859261758,unknown,,defihacklabs,VOW,2024-08-13,2026-09-30T05:51:22,https://github.com/SunWeb3Sec/DeFiHackLabs/blob/main/src/test/2024-08/VOW_exp.sol
ETH,0x1bbf25e71ec48b84d773809b4ba55b6f4be946fb,unknown,,defihacklabs,VOW,2024-08-13,2026-09-30T05:51:22,https://github.com/SunWeb3Sec/DeFiHackLabs/blob/main/src/test/2024-08/VOW_exp.sol
Ethereum,0xedee6379fe90bd9b85d8d0b767d4a6deb0dc9dcf,attacker,Attacker,defihacklabs,YodlRouter,2024-08-14,2026-09-30T05:51:22,https://github.com/SunWeb3Sec/DeFiHackLabs/blob/main/src/test/2024-08/YodlRouter_exp.sol
Ethereum,0x802cfff8d7cb27879e00496843bb69361ff09ab3,unknown,Attack Contract,defihacklabs,YodlRouter,2024-08-14,2026-09-30T05:51:22,https://github.com/SunWeb3Sec/DeFiHackLabs/blob/main/src/test/2024-08/YodlRouter_exp.sol
Ethereum,0xe3a0bc3483ae5a04db7ef2954315133a6f7d228e,victim,Vulnerable Contract,defihacklabs,YodlRouter,2024-08-14,2026-09-30T05:51:22,https://github.com/SunWeb3Sec/DeFiHackLabs/blob/main/src/test/2024-08/YodlRouter_exp.sol
ETH,0xedee6379fe90bd9b85d8d0b767d4a6deb0dc9dcf,unknown,,defihacklabs,YodlRouter,2024-08-14,2026-09-30T05:51:22,https://github.com/SunWeb3Sec/DeFiHackLabs/blob/main/src/test/2024-08/YodlRouter_exp.sol
ETH,0x802cfff8d7cb27879e00496843bb69361ff09ab3,unknown,,defihacklabs,YodlRouter,2024-08-14,2026-09-30T05:51:22,https://github.com/SunWeb3Sec/DeFiHackLabs/blob/main/src/test/2024-08/YodlRouter_exp.sol
ETH,0xe3a0bc3483ae5a04db7ef2954315133a6f7d228e,unknown,,defihacklabs,YodlRouter,2024-08-14,2026-09-30T05:51:22,https://github.com/SunWeb3Sec/DeFiHackLabs/blob/main/src/test/2024-08/YodlRouter_exp.sol
Ethereum,0x40d115198d71cab59668b51dd112a07d273d5831,attacker,Attacker,defihacklabs,OMPx Contract,2024-08-16,2026-09-30T05:51:22,https://github.com/SunWeb3Sec/DeFiHackLabs/blob/main/src/test/2024-08/OMPxContract_exp.sol
Ethereum,0xfaddf57d079b01e53d1fe3476cc83e9bcc705854,unknown,Attack Contract,defihacklabs,OMPx Contract,2024-08-16,2026-09-30T05:51:22,https://github.com/SunWeb3Sec/DeFiHackLabs/blob/main/src/test/2024-08/OMPxContract_exp.sol
Ethereum,0x09a80172ed7335660327cd664876b5df6fe06108,victim,Vulnerable Contract,defihacklabs,OMPx Contract,2024-08-16,2026-09-30T05:51:22,https://github.com/SunWeb3Sec/DeFiHackLabs/blob/main/src/test/2024-08/OMPxContract_exp.sol
ETH,0x40d115198d71cab59668b51dd112a07d273d5831,unknown,,defihacklabs,OMPx Contract,2024-08-16,2026-09-30T05:51:22,https://github.com/SunWeb3Sec/DeFiHackLabs/blob/main/src/test/2024-08/OMPxContract_exp.sol
ETH,0xfaddf57d079b01e53d1fe3476cc83e9bcc705854,unknown,,defihacklabs,OMPx Contract,2024-08-16,2026-09-30T05:51:22,https://github.com/SunWeb3Sec/DeFiHackLabs/blob/main/src/test/2024-08/OMPxContract_exp.sol
ETH,0x09a80172ed7335660327cd664876b5df6fe06108,unknown,,defihacklabs,OMPx Contract,2024-08-16,2026-09-30T05:51:22,https://github.com/SunWeb3Sec/DeFiHackLabs/blob/main/src/test/2024-08/OMPxContract_exp.sol
BSC,0x0cc28b80d21ebe7b3f3320faa059f163e98a55a2,unknown,,defihacklabs,Coco,2024-08-20,2026-09-30T05:51:22,https://github.com/SunWeb3Sec/DeFiHackLabs/blob/main/src/test/2024-08/COCO_exp.sol
BSC,0xac4fde96cf96c5f776de7ec5528cde60f6e8dbea,unknown,,defihacklabs,Coco,2024-08-20,2026-09-30T05:51:22,https://github.com/SunWeb3Sec/DeFiHackLabs/blob/main/src/test/2024-08/COCO_exp.sol
BSC,0xb4d13acf8c4ef796bdc761129c31bc67130301cf,unknown,,defihacklabs,Coco,2024-08-20,2026-09-30T05:51:22,https://github.com/SunWeb3Sec/DeFiHackLabs/blob/main/src/test/2024-08/COCO_exp.sol
Ethereum,0x6ea83f23795f55434c38ba67fcc428aec0c296dc,attacker,Attacker,defihacklabs,AAVE,2024-08-28,2026-09-30T05:51:22,https://github.com/SunWeb3Sec/DeFiHackLabs/blob/main/src/test/2024-08/AAVE_Repay_Adapter.sol
Ethereum,0x5e2FFf7bBc7c634992170fF18240b8f10c4D48C6,unknown,Attack Contract,defihacklabs,AAVE,2024-08-28,2026-09-30T05:51:22,https://github.com/SunWeb3Sec/DeFiHackLabs/blob/main/src/test/2024-08/AAVE_Repay_Adapter.sol
Ethereum,0x78B0168a18eF61D7460FAbb4795e5f1A9226583E,unknown,Created Attack Contract,defihacklabs,AAVE,2024-08-28,2026-09-30T05:51:22,https://github.com/SunWeb3Sec/DeFiHackLabs/blob/main/src/test/2024-08/AAVE_Repay_Adapter.sol
Ethereum,0x02e7b8511831b1b02d9018215a0f8f500ea5c6b3,victim,Vulnerable Contract,defihacklabs,AAVE,2024-08-28,2026-09-30T05:51:22,https://github.com/SunWeb3Sec/DeFiHackLabs/blob/main/src/test/2024-08/AAVE_Repay_Adapter.sol
ETH,0x6ea83f23795f55434c38ba67fcc428aec0c296dc,unknown,,defihacklabs,AAVE,2024-08-28,2026-09-30T05:51:22,https://github.com/SunWeb3Sec/DeFiHackLabs/blob/main/src/test/2024-08/AAVE_Repay_Adapter.sol
ETH,0x5e2FFf7bBc7c634992170fF18240b8f10c4D48C6,unknown,,defihacklabs,AAVE,2024-08-28,2026-09-30T05:51:22,https://github.com/SunWeb3Sec/DeFiHackLabs/blob/main/src/test/2024-08/AAVE_Repay_Adapter.sol
ETH,0x78B0168a18eF61D7460FAbb4795e5f1A9226583E,unknown,,defihacklabs,AAVE,2024-08-28,2026-09-30T05:51:22,https://github.com/SunWeb3Sec/DeFiHackLabs/blob/main/src/test/2024-08/AAVE_Repay_Adapter.sol
ETH,0x02e7b8511831b1b02d9018215a0f8f500ea5c6b3,unknown,,defihacklabs,AAVE,2024-08-28,2026-09-30T05:51:22,https://github.com/SunWeb3Sec/DeFiHackLabs/blob/main/src/test/2024-08/AAVE_Repay_Adapter.sol
BSC,0x847705eeb01b4f2ae9a92be12615c1052f52e7ad,unknown,,defihacklabs,Unverified_667d,2024-08-28,2026-09-30T05:51:22,https://github.com/SunWeb3Sec/DeFiHackLabs/blob/main/src/test/2024-08/unverified_667d_exp.sol
BSC,0xa2d1e47e1a154dd51f2eae0413100c4f8abe13c7,unknown,,defihacklabs,Unverified_667d,2024-08-28,2026-09-30T05:51:22,https://github.com/SunWeb3Sec/DeFiHackLabs/blob/main/src/test/2024-08/unverified_667d_exp.sol
BSC,0xd0a60158b6a5ef01cee3ba9652df695671f366e3,unknown,,defihacklabs,Unverified_667d,2024-08-28,2026-09-30T05:51:22,https://github.com/SunWeb3Sec/DeFiHackLabs/blob/main/src/test/2024-08/unverified_667d_exp.sol
BSC,0x8de7eaba58efb23b6f323984377af582b23134e9,unknown,,defihacklabs,Unverified_667d,2024-08-28,2026-09-30T05:51:22,https://github.com/SunWeb3Sec/DeFiHackLabs/blob/main/src/test/2024-08/unverified_667d_exp.sol
Ethereum,0xd861e6f1760d014d6ee6428cf7f7d732563c74c0,attacker,Attacker,defihacklabs,Pythia,2024-09-02,2026-09-30T05:51:22,https://github.com/SunWeb3Sec/DeFiHackLabs/blob/main/src/test/2024-09/Pythia_exp.sol
Ethereum,0x542533536e314180e1b9f00b2c046f6282eb3647,unknown,Attack Contract,defihacklabs,Pythia,2024-09-02,2026-09-30T05:51:22,https://github.com/SunWeb3Sec/DeFiHackLabs/blob/main/src/test/2024-09/Pythia_exp.sol
Ethereum,0xe2910b29252F97bb6F3Cc5E66BfA0551821C7461,victim,Vulnerable Contract,defihacklabs,Pythia,2024-09-02,2026-09-30T05:51:22,https://github.com/SunWeb3Sec/DeFiHackLabs/blob/main/src/test/2024-09/Pythia_exp.sol
ETH,0xd861e6f1760d014d6ee6428cf7f7d732563c74c0,unknown,,defihacklabs,Pythia,2024-09-02,2026-09-30T05:51:22,https://github.com/SunWeb3Sec/DeFiHackLabs/blob/main/src/test/2024-09/Pythia_exp.sol
ETH,0x542533536e314180e1b9f00b2c046f6282eb3647,unknown,,defihacklabs,Pythia,2024-09-02,2026-09-30T05:51:22,https://github.com/SunWeb3Sec/DeFiHackLabs/blob/main/src/test/2024-09/Pythia_exp.sol
ETH,0xe2910b29252F97bb6F3Cc5E66BfA0551821C7461,unknown,,defihacklabs,Pythia,2024-09-02,2026-09-30T05:51:22,https://github.com/SunWeb3Sec/DeFiHackLabs/blob/main/src/test/2024-09/Pythia_exp.sol
ETH,0x7a2f4d625fb21f5e51562ce8dc2e722e12a61d1b,unknown,,rekt,Penpie,2024-09-03,2026-09-30T05:51:22,https://rekt.news/penpie-rekt
ETH,0xc0Eb7e6E2b94aA43BDD0c60E645fe915d5c6eb84,unknown,,rekt,Penpie,2024-09-03,2026-09-30T05:51:22,https://rekt.news/penpie-rekt
ETH,0x0ab305033592E16dB7D8e77d613F8d172a76ddc9,unknown,,rekt,Penpie,2024-09-03,2026-09-30T05:51:22,https://rekt.news/penpie-rekt
Arbitrum,0x4BC9815b859c8172CEe1ab2CD372fD0Eb00eb487,unknown,,rekt,Penpie,2024-09-03,2026-09-30T05:51:22,https://rekt.news/penpie-rekt
ETH,0x4aF4C234B8CB6e060797e87AFB724cfb1d320Bb7,unknown,,rekt,Penpie,2024-09-03,2026-09-30T05:51:22,https://rekt.news/penpie-rekt
ETH,0x3C02290922a3618A4646E3BbCa65853eA45FE7C6,unknown,,rekt,Indodax,2024-09-10,2026-09-30T05:51:22,https://rekt.news/indodax-rekt
ETH,0x59101E532bc728599a2d373fCdC7aFf58cB48Df8,unknown,,rekt,Indodax,2024-09-10,2026-09-30T05:51:22,https://rekt.news/indodax-rekt
ETH,0xB0A2e43D3E0dc4C71346A71484aC6a2627bbCbeD,unknown,,rekt,Indodax,2024-09-10,2026-09-30T05:51:22,https://rekt.news/indodax-rekt
ETH,0x3B8F1131a20e131c195bdA6FDd6e9bE38935eB6d,unknown,,rekt,Indodax,2024-09-10,2026-09-30T05:51:22,https://rekt.news/indodax-rekt
Polygon,0x90fffbc09e9a5f6d035e92d25d67e244ef5e904f,unknown,,rekt,Indodax,2024-09-10,2026-09-30T05:51:22,https://rekt.news/indodax-rekt
TRX,TWe5pEnPDetzxgJS4uN26VFg15wWtdcTXc,unknown,,rekt,Indodax,2024-09-10,2026-09-30T05:51:22,https://rekt.news/indodax-rekt
TRX,TBooefeY6FvGuyKfvp5yE1HmzhzvXnvA1P,unknown,,rekt,Indodax,2024-09-10,2026-09-30T05:51:22,https://rekt.news/indodax-rekt
BTC,1JUToCyRL5UwgeucjnFAagKs4v1YqhjT1d,unknown,,rekt,Indodax,2024-09-10,2026-09-30T05:51:22,https://rekt.news/indodax-rekt
BTC,bc1q5uqpn0ha5llrvhcvkq3nfalp8fj7qe3rydcvmf,unknown,,rekt,Indodax,2024-09-10,2026-09-30T05:51:22,https://rekt.news/indodax-rekt
Ethereum,0xf073a21f0d68adacfff34d5b8df04550c944e348,attacker,Attacker,defihacklabs,Unverified_03f9,2024-09-12,2026-09-30T05:51:22,https://github.com/SunWeb3Sec/DeFiHackLabs/blob/main/src/test/2024-09/unverified_03f9_exp.sol
Ethereum,0xd683b81c2608980db90a6fd730153e04629ff1a3,unknown,Attack Contract,defihacklabs,Unverified_03f9,2024-09-12,2026-09-30T05:51:22,https://github.com/SunWeb3Sec/DeFiHackLabs/blob/main/src/test/2024-09/unverified_03f9_exp.sol
Ethereum,0x03f911aedc25c770e701b8f563e8102cfacd62c0,victim,Vulnerable Contract,defihacklabs,Unverified_03f9,2024-09-12,2026-09-30T05:51:22,https://github.com/SunWeb3Sec/DeFiHackLabs/blob/main/src/test/2024-09/unverified_03f9_exp.sol
ETH,0xf073a21f0d68adacfff34d5b8df04550c944e348,unknown,,defihacklabs,Unverified_03f9,2024-09-12,2026-09-30T05:51:22,https://github.com/SunWeb3Sec/DeFiHackLabs/blob/main/src/test/2024-09/unverified_03f9_exp.sol
ETH,0xd683b81c2608980db90a6fd730153e04629ff1a3,unknown,,defihacklabs,Unverified_03f9,2024-09-12,2026-09-30T05:51:22,https://github.com/SunWeb3Sec/DeFiHackLabs/blob/main/src/test/2024-09/unverified_03f9_exp.sol
ETH,0x03f911aedc25c770e701b8f563e8102cfacd62c0,unknown,,defihacklabs,Unverified_03f9,2024-09-12,2026-09-30T05:51:22,https://github.com/SunWeb3Sec/DeFiHackLabs/blob/main/src/test/2024-09/unverified_03f9_exp.sol
Ethereum,0x000000003704BC4ffb86000046721f44Ef3DBABe,attacker,Attacker,defihacklabs,OTSeaStaking,2024-09-13,2026-09-30T05:51:22,https://github.com/SunWeb3Sec/DeFiHackLabs/blob/main/src/test/2024-09/OTSeaStaking_exp.sol
Ethereum,0xd11eE5A6a9EbD9327360D7A82e40d2F8C314e985,unknown,Attack Contract,defihacklabs,OTSeaStaking,2024-09-13,2026-09-30T05:51:22,https://github.com/SunWeb3Sec/DeFiHackLabs/blob/main/src/test/2024-09/OTSeaStaking_exp.sol
Ethereum,0xF2c8e860ca12Cde3F3195423eCf54427A4f30916,victim,Vulnerable Contract,defihacklabs,OTSeaStaking,2024-09-13,2026-09-30T05:51:22,https://github.com/SunWeb3Sec/DeFiHackLabs/blob/main/src/test/2024-09/OTSeaStaking_exp.sol
ETH,0x000000003704BC4ffb86000046721f44Ef3DBABe,unknown,,defihacklabs,OTSeaStaking,2024-09-13,2026-09-30T05:51:22,https://github.com/SunWeb3Sec/DeFiHackLabs/blob/main/src/test/2024-09/OTSeaStaking_exp.sol
ETH,0xd11eE5A6a9EbD9327360D7A82e40d2F8C314e985,unknown,,defihacklabs,OTSeaStaking,2024-09-13,2026-09-30T05:51:22,https://github.com/SunWeb3Sec/DeFiHackLabs/blob/main/src/test/2024-09/OTSeaStaking_exp.sol
ETH,0xF2c8e860ca12Cde3F3195423eCf54427A4f30916,unknown,,defihacklabs,OTSeaStaking,2024-09-13,2026-09-30T05:51:22,https://github.com/SunWeb3Sec/DeFiHackLabs/blob/main/src/test/2024-09/OTSeaStaking_exp.sol
Ethereum,0x0000daaee5fbc2d3fc5a5c0cb456d2c24e4f81de,attacker,Attacker,defihacklabs,Unverified_5697,2024-09-13,2026-09-30T05:51:22,https://github.com/SunWeb3Sec/DeFiHackLabs/blob/main/src/test/2024-09/unverified_5697_exp.sol
ETH,0x0000daaee5fbc2d3fc5a5c0cb456d2c24e4f81de,unknown,,defihacklabs,Unverified_5697,2024-09-13,2026-09-30T05:51:22,https://github.com/SunWeb3Sec/DeFiHackLabs/blob/main/src/test/2024-09/unverified_5697_exp.sol
Arbitrum,0x40E4172e595Fb5B3076dC6d0A1a24d885b881Afb,unknown,,rekt,DeltaPrime,2024-09-15,2026-09-30T05:51:22,https://rekt.news/deltaprime-rekt
ETH,0xd550cfeA0BFFDC81B2dEe7B6d915D9D9e31d83A2,unknown,,rekt,DeltaPrime,2024-09-15,2026-09-30T05:51:22,https://rekt.news/deltaprime-rekt
Arbitrum,0xD4CA224a176A59ed1a346FA86C3e921e01659E73,unknown,,rekt,DeltaPrime,2024-09-15,2026-09-30T05:51:22,https://rekt.news/deltaprime-rekt
Arbitrum,0x0bebeb5679115f143772cfd97359bbcc393d46b3,unknown,,rekt,DeltaPrime,2024-09-15,2026-09-30T05:51:22,https://rekt.news/deltaprime-rekt
BSC,0x8FE3842e0B7472a57f2A2D56cF6bCe08517A1De0,unknown,,rekt,DeltaPrime,2024-09-15,2026-09-30T05:51:22,https://rekt.news/deltaprime-rekt
Arbitrum,0x2B8C610F3fC6F883817637d15514293565C3d08A,unknown,,rekt,DeltaPrime,2024-09-15,2026-09-30T05:51:22,https://rekt.news/deltaprime-rekt
Arbitrum,0x5CdE36c23f0909960BA4D6E8713257C6191f8C35,unknown,,rekt,DeltaPrime,2024-09-15,2026-09-30T05:51:22,https://rekt.news/deltaprime-rekt
Arbitrum,0xd5E8f691756c3d7b86FD8A89A06497D38D362540,unknown,,rekt,DeltaPrime,2024-09-15,2026-09-30T05:51:22,https://rekt.news/deltaprime-rekt
BSC,0x57ecf40b596274a985967e3f698437ae0a9600a0,unknown,,defihacklabs,WXETA,2024-09-15,2026-09-30T05:51:22,https://github.com/SunWeb3Sec/DeFiHackLabs/blob/main/src/test/2024-09/WXETA_exp.sol
ETH,0x11bffb96daa9b0c47fef01401eb089549e87604e,unknown,,defihacklabs,WXETA,2024-09-15,2026-09-30T05:51:22,https://github.com/SunWeb3Sec/DeFiHackLabs/blob/main/src/test/2024-09/WXETA_exp.sol
BSC,0x05c2dd9cf547c6cccf91245346e6e1bc9926cae7,unknown,,defihacklabs,WXETA,2024-09-15,2026-09-30T05:51:22,https://github.com/SunWeb3Sec/DeFiHackLabs/blob/main/src/test/2024-09/WXETA_exp.sol
BSC,0xba35d089addac99a8e7bcd1a25712b1702623ae3,unknown,,defihacklabs,Unverified_766a,2024-09-18,2026-09-30T05:51:22,https://github.com/SunWeb3Sec/DeFiHackLabs/blob/main/src/test/2024-09/unverified_766a_exp.sol
BSC,0xd310431e98412eb9a7c66808478bf08fdea81e2a,unknown,,defihacklabs,Unverified_766a,2024-09-18,2026-09-30T05:51:22,https://github.com/SunWeb3Sec/DeFiHackLabs/blob/main/src/test/2024-09/unverified_766a_exp.sol
BSC,0x766a0936ff0ad045d39871846194edbd5df63a58,unknown,,defihacklabs,Unverified_766a,2024-09-18,2026-09-30T05:51:22,https://github.com/SunWeb3Sec/DeFiHackLabs/blob/main/src/test/2024-09/unverified_766a_exp.sol
Ethereum,0xa3a64255484ad65158af0f9d96b5577f79901a1d,attacker,Attacker,defihacklabs,Shezmu,2024-09-20,2026-09-30T05:51:22,https://github.com/SunWeb3Sec/DeFiHackLabs/blob/main/src/test/2024-09/Shezmu_exp.sol
Ethereum,0xEd4B3d468DEd53a322A8B8280B6f35aAE8bC499C,unknown,Attack Contract,defihacklabs,Shezmu,2024-09-20,2026-09-30T05:51:22,https://github.com/SunWeb3Sec/DeFiHackLabs/blob/main/src/test/2024-09/Shezmu_exp.sol
Ethereum,0x641249dB01d5C9a04d1A223765fFd15f95167924,victim,Vulnerable Contract,defihacklabs,Shezmu,2024-09-20,2026-09-30T05:51:22,https://github.com/SunWeb3Sec/DeFiHackLabs/blob/main/src/test/2024-09/Shezmu_exp.sol
ETH,0xa3a64255484ad65158af0f9d96b5577f79901a1d,unknown,,defihacklabs,Shezmu,2024-09-20,2026-09-30T05:51:22,https://github.com/SunWeb3Sec/DeFiHackLabs/blob/main/src/test/2024-09/Shezmu_exp.sol
ETH,0xEd4B3d468DEd53a322A8B8280B6f35aAE8bC499C,unknown,,defihacklabs,Shezmu,2024-09-20,2026-09-30T05:51:22,https://github.com/SunWeb3Sec/DeFiHackLabs/blob/main/src/test/2024-09/Shezmu_exp.sol
ETH,0x641249dB01d5C9a04d1A223765fFd15f95167924,unknown,,defihacklabs,Shezmu,2024-09-20,2026-09-30T05:51:22,https://github.com/SunWeb3Sec/DeFiHackLabs/blob/main/src/test/2024-09/Shezmu_exp.sol
Ethereum,0x7248939f65bdd23aab9eaab1bc4a4f909567486e,attacker,Attacker,defihacklabs,DOGGO,2024-09-20,2026-09-30T05:51:22,https://github.com/SunWeb3Sec/DeFiHackLabs/blob/main/src/test/2024-09/DOGGO_exp.sol
Ethereum,0xbdb0bc0941ba81672593cd8b3f9281789f2754d1,unknown,Attack Contract,defihacklabs,DOGGO,2024-09-20,2026-09-30T05:51:22,https://github.com/SunWeb3Sec/DeFiHackLabs/blob/main/src/test/2024-09/DOGGO_exp.sol
Ethereum,0x240cd7b53d364a208ed41f8ced4965d11f571b7a,victim,Vulnerable Contract,defihacklabs,DOGGO,2024-09-20,2026-09-30T05:51:22,https://github.com/SunWeb3Sec/DeFiHackLabs/blob/main/src/test/2024-09/DOGGO_exp.sol
ETH,0x7248939f65bdd23aab9eaab1bc4a4f909567486e,unknown,,defihacklabs,DOGGO,2024-09-20,2026-09-30T05:51:22,https://github.com/SunWeb3Sec/DeFiHackLabs/blob/main/src/test/2024-09/DOGGO_exp.sol
ETH,0xbdb0bc0941ba81672593cd8b3f9281789f2754d1,unknown,,defihacklabs,DOGGO,2024-09-20,2026-09-30T05:51:22,https://github.com/SunWeb3Sec/DeFiHackLabs/blob/main/src/test/2024-09/DOGGO_exp.sol
ETH,0x240cd7b53d364a208ed41f8ced4965d11f571b7a,unknown,,defihacklabs,DOGGO,2024-09-20,2026-09-30T05:51:22,https://github.com/SunWeb3Sec/DeFiHackLabs/blob/main/src/test/2024-09/DOGGO_exp.sol
Ethereum,0x2bFB373017349820dda2Da8230E6b66739BE9F96,attacker,Attacker,defihacklabs,Bedrock_DeFi,2024-09-26,2026-09-30T05:51:22,https://github.com/SunWeb3Sec/DeFiHackLabs/blob/main/src/test/2024-09/Bedrock_DeFi_exp.sol
Ethereum,0x0C8da4f8B823bEe4D5dAb73367D45B5135B50faB,unknown,Attack Contract,defihacklabs,Bedrock_DeFi,2024-09-26,2026-09-30T05:51:22,https://github.com/SunWeb3Sec/DeFiHackLabs/blob/main/src/test/2024-09/Bedrock_DeFi_exp.sol
Ethereum,0x1E1d02D663228e5D47f1De64030B39632A3B787D,unknown,Created Attack Contract,defihacklabs,Bedrock_DeFi,2024-09-26,2026-09-30T05:51:22,https://github.com/SunWeb3Sec/DeFiHackLabs/blob/main/src/test/2024-09/Bedrock_DeFi_exp.sol
Ethereum,0x047D41F2544B7F63A8e991aF2068a363d210d6Da,victim,Vulnerable Contract,defihacklabs,Bedrock_DeFi,2024-09-26,2026-09-30T05:51:22,https://github.com/SunWeb3Sec/DeFiHackLabs/blob/main/src/test/2024-09/Bedrock_DeFi_exp.sol
Ethereum,0x702696b2aa47fd1d4feaaf03ce273009dc47d901,victim,Vulnerable Contract Code,defihacklabs,Bedrock_DeFi,2024-09-26,2026-09-30T05:51:22,https://github.com/SunWeb3Sec/DeFiHackLabs/blob/main/src/test/2024-09/Bedrock_DeFi_exp.sol
ETH,0x2bFB373017349820dda2Da8230E6b66739BE9F96,unknown,,defihacklabs,Bedrock_DeFi,2024-09-26,2026-09-30T05:51:22,https://github.com/SunWeb3Sec/DeFiHackLabs/blob/main/src/test/2024-09/Bedrock_DeFi_exp.sol
ETH,0x0C8da4f8B823bEe4D5dAb73367D45B5135B50faB,unknown,,defihacklabs,Bedrock_DeFi,2024-09-26,2026-09-30T05:51:22,https://github.com/SunWeb3Sec/DeFiHackLabs/blob/main/src/test/2024-09/Bedrock_DeFi_exp.sol
ETH,0x1E1d02D663228e5D47f1De64030B39632A3B787D,unknown,,defihacklabs,Bedrock_DeFi,2024-09-26,2026-09-30T05:51:22,https://github.com/SunWeb3Sec/DeFiHackLabs/blob/main/src/test/2024-09/Bedrock_DeFi_exp.sol
ETH,0x047D41F2544B7F63A8e991aF2068a363d210d6Da,unknown,,defihacklabs,Bedrock_DeFi,2024-09-26,2026-09-30T05:51:22,https://github.com/SunWeb3Sec/DeFiHackLabs/blob/main/src/test/2024-09/Bedrock_DeFi_exp.sol
ETH,0x702696b2aa47fd1d4feaaf03ce273009dc47d901,unknown,,defihacklabs,Bedrock_DeFi,2024-09-26,2026-09-30T05:51:22,https://github.com/SunWeb3Sec/DeFiHackLabs/blob/main/src/test/2024-09/Bedrock_DeFi_exp.sol
Ethereum,0x680910cf5fc9969a25fd57e7896a14ff1e55f36b,attacker,Attacker,defihacklabs,OnyxDAO,2024-09-26,2026-09-30T05:51:22,https://github.com/SunWeb3Sec/DeFiHackLabs/blob/main/src/test/2024-09/OnyxDAO_exp.sol
Ethereum,0xa57eda20be51ae07df3c8b92494c974a92cf8956,unknown,- Main,defihacklabs,OnyxDAO,2024-09-26,2026-09-30T05:51:22,https://github.com/SunWeb3Sec/DeFiHackLabs/blob/main/src/test/2024-09/OnyxDAO_exp.sol
Ethereum,0xae7d68b140ed075e382e0a01d6c67ac675afa223,unknown,- Rate Manipulator,defihacklabs,OnyxDAO,2024-09-26,2026-09-30T05:51:22,https://github.com/SunWeb3Sec/DeFiHackLabs/blob/main/src/test/2024-09/OnyxDAO_exp.sol
Ethereum,0x4f8b8c1b828147c1d6efc37c0326f4ac3e47d068,unknown,- Fake oTokenRepay,defihacklabs,OnyxDAO,2024-09-26,2026-09-30T05:51:22,https://github.com/SunWeb3Sec/DeFiHackLabs/blob/main/src/test/2024-09/OnyxDAO_exp.sol
Ethereum,0x3f100c9e9b9c575fe73461673f0770435575dc0e,unknown,- Fake underlying,defihacklabs,OnyxDAO,2024-09-26,2026-09-30T05:51:22,https://github.com/SunWeb3Sec/DeFiHackLabs/blob/main/src/test/2024-09/OnyxDAO_exp.sol
Ethereum,0xad45812c62fcbc8d54d0cc82773e85a11f19a248,unknown,- Fake oTokenCollateral,defihacklabs,OnyxDAO,2024-09-26,2026-09-30T05:51:22,https://github.com/SunWeb3Sec/DeFiHackLabs/blob/main/src/test/2024-09/OnyxDAO_exp.sol
Ethereum,0xf10bc5be84640236c71173d1809038af4ee19002,victim,Vulnerable Contract,defihacklabs,OnyxDAO,2024-09-26,2026-09-30T05:51:22,https://github.com/SunWeb3Sec/DeFiHackLabs/blob/main/src/test/2024-09/OnyxDAO_exp.sol
ETH,0x680910cf5fc9969a25fd57e7896a14ff1e55f36b,unknown,,defihacklabs,OnyxDAO,2024-09-26,2026-09-30T05:51:22,https://github.com/SunWeb3Sec/DeFiHackLabs/blob/main/src/test/2024-09/OnyxDAO_exp.sol
ETH,0xa57eda20be51ae07df3c8b92494c974a92cf8956,unknown,,defihacklabs,OnyxDAO,2024-09-26,2026-09-30T05:51:22,https://github.com/SunWeb3Sec/DeFiHackLabs/blob/main/src/test/2024-09/OnyxDAO_exp.sol
ETH,0xae7d68b140ed075e382e0a01d6c67ac675afa223,unknown,,defihacklabs,OnyxDAO,2024-09-26,2026-09-30T05:51:22,https://github.com/SunWeb3Sec/DeFiHackLabs/blob/main/src/test/2024-09/OnyxDAO_exp.sol
ETH,0x4f8b8c1b828147c1d6efc37c0326f4ac3e47d068,unknown,,defihacklabs,OnyxDAO,2024-09-26,2026-09-30T05:51:22,https://github.com/SunWeb3Sec/DeFiHackLabs/blob/main/src/test/2024-09/OnyxDAO_exp.sol
ETH,0x3f100c9e9b9c575fe73461673f0770435575dc0e,unknown,,defihacklabs,OnyxDAO,2024-09-26,2026-09-30T05:51:22,https://github.com/SunWeb3Sec/DeFiHackLabs/blob/main/src/test/2024-09/OnyxDAO_exp.sol
ETH,0xad45812c62fcbc8d54d0cc82773e85a11f19a248,unknown,,defihacklabs,OnyxDAO,2024-09-26,2026-09-30T05:51:22,https://github.com/SunWeb3Sec/DeFiHackLabs/blob/main/src/test/2024-09/OnyxDAO_exp.sol
ETH,0xf10bc5be84640236c71173d1809038af4ee19002,unknown,,defihacklabs,OnyxDAO,2024-09-26,2026-09-30T05:51:22,https://github.com/SunWeb3Sec/DeFiHackLabs/blob/main/src/test/2024-09/OnyxDAO_exp.sol
Ethereum,0x81f48a87ec44208c691f870b9d400d9c13111e2e,attacker,Attacker,defihacklabs,FireToken,2024-10-01,2026-09-30T05:51:22,https://github.com/SunWeb3Sec/DeFiHackLabs/blob/main/src/test/2024-10/FireToken_exp.sol
Ethereum,0x9776c0abe8ae3c9ca958875128f1ae1d5afafcb8,unknown,Attack Contract,defihacklabs,FireToken,2024-10-01,2026-09-30T05:51:22,https://github.com/SunWeb3Sec/DeFiHackLabs/blob/main/src/test/2024-10/FireToken_exp.sol
Ethereum,0x18775475f50557b96C63E8bbf7D75bFeB412082D,victim,Vulnerable Contract,defihacklabs,FireToken,2024-10-01,2026-09-30T05:51:22,https://github.com/SunWeb3Sec/DeFiHackLabs/blob/main/src/test/2024-10/FireToken_exp.sol
ETH,0x81f48a87ec44208c691f870b9d400d9c13111e2e,unknown,,defihacklabs,FireToken,2024-10-01,2026-09-30T05:51:22,https://github.com/SunWeb3Sec/DeFiHackLabs/blob/main/src/test/2024-10/FireToken_exp.sol
ETH,0x9776c0abe8ae3c9ca958875128f1ae1d5afafcb8,unknown,,defihacklabs,FireToken,2024-10-01,2026-09-30T05:51:22,https://github.com/SunWeb3Sec/DeFiHackLabs/blob/main/src/test/2024-10/FireToken_exp.sol
ETH,0x18775475f50557b96C63E8bbf7D75bFeB412082D,unknown,,defihacklabs,FireToken,2024-10-01,2026-09-30T05:51:22,https://github.com/SunWeb3Sec/DeFiHackLabs/blob/main/src/test/2024-10/FireToken_exp.sol
Arbitrum,0x8a0dfb61cad29168e1067f6b23553035d83fcfb2,unknown,,defihacklabs,LavaLending,2024-10-02,2026-09-30T05:51:22,https://github.com/SunWeb3Sec/DeFiHackLabs/blob/main/src/test/2024-10/LavaLending_exp.sol
Arbitrum,0x69fa61eb4dc4e07263d401b01ed1cfceb599dab8,unknown,,defihacklabs,LavaLending,2024-10-02,2026-09-30T05:51:22,https://github.com/SunWeb3Sec/DeFiHackLabs/blob/main/src/test/2024-10/LavaLending_exp.sol
Arbitrum,0x6700b021a8bcfae25a2493d16d7078c928c13151,unknown,,defihacklabs,LavaLending,2024-10-02,2026-09-30T05:51:22,https://github.com/SunWeb3Sec/DeFiHackLabs/blob/main/src/test/2024-10/LavaLending_exp.sol
BSC,0x3026c464d3bd6ef0ced0d49e80f171b58176ce32,unknown,,defihacklabs,AIZPTToken,2024-10-05,2026-09-30T05:51:22,https://github.com/SunWeb3Sec/DeFiHackLabs/blob/main/src/test/2024-10/AIZPTToken_exp.sol
BSC,0x8408497c18882bfb61be9204cfff530f4ee18320,unknown,,defihacklabs,AIZPTToken,2024-10-05,2026-09-30T05:51:22,https://github.com/SunWeb3Sec/DeFiHackLabs/blob/main/src/test/2024-10/AIZPTToken_exp.sol
BSC,0xbe779d420b7d573c08eee226b9958737b6218888,unknown,,defihacklabs,AIZPTToken,2024-10-05,2026-09-30T05:51:22,https://github.com/SunWeb3Sec/DeFiHackLabs/blob/main/src/test/2024-10/AIZPTToken_exp.sol
Ethereum,0x493c5655D40B051a64bc88A6af21D73d3A9B72A2,attacker,Attacker,defihacklabs,SASHAToken,2024-10-06,2026-09-30T05:51:22,https://github.com/SunWeb3Sec/DeFiHackLabs/blob/main/src/test/2024-10/SASHAToken_exp.sol
Ethereum,0x991493900674b10bdf54bdfe95b4e043257798cf,unknown,Attack Contract,defihacklabs,SASHAToken,2024-10-06,2026-09-30T05:51:22,https://github.com/SunWeb3Sec/DeFiHackLabs/blob/main/src/test/2024-10/SASHAToken_exp.sol
ETH,0x493c5655D40B051a64bc88A6af21D73d3A9B72A2,unknown,,defihacklabs,SASHAToken,2024-10-06,2026-09-30T05:51:22,https://github.com/SunWeb3Sec/DeFiHackLabs/blob/main/src/test/2024-10/SASHAToken_exp.sol
ETH,0x991493900674b10bdf54bdfe95b4e043257798cf,unknown,,defihacklabs,SASHAToken,2024-10-06,2026-09-30T05:51:22,https://github.com/SunWeb3Sec/DeFiHackLabs/blob/main/src/test/2024-10/SASHAToken_exp.sol
BSC,0xfeb19ae8c0448f25de43a3afcb7b29c9cef6eff6,unknown,,defihacklabs,P719Token,2024-10-11,2026-09-30T05:51:22,https://github.com/SunWeb3Sec/DeFiHackLabs/blob/main/src/test/2024-10/P719Token_exp.sol
BSC,0x3f32c7cfb0a78ddea80a2384ceb4633099cbdc98,unknown,,defihacklabs,P719Token,2024-10-11,2026-09-30T05:51:22,https://github.com/SunWeb3Sec/DeFiHackLabs/blob/main/src/test/2024-10/P719Token_exp.sol
BSC,0x6beee2b57b064eac5f432fc19009e3e78734eabc,unknown,,defihacklabs,P719Token,2024-10-11,2026-09-30T05:51:22,https://github.com/SunWeb3Sec/DeFiHackLabs/blob/main/src/test/2024-10/P719Token_exp.sol
Ethereum,0x02DBE46169fDf6555F2A125eEe3dce49703b13f5,attacker,Attacker,defihacklabs,MorphoBlue,2024-10-13,2026-09-30T05:51:22,https://github.com/SunWeb3Sec/DeFiHackLabs/blob/main/src/test/2024-10/MorphoBlue_exp.sol
Ethereum,0x4095F064B8d3c3548A3bebfd0Bbfd04750E30077,unknown,Attack Contract,defihacklabs,MorphoBlue,2024-10-13,2026-09-30T05:51:22,https://github.com/SunWeb3Sec/DeFiHackLabs/blob/main/src/test/2024-10/MorphoBlue_exp.sol
Ethereum,0xBBBBBbbBBb9cC5e90e3b3Af64bdAF62C37EEFFCb,victim,Vulnerable Contract,defihacklabs,MorphoBlue,2024-10-13,2026-09-30T05:51:22,https://github.com/SunWeb3Sec/DeFiHackLabs/blob/main/src/test/2024-10/MorphoBlue_exp.sol
ETH,0x02DBE46169fDf6555F2A125eEe3dce49703b13f5,unknown,,defihacklabs,MorphoBlue,2024-10-13,2026-09-30T05:51:22,https://github.com/SunWeb3Sec/DeFiHackLabs/blob/main/src/test/2024-10/MorphoBlue_exp.sol
ETH,0x4095F064B8d3c3548A3bebfd0Bbfd04750E30077,unknown,,defihacklabs,MorphoBlue,2024-10-13,2026-09-30T05:51:22,https://github.com/SunWeb3Sec/DeFiHackLabs/blob/main/src/test/2024-10/MorphoBlue_exp.sol
ETH,0xBBBBBbbBBb9cC5e90e3b3Af64bdAF62C37EEFFCb,unknown,,defihacklabs,MorphoBlue,2024-10-13,2026-09-30T05:51:22,https://github.com/SunWeb3Sec/DeFiHackLabs/blob/main/src/test/2024-10/MorphoBlue_exp.sol
Arbitrum,0xF4B1486DD74D07706052A33d31d7c0AAFD0659E1,unknown,,rekt,Radiant Capital,2024-10-16,2026-09-30T05:51:22,https://rekt.news/radiant-capital-rekt2
BSC,0xd50Cf00b6e600Dd036Ba8eF475677d816d6c4281,unknown,,rekt,Radiant Capital,2024-10-16,2026-09-30T05:51:22,https://rekt.news/radiant-capital-rekt2
Base,0x30798cFe2CCa822321ceed7e6085e633aAbC492F,unknown,,rekt,Radiant Capital,2024-10-16,2026-09-30T05:51:22,https://rekt.news/radiant-capital-rekt2
ETH,0xA950974f64aA33f27F6C5e017eEE93BF7588ED07,unknown,,rekt,Radiant Capital,2024-10-16,2026-09-30T05:51:22,https://rekt.news/radiant-capital-rekt2
ETH,0x0629b1048298AE9deff0F4100A31967Fb3f98962,unknown,,rekt,Radiant Capital,2024-10-16,2026-09-30T05:51:22,https://rekt.news/radiant-capital-rekt2
ETH,0x97a05becc2e7891d07f382457cd5d57fd242e4e8,unknown,,rekt,Radiant Capital,2024-10-16,2026-09-30T05:51:22,https://rekt.news/radiant-capital-rekt2
ETH,0x8b75e47976c3c500d0148463931717001f620887,unknown,,rekt,Radiant Capital,2024-10-16,2026-09-30T05:51:22,https://rekt.news/radiant-capital-rekt2
BSC,0xcF47c058CC4818CE90f9315B478EB2f2d588Cc78,unknown,,rekt,Radiant Capital,2024-10-16,2026-09-30T05:51:22,https://rekt.news/radiant-capital-rekt2
ETH,0x57ba8957ed2ff2e7AE38F4935451E81Ce1eEFbf5,unknown,,rekt,Radiant Capital,2024-10-16,2026-09-30T05:51:22,https://rekt.news/radiant-capital-rekt2
ETH,0x3C2Bc83Dcd293Cc8a23526A37aaeEdD83eBd62de,unknown,,rekt,Radiant Capital,2024-10-16,2026-09-30T05:51:22,https://rekt.news/radiant-capital-rekt2
Arbitrum,0x2997C5ddD3070A46E9938261ce0A16a237121cb0,unknown,,rekt,Tapioca DAO,2024-10-18,2026-09-30T05:51:22,https://rekt.news/tapioca-dao-rekt
Arbitrum,0x70285a11489bed93686410EBC727057CAfb8129D,unknown,,rekt,Tapioca DAO,2024-10-18,2026-09-30T05:51:22,https://rekt.news/tapioca-dao-rekt
Arbitrum,0xEB99062643cA5Ab880c077288345E0B14B297432,unknown,,rekt,Tapioca DAO,2024-10-18,2026-09-30T05:51:22,https://rekt.news/tapioca-dao-rekt
BSC,0x69d91e56ca80f2a4d7b808b59053ea5c5505ffe2,unknown,,rekt,Tapioca DAO,2024-10-18,2026-09-30T05:51:22,https://rekt.news/tapioca-dao-rekt
Ethereum,0xfde0d1575ed8e06fbf36256bcdfa1f359281455a,attacker,Attacker,defihacklabs,Erc20transfer,2024-10-22,2026-09-30T05:51:22,https://github.com/SunWeb3Sec/DeFiHackLabs/blob/main/src/test/2024-10/Erc20transfer_exp.sol
Ethereum,0x6980a47bee930a4584b09ee79ebe46484fbdbdd0,unknown,Attack Contract,defihacklabs,Erc20transfer,2024-10-22,2026-09-30T05:51:22,https://github.com/SunWeb3Sec/DeFiHackLabs/blob/main/src/test/2024-10/Erc20transfer_exp.sol
Ethereum,0x43dc865e916914fd93540461fde124484fbf8faa,victim,Vulnerable Contract,defihacklabs,Erc20transfer,2024-10-22,2026-09-30T05:51:22,https://github.com/SunWeb3Sec/DeFiHackLabs/blob/main/src/test/2024-10/Erc20transfer_exp.sol
ETH,0xfde0d1575ed8e06fbf36256bcdfa1f359281455a,unknown,,defihacklabs,Erc20transfer,2024-10-22,2026-09-30T05:51:22,https://github.com/SunWeb3Sec/DeFiHackLabs/blob/main/src/test/2024-10/Erc20transfer_exp.sol
ETH,0x6980a47bee930a4584b09ee79ebe46484fbdbdd0,unknown,,defihacklabs,Erc20transfer,2024-10-22,2026-09-30T05:51:22,https://github.com/SunWeb3Sec/DeFiHackLabs/blob/main/src/test/2024-10/Erc20transfer_exp.sol
ETH,0x43dc865e916914fd93540461fde124484fbf8faa,unknown,,defihacklabs,Erc20transfer,2024-10-22,2026-09-30T05:51:22,https://github.com/SunWeb3Sec/DeFiHackLabs/blob/main/src/test/2024-10/Erc20transfer_exp.sol
Base,0x81d5187c8346073b648f2d44b9e269509513aae2,unknown,,defihacklabs,CompoundFork,2024-10-26,2026-09-30T05:51:22,https://github.com/SunWeb3Sec/DeFiHackLabs/blob/main/src/test/2024-10/CompoundFork_exploit.sol
Base,0x7562846468089cf0e8f7b38ac53406b895284901,unknown,,defihacklabs,CompoundFork,2024-10-26,2026-09-30T05:51:22,https://github.com/SunWeb3Sec/DeFiHackLabs/blob/main/src/test/2024-10/CompoundFork_exploit.sol
Base,0x93D619623abc60A22Ee71a15dB62EedE3EF4dD5a,unknown,,defihacklabs,CompoundFork,2024-10-26,2026-09-30T05:51:22,https://github.com/SunWeb3Sec/DeFiHackLabs/blob/main/src/test/2024-10/CompoundFork_exploit.sol
Ethereum,0xa60fae100d9c3d015c9cd7107f95cbacf58a1cbd,attacker,Attacker,defihacklabs,BUBAI,2024-10-29,2026-09-30T05:51:22,https://github.com/SunWeb3Sec/DeFiHackLabs/blob/main/src/test/2024-10/BUBAI_exp.sol
ETH,0xa60fae100d9c3d015c9cd7107f95cbacf58a1cbd,unknown,,defihacklabs,BUBAI,2024-10-29,2026-09-30T05:51:22,https://github.com/SunWeb3Sec/DeFiHackLabs/blob/main/src/test/2024-10/BUBAI_exp.sol
ETH,0xE26abc37b06B819243B4B104270Cc18f7C835FcE,unknown,,rekt,M2 Exchange,2024-10-31,2026-09-30T05:51:22,https://rekt.news/m2-exchange-rekt
ETH,0xb5f798096bd4D969466E2284Bda01F7A51049d3A,unknown,,rekt,M2 Exchange,2024-10-31,2026-09-30T05:51:22,https://rekt.news/m2-exchange-rekt
ETH,0x968b6984cba14444f23ee51be90652408155e142,unknown,,rekt,M2 Exchange,2024-10-31,2026-09-30T05:51:22,https://rekt.news/m2-exchange-rekt
BTC,bc1qu4kh7wa38xpkrp8frgxl4sak88wx0jug8n3vfj,unknown,,rekt,M2 Exchange,2024-10-31,2026-09-30T05:51:22,https://rekt.news/m2-exchange-rekt
SOL,EKko14NvgqdvNttUb8JjXkVGuUs6BTikjfN3hqW4LQoL,unknown,,rekt,M2 Exchange,2024-10-31,2026-09-30T05:51:22,https://rekt.news/m2-exchange-rekt
BSC,0x709b30b69176a3ccc8ef3bb37219267ee2f5b112,unknown,,defihacklabs,RPP,2024-11-05,2026-09-30T05:51:22,https://github.com/SunWeb3Sec/DeFiHackLabs/blob/main/src/test/2024-11/RPP_exp.sol
BSC,0xfebfe8fbe1cbe2fbdcfb8d37331f2c8afd2a4b45,unknown,,defihacklabs,RPP,2024-11-05,2026-09-30T05:51:22,https://github.com/SunWeb3Sec/DeFiHackLabs/blob/main/src/test/2024-11/RPP_exp.sol
BSC,0x7d1a69302d2a94620d5185f2d80e065454a35751,unknown,,defihacklabs,RPP,2024-11-05,2026-09-30T05:51:22,https://github.com/SunWeb3Sec/DeFiHackLabs/blob/main/src/test/2024-11/RPP_exp.sol
Ethereum,0x00bad13fa32e0000e35b8517e19986b93f000034,attacker,Attacker,defihacklabs,CoW,2024-11-07,2026-09-30T05:51:22,https://github.com/SunWeb3Sec/DeFiHackLabs/blob/main/src/test/2024-11/CoW_exp.sol
Ethereum,0x67004e26f800c5eb050000200075f049aa0090c3,unknown,Attack Contract,defihacklabs,CoW,2024-11-07,2026-09-30T05:51:22,https://github.com/SunWeb3Sec/DeFiHackLabs/blob/main/src/test/2024-11/CoW_exp.sol
Ethereum,0x9008d19f58aabd9ed0d60971565aa8510560ab41,victim,Vulnerable Contract,defihacklabs,CoW,2024-11-07,2026-09-30T05:51:22,https://github.com/SunWeb3Sec/DeFiHackLabs/blob/main/src/test/2024-11/CoW_exp.sol
ETH,0x00bad13fa32e0000e35b8517e19986b93f000034,unknown,,defihacklabs,CoW,2024-11-07,2026-09-30T05:51:22,https://github.com/SunWeb3Sec/DeFiHackLabs/blob/main/src/test/2024-11/CoW_exp.sol
ETH,0x67004e26f800c5eb050000200075f049aa0090c3,unknown,,defihacklabs,CoW,2024-11-07,2026-09-30T05:51:22,https://github.com/SunWeb3Sec/DeFiHackLabs/blob/main/src/test/2024-11/CoW_exp.sol
ETH,0x9008d19f58aabd9ed0d60971565aa8510560ab41,unknown,,defihacklabs,CoW,2024-11-07,2026-09-30T05:51:22,https://github.com/SunWeb3Sec/DeFiHackLabs/blob/main/src/test/2024-11/CoW_exp.sol
Ethereum,0x050163597d9905ba66400f7b3ca8f2ef23df702d,victim,Vulnerable Contract,defihacklabs,ChiSale,2024-11-07,2026-09-30T05:51:22,https://github.com/SunWeb3Sec/DeFiHackLabs/blob/main/src/test/2024-11/ChiSale_exp.sol
BSC,0xe60329a82c5add1898ba273fc53835ac7e6fd5ca,unknown,,defihacklabs,ChiSale,2024-11-07,2026-09-30T05:51:22,https://github.com/SunWeb3Sec/DeFiHackLabs/blob/main/src/test/2024-11/ChiSale_exp.sol
ETH,0x050163597d9905ba66400f7b3ca8f2ef23df702d,unknown,,defihacklabs,ChiSale,2024-11-07,2026-09-30T05:51:22,https://github.com/SunWeb3Sec/DeFiHackLabs/blob/main/src/test/2024-11/ChiSale_exp.sol
BSC,0xe60329a82c5add1898ba273fc53835ac7e6fd5ca,unknown,,defihacklabs,X319,2024-11-09,2026-09-30T05:51:22,https://github.com/SunWeb3Sec/DeFiHackLabs/blob/main/src/test/2024-11/X319_exp.sol
BSC,0x54588267066ddbc6f8dcd724d88c25e2838b6374,unknown,,defihacklabs,X319,2024-11-09,2026-09-30T05:51:22,https://github.com/SunWeb3Sec/DeFiHackLabs/blob/main/src/test/2024-11/X319_exp.sol
BSC,0xedd632eaf3b57e100ae9142e8ed1641e5fd6b2c0,unknown,,defihacklabs,X319,2024-11-09,2026-09-30T05:51:22,https://github.com/SunWeb3Sec/DeFiHackLabs/blob/main/src/test/2024-11/X319_exp.sol
Arbitrum,0xb87881637b5c8e6885c51ab7d895e53fa7d7c567,unknown,,rekt,DeltaPrime,2024-11-11,2026-09-30T05:51:22,https://rekt.news/deltaprime-rekt2
Arbitrum,0x52ee5c0ea2e7b38d4b24c09d4d18cba6c293200e,unknown,,rekt,DeltaPrime,2024-11-11,2026-09-30T05:51:22,https://rekt.news/deltaprime-rekt2
ETH,0x56e7f67211683857EE31a1220827cac5cdaa634C,unknown,,rekt,DeltaPrime,2024-11-11,2026-09-30T05:51:22,https://rekt.news/deltaprime-rekt2
BSC,0x101723dEf8695f5bb8D5d4AA70869c10b5Ff6340,unknown,,rekt,DeltaPrime,2024-11-11,2026-09-30T05:51:22,https://rekt.news/deltaprime-rekt2
Avalanche,0xd5381c683191EB0999a51567274abAB73a9Df0AD,unknown,,rekt,DeltaPrime,2024-11-11,2026-09-30T05:51:22,https://rekt.news/deltaprime-rekt2
Avalanche,0xd3d535141831f6bd8b7df92e2ae0463d60af2413,unknown,,rekt,DeltaPrime,2024-11-11,2026-09-30T05:51:22,https://rekt.news/deltaprime-rekt2
Arbitrum,0xb87881637b5c8e6885c51ab7d895e53fa7d7c567,unknown,,defihacklabs,DeltaPrime,2024-11-11,2026-09-30T05:51:22,https://github.com/SunWeb3Sec/DeFiHackLabs/blob/main/src/test/2024-11/DeltaPrime_exp.sol
Arbitrum,0x0b2bcf06f740c322bc7276b6b90de08812ce9bfe,unknown,,defihacklabs,DeltaPrime,2024-11-11,2026-09-30T05:51:22,https://github.com/SunWeb3Sec/DeFiHackLabs/blob/main/src/test/2024-11/DeltaPrime_exp.sol
Arbitrum,0x62cf82fb0484af382714cd09296260edc1dc0c6c,unknown,,defihacklabs,DeltaPrime,2024-11-11,2026-09-30T05:51:22,https://github.com/SunWeb3Sec/DeFiHackLabs/blob/main/src/test/2024-11/DeltaPrime_exp.sol
Ethereum,0x713d2b652e5f2a86233c57af5341db42a5559dd1,attacker,Attacker,defihacklabs,vETH,2024-11-14,2026-09-30T05:51:22,https://github.com/SunWeb3Sec/DeFiHackLabs/blob/main/src/test/2024-11/vETH_exp.sol
Ethereum,0x351d38733de3f1e73468d24401c59f63677000c9,unknown,Attack Contract,defihacklabs,vETH,2024-11-14,2026-09-30T05:51:22,https://github.com/SunWeb3Sec/DeFiHackLabs/blob/main/src/test/2024-11/vETH_exp.sol
Ethereum,0x280a8955a11fcd81d72ba1f99d265a48ce39ac2e,victim,Vulnerable Contract,defihacklabs,vETH,2024-11-14,2026-09-30T05:51:22,https://github.com/SunWeb3Sec/DeFiHackLabs/blob/main/src/test/2024-11/vETH_exp.sol
ETH,0x713d2b652e5f2a86233c57af5341db42a5559dd1,unknown,,defihacklabs,vETH,2024-11-14,2026-09-30T05:51:22,https://github.com/SunWeb3Sec/DeFiHackLabs/blob/main/src/test/2024-11/vETH_exp.sol
ETH,0x351d38733de3f1e73468d24401c59f63677000c9,unknown,,defihacklabs,vETH,2024-11-14,2026-09-30T05:51:22,https://github.com/SunWeb3Sec/DeFiHackLabs/blob/main/src/test/2024-11/vETH_exp.sol
ETH,0x280a8955a11fcd81d72ba1f99d265a48ce39ac2e,unknown,,defihacklabs,vETH,2024-11-14,2026-09-30T05:51:22,https://github.com/SunWeb3Sec/DeFiHackLabs/blob/main/src/test/2024-11/vETH_exp.sol
BSC,0x2bee9915ddefdc987a42275fbcc39ed178a70aaa,unknown,,defihacklabs,MFT,2024-11-17,2026-09-30T05:51:22,https://github.com/SunWeb3Sec/DeFiHackLabs/blob/main/src/test/2024-11/MFT_exp.sol
BSC,0x6E088C3dD1055F5dD1660C1c64dE2af8110B85a8,unknown,,defihacklabs,MFT,2024-11-17,2026-09-30T05:51:22,https://github.com/SunWeb3Sec/DeFiHackLabs/blob/main/src/test/2024-11/MFT_exp.sol
BSC,0x29Ee4526e3A4078Ce37762Dc864424A089Ebba11,unknown,,defihacklabs,MFT,2024-11-17,2026-09-30T05:51:22,https://github.com/SunWeb3Sec/DeFiHackLabs/blob/main/src/test/2024-11/MFT_exp.sol
Ethereum,0x511f427Cdf0c4e463655856db382E05D79Ac44a6,attacker,Attacker,defihacklabs,PolterFinance,2024-11-19,2026-09-30T05:51:22,https://github.com/SunWeb3Sec/DeFiHackLabs/blob/main/src/test/2024-11/PolterFinance_exploit.sol
ETH,0x511f427Cdf0c4e463655856db382E05D79Ac44a6,unknown,,defihacklabs,PolterFinance,2024-11-19,2026-09-30T05:51:22,https://github.com/SunWeb3Sec/DeFiHackLabs/blob/main/src/test/2024-11/PolterFinance_exploit.sol
ETH,0xA21451aC32372C123191B3a4FC01deB69F91533a,unknown,,defihacklabs,PolterFinance,2024-11-19,2026-09-30T05:51:22,https://github.com/SunWeb3Sec/DeFiHackLabs/blob/main/src/test/2024-11/PolterFinance_exploit.sol
ETH,0x867fAa51b3A437B4E2e699945590Ef4f2be2a6d5,unknown,,defihacklabs,PolterFinance,2024-11-19,2026-09-30T05:51:22,https://github.com/SunWeb3Sec/DeFiHackLabs/blob/main/src/test/2024-11/PolterFinance_exploit.sol
Ethereum,0x3a38877312d1125d2391663cba9f7190953bf2d9,attacker,Attacker,defihacklabs,MainnetSettler,2024-11-20,2026-09-30T05:51:22,https://github.com/SunWeb3Sec/DeFiHackLabs/blob/main/src/test/2024-11/MainnetSettler_exp.sol
Ethereum,0x285d37b0480910f977cd43c9bd228527bfad816e,unknown,Attack Contract,defihacklabs,MainnetSettler,2024-11-20,2026-09-30T05:51:22,https://github.com/SunWeb3Sec/DeFiHackLabs/blob/main/src/test/2024-11/MainnetSettler_exp.sol
Ethereum,0x95b4fecf1f5b9c56ce51ebfedd582c5f40f2ef8c,unknown,Attack Contract,defihacklabs,MainnetSettler,2024-11-20,2026-09-30T05:51:22,https://github.com/SunWeb3Sec/DeFiHackLabs/blob/main/src/test/2024-11/MainnetSettler_exp.sol
ETH,0x3a38877312d1125d2391663cba9f7190953bf2d9,unknown,,defihacklabs,MainnetSettler,2024-11-20,2026-09-30T05:51:22,https://github.com/SunWeb3Sec/DeFiHackLabs/blob/main/src/test/2024-11/MainnetSettler_exp.sol
ETH,0x285d37b0480910f977cd43c9bd228527bfad816e,unknown,,defihacklabs,MainnetSettler,2024-11-20,2026-09-30T05:51:22,https://github.com/SunWeb3Sec/DeFiHackLabs/blob/main/src/test/2024-11/MainnetSettler_exp.sol
ETH,0x95b4fecf1f5b9c56ce51ebfedd582c5f40f2ef8c,unknown,,defihacklabs,MainnetSettler,2024-11-20,2026-09-30T05:51:22,https://github.com/SunWeb3Sec/DeFiHackLabs/blob/main/src/test/2024-11/MainnetSettler_exp.sol
BSC,0xd4f04374385341da7333b82b230cd223143c4d62,unknown,,defihacklabs,Matez,2024-11-21,2026-09-30T05:51:22,https://github.com/SunWeb3Sec/DeFiHackLabs/blob/main/src/test/2024-11/Matez_exp.sol
BSC,0x0aD02ce1b8EB978FD8dc4abeC5bf92Dfa81Ed705,unknown,,defihacklabs,Matez,2024-11-21,2026-09-30T05:51:22,https://github.com/SunWeb3Sec/DeFiHackLabs/blob/main/src/test/2024-11/Matez_exp.sol
BSC,0x326FB70eF9e70f8f4c38CFbfaF39F960A5C252fa,unknown,,defihacklabs,Matez,2024-11-21,2026-09-30T05:51:22,https://github.com/SunWeb3Sec/DeFiHackLabs/blob/main/src/test/2024-11/Matez_exp.sol
BSC,0xCe21C6e4fa557A9041FA98DFf59A4401Ef0a18aC,unknown,,defihacklabs,Ak1111,2024-11-23,2026-09-30T05:51:22,https://github.com/SunWeb3Sec/DeFiHackLabs/blob/main/src/test/2024-11/Ak1111_exp.sol
BSC,0xbFD7280B11466bc717EB0053A78675aed2C2E388,unknown,,defihacklabs,Ak1111,2024-11-23,2026-09-30T05:51:22,https://github.com/SunWeb3Sec/DeFiHackLabs/blob/main/src/test/2024-11/Ak1111_exp.sol
BSC,0xc3B1b45e5784A8efececfC0BE2E28247d3f49963,unknown,,defihacklabs,Ak1111,2024-11-23,2026-09-30T05:51:22,https://github.com/SunWeb3Sec/DeFiHackLabs/blob/main/src/test/2024-11/Ak1111_exp.sol
BSC,0x9f2ecec0145242c094b17807f299ce552a625ac5,unknown,,defihacklabs,Proxy_b7e1,2024-11-24,2026-09-30T05:51:22,https://github.com/SunWeb3Sec/DeFiHackLabs/blob/main/src/test/2024-11/proxy_b7e1_exp.sol
BSC,0x9b78b5d9febce2b8868ea6ee2822cb482a85ad74,unknown,,defihacklabs,Proxy_b7e1,2024-11-24,2026-09-30T05:51:22,https://github.com/SunWeb3Sec/DeFiHackLabs/blob/main/src/test/2024-11/proxy_b7e1_exp.sol
BSC,0xb7e1d1372f2880373d7c5a931cdbaa73c38663c6,unknown,,defihacklabs,Proxy_b7e1,2024-11-24,2026-09-30T05:51:22,https://github.com/SunWeb3Sec/DeFiHackLabs/blob/main/src/test/2024-11/proxy_b7e1_exp.sol
BSC,0x5af00b07a55f55775e4d99249dc7d81f5bc14c22,unknown,,defihacklabs,NFTG,2024-11-26,2026-09-30T05:51:22,https://github.com/SunWeb3Sec/DeFiHackLabs/blob/main/src/test/2024-11/NFTG_exp.sol
BSC,0x6def9e4a6bb9c3bfe0648a11d3fff14447079e78,unknown,,defihacklabs,NFTG,2024-11-26,2026-09-30T05:51:22,https://github.com/SunWeb3Sec/DeFiHackLabs/blob/main/src/test/2024-11/NFTG_exp.sol
BSC,0x5fbbb391d54f4fb1d1cf18310c93d400bc80042e,unknown,,defihacklabs,NFTG,2024-11-26,2026-09-30T05:51:22,https://github.com/SunWeb3Sec/DeFiHackLabs/blob/main/src/test/2024-11/NFTG_exp.sol
BSC,0x59367b057055fd5d38ab9c5f0927f45dc2637390,unknown,,defihacklabs,Pledge,2024-12-03,2026-09-30T05:51:22,https://github.com/SunWeb3Sec/DeFiHackLabs/blob/main/src/test/2024-12/Pledge_exp.sol
BSC,0x4aa0548019bfecd343179d054b1c7fa63e1e0b6c,unknown,,defihacklabs,Pledge,2024-12-03,2026-09-30T05:51:22,https://github.com/SunWeb3Sec/DeFiHackLabs/blob/main/src/test/2024-12/Pledge_exp.sol
BSC,0x061944c0f3c2d7dabafb50813efb05c4e0c952e1,unknown,,defihacklabs,Pledge,2024-12-03,2026-09-30T05:51:22,https://github.com/SunWeb3Sec/DeFiHackLabs/blob/main/src/test/2024-12/Pledge_exp.sol
Ethereum,0x012Fc6377F1c5CCF6e29967Bce52e3629AaA6025,attacker,Attacker,defihacklabs,CloberDEX,2024-12-10,2026-09-30T05:51:22,https://github.com/SunWeb3Sec/DeFiHackLabs/blob/main/src/test/2024-12/CloberDEX_exp.sol
ETH,0x012Fc6377F1c5CCF6e29967Bce52e3629AaA6025,unknown,,defihacklabs,CloberDEX,2024-12-10,2026-09-30T05:51:22,https://github.com/SunWeb3Sec/DeFiHackLabs/blob/main/src/test/2024-12/CloberDEX_exp.sol
Base,0x32Fb1BedD95BF78ca2c6943aE5AEaEAAFc0d97C1,unknown,,defihacklabs,CloberDEX,2024-12-10,2026-09-30T05:51:22,https://github.com/SunWeb3Sec/DeFiHackLabs/blob/main/src/test/2024-12/CloberDEX_exp.sol
Base,0xd3c8d0cd07Ade92df2d88752D36b80498cA12788,unknown,,defihacklabs,CloberDEX,2024-12-10,2026-09-30T05:51:22,https://github.com/SunWeb3Sec/DeFiHackLabs/blob/main/src/test/2024-12/CloberDEX_exp.sol
Base,0x6A0b87D6b74F7D5C92722F6a11714DBeDa9F3895,unknown,,defihacklabs,CloberDEX,2024-12-10,2026-09-30T05:51:22,https://github.com/SunWeb3Sec/DeFiHackLabs/blob/main/src/test/2024-12/CloberDEX_exp.sol
BSC,0x27441c62dbe261fdf5e1feec7ed19cf6820d583b,unknown,,defihacklabs,LABUBU Token,2024-12-10,2026-09-30T05:51:22,https://github.com/SunWeb3Sec/DeFiHackLabs/blob/main/src/test/2024-12/LABUBU_exp.sol
BSC,0x2ff0cc42e513535bd56be20c3e686a58608260ca,unknown,,defihacklabs,LABUBU Token,2024-12-10,2026-09-30T05:51:22,https://github.com/SunWeb3Sec/DeFiHackLabs/blob/main/src/test/2024-12/LABUBU_exp.sol
BSC,0x5CB78bF21eBaa3C44f4A1E8A3a3Ee0041bb52a30,unknown,,defihacklabs,LABUBU Token,2024-12-10,2026-09-30T05:51:22,https://github.com/SunWeb3Sec/DeFiHackLabs/blob/main/src/test/2024-12/LABUBU_exp.sol
BSC,0x2ff960f1d9af1a6368c2866f79080c1e0b253997,unknown,,defihacklabs,LABUBU Token,2024-12-10,2026-09-30T05:51:22,https://github.com/SunWeb3Sec/DeFiHackLabs/blob/main/src/test/2024-12/LABUBU_exp.sol
Base,0x93D619623abc60A22Ee71a15dB62EedE3EF4dD5a,unknown,,defihacklabs,LABUBU Token,2024-12-10,2026-09-30T05:51:22,https://github.com/SunWeb3Sec/DeFiHackLabs/blob/main/src/test/2024-12/LABUBU_exp.sol
BSC,0x00000000dd0412366388639b1101544fff2dce8d,unknown,,defihacklabs,JHY,2024-12-14,2026-09-30T05:51:22,https://github.com/SunWeb3Sec/DeFiHackLabs/blob/main/src/test/2024-12/JHY_exp.sol
BSC,0x802a389072c4310cf78a2e654fa50fac8bdc1a55,unknown,,defihacklabs,JHY,2024-12-14,2026-09-30T05:51:22,https://github.com/SunWeb3Sec/DeFiHackLabs/blob/main/src/test/2024-12/JHY_exp.sol
BSC,0x40Cd735D49e43212B5cb0b19773Ec2A648aAA96c,unknown,,defihacklabs,JHY,2024-12-14,2026-09-30T05:51:22,https://github.com/SunWeb3Sec/DeFiHackLabs/blob/main/src/test/2024-12/JHY_exp.sol
Polygon,0xde0a99fb39e78efd3529e31d78434f7645601163,unknown,,defihacklabs,BTC24H,2024-12-16,2026-09-30T05:51:22,https://github.com/SunWeb3Sec/DeFiHackLabs/blob/main/src/test/2024-12/BTC24H_exp.sol
Polygon,0x3cb2452c615007b9ef94d5814765eb48b71ae520,unknown,,defihacklabs,BTC24H,2024-12-16,2026-09-30T05:51:22,https://github.com/SunWeb3Sec/DeFiHackLabs/blob/main/src/test/2024-12/BTC24H_exp.sol
Polygon,0x968e1c984a431f3d0299563f15d48c395f70f719,unknown,,defihacklabs,BTC24H,2024-12-16,2026-09-30T05:51:22,https://github.com/SunWeb3Sec/DeFiHackLabs/blob/main/src/test/2024-12/BTC24H_exp.sol
BSC,0x132d9bbdbe718365af6cc9e43bac109a9a53b138,unknown,,defihacklabs,SlurpyCoin,2024-12-18,2026-09-30T05:51:22,https://github.com/SunWeb3Sec/DeFiHackLabs/blob/main/src/test/2024-12/SlurpyCoin_exp.sol
BSC,0x051e057ea275caf9a73578a97af6e8965e5a2349,unknown,,defihacklabs,SlurpyCoin,2024-12-18,2026-09-30T05:51:22,https://github.com/SunWeb3Sec/DeFiHackLabs/blob/main/src/test/2024-12/SlurpyCoin_exp.sol
BSC,0x72c114A1A4abC65BE2Be3E356eEde296Dbb8ba4c,unknown,,defihacklabs,SlurpyCoin,2024-12-18,2026-09-30T05:51:22,https://github.com/SunWeb3Sec/DeFiHackLabs/blob/main/src/test/2024-12/SlurpyCoin_exp.sol
Optimism,0x36491840ebcf040413003df9fb65b6bc9a181f52,unknown,,defihacklabs,Moonhacker,2024-12-23,2026-09-30T05:51:22,https://github.com/SunWeb3Sec/DeFiHackLabs/blob/main/src/test/2024-12/Moonhacker_exp.sol
Optimism,0x4e258f1705822c2565d54ec8795d303fdf9f768e,unknown,,defihacklabs,Moonhacker,2024-12-23,2026-09-30T05:51:22,https://github.com/SunWeb3Sec/DeFiHackLabs/blob/main/src/test/2024-12/Moonhacker_exp.sol
Optimism,0x3a6eaaf2b1b02ceb2da4a768cfeda86cff89b287,unknown,,defihacklabs,Moonhacker,2024-12-23,2026-09-30T05:51:22,https://github.com/SunWeb3Sec/DeFiHackLabs/blob/main/src/test/2024-12/Moonhacker_exp.sol
Optimism,0xd9b45e2c389b6ad55dd3631abc1de6f2d2229847,unknown,,defihacklabs,Moonhacker,2024-12-23,2026-09-30T05:51:22,https://github.com/SunWeb3Sec/DeFiHackLabs/blob/main/src/test/2024-12/Moonhacker_exp.sol
Optimism,0xA9CE0A4DE55791c5792B50531b18Befc30B09dcC,unknown,,defihacklabs,Moonhacker,2024-12-23,2026-09-30T05:51:22,https://github.com/SunWeb3Sec/DeFiHackLabs/blob/main/src/test/2024-12/Moonhacker_exp.sol
Base,0x3cc1edd8a25c912fcb51d7e61893e737c48cd98d,unknown,,defihacklabs,Bizness,2024-12-27,2026-09-30T05:51:22,https://github.com/SunWeb3Sec/DeFiHackLabs/blob/main/src/test/2024-12/Bizness_exp.sol
Base,0x0f30ae8f41a5d3cc96abd07adf1550a9a0e557b5,unknown,,defihacklabs,Bizness,2024-12-27,2026-09-30T05:51:22,https://github.com/SunWeb3Sec/DeFiHackLabs/blob/main/src/test/2024-12/Bizness_exp.sol
Base,0xd6a7cfa86a41b8f40b8dfeb987582a479eb10693,unknown,,defihacklabs,Bizness,2024-12-27,2026-09-30T05:51:22,https://github.com/SunWeb3Sec/DeFiHackLabs/blob/main/src/test/2024-12/Bizness_exp.sol
Ethereum,0x25869347f7993c50410a9b9b9c48f37d79e12a36,attacker,Attacker,defihacklabs,LAURAToken,2025-01-01,2026-09-30T05:51:22,https://github.com/SunWeb3Sec/DeFiHackLabs/blob/main/src/test/2025-01/LAURAToken_exp.sol
Ethereum,0x2cad84c3d2e31bc6d630229901f421e6da5557ef,unknown,Attack Contract 0,defihacklabs,LAURAToken,2025-01-01,2026-09-30T05:51:22,https://github.com/SunWeb3Sec/DeFiHackLabs/blob/main/src/test/2025-01/LAURAToken_exp.sol
Ethereum,0x55877cf2f24286dba2acb64311beca39728fbd10,unknown,Attack Contract 1,defihacklabs,LAURAToken,2025-01-01,2026-09-30T05:51:22,https://github.com/SunWeb3Sec/DeFiHackLabs/blob/main/src/test/2025-01/LAURAToken_exp.sol
Ethereum,0x05641e33fd15baf819729df55500b07b82eb8e89,victim,Vulnerable Contract,defihacklabs,LAURAToken,2025-01-01,2026-09-30T05:51:22,https://github.com/SunWeb3Sec/DeFiHackLabs/blob/main/src/test/2025-01/LAURAToken_exp.sol
ETH,0x25869347f7993c50410a9b9b9c48f37d79e12a36,unknown,,defihacklabs,LAURAToken,2025-01-01,2026-09-30T05:51:22,https://github.com/SunWeb3Sec/DeFiHackLabs/blob/main/src/test/2025-01/LAURAToken_exp.sol
ETH,0x2cad84c3d2e31bc6d630229901f421e6da5557ef,unknown,,defihacklabs,LAURAToken,2025-01-01,2026-09-30T05:51:22,https://github.com/SunWeb3Sec/DeFiHackLabs/blob/main/src/test/2025-01/LAURAToken_exp.sol
ETH,0x55877cf2f24286dba2acb64311beca39728fbd10,unknown,,defihacklabs,LAURAToken,2025-01-01,2026-09-30T05:51:22,https://github.com/SunWeb3Sec/DeFiHackLabs/blob/main/src/test/2025-01/LAURAToken_exp.sol
ETH,0x05641e33fd15baf819729df55500b07b82eb8e89,unknown,,defihacklabs,LAURAToken,2025-01-01,2026-09-30T05:51:22,https://github.com/SunWeb3Sec/DeFiHackLabs/blob/main/src/test/2025-01/LAURAToken_exp.sol
Ethereum,0x6439d63cc57fb68a32ea8ffd8f02496e8abad672,unknown,,defihacklabs,SorStaking,2025-01-04,2026-09-30T05:51:22,https://github.com/SunWeb3Sec/DeFiHackLabs/blob/main/src/test/2025-01/sorraStaking.sol
BSC,0xb7d7240c207e094a9be802c0f370528a9c39fed5,unknown,,defihacklabs,Mosca,2025-01-06,2026-09-30T05:51:22,https://github.com/SunWeb3Sec/DeFiHackLabs/blob/main/src/test/2025-01/Mosca_exp.sol
BSC,0x851288dcfb39330291015c82a5a93721cc92507a,unknown,,defihacklabs,Mosca,2025-01-06,2026-09-30T05:51:22,https://github.com/SunWeb3Sec/DeFiHackLabs/blob/main/src/test/2025-01/Mosca_exp.sol
BSC,0x1962b3356122d6a56f978e112d14f5e23a25037d,unknown,,defihacklabs,Mosca,2025-01-06,2026-09-30T05:51:22,https://github.com/SunWeb3Sec/DeFiHackLabs/blob/main/src/test/2025-01/Mosca_exp.sol
BSC,0x3a3683119e1801821faa15c319cb9c8fb3fcf6ee,unknown,,defihacklabs,IPC Incorrect burn pairs,2025-01-07,2026-09-30T05:51:22,https://github.com/SunWeb3Sec/DeFiHackLabs/blob/main/src/test/2025-01/IPC_exp.sol
Optimism,0x6FA2aF9a4d6fFe654361F713780963C10412e7c3,unknown,,slowmist,Orange Finance,2025-01-08,2026-09-30T05:51:22,https://mirror.xyz/0x6FA2aF9a4d6fFe654361F713780963C10412e7c3/gN17YMrLhKKg9YT9a391U74pWr9IhqBUDWUqDyDamjE
Arbitrum,0x2a566D111d0a5Be888FEC5F3834434Af3245Bb1b,unknown,,rekt,Moby Trade,2025-01-08,2026-09-30T05:51:22,https://rekt.news/mobytrade-rekt
ETH,0x6a92d4840309f447922114a349984a1d09a51470,unknown,,rekt,Moby Trade,2025-01-08,2026-09-30T05:51:22,https://rekt.news/mobytrade-rekt
BSC,0x00c5a772a58b117f142b2cbc8721b80d145ef7a9,unknown,,defihacklabs,LPMine,2025-01-08,2026-09-30T05:51:22,https://github.com/SunWeb3Sec/DeFiHackLabs/blob/main/src/test/2025-01/LPMine_exp.sol
BSC,0x8Efb9311700439d70025d2B372fb54c61a60d5DF,unknown,,defihacklabs,HORS,2025-01-08,2026-09-30T05:51:22,https://github.com/SunWeb3Sec/DeFiHackLabs/blob/main/src/test/2025-01/HORS_exp.sol
BSC,0x75ff620FF0e63243e86b99510cDbaD1D5e76524E,unknown,,defihacklabs,HORS,2025-01-08,2026-09-30T05:51:22,https://github.com/SunWeb3Sec/DeFiHackLabs/blob/main/src/test/2025-01/HORS_exp.sol
BSC,0x6f3390c6C200e9bE81b32110CE191a293dc0eaba,unknown,,defihacklabs,HORS,2025-01-08,2026-09-30T05:51:22,https://github.com/SunWeb3Sec/DeFiHackLabs/blob/main/src/test/2025-01/HORS_exp.sol
Ethereum,0x9263e7873613ddc598a701709875634819176aff,attacker,Attacker,defihacklabs,OrbitChain,2024-01-01,2026-09-30T05:51:21,https://github.com/SunWeb3Sec/DeFiHackLabs/blob/main/src/test/2024-01/OrbitChain_exp.sol
Ethereum,0x1bf68a9d1eaee7826b3593c20a0ca93293cb489a,victim,Vulnerable Contract,defihacklabs,OrbitChain,2024-01-01,2026-09-30T05:51:21,https://github.com/SunWeb3Sec/DeFiHackLabs/blob/main/src/test/2024-01/OrbitChain_exp.sol
ETH,0x9263e7873613ddc598a701709875634819176aff,unknown,,defihacklabs,OrbitChain,2024-01-01,2026-09-30T05:51:21,https://github.com/SunWeb3Sec/DeFiHackLabs/blob/main/src/test/2024-01/OrbitChain_exp.sol
ETH,0x1bf68a9d1eaee7826b3593c20a0ca93293cb489a,unknown,,defihacklabs,OrbitChain,2024-01-01,2026-09-30T05:51:21,https://github.com/SunWeb3Sec/DeFiHackLabs/blob/main/src/test/2024-01/OrbitChain_exp.sol
ETH,0x826d5f4d8084980366f975e10db6c4cf1f9dde6d,unknown,,rekt,Radiant Capital,2024-01-02,2026-09-30T05:51:21,https://rekt.news/radiant-capital-rekt
Arbitrum,0x39519c027b503f40867548fb0c890b11728faa8f,unknown,,rekt,Radiant Capital,2024-01-02,2026-09-30T05:51:21,https://rekt.news/radiant-capital-rekt
Ethereum,0x826d5f4d8084980366f975e10db6c4cf1f9dde6d,attacker,Attacker,defihacklabs,RadiantCapital,2024-01-02,2026-09-30T05:51:21,https://github.com/SunWeb3Sec/DeFiHackLabs/blob/main/src/test/2024-01/RadiantCapital_exp.sol
ETH,0x826d5f4d8084980366f975e10db6c4cf1f9dde6d,unknown,,defihacklabs,RadiantCapital,2024-01-02,2026-09-30T05:51:21,https://github.com/SunWeb3Sec/DeFiHackLabs/blob/main/src/test/2024-01/RadiantCapital_exp.sol
Arbitrum,0x39519c027b503f40867548fb0c890b11728faa8f,unknown,,defihacklabs,RadiantCapital,2024-01-02,2026-09-30T05:51:21,https://github.com/SunWeb3Sec/DeFiHackLabs/blob/main/src/test/2024-01/RadiantCapital_exp.sol
Arbitrum,0xf4b1486dd74d07706052a33d31d7c0aafd0659e1,unknown,,defihacklabs,RadiantCapital,2024-01-02,2026-09-30T05:51:21,https://github.com/SunWeb3Sec/DeFiHackLabs/blob/main/src/test/2024-01/RadiantCapital_exp.sol
BSC,0x1703062d657c1ca439023f0993d870f4707a37ff,unknown,,defihacklabs,MIC,2024-01-02,2026-09-30T05:51:21,https://github.com/SunWeb3Sec/DeFiHackLabs/blob/main/src/test/2024-01/MIC_exp.sol
BSC,0xafebc0a9e26fea567cc9e6dd7504800c67f4e3fe,unknown,,defihacklabs,MIC,2024-01-02,2026-09-30T05:51:21,https://github.com/SunWeb3Sec/DeFiHackLabs/blob/main/src/test/2024-01/MIC_exp.sol
BSC,0xb38c2d2d6a168d41aa8eb4cead47e01badbdcf57,unknown,,defihacklabs,MIC,2024-01-02,2026-09-30T05:51:21,https://github.com/SunWeb3Sec/DeFiHackLabs/blob/main/src/test/2024-01/MIC_exp.sol
Ethereum,0x5351536145610aa448a8bf85ba97c71caf31909c,attacker,Attacker,defihacklabs,Gamma,2024-01-04,2026-09-30T05:51:21,https://github.com/SunWeb3Sec/DeFiHackLabs/blob/main/src/test/2024-01/Gamma_exp.sol
ETH,0x5351536145610aa448a8bf85ba97c71caf31909c,unknown,,defihacklabs,Gamma,2024-01-04,2026-09-30T05:51:21,https://github.com/SunWeb3Sec/DeFiHackLabs/blob/main/src/test/2024-01/Gamma_exp.sol
Arbitrum,0xfd42cba85f6567fef32bab24179de21b9851b63e,unknown,,defihacklabs,Gamma,2024-01-04,2026-09-30T05:51:21,https://github.com/SunWeb3Sec/DeFiHackLabs/blob/main/src/test/2024-01/Gamma_exp.sol
Arbitrum,0x1F1Ca4e8236CD13032653391dB7e9544a6ad123E,unknown,,defihacklabs,Gamma,2024-01-04,2026-09-30T05:51:21,https://github.com/SunWeb3Sec/DeFiHackLabs/blob/main/src/test/2024-01/Gamma_exp.sol
ETH,0x496e5a7ba67735c7ee5eb81ef07b65b909a31345,unknown,,rekt,Orange Finance,2024-01-07,2026-09-30T05:51:21,https://rekt.news/orange-finance-rekt
Arbitrum,0x17c8eA17F174B5fa49D5090933ff28cE2DF10a3c,unknown,,rekt,Orange Finance,2024-01-07,2026-09-30T05:51:21,https://rekt.news/orange-finance-rekt
ETH,0xeB0f537A7a1C3E38d4F57026982c11F6886233D7,unknown,,rekt,Orange Finance,2024-01-07,2026-09-30T05:51:21,https://rekt.news/orange-finance-rekt
BSC,0x835b45d38cbdccf99e609436ff38e31ac05bc502,unknown,,defihacklabs,Freedom,2024-01-10,2026-09-30T05:51:21,https://github.com/SunWeb3Sec/DeFiHackLabs/blob/main/src/test/2024-01/Freedom_exp.sol
BSC,0x4512abb79f1f80830f4641caefc5ab33654a2d49,unknown,,defihacklabs,Freedom,2024-01-10,2026-09-30T05:51:21,https://github.com/SunWeb3Sec/DeFiHackLabs/blob/main/src/test/2024-01/Freedom_exp.sol
BSC,0xae3ada8787245977832c6dab2d4474d3943527ab,unknown,,defihacklabs,Freedom,2024-01-10,2026-09-30T05:51:21,https://github.com/SunWeb3Sec/DeFiHackLabs/blob/main/src/test/2024-01/Freedom_exp.sol
Ethereum,0xb90cf1d740b206b6d80854bc525e609dc42b45dc,attacker,Attacker,defihacklabs,WiseLending,2024-01-12,2026-09-30T05:51:21,https://github.com/SunWeb3Sec/DeFiHackLabs/blob/main/src/test/2024-01/WiseLending02_exp.sol
Ethereum,0x91c49cc7fbfe8f70aceeb075952cd64817f9d82c,unknown,Attack Contract,defihacklabs,WiseLending,2024-01-12,2026-09-30T05:51:21,https://github.com/SunWeb3Sec/DeFiHackLabs/blob/main/src/test/2024-01/WiseLending02_exp.sol
Ethereum,0x37e49bf3749513a02fa535f0cbc383796e8107e4,victim,Vulnerable Contract,defihacklabs,WiseLending,2024-01-12,2026-09-30T05:51:21,https://github.com/SunWeb3Sec/DeFiHackLabs/blob/main/src/test/2024-01/WiseLending02_exp.sol
ETH,0xb90cf1d740b206b6d80854bc525e609dc42b45dc,unknown,,defihacklabs,WiseLending,2024-01-12,2026-09-30T05:51:21,https://github.com/SunWeb3Sec/DeFiHackLabs/blob/main/src/test/2024-01/WiseLending02_exp.sol
ETH,0x91c49cc7fbfe8f70aceeb075952cd64817f9d82c,unknown,,defihacklabs,WiseLending,2024-01-12,2026-09-30T05:51:21,https://github.com/SunWeb3Sec/DeFiHackLabs/blob/main/src/test/2024-01/WiseLending02_exp.sol
ETH,0x37e49bf3749513a02fa535f0cbc383796e8107e4,unknown,,defihacklabs,WiseLending,2024-01-12,2026-09-30T05:51:21,https://github.com/SunWeb3Sec/DeFiHackLabs/blob/main/src/test/2024-01/WiseLending02_exp.sol
BSC,0x835b45d38cbdccf99e609436ff38e31ac05bc502,unknown,,defihacklabs,Shell_MEV_0xa898,2024-01-15,2026-09-30T05:51:21,https://github.com/SunWeb3Sec/DeFiHackLabs/blob/main/src/test/2024-01/Shell_MEV_0xa898_exp.sol
BSC,0xd66a43d0a3e853b98d14268e240cf973e3fa986e,unknown,,defihacklabs,Shell_MEV_0xa898,2024-01-15,2026-09-30T05:51:21,https://github.com/SunWeb3Sec/DeFiHackLabs/blob/main/src/test/2024-01/Shell_MEV_0xa898_exp.sol
BSC,0xa898b78b7cbbabacf9d179c4c46c212c0ac66f46,unknown,,defihacklabs,Shell_MEV_0xa898,2024-01-15,2026-09-30T05:51:21,https://github.com/SunWeb3Sec/DeFiHackLabs/blob/main/src/test/2024-01/Shell_MEV_0xa898_exp.sol
Ethereum,0xd215ffaf0f85fb6f93f11e49bd6175ad58af0dfd,attacker,Attacker,defihacklabs,DAO_SoulMate,2024-01-22,2026-09-30T05:51:21,https://github.com/SunWeb3Sec/DeFiHackLabs/blob/main/src/test/2024-01/DAO_SoulMate_exp.sol
Ethereum,0xd129d8c12f0e7aa51157d9e6cc3f7ece2dc84ecd,unknown,Attack Contract,defihacklabs,DAO_SoulMate,2024-01-22,2026-09-30T05:51:21,https://github.com/SunWeb3Sec/DeFiHackLabs/blob/main/src/test/2024-01/DAO_SoulMate_exp.sol
Ethereum,0x82c063afefb226859abd427ae40167cb77174b68,victim,Victim Contract,defihacklabs,DAO_SoulMate,2024-01-22,2026-09-30T05:51:21,https://github.com/SunWeb3Sec/DeFiHackLabs/blob/main/src/test/2024-01/DAO_SoulMate_exp.sol
ETH,0xd215ffaf0f85fb6f93f11e49bd6175ad58af0dfd,unknown,,defihacklabs,DAO_SoulMate,2024-01-22,2026-09-30T05:51:21,https://github.com/SunWeb3Sec/DeFiHackLabs/blob/main/src/test/2024-01/DAO_SoulMate_exp.sol
ETH,0xd129d8c12f0e7aa51157d9e6cc3f7ece2dc84ecd,unknown,,defihacklabs,DAO_SoulMate,2024-01-22,2026-09-30T05:51:21,https://github.com/SunWeb3Sec/DeFiHackLabs/blob/main/src/test/2024-01/DAO_SoulMate_exp.sol
ETH,0x82c063afefb226859abd427ae40167cb77174b68,unknown,,defihacklabs,DAO_SoulMate,2024-01-22,2026-09-30T05:51:21,https://github.com/SunWeb3Sec/DeFiHackLabs/blob/main/src/test/2024-01/DAO_SoulMate_exp.sol
BSC,0xe32de843da502f906a6999f85d9258941e5362ad,unknown,,slowmist,JohnLennonC0IN (BEATLES),2024-01-24,2026-09-30T05:51:21,https://www.dextools.io/app/cn/bnb/pair-explorer/0xe32de843da502f906a6999f85d9258941e5362ad
Optimism,0xfc3b08555b1c328ecf8b8a0ccd85679bf59bba4c,unknown,https,defihacklabs,NBLGAME,2024-01-25,2026-09-30T05:51:21,https://github.com/SunWeb3Sec/DeFiHackLabs/blob/main/src/test/2024-01/NBLGAME_exp.sol
Optimism,0x1fd0a6a5e232eeba8020a40535ad07013ec4ef12,unknown,,defihacklabs,NBLGAME,2024-01-25,2026-09-30T05:51:21,https://github.com/SunWeb3Sec/DeFiHackLabs/blob/main/src/test/2024-01/NBLGAME_exp.sol
Optimism,0xe4d41bdd6459198b33cc795ff280cee02d91087b,unknown,,defihacklabs,NBLGAME,2024-01-25,2026-09-30T05:51:21,https://github.com/SunWeb3Sec/DeFiHackLabs/blob/main/src/test/2024-01/NBLGAME_exp.sol
ETH,0xfc3b08555b1c328ecf8b8a0ccd85679bf59bba4c,unknown,,defihacklabs,NBLGAME,2024-01-25,2026-09-30T05:51:21,https://github.com/SunWeb3Sec/DeFiHackLabs/blob/main/src/test/2024-01/NBLGAME_exp.sol
Optimism,0x5499178919c79086fd580d6c5f332a4253244d91,unknown,,defihacklabs,NBLGAME,2024-01-25,2026-09-30T05:51:21,https://github.com/SunWeb3Sec/DeFiHackLabs/blob/main/src/test/2024-01/NBLGAME_exp.sol
Arbitrum,0xf52a681bc76df1e3a61d9266e3a66c7388ef579d,unknown,One of the attack txs,defihacklabs,CitadelFinance,2024-01-27,2026-09-30T05:51:21,https://github.com/SunWeb3Sec/DeFiHackLabs/blob/main/src/test/2024-01/CitadelFinance_exp.sol
Arbitrum,0xfcf88e5e1314ca3b6be7eed851568834233f8b49,unknown,,defihacklabs,CitadelFinance,2024-01-27,2026-09-30T05:51:21,https://github.com/SunWeb3Sec/DeFiHackLabs/blob/main/src/test/2024-01/CitadelFinance_exp.sol
ETH,0xfcbf411237ac830dc892edec054f15ba7f9ea5a6,unknown,,defihacklabs,CitadelFinance,2024-01-27,2026-09-30T05:51:21,https://github.com/SunWeb3Sec/DeFiHackLabs/blob/main/src/test/2024-01/CitadelFinance_exp.sol
Arbitrum,0x34b666992fcce34669940ab6b017fe11e5750799,unknown,,defihacklabs,CitadelFinance,2024-01-27,2026-09-30T05:51:21,https://github.com/SunWeb3Sec/DeFiHackLabs/blob/main/src/test/2024-01/CitadelFinance_exp.sol
Ethereum,0x7b3a6eff1c9925e509c2b01a389238c1fcc462b6,attacker,Attacker,defihacklabs,BarleyFinance,2024-01-28,2026-09-30T05:51:21,https://github.com/SunWeb3Sec/DeFiHackLabs/blob/main/src/test/2024-01/BarleyFinance_exp.sol
Ethereum,0x356e7481b957be0165d6751a49b4b7194aef18d5,unknown,Attack Contracts,defihacklabs,BarleyFinance,2024-01-28,2026-09-30T05:51:21,https://github.com/SunWeb3Sec/DeFiHackLabs/blob/main/src/test/2024-01/BarleyFinance_exp.sol
Ethereum,0x04c80bb477890f3021f03b068238836ee20aa0b8,unknown,Vuln Contract,defihacklabs,BarleyFinance,2024-01-28,2026-09-30T05:51:21,https://github.com/SunWeb3Sec/DeFiHackLabs/blob/main/src/test/2024-01/BarleyFinance_exp.sol
ETH,0x7b3a6eff1c9925e509c2b01a389238c1fcc462b6,unknown,,defihacklabs,BarleyFinance,2024-01-28,2026-09-30T05:51:21,https://github.com/SunWeb3Sec/DeFiHackLabs/blob/main/src/test/2024-01/BarleyFinance_exp.sol
ETH,0x356e7481b957be0165d6751a49b4b7194aef18d5,unknown,,defihacklabs,BarleyFinance,2024-01-28,2026-09-30T05:51:21,https://github.com/SunWeb3Sec/DeFiHackLabs/blob/main/src/test/2024-01/BarleyFinance_exp.sol
ETH,0x04c80bb477890f3021f03b068238836ee20aa0b8,unknown,,defihacklabs,BarleyFinance,2024-01-28,2026-09-30T05:51:21,https://github.com/SunWeb3Sec/DeFiHackLabs/blob/main/src/test/2024-01/BarleyFinance_exp.sol
Ethereum,0xbed4fbf7c3e36727ccdab4c6706c3c0e17b10397,attacker,Attacker,defihacklabs,PeapodsFinance,2024-01-29,2026-09-30T05:51:21,https://github.com/SunWeb3Sec/DeFiHackLabs/blob/main/src/test/2024-01/PeapodsFinance_exp.sol
Ethereum,0xdbb20a979a92cccce15229e41c9b082d5b5d7e31,unknown,Vuln Contract,defihacklabs,PeapodsFinance,2024-01-29,2026-09-30T05:51:21,https://github.com/SunWeb3Sec/DeFiHackLabs/blob/main/src/test/2024-01/PeapodsFinance_exp.sol
ETH,0xbed4fbf7c3e36727ccdab4c6706c3c0e17b10397,unknown,,defihacklabs,PeapodsFinance,2024-01-29,2026-09-30T05:51:21,https://github.com/SunWeb3Sec/DeFiHackLabs/blob/main/src/test/2024-01/PeapodsFinance_exp.sol
ETH,0xdbb20a979a92cccce15229e41c9b082d5b5d7e31,unknown,,defihacklabs,PeapodsFinance,2024-01-29,2026-09-30T05:51:21,https://github.com/SunWeb3Sec/DeFiHackLabs/blob/main/src/test/2024-01/PeapodsFinance_exp.sol
Ethereum,0x87f585809ce79ae39a5fa0c7c96d0d159eb678c9,attacker,Attacker,defihacklabs,MIMSpell,2024-01-30,2026-09-30T05:51:21,https://github.com/SunWeb3Sec/DeFiHackLabs/blob/main/src/test/2024-01/MIMSpell2_exp.sol
Ethereum,0xE1091D17473b049CcCD65c54f71677Da85b77A45,unknown,Attack Contract,defihacklabs,MIMSpell,2024-01-30,2026-09-30T05:51:21,https://github.com/SunWeb3Sec/DeFiHackLabs/blob/main/src/test/2024-01/MIMSpell2_exp.sol
Ethereum,0x193E045BeE45C7573Ff89b12601C745AF739CE67,unknown,Created Attack Contract,defihacklabs,MIMSpell,2024-01-30,2026-09-30T05:51:21,https://github.com/SunWeb3Sec/DeFiHackLabs/blob/main/src/test/2024-01/MIMSpell2_exp.sol
Ethereum,0x7259e152103756e1616a77ae982353c3751a6a90,unknown,Vuln Contract,defihacklabs,MIMSpell,2024-01-30,2026-09-30T05:51:21,https://github.com/SunWeb3Sec/DeFiHackLabs/blob/main/src/test/2024-01/MIMSpell2_exp.sol
ETH,0x87f585809ce79ae39a5fa0c7c96d0d159eb678c9,unknown,,defihacklabs,MIMSpell,2024-01-30,2026-09-30T05:51:21,https://github.com/SunWeb3Sec/DeFiHackLabs/blob/main/src/test/2024-01/MIMSpell2_exp.sol
ETH,0xE1091D17473b049CcCD65c54f71677Da85b77A45,unknown,,defihacklabs,MIMSpell,2024-01-30,2026-09-30T05:51:21,https://github.com/SunWeb3Sec/DeFiHackLabs/blob/main/src/test/2024-01/MIMSpell2_exp.sol
ETH,0x193E045BeE45C7573Ff89b12601C745AF739CE67,unknown,,defihacklabs,MIMSpell,2024-01-30,2026-09-30T05:51:21,https://github.com/SunWeb3Sec/DeFiHackLabs/blob/main/src/test/2024-01/MIMSpell2_exp.sol
ETH,0x7259e152103756e1616a77ae982353c3751a6a90,unknown,,defihacklabs,MIMSpell,2024-01-30,2026-09-30T05:51:21,https://github.com/SunWeb3Sec/DeFiHackLabs/blob/main/src/test/2024-01/MIMSpell2_exp.sol
BSC,0xc4f82210c2952fcec77efe734ab2d9b14e858469,unknown,,defihacklabs,XSIJ,2024-01-30,2026-09-30T05:51:21,https://github.com/SunWeb3Sec/DeFiHackLabs/blob/main/src/test/2024-01/XSIJ_exp.sol
BSC,0x5313f4f04fdcc2330ccfa5ba7da2780850d1d7be,unknown,,defihacklabs,XSIJ,2024-01-30,2026-09-30T05:51:21,https://github.com/SunWeb3Sec/DeFiHackLabs/blob/main/src/test/2024-01/XSIJ_exp.sol
Ethereum,0x24a0c66f185874b251eb70bee2c2e35e39848419,attacker,Attacker,defihacklabs,ADC,2024-02-02,2026-09-30T05:51:21,https://github.com/SunWeb3Sec/DeFiHackLabs/blob/main/src/test/2024-02/ADC_exp.sol
Ethereum,0x2ffdce5f0c09a8ee3a568bc01f35894b2d77a6d6,unknown,Attack Contract,defihacklabs,ADC,2024-02-02,2026-09-30T05:51:21,https://github.com/SunWeb3Sec/DeFiHackLabs/blob/main/src/test/2024-02/ADC_exp.sol
ETH,0x24a0c66f185874b251eb70bee2c2e35e39848419,unknown,,defihacklabs,ADC,2024-02-02,2026-09-30T05:51:21,https://github.com/SunWeb3Sec/DeFiHackLabs/blob/main/src/test/2024-02/ADC_exp.sol
ETH,0x2ffdce5f0c09a8ee3a568bc01f35894b2d77a6d6,unknown,,defihacklabs,ADC,2024-02-02,2026-09-30T05:51:21,https://github.com/SunWeb3Sec/DeFiHackLabs/blob/main/src/test/2024-02/ADC_exp.sol
BSC,0xc9fbcf3eb24385491f73bbf691b13a6f8be7c339,unknown,,defihacklabs,BurnsDefi,2024-02-05,2026-09-30T05:51:21,https://github.com/SunWeb3Sec/DeFiHackLabs/blob/main/src/test/2024-02/BurnsDefi_exp.sol
ETH,0xb5eebf73448e22ce6a556f848360057f6aadd4e7,unknown,,defihacklabs,BurnsDefi,2024-02-05,2026-09-30T05:51:21,https://github.com/SunWeb3Sec/DeFiHackLabs/blob/main/src/test/2024-02/BurnsDefi_exp.sol
BSC,0x4fb9657ac5d311dd54b37a75cfb873b127eb21fd,unknown,,defihacklabs,BurnsDefi,2024-02-05,2026-09-30T05:51:21,https://github.com/SunWeb3Sec/DeFiHackLabs/blob/main/src/test/2024-02/BurnsDefi_exp.sol
Ethereum,0xd215ffaf0f85fb6f93f11e49bd6175ad58af0dfd,attacker,Attacker,defihacklabs,FILX DN404,2024-02-10,2026-09-30T05:51:21,https://github.com/SunWeb3Sec/DeFiHackLabs/blob/main/src/test/2024-02/DN404_exp.sol
Ethereum,0xd129d8c12f0e7aa51157d9e6cc3f7ece2dc84ecd,unknown,Attack Contract,defihacklabs,FILX DN404,2024-02-10,2026-09-30T05:51:21,https://github.com/SunWeb3Sec/DeFiHackLabs/blob/main/src/test/2024-02/DN404_exp.sol
Ethereum,0x2c7112245fc4af701ebf90399264a7e89205dad4,victim,Vulnerable Contract,defihacklabs,FILX DN404,2024-02-10,2026-09-30T05:51:21,https://github.com/SunWeb3Sec/DeFiHackLabs/blob/main/src/test/2024-02/DN404_exp.sol
ETH,0xd215ffaf0f85fb6f93f11e49bd6175ad58af0dfd,unknown,,defihacklabs,FILX DN404,2024-02-10,2026-09-30T05:51:21,https://github.com/SunWeb3Sec/DeFiHackLabs/blob/main/src/test/2024-02/DN404_exp.sol
ETH,0xd129d8c12f0e7aa51157d9e6cc3f7ece2dc84ecd,unknown,,defihacklabs,FILX DN404,2024-02-10,2026-09-30T05:51:21,https://github.com/SunWeb3Sec/DeFiHackLabs/blob/main/src/test/2024-02/DN404_exp.sol
ETH,0x2c7112245fc4af701ebf90399264a7e89205dad4,unknown,,defihacklabs,FILX DN404,2024-02-10,2026-09-30T05:51:21,https://github.com/SunWeb3Sec/DeFiHackLabs/blob/main/src/test/2024-02/DN404_exp.sol
Ethereum,0x145766a51ae96e69810fe76f6f68fd0e95675a0b,attacker,Attacker,defihacklabs,Game,2024-02-11,2026-09-30T05:51:21,https://github.com/SunWeb3Sec/DeFiHackLabs/blob/main/src/test/2024-02/Game_exp.sol
Ethereum,0x8d4de2bc1a566b266bd4b387f62c21e15474d12a,unknown,Attack Contract,defihacklabs,Game,2024-02-11,2026-09-30T05:51:21,https://github.com/SunWeb3Sec/DeFiHackLabs/blob/main/src/test/2024-02/Game_exp.sol
Ethereum,0x52d69c67536f55efefe02941868e5e762538dbd6,unknown,Vuln Contract,defihacklabs,Game,2024-02-11,2026-09-30T05:51:21,https://github.com/SunWeb3Sec/DeFiHackLabs/blob/main/src/test/2024-02/Game_exp.sol
ETH,0x145766a51ae96e69810fe76f6f68fd0e95675a0b,unknown,,defihacklabs,Game,2024-02-11,2026-09-30T05:51:21,https://github.com/SunWeb3Sec/DeFiHackLabs/blob/main/src/test/2024-02/Game_exp.sol
ETH,0x8d4de2bc1a566b266bd4b387f62c21e15474d12a,unknown,,defihacklabs,Game,2024-02-11,2026-09-30T05:51:21,https://github.com/SunWeb3Sec/DeFiHackLabs/blob/main/src/test/2024-02/Game_exp.sol
ETH,0x52d69c67536f55efefe02941868e5e762538dbd6,unknown,,defihacklabs,Game,2024-02-11,2026-09-30T05:51:21,https://github.com/SunWeb3Sec/DeFiHackLabs/blob/main/src/test/2024-02/Game_exp.sol
BSC,0x031958a8137745350549fd95055398dd536a07c7,unknown,,defihacklabs,MINER,2024-02-13,2026-09-30T05:51:21,https://github.com/SunWeb3Sec/DeFiHackLabs/blob/main/src/test/2024-02/MINER_bsc_exp.sol
BSC,0xc9716ec1b0503316233e3bcc50853f0df6befd43,unknown,,defihacklabs,MINER,2024-02-13,2026-09-30T05:51:21,https://github.com/SunWeb3Sec/DeFiHackLabs/blob/main/src/test/2024-02/MINER_bsc_exp.sol
BSC,0x2ba9d4a8c41c60b71ff7df2c3f54b008644b954e,unknown,,defihacklabs,MINER,2024-02-13,2026-09-30T05:51:21,https://github.com/SunWeb3Sec/DeFiHackLabs/blob/main/src/test/2024-02/MINER_bsc_exp.sol
Ethereum,0xea75aec151f968b8de3789ca201a2a3a7faeefba,attacker,Attacker,defihacklabs,Miner,2024-02-15,2026-09-30T05:51:21,https://github.com/SunWeb3Sec/DeFiHackLabs/blob/main/src/test/2024-02/Miner_exp.sol
Ethereum,0xbff51c9c3d50d6168dfef72133f5dbda453ebf29,unknown,Attack Contract,defihacklabs,Miner,2024-02-15,2026-09-30T05:51:21,https://github.com/SunWeb3Sec/DeFiHackLabs/blob/main/src/test/2024-02/Miner_exp.sol
Ethereum,0x732276168b421d4792e743711e1a48172ea574a2,victim,Vulnerable Contract,defihacklabs,Miner,2024-02-15,2026-09-30T05:51:21,https://github.com/SunWeb3Sec/DeFiHackLabs/blob/main/src/test/2024-02/Miner_exp.sol
ETH,0xea75aec151f968b8de3789ca201a2a3a7faeefba,unknown,,defihacklabs,Miner,2024-02-15,2026-09-30T05:51:21,https://github.com/SunWeb3Sec/DeFiHackLabs/blob/main/src/test/2024-02/Miner_exp.sol
ETH,0xbff51c9c3d50d6168dfef72133f5dbda453ebf29,unknown,,defihacklabs,Miner,2024-02-15,2026-09-30T05:51:21,https://github.com/SunWeb3Sec/DeFiHackLabs/blob/main/src/test/2024-02/Miner_exp.sol
ETH,0x732276168b421d4792e743711e1a48172ea574a2,unknown,,defihacklabs,Miner,2024-02-15,2026-09-30T05:51:21,https://github.com/SunWeb3Sec/DeFiHackLabs/blob/main/src/test/2024-02/Miner_exp.sol
BSC,0x835b45d38cbdccf99e609436ff38e31ac05bc502,unknown,,defihacklabs,Babyloogn,2024-02-15,2026-09-30T05:51:21,https://github.com/SunWeb3Sec/DeFiHackLabs/blob/main/src/test/2024-02/Babyloogn_exp.sol
BSC,0x3559ee265fc9c5c9a333b07e0199480b4a84f369,unknown,,defihacklabs,Babyloogn,2024-02-15,2026-09-30T05:51:21,https://github.com/SunWeb3Sec/DeFiHackLabs/blob/main/src/test/2024-02/Babyloogn_exp.sol
BSC,0x971d08bba900230298add23e61e04b04226b5073,unknown,,defihacklabs,Babyloogn,2024-02-15,2026-09-30T05:51:21,https://github.com/SunWeb3Sec/DeFiHackLabs/blob/main/src/test/2024-02/Babyloogn_exp.sol
Ethereum,0x2c903f97ea69b393ea03e7fab8d64d722b3f5559,attacker,Attacker,defihacklabs,ParticleTrade,2024-02-16,2026-09-30T05:51:21,https://github.com/SunWeb3Sec/DeFiHackLabs/blob/main/src/test/2024-02/ParticleTrade_exp.sol
Ethereum,0xe4764f9cd8ecc9659d3abf35259638b20ac536e4,victim,Vulnerable Contract,defihacklabs,ParticleTrade,2024-02-16,2026-09-30T05:51:21,https://github.com/SunWeb3Sec/DeFiHackLabs/blob/main/src/test/2024-02/ParticleTrade_exp.sol
ETH,0x2c903f97ea69b393ea03e7fab8d64d722b3f5559,unknown,,defihacklabs,ParticleTrade,2024-02-16,2026-09-30T05:51:21,https://github.com/SunWeb3Sec/DeFiHackLabs/blob/main/src/test/2024-02/ParticleTrade_exp.sol
ETH,0xe55607b2967ddbe5fa9a6a921991545b8277ef8f,unknown,,defihacklabs,ParticleTrade,2024-02-16,2026-09-30T05:51:21,https://github.com/SunWeb3Sec/DeFiHackLabs/blob/main/src/test/2024-02/ParticleTrade_exp.sol
ETH,0xe4764f9cd8ecc9659d3abf35259638b20ac536e4,unknown,,defihacklabs,ParticleTrade,2024-02-16,2026-09-30T05:51:21,https://github.com/SunWeb3Sec/DeFiHackLabs/blob/main/src/test/2024-02/ParticleTrade_exp.sol
Ethereum,0x9733303117504c146a4e22261f2685ddb79780ef,attacker,Attacker,defihacklabs,RuggedArt,2024-02-19,2026-09-30T05:51:21,https://github.com/SunWeb3Sec/DeFiHackLabs/blob/main/src/test/2024-02/RuggedArt_exp.sol
Ethereum,0x9bb0ca1e54025232e18f3874f972a851a910e9cb,unknown,Attack Contract,defihacklabs,RuggedArt,2024-02-19,2026-09-30T05:51:21,https://github.com/SunWeb3Sec/DeFiHackLabs/blob/main/src/test/2024-02/RuggedArt_exp.sol
Ethereum,0xfe380fe1db07e531e3519b9ae3ea9f7888ce20c6,victim,Vulnerable Contract,defihacklabs,RuggedArt,2024-02-19,2026-09-30T05:51:21,https://github.com/SunWeb3Sec/DeFiHackLabs/blob/main/src/test/2024-02/RuggedArt_exp.sol
ETH,0x9733303117504c146a4e22261f2685ddb79780ef,unknown,,defihacklabs,RuggedArt,2024-02-19,2026-09-30T05:51:21,https://github.com/SunWeb3Sec/DeFiHackLabs/blob/main/src/test/2024-02/RuggedArt_exp.sol
ETH,0x9bb0ca1e54025232e18f3874f972a851a910e9cb,unknown,,defihacklabs,RuggedArt,2024-02-19,2026-09-30T05:51:21,https://github.com/SunWeb3Sec/DeFiHackLabs/blob/main/src/test/2024-02/RuggedArt_exp.sol
ETH,0xfe380fe1db07e531e3519b9ae3ea9f7888ce20c6,unknown,,defihacklabs,RuggedArt,2024-02-19,2026-09-30T05:51:21,https://github.com/SunWeb3Sec/DeFiHackLabs/blob/main/src/test/2024-02/RuggedArt_exp.sol
Ethereum,0x0000000f95c09138dfea7d9bcf3478fc2e13dcab,attacker,Attacker,defihacklabs,GAIN,2024-02-21,2026-09-30T05:51:21,https://github.com/SunWeb3Sec/DeFiHackLabs/blob/main/src/test/2024-02/GAIN_exp.sol
ETH,0x0000000f95c09138dfea7d9bcf3478fc2e13dcab,unknown,,defihacklabs,GAIN,2024-02-21,2026-09-30T05:51:21,https://github.com/SunWeb3Sec/DeFiHackLabs/blob/main/src/test/2024-02/GAIN_exp.sol
ETH,0x9a4b9fd32054bfe2099f2a0db24932a4d5f38d0f,unknown,,defihacklabs,GAIN,2024-02-21,2026-09-30T05:51:21,https://github.com/SunWeb3Sec/DeFiHackLabs/blob/main/src/test/2024-02/GAIN_exp.sol
Ethereum,0xd215ffaf0f85fb6f93f11e49bd6175ad58af0dfd,attacker,Attacker,defihacklabs,DeezNutz 404,2024-02-21,2026-09-30T05:51:21,https://github.com/SunWeb3Sec/DeFiHackLabs/blob/main/src/test/2024-02/DeezNutz404_exp.sol
Ethereum,0xd129d8c12f0e7aa51157d9e6cc3f7ece2dc84ecd,unknown,Attack Contract,defihacklabs,DeezNutz 404,2024-02-21,2026-09-30T05:51:21,https://github.com/SunWeb3Sec/DeFiHackLabs/blob/main/src/test/2024-02/DeezNutz404_exp.sol
Ethereum,0xb57e874082417b66877429481473cf9fcd8e0b8a,victim,Vulnerable Contract,defihacklabs,DeezNutz 404,2024-02-21,2026-09-30T05:51:21,https://github.com/SunWeb3Sec/DeFiHackLabs/blob/main/src/test/2024-02/DeezNutz404_exp.sol
ETH,0xd215ffaf0f85fb6f93f11e49bd6175ad58af0dfd,unknown,,defihacklabs,DeezNutz 404,2024-02-21,2026-09-30T05:51:21,https://github.com/SunWeb3Sec/DeFiHackLabs/blob/main/src/test/2024-02/DeezNutz404_exp.sol
ETH,0xd129d8c12f0e7aa51157d9e6cc3f7ece2dc84ecd,unknown,,defihacklabs,DeezNutz 404,2024-02-21,2026-09-30T05:51:21,https://github.com/SunWeb3Sec/DeFiHackLabs/blob/main/src/test/2024-02/DeezNutz404_exp.sol
ETH,0xb57e874082417b66877429481473cf9fcd8e0b8a,unknown,,defihacklabs,DeezNutz 404,2024-02-21,2026-09-30T05:51:21,https://github.com/SunWeb3Sec/DeFiHackLabs/blob/main/src/test/2024-02/DeezNutz404_exp.sol
Ethereum,0x38f68f119243adbca187e1ef64344ed475a8c69c,attacker,Attacker,defihacklabs,SwarmMarkets,2024-02-22,2026-09-30T05:51:21,https://github.com/SunWeb3Sec/DeFiHackLabs/blob/main/src/test/2024-02/SwarmMarkets_exp.sol
Ethereum,0x3aa228a80f50763045bdfc45012da124bd0a6809,unknown,Attack Contract,defihacklabs,SwarmMarkets,2024-02-22,2026-09-30T05:51:21,https://github.com/SunWeb3Sec/DeFiHackLabs/blob/main/src/test/2024-02/SwarmMarkets_exp.sol
Ethereum,0x2b9dc65253c035eb21778cb3898eab5a0ada0cce,victim,Vulnerable Contract,defihacklabs,SwarmMarkets,2024-02-22,2026-09-30T05:51:21,https://github.com/SunWeb3Sec/DeFiHackLabs/blob/main/src/test/2024-02/SwarmMarkets_exp.sol
ETH,0x38f68f119243adbca187e1ef64344ed475a8c69c,unknown,,defihacklabs,SwarmMarkets,2024-02-22,2026-09-30T05:51:21,https://github.com/SunWeb3Sec/DeFiHackLabs/blob/main/src/test/2024-02/SwarmMarkets_exp.sol
ETH,0x3aa228a80f50763045bdfc45012da124bd0a6809,unknown,,defihacklabs,SwarmMarkets,2024-02-22,2026-09-30T05:51:21,https://github.com/SunWeb3Sec/DeFiHackLabs/blob/main/src/test/2024-02/SwarmMarkets_exp.sol
ETH,0x2b9dc65253c035eb21778cb3898eab5a0ada0cce,unknown,,defihacklabs,SwarmMarkets,2024-02-22,2026-09-30T05:51:21,https://github.com/SunWeb3Sec/DeFiHackLabs/blob/main/src/test/2024-02/SwarmMarkets_exp.sol
Ethereum,0xe000008459b74a91e306a47c808061dfa372000e,attacker,Attacker,defihacklabs,CompoundUni,2024-02-23,2026-09-30T05:51:21,https://github.com/SunWeb3Sec/DeFiHackLabs/blob/main/src/test/2024-02/CompoundUni_exp.sol
Ethereum,0x2f99fb66ea797e7fa2d07262402ab38bd5e53b12,unknown,Attack Contract,defihacklabs,CompoundUni,2024-02-23,2026-09-30T05:51:21,https://github.com/SunWeb3Sec/DeFiHackLabs/blob/main/src/test/2024-02/CompoundUni_exp.sol
Ethereum,0x50ce56A3239671Ab62f185704Caedf626352741e,victim,Vulnerable Contract,defihacklabs,CompoundUni,2024-02-23,2026-09-30T05:51:21,https://github.com/SunWeb3Sec/DeFiHackLabs/blob/main/src/test/2024-02/CompoundUni_exp.sol
ETH,0xe000008459b74a91e306a47c808061dfa372000e,unknown,,defihacklabs,CompoundUni,2024-02-23,2026-09-30T05:51:21,https://github.com/SunWeb3Sec/DeFiHackLabs/blob/main/src/test/2024-02/CompoundUni_exp.sol
ETH,0x2f99fb66ea797e7fa2d07262402ab38bd5e53b12,unknown,,defihacklabs,CompoundUni,2024-02-23,2026-09-30T05:51:21,https://github.com/SunWeb3Sec/DeFiHackLabs/blob/main/src/test/2024-02/CompoundUni_exp.sol
ETH,0x50ce56A3239671Ab62f185704Caedf626352741e,unknown,,defihacklabs,CompoundUni,2024-02-23,2026-09-30T05:51:21,https://github.com/SunWeb3Sec/DeFiHackLabs/blob/main/src/test/2024-02/CompoundUni_exp.sol
Ethereum,0xb0380b6d7a63e7cbf274c3b3c8838abbd6bd4abe,attacker,Attacker,defihacklabs,Zoomer,2024-02-23,2026-09-30T05:51:21,https://github.com/SunWeb3Sec/DeFiHackLabs/blob/main/src/test/2024-02/Zoomer_exp.sol
Ethereum,0xa4854022f4c16f0abc3fdec300427f6179a3043b,unknown,Attack Contract,defihacklabs,Zoomer,2024-02-23,2026-09-30T05:51:21,https://github.com/SunWeb3Sec/DeFiHackLabs/blob/main/src/test/2024-02/Zoomer_exp.sol
ETH,0xb0380b6d7a63e7cbf274c3b3c8838abbd6bd4abe,unknown,,defihacklabs,Zoomer,2024-02-23,2026-09-30T05:51:21,https://github.com/SunWeb3Sec/DeFiHackLabs/blob/main/src/test/2024-02/Zoomer_exp.sol
ETH,0xa4854022f4c16f0abc3fdec300427f6179a3043b,unknown,,defihacklabs,Zoomer,2024-02-23,2026-09-30T05:51:21,https://github.com/SunWeb3Sec/DeFiHackLabs/blob/main/src/test/2024-02/Zoomer_exp.sol
ETH,0x529eBB6D157dFE5AE2AA7199a6f9E0e9830E6Dc1,unknown,,rekt,Seneca Protocol,2024-02-28,2026-09-30T05:51:21,https://rekt.news/seneca-protocol-rekt
ETH,0xD837321Fc7fabA9af2f37EFFA08d4973A9BaCe34,unknown,,rekt,Seneca Protocol,2024-02-28,2026-09-30T05:51:21,https://rekt.news/seneca-protocol-rekt
ETH,0xBC83F2711D0749D7454e4A9D53d8594DF0377c05,unknown,,rekt,Seneca Protocol,2024-02-28,2026-09-30T05:51:21,https://rekt.news/seneca-protocol-rekt
ETH,0x65c210c59B43EB68112b7a4f75C8393C36491F06,unknown,,rekt,Seneca Protocol,2024-02-28,2026-09-30T05:51:21,https://rekt.news/seneca-protocol-rekt
Arbitrum,0x11446bbb511e4ea8B0622CB7d1437C23C2f3489b,unknown,,rekt,Seneca Protocol,2024-02-28,2026-09-30T05:51:21,https://rekt.news/seneca-protocol-rekt
Arbitrum,0x7C160FfE3741a28e754E018DCcBD25dB04B313AC,unknown,,rekt,Seneca Protocol,2024-02-28,2026-09-30T05:51:21,https://rekt.news/seneca-protocol-rekt
Arbitrum,0x4D7b1A1900b74ea4b843a5747740F483152cbA5C,unknown,,rekt,Seneca Protocol,2024-02-28,2026-09-30T05:51:21,https://rekt.news/seneca-protocol-rekt
Arbitrum,0x2d99E1116E73110B88C468189aa6AF8Bb4675ec9,unknown,,rekt,Seneca Protocol,2024-02-28,2026-09-30T05:51:21,https://rekt.news/seneca-protocol-rekt
Arbitrum,0x2216E32006BB80d20f7906b88876964F9AF68aFb,unknown,,rekt,Seneca Protocol,2024-02-28,2026-09-30T05:51:21,https://rekt.news/seneca-protocol-rekt
ETH,0x94641c01a4937f2c8ef930580cf396142a2942dc,unknown,,rekt,Seneca Protocol,2024-02-28,2026-09-30T05:51:21,https://rekt.news/seneca-protocol-rekt
ETH,0x5217c6923a4efc5bcf53d9a30ec4b0089f080ed0,unknown,,rekt,Seneca Protocol,2024-02-28,2026-09-30T05:51:21,https://rekt.news/seneca-protocol-rekt
ETH,0xe83b072433f025ef06b73e0caa3095133e7c5bd0,unknown,,rekt,Seneca Protocol,2024-02-28,2026-09-30T05:51:21,https://rekt.news/seneca-protocol-rekt
ETH,0x0C77350C4BDe539FfCee261A149dbc6e6afDA517,unknown,,rekt,Seneca Protocol,2024-02-28,2026-09-30T05:51:21,https://rekt.news/seneca-protocol-rekt
ETH,0xa07c64E55F52AAf5c361321CF01b316eCbddB5A9,unknown,,rekt,Seneca Protocol,2024-02-28,2026-09-30T05:51:21,https://rekt.news/seneca-protocol-rekt
Polygon,0xde51af983193b1be3844934b2937a76c19610dde,unknown,One of the attack txs,defihacklabs,SMOOFSStaking,2024-02-28,2026-09-30T05:51:21,https://github.com/SunWeb3Sec/DeFiHackLabs/blob/main/src/test/2024-02/SMOOFSStaking_exp.sol
Polygon,0x149b268b8b8101e2b5df84a601327484cb43221c,unknown,,defihacklabs,SMOOFSStaking,2024-02-28,2026-09-30T05:51:21,https://github.com/SunWeb3Sec/DeFiHackLabs/blob/main/src/test/2024-02/SMOOFSStaking_exp.sol
Polygon,0x367120bf791cc03f040e2574aea0ca7790d3d2e5,unknown,,defihacklabs,SMOOFSStaking,2024-02-28,2026-09-30T05:51:21,https://github.com/SunWeb3Sec/DeFiHackLabs/blob/main/src/test/2024-02/SMOOFSStaking_exp.sol
Polygon,0x9d6cb01fb91f8c6616e822cf90a4b3d8eb0569c6,unknown,,defihacklabs,SMOOFSStaking,2024-02-28,2026-09-30T05:51:21,https://github.com/SunWeb3Sec/DeFiHackLabs/blob/main/src/test/2024-02/SMOOFSStaking_exp.sol
Ethereum,0x94641c01a4937f2c8ef930580cf396142a2942dc,attacker,Attacker,defihacklabs,Seneca,2024-02-28,2026-09-30T05:51:21,https://github.com/SunWeb3Sec/DeFiHackLabs/blob/main/src/test/2024-02/Seneca_exp.sol
Ethereum,0x65c210c59b43eb68112b7a4f75c8393c36491f06,unknown,Vuln Contract,defihacklabs,Seneca,2024-02-28,2026-09-30T05:51:21,https://github.com/SunWeb3Sec/DeFiHackLabs/blob/main/src/test/2024-02/Seneca_exp.sol
ETH,0x94641c01a4937f2c8ef930580cf396142a2942dc,unknown,,defihacklabs,Seneca,2024-02-28,2026-09-30T05:51:21,https://github.com/SunWeb3Sec/DeFiHackLabs/blob/main/src/test/2024-02/Seneca_exp.sol
ETH,0x65c210c59b43eb68112b7a4f75c8393c36491f06,unknown,,defihacklabs,Seneca,2024-02-28,2026-09-30T05:51:21,https://github.com/SunWeb3Sec/DeFiHackLabs/blob/main/src/test/2024-02/Seneca_exp.sol
ETH,0x9961190b258897bca7a12b8f37f415e689d281c4,unknown,,rekt,Woofi,2024-03-05,2026-09-30T05:51:21,https://rekt.news/woo-rekt
Arbitrum,0xD4c633C9A765bC690E1FbA566981c1F4eab52dF0,unknown,,rekt,Woofi,2024-03-05,2026-09-30T05:51:21,https://rekt.news/woo-rekt
Ethereum,0x9961190b258897bca7a12b8f37f415e689d281c4,attacker,Attacker,defihacklabs,Woofi,2024-03-05,2026-09-30T05:51:21,https://github.com/SunWeb3Sec/DeFiHackLabs/blob/main/src/test/2024-03/Woofi_exp.sol
ETH,0x9961190b258897bca7a12b8f37f415e689d281c4,unknown,,defihacklabs,Woofi,2024-03-05,2026-09-30T05:51:21,https://github.com/SunWeb3Sec/DeFiHackLabs/blob/main/src/test/2024-03/Woofi_exp.sol
Arbitrum,0xc3910dca5d3931f4a10261b8f58e1a19a13e0203,unknown,,defihacklabs,Woofi,2024-03-05,2026-09-30T05:51:21,https://github.com/SunWeb3Sec/DeFiHackLabs/blob/main/src/test/2024-03/Woofi_exp.sol
Arbitrum,0x1759f791214168e0292ab6b2180da1c4cf9b764e,unknown,,defihacklabs,Woofi,2024-03-05,2026-09-30T05:51:21,https://github.com/SunWeb3Sec/DeFiHackLabs/blob/main/src/test/2024-03/Woofi_exp.sol
Arbitrum,0xeff23b4be1091b53205e35f3afcd9c7182bf3062,unknown,,defihacklabs,Woofi,2024-03-05,2026-09-30T05:51:21,https://github.com/SunWeb3Sec/DeFiHackLabs/blob/main/src/test/2024-03/Woofi_exp.sol
BSC,0xff1db040e4f2a44305e28f8de728dabff58f01e1,unknown,,defihacklabs,TGBS,2024-03-06,2026-09-30T05:51:21,https://github.com/SunWeb3Sec/DeFiHackLabs/blob/main/src/test/2024-03/TGBS_exp.sol
BSC,0x1a8eb8eca01819b695637c55c1707f9497b51cd9,unknown,,defihacklabs,TGBS,2024-03-06,2026-09-30T05:51:21,https://github.com/SunWeb3Sec/DeFiHackLabs/blob/main/src/test/2024-03/TGBS_exp.sol
BSC,0x3eBA5062ca36DFB16156748f0fD3A608Be9E3011,unknown,,defihacklabs,TGBS,2024-03-06,2026-09-30T05:51:21,https://github.com/SunWeb3Sec/DeFiHackLabs/blob/main/src/test/2024-03/TGBS_exp.sol
BSC,0xedecfa18cae067b2489a2287784a543069f950f4,unknown,,defihacklabs,TGBS,2024-03-06,2026-09-30T05:51:21,https://github.com/SunWeb3Sec/DeFiHackLabs/blob/main/src/test/2024-03/TGBS_exp.sol
BSC,0xff61Ba33Ed51322BB716EAb4137Adf985644b94d,unknown,,defihacklabs,ALP,2024-03-06,2026-09-30T05:51:21,https://github.com/SunWeb3Sec/DeFiHackLabs/blob/main/src/test/2024-03/ALP_exp.sol
BSC,0x0edf13f6bd033f0f267d46c6e9dff9c7190e0fa0,unknown,,defihacklabs,ALP,2024-03-06,2026-09-30T05:51:21,https://github.com/SunWeb3Sec/DeFiHackLabs/blob/main/src/test/2024-03/ALP_exp.sol
Ethereum,0x096f0f03e4be68d7e6dd39b22a3846b8ce9849a3,attacker,Attacker,defihacklabs,GHT,2024-03-07,2026-09-30T05:51:21,https://github.com/SunWeb3Sec/DeFiHackLabs/blob/main/src/test/2024-03/GHT_exp.sol
Ethereum,0xcc5159b5538268f45afda7b5756fa8769ce3e21f,unknown,Attack Contract,defihacklabs,GHT,2024-03-07,2026-09-30T05:51:21,https://github.com/SunWeb3Sec/DeFiHackLabs/blob/main/src/test/2024-03/GHT_exp.sol
Ethereum,0x528e046acfb52bd3f9c400e7a5c79a8a2c2863d0,unknown,Vuln Contract,defihacklabs,GHT,2024-03-07,2026-09-30T05:51:21,https://github.com/SunWeb3Sec/DeFiHackLabs/blob/main/src/test/2024-03/GHT_exp.sol
ETH,0x096f0f03e4be68d7e6dd39b22a3846b8ce9849a3,unknown,,defihacklabs,GHT,2024-03-07,2026-09-30T05:51:21,https://github.com/SunWeb3Sec/DeFiHackLabs/blob/main/src/test/2024-03/GHT_exp.sol
ETH,0xcc5159b5538268f45afda7b5756fa8769ce3e21f,unknown,,defihacklabs,GHT,2024-03-07,2026-09-30T05:51:21,https://github.com/SunWeb3Sec/DeFiHackLabs/blob/main/src/test/2024-03/GHT_exp.sol
ETH,0x528e046acfb52bd3f9c400e7a5c79a8a2c2863d0,unknown,,defihacklabs,GHT,2024-03-07,2026-09-30T05:51:21,https://github.com/SunWeb3Sec/DeFiHackLabs/blob/main/src/test/2024-03/GHT_exp.sol
Ethereum,0x2ad8aed847e8d4d3da52aabb7d0f5c25729d10df,attacker,Attacker,defihacklabs,UnizenIO,2024-03-09,2026-09-30T05:51:21,https://github.com/SunWeb3Sec/DeFiHackLabs/blob/main/src/test/2024-03/UnizenIO_exp.sol
Ethereum,0xd3f64baa732061f8b3626ee44bab354f854877ac,victim,Vulnerable Contract,defihacklabs,UnizenIO,2024-03-09,2026-09-30T05:51:21,https://github.com/SunWeb3Sec/DeFiHackLabs/blob/main/src/test/2024-03/UnizenIO_exp.sol
ETH,0x2ad8aed847e8d4d3da52aabb7d0f5c25729d10df,unknown,,defihacklabs,UnizenIO,2024-03-09,2026-09-30T05:51:21,https://github.com/SunWeb3Sec/DeFiHackLabs/blob/main/src/test/2024-03/UnizenIO_exp.sol
ETH,0xd3f64baa732061f8b3626ee44bab354f854877ac,unknown,,defihacklabs,UnizenIO,2024-03-09,2026-09-30T05:51:21,https://github.com/SunWeb3Sec/DeFiHackLabs/blob/main/src/test/2024-03/UnizenIO_exp.sol
Ethereum,0x3fA19214705BC82cE4b898205157472A79D026BE,attacker,Attacker,defihacklabs,Juice,2024-03-09,2026-09-30T05:51:21,https://github.com/SunWeb3Sec/DeFiHackLabs/blob/main/src/test/2024-03/Juice_exp.sol
Ethereum,0x8584ddbd1e28bca4bc6fb96bafe39f850301940e,victim,Vulnerable Contract,defihacklabs,Juice,2024-03-09,2026-09-30T05:51:21,https://github.com/SunWeb3Sec/DeFiHackLabs/blob/main/src/test/2024-03/Juice_exp.sol
ETH,0x3fA19214705BC82cE4b898205157472A79D026BE,unknown,,defihacklabs,Juice,2024-03-09,2026-09-30T05:51:21,https://github.com/SunWeb3Sec/DeFiHackLabs/blob/main/src/test/2024-03/Juice_exp.sol
ETH,0xa8b45dEE8306b520465f1f8da7E11CD8cFD1bBc4,unknown,,defihacklabs,Juice,2024-03-09,2026-09-30T05:51:21,https://github.com/SunWeb3Sec/DeFiHackLabs/blob/main/src/test/2024-03/Juice_exp.sol
ETH,0x8584ddbd1e28bca4bc6fb96bafe39f850301940e,unknown,,defihacklabs,Juice,2024-03-09,2026-09-30T05:51:21,https://github.com/SunWeb3Sec/DeFiHackLabs/blob/main/src/test/2024-03/Juice_exp.sol
BSC,0x835b45d38cbdccf99e609436ff38e31ac05bc502,unknown,,defihacklabs,Binemon,2024-03-11,2026-09-30T05:51:21,https://github.com/SunWeb3Sec/DeFiHackLabs/blob/main/src/test/2024-03/Binemon_exp.sol
BSC,0x132e1ea5db918dae00eef685b845c409a83dfa82,unknown,,defihacklabs,Binemon,2024-03-11,2026-09-30T05:51:21,https://github.com/SunWeb3Sec/DeFiHackLabs/blob/main/src/test/2024-03/Binemon_exp.sol
BSC,0xe56842ed550ff2794f010738554db45e60730371,unknown,,defihacklabs,Binemon,2024-03-11,2026-09-30T05:51:21,https://github.com/SunWeb3Sec/DeFiHackLabs/blob/main/src/test/2024-03/Binemon_exp.sol
Ethereum,0xc9a5643ed8e4cd68d16fe779d378c0e8e7225a54,attacker,Attacker,defihacklabs,BBT,2024-03-12,2026-09-30T05:51:21,https://github.com/SunWeb3Sec/DeFiHackLabs/blob/main/src/test/2024-03/BBT_exp.sol
Ethereum,0xf5610cf8c27454b6d7c86fccf1830734501425c5,unknown,Attack Contract,defihacklabs,BBT,2024-03-12,2026-09-30T05:51:21,https://github.com/SunWeb3Sec/DeFiHackLabs/blob/main/src/test/2024-03/BBT_exp.sol
ETH,0xc9a5643ed8e4cd68d16fe779d378c0e8e7225a54,unknown,,defihacklabs,BBT,2024-03-12,2026-09-30T05:51:21,https://github.com/SunWeb3Sec/DeFiHackLabs/blob/main/src/test/2024-03/BBT_exp.sol
ETH,0xf5610cf8c27454b6d7c86fccf1830734501425c5,unknown,,defihacklabs,BBT,2024-03-12,2026-09-30T05:51:21,https://github.com/SunWeb3Sec/DeFiHackLabs/blob/main/src/test/2024-03/BBT_exp.sol
Ethereum,0x6a89a8C67B5066D59BF4D81d59f70C3976faCd0A,attacker,Attacker,defihacklabs,SSS,2024-03-21,2026-09-30T05:51:21,https://github.com/SunWeb3Sec/DeFiHackLabs/blob/main/src/test/2024-03/SSS_exp.sol
ETH,0x6a89a8C67B5066D59BF4D81d59f70C3976faCd0A,unknown,,defihacklabs,SSS,2024-03-21,2026-09-30T05:51:21,https://github.com/SunWeb3Sec/DeFiHackLabs/blob/main/src/test/2024-03/SSS_exp.sol
ETH,0xDed85d83Bf06069c0bD5AA792234b5015D5410A9,unknown,,defihacklabs,SSS,2024-03-21,2026-09-30T05:51:21,https://github.com/SunWeb3Sec/DeFiHackLabs/blob/main/src/test/2024-03/SSS_exp.sol
BSC,0xdfDCdbC789b56F99B0d0692d14DBC61906D9Deed,unknown,,defihacklabs,SSS,2024-03-21,2026-09-30T05:51:21,https://github.com/SunWeb3Sec/DeFiHackLabs/blob/main/src/test/2024-03/SSS_exp.sol
Ethereum,0xdaaa6294c47b5743bdafe0613d1926ee27ae8cf5,attacker,Attacker,defihacklabs,CGT,2024-03-23,2026-09-30T05:51:21,https://github.com/SunWeb3Sec/DeFiHackLabs/blob/main/src/test/2024-03/CGT_exp.sol
Ethereum,0x1e791527aea32cddbd7ceb7f04612db536816545,unknown,Attack Contract,defihacklabs,CGT,2024-03-23,2026-09-30T05:51:21,https://github.com/SunWeb3Sec/DeFiHackLabs/blob/main/src/test/2024-03/CGT_exp.sol
ETH,0xdaaa6294c47b5743bdafe0613d1926ee27ae8cf5,unknown,,defihacklabs,CGT,2024-03-23,2026-09-30T05:51:21,https://github.com/SunWeb3Sec/DeFiHackLabs/blob/main/src/test/2024-03/CGT_exp.sol
ETH,0x1e791527aea32cddbd7ceb7f04612db536816545,unknown,,defihacklabs,CGT,2024-03-23,2026-09-30T05:51:21,https://github.com/SunWeb3Sec/DeFiHackLabs/blob/main/src/test/2024-03/CGT_exp.sol
BSC,0x247f4b3dbde9d8ab95c9766588d80f8dae835129,unknown,Attack txs,defihacklabs,ZongZi,2024-03-25,2026-09-30T05:51:21,https://github.com/SunWeb3Sec/DeFiHackLabs/blob/main/src/test/2024-03/ZongZi_exp.sol
BSC,0x2c42824ef89d6efa7847d3997266b62599560a26,unknown,,defihacklabs,ZongZi,2024-03-25,2026-09-30T05:51:21,https://github.com/SunWeb3Sec/DeFiHackLabs/blob/main/src/test/2024-03/ZongZi_exp.sol
BSC,0x0bd0d9ba4f52db225b265c3cffa7bc4a418d22a9,unknown,,defihacklabs,ZongZi,2024-03-25,2026-09-30T05:51:21,https://github.com/SunWeb3Sec/DeFiHackLabs/blob/main/src/test/2024-03/ZongZi_exp.sol
BSC,0xb7a254237e05ccca0a756f75fb78ab2df222911b,unknown,,defihacklabs,ZongZi,2024-03-25,2026-09-30T05:51:21,https://github.com/SunWeb3Sec/DeFiHackLabs/blob/main/src/test/2024-03/ZongZi_exp.sol
Arbitrum,0xcb1a2f5eeb1a767ea5ccbc3665351fadc1af135d,unknown,Attack Tx,defihacklabs,LavaLending,2024-03-28,2026-09-30T05:51:21,https://github.com/SunWeb3Sec/DeFiHackLabs/blob/main/src/test/2024-03/LavaLending_exp.sol
Arbitrum,0x851aa754c39bf23cdaac2025367514dfd7530418,unknown,,defihacklabs,LavaLending,2024-03-28,2026-09-30T05:51:21,https://github.com/SunWeb3Sec/DeFiHackLabs/blob/main/src/test/2024-03/LavaLending_exp.sol
Arbitrum,0x3e52c217a902002ca296fe6769c22fedaee9fda1,unknown,,defihacklabs,LavaLending,2024-03-28,2026-09-30T05:51:21,https://github.com/SunWeb3Sec/DeFiHackLabs/blob/main/src/test/2024-03/LavaLending_exp.sol
Arbitrum,0x42fae47296b26385c4a5b62c46e4305a27c88988,unknown,,defihacklabs,LavaLending,2024-03-28,2026-09-30T05:51:21,https://github.com/SunWeb3Sec/DeFiHackLabs/blob/main/src/test/2024-03/LavaLending_exp.sol
Arbitrum,0x7746872c6892bcfb4254390283719f2bd2d4da76,unknown,,defihacklabs,LavaLending,2024-03-28,2026-09-30T05:51:21,https://github.com/SunWeb3Sec/DeFiHackLabs/blob/main/src/test/2024-03/LavaLending_exp.sol
Ethereum,0x7e39e3b3ff7adef2613d5cc49558eab74b9a4202,attacker,Attacker,defihacklabs,PrismaFi,2024-03-29,2026-09-30T05:51:21,https://github.com/SunWeb3Sec/DeFiHackLabs/blob/main/src/test/2024-03/Prisma_exp.sol
Ethereum,0xd996073019c74b2fb94ead236e32032405bc027c,unknown,Attack Contract,defihacklabs,PrismaFi,2024-03-29,2026-09-30T05:51:21,https://github.com/SunWeb3Sec/DeFiHackLabs/blob/main/src/test/2024-03/Prisma_exp.sol
Ethereum,0xcc7218100da61441905e0c327749972e3cbee9ee,victim,Vulnerable Contract,defihacklabs,PrismaFi,2024-03-29,2026-09-30T05:51:21,https://github.com/SunWeb3Sec/DeFiHackLabs/blob/main/src/test/2024-03/Prisma_exp.sol
ETH,0x7e39e3b3ff7adef2613d5cc49558eab74b9a4202,unknown,,defihacklabs,PrismaFi,2024-03-29,2026-09-30T05:51:21,https://github.com/SunWeb3Sec/DeFiHackLabs/blob/main/src/test/2024-03/Prisma_exp.sol
ETH,0xd996073019c74b2fb94ead236e32032405bc027c,unknown,,defihacklabs,PrismaFi,2024-03-29,2026-09-30T05:51:21,https://github.com/SunWeb3Sec/DeFiHackLabs/blob/main/src/test/2024-03/Prisma_exp.sol
ETH,0xcc7218100da61441905e0c327749972e3cbee9ee,unknown,,defihacklabs,PrismaFi,2024-03-29,2026-09-30T05:51:21,https://github.com/SunWeb3Sec/DeFiHackLabs/blob/main/src/test/2024-03/Prisma_exp.sol
BSC,0x52e38d496f8d712394d5ed55e4d4cdd21f1957de,unknown,,defihacklabs,ETHFIN,2024-03-29,2026-09-30T05:51:21,https://github.com/SunWeb3Sec/DeFiHackLabs/blob/main/src/test/2024-03/ETHFIN_exp.sol
BSC,0x11bfd986299bb0d5666536e361f312198e882642,unknown,,defihacklabs,ETHFIN,2024-03-29,2026-09-30T05:51:21,https://github.com/SunWeb3Sec/DeFiHackLabs/blob/main/src/test/2024-03/ETHFIN_exp.sol
BSC,0x17bd2e09fa4585c15749f40bb32a6e3db58522ba,unknown,,defihacklabs,ETHFIN,2024-03-29,2026-09-30T05:51:21,https://github.com/SunWeb3Sec/DeFiHackLabs/blob/main/src/test/2024-03/ETHFIN_exp.sol
BSC,0x5bb5b6d41c3e5e41d9b9ed33d12f1537a1293d5f,unknown,,defihacklabs,OpenLeverage,2024-04-01,2026-09-30T05:51:21,https://github.com/SunWeb3Sec/DeFiHackLabs/blob/main/src/test/2024-04/OpenLeverage2_exp.sol
BSC,0xf436f8fe7b26d87eb74e5446acec2e8ad4075e47,unknown,,defihacklabs,OpenLeverage,2024-04-01,2026-09-30T05:51:21,https://github.com/SunWeb3Sec/DeFiHackLabs/blob/main/src/test/2024-04/OpenLeverage2_exp.sol
Ethereum,0x676c3262e8f0fba0031a93ea74ff801b99ac177b,attacker,Attacker,defihacklabs,HoppyFrogERC,2024-04-02,2026-09-30T05:51:21,https://github.com/SunWeb3Sec/DeFiHackLabs/blob/main/src/test/2024-04/HoppyFrogERC_exp.sol
Ethereum,0xc976ed4b25e1e7019ff34fb54f4e63b1550b70c3,unknown,Attack Contract,defihacklabs,HoppyFrogERC,2024-04-02,2026-09-30T05:51:21,https://github.com/SunWeb3Sec/DeFiHackLabs/blob/main/src/test/2024-04/HoppyFrogERC_exp.sol
ETH,0x676c3262e8f0fba0031a93ea74ff801b99ac177b,unknown,,defihacklabs,HoppyFrogERC,2024-04-02,2026-09-30T05:51:21,https://github.com/SunWeb3Sec/DeFiHackLabs/blob/main/src/test/2024-04/HoppyFrogERC_exp.sol
ETH,0xc976ed4b25e1e7019ff34fb54f4e63b1550b70c3,unknown,,defihacklabs,HoppyFrogERC,2024-04-02,2026-09-30T05:51:21,https://github.com/SunWeb3Sec/DeFiHackLabs/blob/main/src/test/2024-04/HoppyFrogERC_exp.sol
BSC,0x3026C464d3Bd6Ef0CeD0D49e80f171b58176Ce32,unknown,,defihacklabs,wsm,2024-04-04,2026-09-30T05:51:21,https://github.com/SunWeb3Sec/DeFiHackLabs/blob/main/src/test/2024-04/WSM_exp.sol
BSC,0x014eE3c3dE6941cb0202Dd2b30C89309e874B114,unknown,,defihacklabs,wsm,2024-04-04,2026-09-30T05:51:21,https://github.com/SunWeb3Sec/DeFiHackLabs/blob/main/src/test/2024-04/WSM_exp.sol
BSC,0xc0afd0e40bb3dcaebd9451aa5c319b745bf792b4,unknown,,defihacklabs,wsm,2024-04-04,2026-09-30T05:51:21,https://github.com/SunWeb3Sec/DeFiHackLabs/blob/main/src/test/2024-04/WSM_exp.sol
BSC,0xc1b6f9898576d722dbf604aaa452cfea3a639c59,unknown,,defihacklabs,BigBangSwap,2024-04-10,2026-09-30T05:51:21,https://github.com/SunWeb3Sec/DeFiHackLabs/blob/main/src/test/2024-04/BigBangSwap_exp.sol
BSC,0xb22cf0e1672344f23f3126fbd35f856e961fd780,unknown,,defihacklabs,BigBangSwap,2024-04-10,2026-09-30T05:51:21,https://github.com/SunWeb3Sec/DeFiHackLabs/blob/main/src/test/2024-04/BigBangSwap_exp.sol
BSC,0xAB3D2f2D70deb75ac948F8f8A7136d0f90487cfe,unknown,,defihacklabs,BigBangSwap,2024-04-10,2026-09-30T05:51:21,https://github.com/SunWeb3Sec/DeFiHackLabs/blob/main/src/test/2024-04/BigBangSwap_exp.sol
BSC,0xa45d4359246dbd523ab690bef01da06b07450030,unknown,,defihacklabs,BigBangSwap,2024-04-10,2026-09-30T05:51:21,https://github.com/SunWeb3Sec/DeFiHackLabs/blob/main/src/test/2024-04/BigBangSwap_exp.sol
BSC,0x31d3231cda62c0b7989b488ca747245676a32d81,unknown,,defihacklabs,GROKD,2024-04-12,2026-09-30T05:51:21,https://github.com/SunWeb3Sec/DeFiHackLabs/blob/main/src/test/2024-04/GROKD_exp.sol
Base,0xbb344544ad328b5492397e967fe81737855e7e77,unknown,,defihacklabs,SumerMoney,2024-04-12,2026-09-30T05:51:21,https://github.com/SunWeb3Sec/DeFiHackLabs/blob/main/src/test/2024-04/SumerMoney_exp.sol
Base,0x13d27a2d66ea33a4bc581d5fefb0b2a8defe9fe7,unknown,,defihacklabs,SumerMoney,2024-04-12,2026-09-30T05:51:21,https://github.com/SunWeb3Sec/DeFiHackLabs/blob/main/src/test/2024-04/SumerMoney_exp.sol
Base,0x23811c17bac40500decd5fb92d4feb972ae1e607,unknown,,defihacklabs,SumerMoney,2024-04-12,2026-09-30T05:51:21,https://github.com/SunWeb3Sec/DeFiHackLabs/blob/main/src/test/2024-04/SumerMoney_exp.sol
BSC,0x4645863205b47a0a3344684489e8c446a437d66c,unknown,,defihacklabs,FIL314,2024-04-12,2026-09-30T05:51:21,https://github.com/SunWeb3Sec/DeFiHackLabs/blob/main/src/test/2024-04/FIL314_exp.sol
BSC,0xde521fbbbb0dbcfa57325a9896c34941f23e96a0,unknown,,defihacklabs,FIL314,2024-04-12,2026-09-30T05:51:21,https://github.com/SunWeb3Sec/DeFiHackLabs/blob/main/src/test/2024-04/FIL314_exp.sol
BSC,0x5C01B97299b32BaF75B4940fDaE158656C231847,unknown,,defihacklabs,FIL314,2024-04-12,2026-09-30T05:51:21,https://github.com/SunWeb3Sec/DeFiHackLabs/blob/main/src/test/2024-04/FIL314_exp.sol
BSC,0xe8a290c6fc6fa6c0b79c9cfae1878d195aeb59af,unknown,,defihacklabs,FIL314,2024-04-12,2026-09-30T05:51:21,https://github.com/SunWeb3Sec/DeFiHackLabs/blob/main/src/test/2024-04/FIL314_exp.sol
BSC,0x11cee747Faaf0C0801075253ac28aB503C888888,unknown,,defihacklabs,Hackathon,2024-04-14,2026-09-30T05:51:21,https://github.com/SunWeb3Sec/DeFiHackLabs/blob/main/src/test/2024-04/Hackathon_exp.sol
BSC,0xbdedd2d8bfd036f56d97311478f4518331360faa,unknown,,slowmist,Fake VDZ,2024-04-15,2026-09-30T05:51:21,https://www.dextools.io/app/cn/bnb/pair-explorer/0xbdedd2d8bfd036f56d97311478f4518331360faa?t=1713800282678
BSC,0x53098221d822af34a8cf980f293b01812a100db8,unknown,,slowmist,Fake JILLBODEN,2024-04-15,2026-09-30T05:51:21,https://www.dextools.io/app/cn/bnb/pair-explorer/0x53098221d822af34a8cf980f293b01812a100db8?t=1713800282678
Base,0xcfe5f1bae0da05ffe9c9c73411b8ec1a286350fc,unknown,,rekt,Grand Base,2024-04-15,2026-09-30T05:51:21,https://rekt.news/grand-base
ETH,0xd8c21702b74d14b68f2580e28c10ecc53304c274,unknown,,rekt,Grand Base,2024-04-15,2026-09-30T05:51:21,https://rekt.news/grand-base
ETH,0xb124546f9f89f178a785d539d299e372b9dc1ec6,unknown,,rekt,Grand Base,2024-04-15,2026-09-30T05:51:21,https://rekt.news/grand-base
BSC,0x051276afa96f2a2bd2ac224339793d82f6076f76,unknown,Attack Tx1,defihacklabs,ChaingeFinance,2024-04-15,2026-09-30T05:51:21,https://github.com/SunWeb3Sec/DeFiHackLabs/blob/main/src/test/2024-04/ChaingeFinance_exp.sol
BSC,0x407e09faabf7072cd10dc86b7fa3180ccc1701f5,unknown,Attack Tx2,defihacklabs,ChaingeFinance,2024-04-15,2026-09-30T05:51:21,https://github.com/SunWeb3Sec/DeFiHackLabs/blob/main/src/test/2024-04/ChaingeFinance_exp.sol
BSC,0x21d8b164f0cb8beb1ed27d164ed986c3fc26b336,unknown,Attack Tx3,defihacklabs,ChaingeFinance,2024-04-15,2026-09-30T05:51:21,https://github.com/SunWeb3Sec/DeFiHackLabs/blob/main/src/test/2024-04/ChaingeFinance_exp.sol
BSC,0x6eec0f4c017afe3dfadf32b51339c37e9fd59dfb,unknown,,defihacklabs,ChaingeFinance,2024-04-15,2026-09-30T05:51:21,https://github.com/SunWeb3Sec/DeFiHackLabs/blob/main/src/test/2024-04/ChaingeFinance_exp.sol
BSC,0x791c6542bc52efe4f20df0ee672b88579ae3fd9a,unknown,,defihacklabs,ChaingeFinance,2024-04-15,2026-09-30T05:51:21,https://github.com/SunWeb3Sec/DeFiHackLabs/blob/main/src/test/2024-04/ChaingeFinance_exp.sol
BSC,0x80a0d7a6fd2a22982ce282933b384568e5c852bf,unknown,,defihacklabs,ChaingeFinance,2024-04-15,2026-09-30T05:51:21,https://github.com/SunWeb3Sec/DeFiHackLabs/blob/main/src/test/2024-04/ChaingeFinance_exp.sol
BSC,0xacdbe7b770a14ca3bc34865ac3986c0ce771fd68,unknown,,defihacklabs,ChaingeFinance,2024-04-15,2026-09-30T05:51:21,https://github.com/SunWeb3Sec/DeFiHackLabs/blob/main/src/test/2024-04/ChaingeFinance_exp.sol
BSC,0x52b19de39476823d33ab4b1edbec91e29dadba38,unknown,,defihacklabs,ChaingeFinance,2024-04-15,2026-09-30T05:51:21,https://github.com/SunWeb3Sec/DeFiHackLabs/blob/main/src/test/2024-04/ChaingeFinance_exp.sol
BSC,0x306174b707ebf6d7301a0bcd898ae1666ec176ae,unknown,,defihacklabs,MARS,2024-04-16,2026-09-30T05:51:21,https://github.com/SunWeb3Sec/DeFiHackLabs/blob/main/src/test/2024-04/MARS_exp.sol
BSC,0x797acb321cb10154aa807fcd1e155c34135483cd,unknown,,defihacklabs,MARS,2024-04-16,2026-09-30T05:51:21,https://github.com/SunWeb3Sec/DeFiHackLabs/blob/main/src/test/2024-04/MARS_exp.sol
Polygon,0x3dC7E6FF0fB79770FA6FB05d1ea4deACCe823943,unknown,,defihacklabs,MARS,2024-04-16,2026-09-30T05:51:21,https://github.com/SunWeb3Sec/DeFiHackLabs/blob/main/src/test/2024-04/MARS_exp.sol
BSC,0xBEF24B94C205999ea17d2ae4941cE849C9114bfd,unknown,,defihacklabs,SATX,2024-04-16,2026-09-30T05:51:21,https://github.com/SunWeb3Sec/DeFiHackLabs/blob/main/src/test/2024-04/SATX_exp.sol
BSC,0x9C63d6328C8e989c99b8e01DE6825e998778B103,unknown,,defihacklabs,SATX,2024-04-16,2026-09-30T05:51:21,https://github.com/SunWeb3Sec/DeFiHackLabs/blob/main/src/test/2024-04/SATX_exp.sol
BSC,0xFd80a436dA2F4f4C42a5dBFA397064CfEB7D9508,unknown,,defihacklabs,SATX,2024-04-16,2026-09-30T05:51:21,https://github.com/SunWeb3Sec/DeFiHackLabs/blob/main/src/test/2024-04/SATX_exp.sol
BSC,0x2184114c6678f558292bc3d8ae37e422bb188e13,unknown,,slowmist,PRCL,2024-04-17,2026-09-30T05:51:21,https://www.dextools.io/app/cn/bnb/pair-explorer/0x2184114c6678f558292bc3d8ae37e422bb188e13?t=1713756598449
ETH,0xded2b1a426e1b7d415a40bcad44e98f47181dda2,unknown,,rekt,Hedgey Finance,2024-04-19,2026-09-30T05:51:21,https://rekt.news/hedgey-finance-rekt
ETH,0xc793113f1548b97e37c409f39244ee44241bf2b3,unknown,,rekt,Hedgey Finance,2024-04-19,2026-09-30T05:51:21,https://rekt.news/hedgey-finance-rekt
ETH,0xbc452fdc8f851d7c5b72e1fe74dfb63bb793d511,unknown,,rekt,Hedgey Finance,2024-04-19,2026-09-30T05:51:21,https://rekt.news/hedgey-finance-rekt
ETH,0xc7241e27ee4b8d32b59a10e848b48530047a8c5b,unknown,,rekt,Hedgey Finance,2024-04-19,2026-09-30T05:51:21,https://rekt.news/hedgey-finance-rekt
BSC,0xbb52f1723ddf2c84ba2668f4e04712f572cbf780,unknown,,rekt,Hedgey Finance,2024-04-19,2026-09-30T05:51:21,https://rekt.news/hedgey-finance-rekt
Ethereum,0xDed2b1a426E1b7d415A40Bcad44e98F47181dda2,attacker,Attacker,defihacklabs,HedgeyFinance,2024-04-19,2026-09-30T05:51:21,https://github.com/SunWeb3Sec/DeFiHackLabs/blob/main/src/test/2024-04/HedgeyFinance_exp.sol
Ethereum,0xC793113F1548B97E37c409f39244EE44241bF2b3,unknown,Attack Contract,defihacklabs,HedgeyFinance,2024-04-19,2026-09-30T05:51:21,https://github.com/SunWeb3Sec/DeFiHackLabs/blob/main/src/test/2024-04/HedgeyFinance_exp.sol
Ethereum,0xBc452fdC8F851d7c5B72e1Fe74DFB63bb793D511,victim,Vulnerable Contract,defihacklabs,HedgeyFinance,2024-04-19,2026-09-30T05:51:21,https://github.com/SunWeb3Sec/DeFiHackLabs/blob/main/src/test/2024-04/HedgeyFinance_exp.sol
ETH,0xDed2b1a426E1b7d415A40Bcad44e98F47181dda2,unknown,,defihacklabs,HedgeyFinance,2024-04-19,2026-09-30T05:51:21,https://github.com/SunWeb3Sec/DeFiHackLabs/blob/main/src/test/2024-04/HedgeyFinance_exp.sol
ETH,0xC793113F1548B97E37c409f39244EE44241bF2b3,unknown,,defihacklabs,HedgeyFinance,2024-04-19,2026-09-30T05:51:21,https://github.com/SunWeb3Sec/DeFiHackLabs/blob/main/src/test/2024-04/HedgeyFinance_exp.sol
ETH,0xBc452fdC8F851d7c5B72e1Fe74DFB63bb793D511,unknown,,defihacklabs,HedgeyFinance,2024-04-19,2026-09-30T05:51:21,https://github.com/SunWeb3Sec/DeFiHackLabs/blob/main/src/test/2024-04/HedgeyFinance_exp.sol
Arbitrum,0xc91cb089084f0126458a1938b794aa73b9f9189d,unknown,,defihacklabs,Rico,2024-04-20,2026-09-30T05:51:21,https://github.com/SunWeb3Sec/DeFiHackLabs/blob/main/src/test/2024-04/Rico_exp.sol
Arbitrum,0x68d843d31de072390d41bff30b0076bef0482d8f,unknown,,defihacklabs,Rico,2024-04-20,2026-09-30T05:51:21,https://github.com/SunWeb3Sec/DeFiHackLabs/blob/main/src/test/2024-04/Rico_exp.sol
Arbitrum,0x598c6c1cd9459f882530fc9d7da438cb74c6cb3b,unknown,,defihacklabs,Rico,2024-04-20,2026-09-30T05:51:21,https://github.com/SunWeb3Sec/DeFiHackLabs/blob/main/src/test/2024-04/Rico_exp.sol
BSC,0xc9e023494c879e1cbb2ab6cf0d3042f61e61b8ee,unknown,,slowmist,Fake Cruiz (CRUIZ),2024-04-22,2026-09-30T05:51:21,https://www.dextools.io/app/cn/bnb/pair-explorer/0xc9e023494c879e1cbb2ab6cf0d3042f61e61b8ee?t=1714458108442
BSC,0x19ac6523422b5ffe9968077db5db731cf96e5209,unknown,,slowmist,Fake Safe Token (SAFE),2024-04-23,2026-09-30T05:51:21,https://www.dextools.io/app/cn/bnb/pair-explorer/0x19ac6523422b5ffe9968077db5db731cf96e5209?t=1714458108442
Ethereum,0x0cfc28d16d07219249c6d6d6ae24e7132ee4caa7,attacker,@KeyInfo - Total Lost,defihacklabs,XBridge,2024-04-24,2026-09-30T05:51:21,https://github.com/SunWeb3Sec/DeFiHackLabs/blob/main/src/test/2024-04/XBridge_exp.sol
Ethereum,0x354cca2f55dde182d36fe34d673430e226a3cb8c,victim,Vulnerable Contract,defihacklabs,XBridge,2024-04-24,2026-09-30T05:51:21,https://github.com/SunWeb3Sec/DeFiHackLabs/blob/main/src/test/2024-04/XBridge_exp.sol
ETH,0x0cfc28d16d07219249c6d6d6ae24e7132ee4caa7,unknown,,defihacklabs,XBridge,2024-04-24,2026-09-30T05:51:21,https://github.com/SunWeb3Sec/DeFiHackLabs/blob/main/src/test/2024-04/XBridge_exp.sol
ETH,0x354cca2f55dde182d36fe34d673430e226a3cb8c,unknown,,defihacklabs,XBridge,2024-04-24,2026-09-30T05:51:21,https://github.com/SunWeb3Sec/DeFiHackLabs/blob/main/src/test/2024-04/XBridge_exp.sol
BSC,0xd03d360dfc1dac7935e114d564a088077e6754a0,unknown,,defihacklabs,NGFS,2024-04-25,2026-09-30T05:51:21,https://github.com/SunWeb3Sec/DeFiHackLabs/blob/main/src/test/2024-04/NGFS_exp.sol
BSC,0xc73781107d086754314f7720ca14ab8c5ad035e4,unknown,,defihacklabs,NGFS,2024-04-25,2026-09-30T05:51:21,https://github.com/SunWeb3Sec/DeFiHackLabs/blob/main/src/test/2024-04/NGFS_exp.sol
BSC,0xa608985f5b40cdf6862bec775207f84280a91e3a,unknown,,defihacklabs,NGFS,2024-04-25,2026-09-30T05:51:21,https://github.com/SunWeb3Sec/DeFiHackLabs/blob/main/src/test/2024-04/NGFS_exp.sol
BSC,0x123fa25c574bb3158ecf6515595932a92a1da510,unknown,,defihacklabs,BNBX,2024-04-27,2026-09-30T05:51:21,https://github.com/SunWeb3Sec/DeFiHackLabs/blob/main/src/test/2024-04/BNBX_exp.sol
ETH,0xe6e06030b33593d140f224fc1cdd1b8ffe99e50a,unknown,,defihacklabs,BNBX,2024-04-27,2026-09-30T05:51:21,https://github.com/SunWeb3Sec/DeFiHackLabs/blob/main/src/test/2024-04/BNBX_exp.sol
BSC,0x389a9ae29fbe53cca7bc8b7a4d9d0a04078e1c24,unknown,,defihacklabs,BNBX,2024-04-27,2026-09-30T05:51:21,https://github.com/SunWeb3Sec/DeFiHackLabs/blob/main/src/test/2024-04/BNBX_exp.sol
ETH,0xAdaF1626aEC26A7937aE7d1Fa0664e6E0904C1d0,unknown,,rekt,Pike Finance,2024-04-30,2026-09-30T05:51:21,https://rekt.news/pike-rekt
Arbitrum,0x7856493B59cdb1685757A6DcCe12425F6a6666a0,unknown,,rekt,Pike Finance,2024-04-30,2026-09-30T05:51:21,https://rekt.news/pike-rekt
ETH,0x19066f7431df29a0910d287c8822936bb7d89e23,unknown,,rekt,Pike Finance,2024-04-30,2026-09-30T05:51:21,https://rekt.news/pike-rekt
ETH,0x1da4bc596bfb1087f2f7999b0340fcba03c47fbd,unknown,,rekt,Pike Finance,2024-04-30,2026-09-30T05:51:21,https://rekt.news/pike-rekt
ETH,0xfc7599cffea9de127a9f9c748ccb451a34d2f063,unknown,,rekt,Pike Finance,2024-04-30,2026-09-30T05:51:21,https://rekt.news/pike-rekt
Ethereum,0x19066f7431df29a0910d287c8822936bb7d89e23,attacker,Attacker,defihacklabs,PikeFinance,2024-04-30,2026-09-30T05:51:21,https://github.com/SunWeb3Sec/DeFiHackLabs/blob/main/src/test/2024-04/PikeFinance_exp.sol
Ethereum,0x1da4bc596bfb1087f2f7999b0340fcba03c47fbd,unknown,Attack Contract,defihacklabs,PikeFinance,2024-04-30,2026-09-30T05:51:21,https://github.com/SunWeb3Sec/DeFiHackLabs/blob/main/src/test/2024-04/PikeFinance_exp.sol
Ethereum,0xfc7599cffea9de127a9f9c748ccb451a34d2f063,victim,Vulnerable Contract,defihacklabs,PikeFinance,2024-04-30,2026-09-30T05:51:21,https://github.com/SunWeb3Sec/DeFiHackLabs/blob/main/src/test/2024-04/PikeFinance_exp.sol
ETH,0x19066f7431df29a0910d287c8822936bb7d89e23,unknown,,defihacklabs,PikeFinance,2024-04-30,2026-09-30T05:51:21,https://github.com/SunWeb3Sec/DeFiHackLabs/blob/main/src/test/2024-04/PikeFinance_exp.sol
ETH,0x1da4bc596bfb1087f2f7999b0340fcba03c47fbd,unknown,,defihacklabs,PikeFinance,2024-04-30,2026-09-30T05:51:21,https://github.com/SunWeb3Sec/DeFiHackLabs/blob/main/src/test/2024-04/PikeFinance_exp.sol
ETH,0xfc7599cffea9de127a9f9c748ccb451a34d2f063,unknown,,defihacklabs,PikeFinance,2024-04-30,2026-09-30T05:51:21,https://github.com/SunWeb3Sec/DeFiHackLabs/blob/main/src/test/2024-04/PikeFinance_exp.sol
Arbitrum,0x6caa65b3fc5c8d4c7104574c3a15cd6208f742f9,unknown,Attack Tx,defihacklabs,Yield,2024-04-30,2026-09-30T05:51:21,https://github.com/SunWeb3Sec/DeFiHackLabs/blob/main/src/test/2024-04/Yield_exp.sol
Arbitrum,0x1abe06f451e2d569b3e9123baf33b51f68878656,unknown,,defihacklabs,Yield,2024-04-30,2026-09-30T05:51:21,https://github.com/SunWeb3Sec/DeFiHackLabs/blob/main/src/test/2024-04/Yield_exp.sol
Arbitrum,0xd775fd7b76424a553e4adce6c2f99be419ce8d41,unknown,,defihacklabs,Yield,2024-04-30,2026-09-30T05:51:21,https://github.com/SunWeb3Sec/DeFiHackLabs/blob/main/src/test/2024-04/Yield_exp.sol
Arbitrum,0x3b4ffd93ce5fcf97e61aa8275ec241c76cc01a47,unknown,,defihacklabs,Yield,2024-04-30,2026-09-30T05:51:21,https://github.com/SunWeb3Sec/DeFiHackLabs/blob/main/src/test/2024-04/Yield_exp.sol
BSC,0xbf22eabb5db8785642ba17930bddef48d0d1bb94,unknown,TX1,defihacklabs,OSN,2024-05-06,2026-09-30T05:51:21,https://github.com/SunWeb3Sec/DeFiHackLabs/blob/main/src/test/2024-05/OSN_exp.sol
BSC,0x69c64b226f8bf06216cc665ad5e3777ad1b12090,unknown,TX2,defihacklabs,OSN,2024-05-06,2026-09-30T05:51:21,https://github.com/SunWeb3Sec/DeFiHackLabs/blob/main/src/test/2024-05/OSN_exp.sol
BSC,0x835b45d38cbdccf99e609436ff38e31ac05bc502,unknown,,defihacklabs,OSN,2024-05-06,2026-09-30T05:51:21,https://github.com/SunWeb3Sec/DeFiHackLabs/blob/main/src/test/2024-05/OSN_exp.sol
BSC,0xc468D9A3a5557BfF457586438c130E3AFbeC2ff9,unknown,,defihacklabs,SATURN,2024-05-07,2026-09-30T05:51:21,https://github.com/SunWeb3Sec/DeFiHackLabs/blob/main/src/test/2024-05/SATURN_exp.sol
BSC,0xfcECDBC62DEe7233E1c831D06653b5bEa7845FcC,unknown,,defihacklabs,SATURN,2024-05-07,2026-09-30T05:51:21,https://github.com/SunWeb3Sec/DeFiHackLabs/blob/main/src/test/2024-05/SATURN_exp.sol
BSC,0x9BDF251435cBC6774c7796632e9C80B233055b93,unknown,,defihacklabs,SATURN,2024-05-07,2026-09-30T05:51:21,https://github.com/SunWeb3Sec/DeFiHackLabs/blob/main/src/test/2024-05/SATURN_exp.sol
BSC,0xf51cbf9f8e089ca48e454eb79731037a405972ce,unknown,,defihacklabs,GPU,2024-05-08,2026-09-30T05:51:21,https://github.com/SunWeb3Sec/DeFiHackLabs/blob/main/src/test/2024-05/GPU_exp.sol
Base,0x7A5Eb99C993f4C075c222F9327AbC7426cFaE386,unknown,,defihacklabs,TSURU,2024-05-10,2026-09-30T05:51:21,https://github.com/SunWeb3Sec/DeFiHackLabs/blob/main/src/test/2024-05/TSURU_exp.sol
Base,0xa2209b48506c4e7f3a879ec1c1c2c4ee16c2c017,unknown,,defihacklabs,TSURU,2024-05-10,2026-09-30T05:51:21,https://github.com/SunWeb3Sec/DeFiHackLabs/blob/main/src/test/2024-05/TSURU_exp.sol
Base,0x75Ac62EA5D058A7F88f0C3a5F8f73195277c93dA,unknown,,defihacklabs,TSURU,2024-05-10,2026-09-30T05:51:21,https://github.com/SunWeb3Sec/DeFiHackLabs/blob/main/src/test/2024-05/TSURU_exp.sol
Ethereum,0xFcE19F8f823759b5867ef9a5055A376f20c5E454,attacker,Attacker,defihacklabs,GFOX,2024-05-10,2026-09-30T05:51:21,https://github.com/SunWeb3Sec/DeFiHackLabs/blob/main/src/test/2024-05/GFOX_exp.sol
Ethereum,0x86C68d9e13d8d6a70b6423CEB2aEdB19b59F2AA5,unknown,Attack Contract,defihacklabs,GFOX,2024-05-10,2026-09-30T05:51:21,https://github.com/SunWeb3Sec/DeFiHackLabs/blob/main/src/test/2024-05/GFOX_exp.sol
Ethereum,0x47c4b3144de2c87a458d510c0c0911d1903d1686,victim,Vulnerable Contract,defihacklabs,GFOX,2024-05-10,2026-09-30T05:51:21,https://github.com/SunWeb3Sec/DeFiHackLabs/blob/main/src/test/2024-05/GFOX_exp.sol
ETH,0xFcE19F8f823759b5867ef9a5055A376f20c5E454,unknown,,defihacklabs,GFOX,2024-05-10,2026-09-30T05:51:21,https://github.com/SunWeb3Sec/DeFiHackLabs/blob/main/src/test/2024-05/GFOX_exp.sol
ETH,0x86C68d9e13d8d6a70b6423CEB2aEdB19b59F2AA5,unknown,,defihacklabs,GFOX,2024-05-10,2026-09-30T05:51:21,https://github.com/SunWeb3Sec/DeFiHackLabs/blob/main/src/test/2024-05/GFOX_exp.sol
ETH,0x47c4b3144de2c87a458d510c0c0911d1903d1686,unknown,,defihacklabs,GFOX,2024-05-10,2026-09-30T05:51:21,https://github.com/SunWeb3Sec/DeFiHackLabs/blob/main/src/test/2024-05/GFOX_exp.sol
BSC,0x36fb87c3e65ec608d37e38bd556fb6ebdb3d8a39,unknown,,defihacklabs,TGC,2024-05-12,2026-09-30T05:51:21,https://github.com/SunWeb3Sec/DeFiHackLabs/blob/main/src/test/2024-05/TGC_exp.sol
BSC,0x3E1c5Ddd39801C1e72e5aB7E19c614fd398747f8,unknown,,defihacklabs,TGC,2024-05-12,2026-09-30T05:51:21,https://github.com/SunWeb3Sec/DeFiHackLabs/blob/main/src/test/2024-05/TGC_exp.sol
Polygon,0x452861b678a479a832ad51125ae2ebbbcadfe068,unknown,,slowmist,PI (PI),2024-05-14,2026-09-30T05:51:21,https://www.dextools.io/app/cn/polygon/pair-explorer/0x452861b678a479a832ad51125ae2ebbbcadfe068?t=1717061798213
BSC,0x27055aE433E9DCb30f6EbCC1A374Cf5CC03C484E,unknown,,rekt,AlexLab,2024-05-14,2026-09-30T05:51:21,https://rekt.news/alexlab-rekt
BSC,0xA747aF2a527E72cE303353b458a1c51eBCd53188,unknown,,rekt,AlexLab,2024-05-14,2026-09-30T05:51:21,https://rekt.news/alexlab-rekt
Arbitrum,0x76b02ab483482740248e2ab38b5a879a31c6d008,unknown,,defihacklabs,PredyFinance,2024-05-14,2026-09-30T05:51:21,https://github.com/SunWeb3Sec/DeFiHackLabs/blob/main/src/test/2024-05/PredyFinance_exp.sol
Arbitrum,0xb79714634895f52a4f6a75eceb58c96246370149,unknown,,defihacklabs,PredyFinance,2024-05-14,2026-09-30T05:51:21,https://github.com/SunWeb3Sec/DeFiHackLabs/blob/main/src/test/2024-05/PredyFinance_exp.sol
Arbitrum,0x7b8b944ab2f24c829504a7a6d70fce5298f2147c,unknown,,defihacklabs,PredyFinance,2024-05-14,2026-09-30T05:51:21,https://github.com/SunWeb3Sec/DeFiHackLabs/blob/main/src/test/2024-05/PredyFinance_exp.sol
Optimism,0x45c0ccfd3ca1b4a937feebcb0f5a166c409c9e40,unknown,Attack Tx1,defihacklabs,Sonne Finance,2024-05-14,2026-09-30T05:51:21,https://github.com/SunWeb3Sec/DeFiHackLabs/blob/main/src/test/2024-05/Sonne_exp.sol
Optimism,0x9312ae377d7ebdf3c7c3a86f80514878deb5df51,unknown,Attack Tx2,defihacklabs,Sonne Finance,2024-05-14,2026-09-30T05:51:21,https://github.com/SunWeb3Sec/DeFiHackLabs/blob/main/src/test/2024-05/Sonne_exp.sol
Optimism,0x5d0d99e9886581ff8fcb01f35804317f5ed80bbb,unknown,,defihacklabs,Sonne Finance,2024-05-14,2026-09-30T05:51:21,https://github.com/SunWeb3Sec/DeFiHackLabs/blob/main/src/test/2024-05/Sonne_exp.sol
Optimism,0xae4a7cde7c99fb98b0d5fa414aa40f0300531f43,unknown,,defihacklabs,Sonne Finance,2024-05-14,2026-09-30T05:51:21,https://github.com/SunWeb3Sec/DeFiHackLabs/blob/main/src/test/2024-05/Sonne_exp.sol
Optimism,0xa78aefd483ce3919c0ad55c8a2e5c97cbac1caf8,unknown,,defihacklabs,Sonne Finance,2024-05-14,2026-09-30T05:51:21,https://github.com/SunWeb3Sec/DeFiHackLabs/blob/main/src/test/2024-05/Sonne_exp.sol
Optimism,0x02FA2625825917E9b1F8346a465dE1bBC150C5B9,unknown,,defihacklabs,Sonne Finance,2024-05-14,2026-09-30T05:51:21,https://github.com/SunWeb3Sec/DeFiHackLabs/blob/main/src/test/2024-05/Sonne_exp.sol
Optimism,0xe3b81318b1b6776f0877c3770afddff97b9f5fe5,unknown,,defihacklabs,Sonne Finance,2024-05-14,2026-09-30T05:51:21,https://github.com/SunWeb3Sec/DeFiHackLabs/blob/main/src/test/2024-05/Sonne_exp.sol
BSC,0x7cb74265e3e2d2b707122bf45aea66137c6c8891,unknown,,defihacklabs,LaEeb,2023-10-30,2026-09-30T05:51:20,https://github.com/SunWeb3Sec/DeFiHackLabs/blob/main/src/test/2023-10/LaEeb_exp.sol
BSC,0x9180981034364f683ea25bcce0cff5e03a595bef,unknown,,defihacklabs,LaEeb,2023-10-30,2026-09-30T05:51:20,https://github.com/SunWeb3Sec/DeFiHackLabs/blob/main/src/test/2023-10/LaEeb_exp.sol
BSC,0x20d4e91e7c25f294e781464970a322b9782f7aa7,unknown,,slowmist,Dracula (DRAC),2023-10-31,2026-09-30T05:51:20,https://bscscan.com/address/0x20d4e91e7c25f294e781464970a322b9782f7aa7
BSC,0xfcb1559536792523e802cd7e816a09f23d634778,unknown,,slowmist,Fake Memecoin (MEME),2023-11-01,2026-09-30T05:51:20,https://bscscan.com/address/0xfcb1559536792523e802cd7e816a09f23d634778
BSC,0xfe2105e1317dfd6ed3887bf7882977c03cfebb7c,unknown,,defihacklabs,SwampFinance,2023-11-01,2026-09-30T05:51:20,https://github.com/SunWeb3Sec/DeFiHackLabs/blob/main/src/test/2023-11/SwampFinance_exp.sol
BSC,0x22ad9eef79615a1592e969bdf7b238a07281ab80,unknown,,defihacklabs,SwampFinance,2023-11-01,2026-09-30T05:51:20,https://github.com/SunWeb3Sec/DeFiHackLabs/blob/main/src/test/2023-11/SwampFinance_exp.sol
BSC,0x33adbf5f1ec364a4ea3a5ca8f310b597b8afdee3,unknown,,defihacklabs,SwampFinance,2023-11-01,2026-09-30T05:51:20,https://github.com/SunWeb3Sec/DeFiHackLabs/blob/main/src/test/2023-11/SwampFinance_exp.sol
Ethereum,0x085bdff2c522e8637d4154039db8746bb8642bff,attacker,Attacker,defihacklabs,OnyxProtocol,2023-11-01,2026-09-30T05:51:20,https://github.com/SunWeb3Sec/DeFiHackLabs/blob/main/src/test/2023-11/OnyxProtocol_exp.sol
Ethereum,0x5fdbcd61bc9bd4b6d3fd1f49a5d253165ea11750,unknown,Vuln Contract,defihacklabs,OnyxProtocol,2023-11-01,2026-09-30T05:51:20,https://github.com/SunWeb3Sec/DeFiHackLabs/blob/main/src/test/2023-11/OnyxProtocol_exp.sol
ETH,0x085bdff2c522e8637d4154039db8746bb8642bff,unknown,,defihacklabs,OnyxProtocol,2023-11-01,2026-09-30T05:51:20,https://github.com/SunWeb3Sec/DeFiHackLabs/blob/main/src/test/2023-11/OnyxProtocol_exp.sol
ETH,0x526e8e98356194b64eae4c2d443cc8aad367336f,unknown,,defihacklabs,OnyxProtocol,2023-11-01,2026-09-30T05:51:20,https://github.com/SunWeb3Sec/DeFiHackLabs/blob/main/src/test/2023-11/OnyxProtocol_exp.sol
ETH,0x5fdbcd61bc9bd4b6d3fd1f49a5d253165ea11750,unknown,,defihacklabs,OnyxProtocol,2023-11-01,2026-09-30T05:51:20,https://github.com/SunWeb3Sec/DeFiHackLabs/blob/main/src/test/2023-11/OnyxProtocol_exp.sol
BSC,0x8163738d6610ca32f048ee9d30f4aa1ffdb3ca1e,unknown,https,defihacklabs,3913Token,2023-11-02,2026-09-30T05:51:20,https://github.com/SunWeb3Sec/DeFiHackLabs/blob/main/src/test/2023-11/3913_exp.sol
BSC,0xb29f18b89e56cc0151c7c17de0625a21018d8ae7,unknown,,defihacklabs,3913Token,2023-11-02,2026-09-30T05:51:20,https://github.com/SunWeb3Sec/DeFiHackLabs/blob/main/src/test/2023-11/3913_exp.sol
BSC,0x783fbea45b32eaaa596b44412041dd1208025e83,unknown,,defihacklabs,3913Token,2023-11-02,2026-09-30T05:51:20,https://github.com/SunWeb3Sec/DeFiHackLabs/blob/main/src/test/2023-11/3913_exp.sol
BSC,0x835b45d38cbdccf99e609436ff38e31ac05bc502,unknown,,defihacklabs,BRAND,2023-11-02,2026-09-30T05:51:20,https://github.com/SunWeb3Sec/DeFiHackLabs/blob/main/src/test/2023-11/BRAND_exp.sol
BSC,0xf994f331409327425098feecfc15db7fabf782b7,unknown,,defihacklabs,BRAND,2023-11-02,2026-09-30T05:51:20,https://github.com/SunWeb3Sec/DeFiHackLabs/blob/main/src/test/2023-11/BRAND_exp.sol
BSC,0x835b45d38cbdccf99e609436ff38e31ac05bc502,unknown,,defihacklabs,KR,2023-11-06,2026-09-30T05:51:20,https://github.com/SunWeb3Sec/DeFiHackLabs/blob/main/src/test/2023-11/KR_exp.sol
BSC,0x15b1ed79ca9d7955af3e169d7b323c4f1eeb5d12,unknown,,defihacklabs,KR,2023-11-06,2026-09-30T05:51:20,https://github.com/SunWeb3Sec/DeFiHackLabs/blob/main/src/test/2023-11/KR_exp.sol
Arbitrum,0x09ed480feaf4cbc363481717e04e2c394ab326b4,unknown,,defihacklabs,TheStandard_io,2023-11-06,2026-09-30T05:51:20,https://github.com/SunWeb3Sec/DeFiHackLabs/blob/main/src/test/2023-11/TheStandard_io_exp.sol
Arbitrum,0xb589d4a36ef8766d44c9785131413a049d51dbc0,unknown,,defihacklabs,TheStandard_io,2023-11-06,2026-09-30T05:51:20,https://github.com/SunWeb3Sec/DeFiHackLabs/blob/main/src/test/2023-11/TheStandard_io_exp.sol
Arbitrum,0x29046f8f9e7623a6a21cc8c3cc2a2121ae855b8d,unknown,,defihacklabs,TheStandard_io,2023-11-06,2026-09-30T05:51:20,https://github.com/SunWeb3Sec/DeFiHackLabs/blob/main/src/test/2023-11/TheStandard_io_exp.sol
BSC,0x1a7b15354e2f6564fcf6960c79542de251ce0dc9,unknown,,defihacklabs,TrustPad,2023-11-06,2026-09-30T05:51:20,https://github.com/SunWeb3Sec/DeFiHackLabs/blob/main/src/test/2023-11/TrustPad_exp.sol
BSC,0x1694d7fabf3b28f11d65deeb9f60810daa26909a,unknown,,defihacklabs,TrustPad,2023-11-06,2026-09-30T05:51:20,https://github.com/SunWeb3Sec/DeFiHackLabs/blob/main/src/test/2023-11/TrustPad_exp.sol
BSC,0xe613c058701c768e0d04d1bf8e6a6dc1a0c6d48a,unknown,,defihacklabs,TrustPad,2023-11-06,2026-09-30T05:51:20,https://github.com/SunWeb3Sec/DeFiHackLabs/blob/main/src/test/2023-11/TrustPad_exp.sol
Ethereum,0x46d9b3dfbc163465ca9e306487cba60bc438f5a2,attacker,Attacker,defihacklabs,MEVbot,2023-11-07,2026-09-30T05:51:20,https://github.com/SunWeb3Sec/DeFiHackLabs/blob/main/src/test/2023-11/bot_exp.sol
Ethereum,0x05f016765c6c601fd05a10dba1abe21a04f924a5,unknown,Vuln Contract,defihacklabs,MEVbot,2023-11-07,2026-09-30T05:51:20,https://github.com/SunWeb3Sec/DeFiHackLabs/blob/main/src/test/2023-11/bot_exp.sol
ETH,0x46d9b3dfbc163465ca9e306487cba60bc438f5a2,unknown,,defihacklabs,MEVbot,2023-11-07,2026-09-30T05:51:20,https://github.com/SunWeb3Sec/DeFiHackLabs/blob/main/src/test/2023-11/bot_exp.sol
ETH,0xeadf72fd4733665854c76926f4473389ff1b78b1,unknown,,defihacklabs,MEVbot,2023-11-07,2026-09-30T05:51:20,https://github.com/SunWeb3Sec/DeFiHackLabs/blob/main/src/test/2023-11/bot_exp.sol
ETH,0x05f016765c6c601fd05a10dba1abe21a04f924a5,unknown,,defihacklabs,MEVbot,2023-11-07,2026-09-30T05:51:20,https://github.com/SunWeb3Sec/DeFiHackLabs/blob/main/src/test/2023-11/bot_exp.sol
Ethereum,0x9abe851bcc4fd1986c3d1ef8978fad86a26a0c57,attacker,Attacker,defihacklabs,RBalancer,2023-11-07,2026-09-30T05:51:20,https://github.com/SunWeb3Sec/DeFiHackLabs/blob/main/src/test/2023-11/RBalancer_exp.sol
Ethereum,0x9c52c485edd3d22847a1614b8988fbf520b33047,unknown,Attack Contract,defihacklabs,RBalancer,2023-11-07,2026-09-30T05:51:20,https://github.com/SunWeb3Sec/DeFiHackLabs/blob/main/src/test/2023-11/RBalancer_exp.sol
ETH,0x9abe851bcc4fd1986c3d1ef8978fad86a26a0c57,unknown,,defihacklabs,RBalancer,2023-11-07,2026-09-30T05:51:20,https://github.com/SunWeb3Sec/DeFiHackLabs/blob/main/src/test/2023-11/RBalancer_exp.sol
ETH,0x9c52c485edd3d22847a1614b8988fbf520b33047,unknown,,defihacklabs,RBalancer,2023-11-07,2026-09-30T05:51:20,https://github.com/SunWeb3Sec/DeFiHackLabs/blob/main/src/test/2023-11/RBalancer_exp.sol
ETH,0x0a5984f86200415894821bfefc1c1de036dbf9e7,unknown,,rekt,Poloniex,2023-11-10,2026-09-30T05:51:20,https://rekt.news/poloniex-rekt
TRX,TKK6d1YALy8HCSoCSWWd1ZJhyC9NPPx4wa,unknown,,rekt,Poloniex,2023-11-10,2026-09-30T05:51:20,https://rekt.news/poloniex-rekt
BTC,bc1qnpc7u2ha7ct9c458rrqsawylz9e9j6jvkvzttt,unknown,,rekt,Poloniex,2023-11-10,2026-09-30T05:51:20,https://rekt.news/poloniex-rekt
Ethereum,0x864e656c57a5a119f332c47326a35422294db5c9,attacker,Attacker,defihacklabs,grok,2023-11-10,2026-09-30T05:51:20,https://github.com/SunWeb3Sec/DeFiHackLabs/blob/main/src/test/2023-11/grok_exp.sol
Ethereum,0x03e7b13bcd9b8383f403696c1494845560607eca,unknown,Attack Contract,defihacklabs,grok,2023-11-10,2026-09-30T05:51:20,https://github.com/SunWeb3Sec/DeFiHackLabs/blob/main/src/test/2023-11/grok_exp.sol
Ethereum,0x8390a1DA07E376ef7aDd4Be859BA74Fb83aA02D5,unknown,Vuln Contract,defihacklabs,grok,2023-11-10,2026-09-30T05:51:20,https://github.com/SunWeb3Sec/DeFiHackLabs/blob/main/src/test/2023-11/grok_exp.sol
ETH,0x864e656c57a5a119f332c47326a35422294db5c9,unknown,,defihacklabs,grok,2023-11-10,2026-09-30T05:51:20,https://github.com/SunWeb3Sec/DeFiHackLabs/blob/main/src/test/2023-11/grok_exp.sol
ETH,0x03e7b13bcd9b8383f403696c1494845560607eca,unknown,,defihacklabs,grok,2023-11-10,2026-09-30T05:51:20,https://github.com/SunWeb3Sec/DeFiHackLabs/blob/main/src/test/2023-11/grok_exp.sol
ETH,0x8390a1DA07E376ef7aDd4Be859BA74Fb83aA02D5,unknown,,defihacklabs,grok,2023-11-10,2026-09-30T05:51:20,https://github.com/SunWeb3Sec/DeFiHackLabs/blob/main/src/test/2023-11/grok_exp.sol
Ethereum,0xc1f2b71a502b551a65eee9c96318afdd5fd439fa,attacker,Attacker,defihacklabs,Raft_fi,2023-11-10,2026-09-30T05:51:20,https://github.com/SunWeb3Sec/DeFiHackLabs/blob/main/src/test/2023-11/Raft_exp.sol
Ethereum,0x0a3340129816a86b62b7eafd61427f743c315ef8,unknown,Attack Contract,defihacklabs,Raft_fi,2023-11-10,2026-09-30T05:51:20,https://github.com/SunWeb3Sec/DeFiHackLabs/blob/main/src/test/2023-11/Raft_exp.sol
Ethereum,0x9ab6b21cdf116f611110b048987e58894786c244,victim,Vulnerable Contract,defihacklabs,Raft_fi,2023-11-10,2026-09-30T05:51:20,https://github.com/SunWeb3Sec/DeFiHackLabs/blob/main/src/test/2023-11/Raft_exp.sol
ETH,0xc1f2b71a502b551a65eee9c96318afdd5fd439fa,unknown,,defihacklabs,Raft_fi,2023-11-10,2026-09-30T05:51:20,https://github.com/SunWeb3Sec/DeFiHackLabs/blob/main/src/test/2023-11/Raft_exp.sol
ETH,0x0a3340129816a86b62b7eafd61427f743c315ef8,unknown,,defihacklabs,Raft_fi,2023-11-10,2026-09-30T05:51:20,https://github.com/SunWeb3Sec/DeFiHackLabs/blob/main/src/test/2023-11/Raft_exp.sol
ETH,0x9ab6b21cdf116f611110b048987e58894786c244,unknown,,defihacklabs,Raft_fi,2023-11-10,2026-09-30T05:51:20,https://github.com/SunWeb3Sec/DeFiHackLabs/blob/main/src/test/2023-11/Raft_exp.sol
Ethereum,0x0ec330df28ae6106a774d0add3e540ea8d226e3b,attacker,Attacker,defihacklabs,MahaLend,2023-11-11,2026-09-30T05:51:20,https://github.com/SunWeb3Sec/DeFiHackLabs/blob/main/src/test/2023-11/MahaLend_exp.sol
Ethereum,0xf5836e292f716a7979f9bc5c2d3ed59913e07962,unknown,Attack Contract,defihacklabs,MahaLend,2023-11-11,2026-09-30T05:51:20,https://github.com/SunWeb3Sec/DeFiHackLabs/blob/main/src/test/2023-11/MahaLend_exp.sol
Ethereum,0xfd11aba71c06061f446ade4eec057179f19c23c4,victim,Vulnerable Contract,defihacklabs,MahaLend,2023-11-11,2026-09-30T05:51:20,https://github.com/SunWeb3Sec/DeFiHackLabs/blob/main/src/test/2023-11/MahaLend_exp.sol
ETH,0x0ec330df28ae6106a774d0add3e540ea8d226e3b,unknown,,defihacklabs,MahaLend,2023-11-11,2026-09-30T05:51:20,https://github.com/SunWeb3Sec/DeFiHackLabs/blob/main/src/test/2023-11/MahaLend_exp.sol
ETH,0xf5836e292f716a7979f9bc5c2d3ed59913e07962,unknown,,defihacklabs,MahaLend,2023-11-11,2026-09-30T05:51:20,https://github.com/SunWeb3Sec/DeFiHackLabs/blob/main/src/test/2023-11/MahaLend_exp.sol
ETH,0xfd11aba71c06061f446ade4eec057179f19c23c4,unknown,,defihacklabs,MahaLend,2023-11-11,2026-09-30T05:51:20,https://github.com/SunWeb3Sec/DeFiHackLabs/blob/main/src/test/2023-11/MahaLend_exp.sol
Ethereum,0x4e087743e8025012c4704a1953c87eeff1e6ef48,attacker,Attacker,defihacklabs,MEVBot_0xa247,2023-11-12,2026-09-30T05:51:20,https://github.com/SunWeb3Sec/DeFiHackLabs/blob/main/src/test/2023-11/MEV_0xa247_exp.sol
Ethereum,0x3763b7f83358171b1660ee209f327954cc463129,unknown,Attack Contract,defihacklabs,MEVBot_0xa247,2023-11-12,2026-09-30T05:51:20,https://github.com/SunWeb3Sec/DeFiHackLabs/blob/main/src/test/2023-11/MEV_0xa247_exp.sol
Ethereum,0xa2473460f86e1058bdd0a2c531b15534fd403d97,victim,One of the victims contract,defihacklabs,MEVBot_0xa247,2023-11-12,2026-09-30T05:51:20,https://github.com/SunWeb3Sec/DeFiHackLabs/blob/main/src/test/2023-11/MEV_0xa247_exp.sol
ETH,0x4e087743e8025012c4704a1953c87eeff1e6ef48,unknown,,defihacklabs,MEVBot_0xa247,2023-11-12,2026-09-30T05:51:20,https://github.com/SunWeb3Sec/DeFiHackLabs/blob/main/src/test/2023-11/MEV_0xa247_exp.sol
ETH,0x3763b7f83358171b1660ee209f327954cc463129,unknown,,defihacklabs,MEVBot_0xa247,2023-11-12,2026-09-30T05:51:20,https://github.com/SunWeb3Sec/DeFiHackLabs/blob/main/src/test/2023-11/MEV_0xa247_exp.sol
ETH,0xa2473460f86e1058bdd0a2c531b15534fd403d97,unknown,,defihacklabs,MEVBot_0xa247,2023-11-12,2026-09-30T05:51:20,https://github.com/SunWeb3Sec/DeFiHackLabs/blob/main/src/test/2023-11/MEV_0xa247_exp.sol
BSC,0x69e068eb917115ed103278b812ec7541f021cea0,unknown,,defihacklabs,MEVBot_0x8c2d,2023-11-12,2026-09-30T05:51:20,https://github.com/SunWeb3Sec/DeFiHackLabs/blob/main/src/test/2023-11/MEV_0x8c2d_exp.sol
ETH,0x3918e0d26b41134c006e8d2d7e3206a53b006108,unknown,,defihacklabs,MEVBot_0x8c2d,2023-11-12,2026-09-30T05:51:20,https://github.com/SunWeb3Sec/DeFiHackLabs/blob/main/src/test/2023-11/MEV_0x8c2d_exp.sol
BSC,0x8c2d4ed92badb9b65f278efb8b440f4bc995ffe7,unknown,,defihacklabs,MEVBot_0x8c2d,2023-11-12,2026-09-30T05:51:20,https://github.com/SunWeb3Sec/DeFiHackLabs/blob/main/src/test/2023-11/MEV_0x8c2d_exp.sol
BSC,0xdf6b0200b4e1bc4a310f33df95a9087cc2c79038,unknown,,defihacklabs,LinkDAO,2023-11-15,2026-09-30T05:51:20,https://github.com/SunWeb3Sec/DeFiHackLabs/blob/main/src/test/2023-11/LinkDao_exp.sol
BSC,0x721a66c7767103e7dcacf8440e8dd074edff40a8,unknown,,defihacklabs,LinkDAO,2023-11-15,2026-09-30T05:51:20,https://github.com/SunWeb3Sec/DeFiHackLabs/blob/main/src/test/2023-11/LinkDao_exp.sol
BSC,0x6524a5fd3fec179db3b3c1d21f700da7abe6b0de,unknown,,defihacklabs,LinkDAO,2023-11-15,2026-09-30T05:51:20,https://github.com/SunWeb3Sec/DeFiHackLabs/blob/main/src/test/2023-11/LinkDao_exp.sol
Ethereum,0xea75aec151f968b8de3789ca201a2a3a7faeefba,attacker,Attacker,defihacklabs,XAI,2023-11-15,2026-09-30T05:51:20,https://github.com/SunWeb3Sec/DeFiHackLabs/blob/main/src/test/2023-11/XAI_exp.sol
ETH,0xea75aec151f968b8de3789ca201a2a3a7faeefba,unknown,,defihacklabs,XAI,2023-11-15,2026-09-30T05:51:20,https://github.com/SunWeb3Sec/DeFiHackLabs/blob/main/src/test/2023-11/XAI_exp.sol
BSC,0x7b11ae85f73b7ee6aa84cc91430581bd952d9ffa,unknown,,defihacklabs,XAI,2023-11-15,2026-09-30T05:51:20,https://github.com/SunWeb3Sec/DeFiHackLabs/blob/main/src/test/2023-11/XAI_exp.sol
BSC,0x570ce7b89c67200721406525e1848bca6ff5a6f3,unknown,,defihacklabs,XAI,2023-11-15,2026-09-30T05:51:20,https://github.com/SunWeb3Sec/DeFiHackLabs/blob/main/src/test/2023-11/XAI_exp.sol
BSC,0xddaaedcf226729def824cc5c14382c5980844d1f,unknown,,defihacklabs,EHX,2023-11-15,2026-09-30T05:51:20,https://github.com/SunWeb3Sec/DeFiHackLabs/blob/main/src/test/2023-11/EHX_exp.sol
BSC,0x9d0d28f7b9a9e6d55abb9e41a87df133f316c68c,unknown,,defihacklabs,EHX,2023-11-15,2026-09-30T05:51:20,https://github.com/SunWeb3Sec/DeFiHackLabs/blob/main/src/test/2023-11/EHX_exp.sol
BSC,0xe1747a23c44f445062078e3c528c9f4c28c50a51,unknown,,defihacklabs,EHX,2023-11-15,2026-09-30T05:51:20,https://github.com/SunWeb3Sec/DeFiHackLabs/blob/main/src/test/2023-11/EHX_exp.sol
BSC,0xf5f21746ff9351f16a42fa272d7707cc35760e4b,unknown,,defihacklabs,WECO,2023-11-16,2026-09-30T05:51:20,https://github.com/SunWeb3Sec/DeFiHackLabs/blob/main/src/test/2023-11/WECO_exp.sol
BSC,0x76c8a674e814f5bd806fe6dd9975446a76056c1a,unknown,,defihacklabs,WECO,2023-11-16,2026-09-30T05:51:20,https://github.com/SunWeb3Sec/DeFiHackLabs/blob/main/src/test/2023-11/WECO_exp.sol
BSC,0xd672b766d66662f5c6fd798a999e1193a7945451,unknown,,defihacklabs,WECO,2023-11-16,2026-09-30T05:51:20,https://github.com/SunWeb3Sec/DeFiHackLabs/blob/main/src/test/2023-11/WECO_exp.sol
BSC,0xb9bdc2537c6f4b587a5c81a67e7e3a4e6ddda189,unknown,,defihacklabs,ShibaToken,2023-11-17,2026-09-30T05:51:20,https://github.com/SunWeb3Sec/DeFiHackLabs/blob/main/src/test/2023-11/ShibaToken_exp.sol
BSC,0xda148143379ae54e06d2429a5c80b19d4a9d6734,unknown,,defihacklabs,ShibaToken,2023-11-17,2026-09-30T05:51:20,https://github.com/SunWeb3Sec/DeFiHackLabs/blob/main/src/test/2023-11/ShibaToken_exp.sol
BSC,0x13b1f2e227ca6f8e08ac80368fd637f5084f10a5,unknown,,defihacklabs,ShibaToken,2023-11-17,2026-09-30T05:51:20,https://github.com/SunWeb3Sec/DeFiHackLabs/blob/main/src/test/2023-11/ShibaToken_exp.sol
BSC,0xe9fac789c947f364f53c3bc28bb6e9e099526468,unknown,,defihacklabs,Token8633_9419,2023-11-17,2026-09-30T05:51:20,https://github.com/SunWeb3Sec/DeFiHackLabs/blob/main/src/test/2023-11/Token8633_9419_exp.sol
BSC,0x87c75f8a69732bad999ce1fab464526856215c77,unknown,,defihacklabs,Token8633_9419,2023-11-17,2026-09-30T05:51:20,https://github.com/SunWeb3Sec/DeFiHackLabs/blob/main/src/test/2023-11/Token8633_9419_exp.sol
BSC,0x11cd2168fc420ae1375626655ab8f355f0075bd6,unknown,,defihacklabs,Token8633_9419,2023-11-17,2026-09-30T05:51:20,https://github.com/SunWeb3Sec/DeFiHackLabs/blob/main/src/test/2023-11/Token8633_9419_exp.sol
Ethereum,0x2F746bC70f72aAF3340B8BbFd254fd91a3996218,attacker,Attacker - https,defihacklabs,TheNFTV2,2023-11-25,2026-09-30T05:51:20,https://github.com/SunWeb3Sec/DeFiHackLabs/blob/main/src/test/2023-11/TheNFTV2_exp.sol
Ethereum,0x85301f7b943fd132c8dbc33f8fd9d77109a84f28,unknown,Attack contract - https,defihacklabs,TheNFTV2,2023-11-25,2026-09-30T05:51:20,https://github.com/SunWeb3Sec/DeFiHackLabs/blob/main/src/test/2023-11/TheNFTV2_exp.sol
ETH,0x2F746bC70f72aAF3340B8BbFd254fd91a3996218,unknown,,defihacklabs,TheNFTV2,2023-11-25,2026-09-30T05:51:20,https://github.com/SunWeb3Sec/DeFiHackLabs/blob/main/src/test/2023-11/TheNFTV2_exp.sol
ETH,0x85301f7b943fd132c8dbc33f8fd9d77109a84f28,unknown,,defihacklabs,TheNFTV2,2023-11-25,2026-09-30T05:51:20,https://github.com/SunWeb3Sec/DeFiHackLabs/blob/main/src/test/2023-11/TheNFTV2_exp.sol
Ethereum,0x0c06340f5024c114fe196fcb38e42d20ab00f6eb,attacker,Attacker,defihacklabs,MetaLend,2023-11-25,2026-09-30T05:51:20,https://github.com/SunWeb3Sec/DeFiHackLabs/blob/main/src/test/2023-11/MetaLend_exp.sol
Ethereum,0x80a6419cb8e7d1ef1af074368f7eace1ae2358ca,unknown,Attack Contract,defihacklabs,MetaLend,2023-11-25,2026-09-30T05:51:20,https://github.com/SunWeb3Sec/DeFiHackLabs/blob/main/src/test/2023-11/MetaLend_exp.sol
Ethereum,0x5578f2e245e932a599c46215a0ca88707230f17b,victim,Vulnerable Contract,defihacklabs,MetaLend,2023-11-25,2026-09-30T05:51:20,https://github.com/SunWeb3Sec/DeFiHackLabs/blob/main/src/test/2023-11/MetaLend_exp.sol
ETH,0x0c06340f5024c114fe196fcb38e42d20ab00f6eb,unknown,,defihacklabs,MetaLend,2023-11-25,2026-09-30T05:51:20,https://github.com/SunWeb3Sec/DeFiHackLabs/blob/main/src/test/2023-11/MetaLend_exp.sol
ETH,0x80a6419cb8e7d1ef1af074368f7eace1ae2358ca,unknown,,defihacklabs,MetaLend,2023-11-25,2026-09-30T05:51:20,https://github.com/SunWeb3Sec/DeFiHackLabs/blob/main/src/test/2023-11/MetaLend_exp.sol
ETH,0x5578f2e245e932a599c46215a0ca88707230f17b,unknown,,defihacklabs,MetaLend,2023-11-25,2026-09-30T05:51:20,https://github.com/SunWeb3Sec/DeFiHackLabs/blob/main/src/test/2023-11/MetaLend_exp.sol
BSC,0x7cb74265e3e2d2b707122bf45aea66137c6c8891,unknown,,defihacklabs,AIS,2023-11-29,2026-09-30T05:51:20,https://github.com/SunWeb3Sec/DeFiHackLabs/blob/main/src/test/2023-11/AIS_exp.sol
BSC,0x84f37F6cC75cCde5fE9bA99093824A11CfDc329D,unknown,,defihacklabs,AIS,2023-11-29,2026-09-30T05:51:20,https://github.com/SunWeb3Sec/DeFiHackLabs/blob/main/src/test/2023-11/AIS_exp.sol
BSC,0x15ffd1d02b3918c9e56f75e30d23786d3ef2b5bc,unknown,,defihacklabs,AIS,2023-11-29,2026-09-30T05:51:20,https://github.com/SunWeb3Sec/DeFiHackLabs/blob/main/src/test/2023-11/AIS_exp.sol
BSC,0xf6f60b0e83d9837c1f247c575c8583b1d085d351,unknown,,defihacklabs,AIS,2023-11-29,2026-09-30T05:51:20,https://github.com/SunWeb3Sec/DeFiHackLabs/blob/main/src/test/2023-11/AIS_exp.sol
BSC,0x6844ef18012a383c14e9a76a93602616ee9d6132,unknown,,defihacklabs,AIS,2023-11-29,2026-09-30T05:51:20,https://github.com/SunWeb3Sec/DeFiHackLabs/blob/main/src/test/2023-11/AIS_exp.sol
BSC,0xffac2ed69d61cf4a92347dcd394d36e32443d9d7,unknown,,defihacklabs,AIS,2023-11-29,2026-09-30T05:51:20,https://github.com/SunWeb3Sec/DeFiHackLabs/blob/main/src/test/2023-11/AIS_exp.sol
Ethereum,0x9d44f1a37044500064111010632a8a59003701c8,attacker,Attacker,defihacklabs,Burntbubba,2023-11-29,2026-09-30T05:51:20,https://github.com/SunWeb3Sec/DeFiHackLabs/blob/main/src/test/2023-11/Burntbubba_exp.sol
Ethereum,0x4bc691601b50b3e107b89d5ea172b40a9dbc6251,unknown,Attack Contract,defihacklabs,Burntbubba,2023-11-29,2026-09-30T05:51:20,https://github.com/SunWeb3Sec/DeFiHackLabs/blob/main/src/test/2023-11/Burntbubba_exp.sol
Ethereum,0xa44e79a2c9a8965e7a6fa77bf0ca8faf50e6c73e,victim,Vulnerable Contract,defihacklabs,Burntbubba,2023-11-29,2026-09-30T05:51:20,https://github.com/SunWeb3Sec/DeFiHackLabs/blob/main/src/test/2023-11/Burntbubba_exp.sol
ETH,0x9d44f1a37044500064111010632a8a59003701c8,unknown,,defihacklabs,Burntbubba,2023-11-29,2026-09-30T05:51:20,https://github.com/SunWeb3Sec/DeFiHackLabs/blob/main/src/test/2023-11/Burntbubba_exp.sol
ETH,0x4bc691601b50b3e107b89d5ea172b40a9dbc6251,unknown,,defihacklabs,Burntbubba,2023-11-29,2026-09-30T05:51:20,https://github.com/SunWeb3Sec/DeFiHackLabs/blob/main/src/test/2023-11/Burntbubba_exp.sol
ETH,0xa44e79a2c9a8965e7a6fa77bf0ca8faf50e6c73e,unknown,,defihacklabs,Burntbubba,2023-11-29,2026-09-30T05:51:20,https://github.com/SunWeb3Sec/DeFiHackLabs/blob/main/src/test/2023-11/Burntbubba_exp.sol
Base,0x5aa27d556f898846b9bad32f0cdba5b1f8bc3144,unknown,,defihacklabs,CAROLProtocol,2023-11-30,2026-09-30T05:51:20,https://github.com/SunWeb3Sec/DeFiHackLabs/blob/main/src/test/2023-11/CAROLProtocol_exp.sol
Base,0xc4566ae957ad8dde4768bdd28cdc3695e4780b2c,unknown,,defihacklabs,CAROLProtocol,2023-11-30,2026-09-30T05:51:20,https://github.com/SunWeb3Sec/DeFiHackLabs/blob/main/src/test/2023-11/CAROLProtocol_exp.sol
Base,0x26fe408bbd7a490feb056da8e2d1e007938e5685,unknown,,defihacklabs,CAROLProtocol,2023-11-30,2026-09-30T05:51:20,https://github.com/SunWeb3Sec/DeFiHackLabs/blob/main/src/test/2023-11/CAROLProtocol_exp.sol
BSC,0xb06d402705ad5156b42e4279903cbd7771cf59c9,unknown,,defihacklabs,EEE,2023-11-30,2026-09-30T05:51:20,https://github.com/SunWeb3Sec/DeFiHackLabs/blob/main/src/test/2023-11/EEE_exp.sol
BSC,0x9a16b5375e79e409a8bfdb17cfe568e533c2d7c5,unknown,,defihacklabs,EEE,2023-11-30,2026-09-30T05:51:20,https://github.com/SunWeb3Sec/DeFiHackLabs/blob/main/src/test/2023-11/EEE_exp.sol
BSC,0x0506e571aba3dd4c9d71bed479a4e6d40d95c833,unknown,,defihacklabs,EEE,2023-11-30,2026-09-30T05:51:20,https://github.com/SunWeb3Sec/DeFiHackLabs/blob/main/src/test/2023-11/EEE_exp.sol
BSC,0xde19b6f4eaaf3a897d1b190d37c86d6ef3b24d02,unknown,,defihacklabs,EEE,2023-11-30,2026-09-30T05:51:20,https://github.com/SunWeb3Sec/DeFiHackLabs/blob/main/src/test/2023-11/EEE_exp.sol
BSC,0xe568a4ce2eb77d230e1473d2cfd5b5e2129f69a8,unknown,,defihacklabs,EEE,2023-11-30,2026-09-30T05:51:20,https://github.com/SunWeb3Sec/DeFiHackLabs/blob/main/src/test/2023-11/EEE_exp.sol
BSC,0xfef7b2b4fd8f9fdca24713999a5e76c044ccfc0d,unknown,,defihacklabs,EEE,2023-11-30,2026-09-30T05:51:20,https://github.com/SunWeb3Sec/DeFiHackLabs/blob/main/src/test/2023-11/EEE_exp.sol
BSC,0xa9edec4496bd013dac805fb221edefc53cbfaf05,unknown,,defihacklabs,UnverifiedContr_0x431abb,2023-12-01,2026-09-30T05:51:20,https://github.com/SunWeb3Sec/DeFiHackLabs/blob/main/src/test/2023-12/UnverifiedContr_0x431abb_exp.sol
BSC,0x791626eb05e60fac973646ac8d67b008b939fe88,unknown,,defihacklabs,UnverifiedContr_0x431abb,2023-12-01,2026-09-30T05:51:20,https://github.com/SunWeb3Sec/DeFiHackLabs/blob/main/src/test/2023-12/UnverifiedContr_0x431abb_exp.sol
BSC,0x431abb27dab05f4e7cdeaa18390fe39364197500,unknown,,defihacklabs,UnverifiedContr_0x431abb,2023-12-01,2026-09-30T05:51:20,https://github.com/SunWeb3Sec/DeFiHackLabs/blob/main/src/test/2023-12/UnverifiedContr_0x431abb_exp.sol
Ethereum,0x5a7c7eb8d13a53d42a15d2b1d1b694ccc5141ea5,attacker,Attacker,defihacklabs,bZxProtocol,2023-12-02,2026-09-30T05:51:20,https://github.com/SunWeb3Sec/DeFiHackLabs/blob/main/src/test/2023-12/bZx_exp.sol
Ethereum,0x03b7bb750a974e0bd34795013f66b669f4110e54,unknown,Attack Contract,defihacklabs,bZxProtocol,2023-12-02,2026-09-30T05:51:20,https://github.com/SunWeb3Sec/DeFiHackLabs/blob/main/src/test/2023-12/bZx_exp.sol
Ethereum,0x7f3fe9d492a9a60aebb06d82cba23c6f32cad10b,victim,Vulnerable Contract,defihacklabs,bZxProtocol,2023-12-02,2026-09-30T05:51:20,https://github.com/SunWeb3Sec/DeFiHackLabs/blob/main/src/test/2023-12/bZx_exp.sol
ETH,0x5a7c7eb8d13a53d42a15d2b1d1b694ccc5141ea5,unknown,,defihacklabs,bZxProtocol,2023-12-02,2026-09-30T05:51:20,https://github.com/SunWeb3Sec/DeFiHackLabs/blob/main/src/test/2023-12/bZx_exp.sol
ETH,0x03b7bb750a974e0bd34795013f66b669f4110e54,unknown,,defihacklabs,bZxProtocol,2023-12-02,2026-09-30T05:51:20,https://github.com/SunWeb3Sec/DeFiHackLabs/blob/main/src/test/2023-12/bZx_exp.sol
ETH,0x7f3fe9d492a9a60aebb06d82cba23c6f32cad10b,unknown,,defihacklabs,bZxProtocol,2023-12-02,2026-09-30T05:51:20,https://github.com/SunWeb3Sec/DeFiHackLabs/blob/main/src/test/2023-12/bZx_exp.sol
BSC,0xce27b195fa6de27081a86b98b64f77f5fb328dd5,unknown,,defihacklabs,BEARNDAO,2023-12-05,2026-09-30T05:51:20,https://github.com/SunWeb3Sec/DeFiHackLabs/blob/main/src/test/2023-12/BEARNDAO_exp.sol
ETH,0xe1997bc971d5986aa57ee8ffb57eb1deba4fdaaa,unknown,,defihacklabs,BEARNDAO,2023-12-05,2026-09-30T05:51:20,https://github.com/SunWeb3Sec/DeFiHackLabs/blob/main/src/test/2023-12/BEARNDAO_exp.sol
BSC,0x21125d94cfe886e7179c8d2fe8c1ea8d57c73e0e,unknown,,defihacklabs,BEARNDAO,2023-12-05,2026-09-30T05:51:20,https://github.com/SunWeb3Sec/DeFiHackLabs/blob/main/src/test/2023-12/BEARNDAO_exp.sol
BSC,0x829fe73463ceae6579973b8bcd1e018976040ec4,unknown,,defihacklabs,MAMO,2023-12-05,2026-09-30T05:51:20,https://github.com/SunWeb3Sec/DeFiHackLabs/blob/main/src/test/2023-12/MAMO_exp.sol
BSC,0xd7a7d90b63da1b4e7ef79cb36935d38af0d6d0b4,unknown,,defihacklabs,MAMO,2023-12-05,2026-09-30T05:51:20,https://github.com/SunWeb3Sec/DeFiHackLabs/blob/main/src/test/2023-12/MAMO_exp.sol
BSC,0x5813d7818c9d8f29a9a96b00031ef576e892def4,unknown,,defihacklabs,MAMO,2023-12-05,2026-09-30T05:51:20,https://github.com/SunWeb3Sec/DeFiHackLabs/blob/main/src/test/2023-12/MAMO_exp.sol
BSC,0xbbcc139933d1580e7c40442e09263e90e6f1d66d,unknown,,defihacklabs,ElephantStatus,2023-12-06,2026-09-30T05:51:20,https://github.com/SunWeb3Sec/DeFiHackLabs/blob/main/src/test/2023-12/ElephantStatus_exp.sol
BSC,0x69bd13f775505989883768ebd23d528c708d6bcf,unknown,,defihacklabs,ElephantStatus,2023-12-06,2026-09-30T05:51:20,https://github.com/SunWeb3Sec/DeFiHackLabs/blob/main/src/test/2023-12/ElephantStatus_exp.sol
BSC,0x8cf0a553ab3896e4832ebcc519a7a60828ab5740,unknown,,defihacklabs,ElephantStatus,2023-12-06,2026-09-30T05:51:20,https://github.com/SunWeb3Sec/DeFiHackLabs/blob/main/src/test/2023-12/ElephantStatus_exp.sol
Ethereum,0xfde0d1575ed8e06fbf36256bcdfa1f359281455a,attacker,Attacker,defihacklabs,TIME,2023-12-06,2026-09-30T05:51:20,https://github.com/SunWeb3Sec/DeFiHackLabs/blob/main/src/test/2023-12/TIME_exp.sol
Ethereum,0x6980a47bee930a4584b09ee79ebe46484fbdbdd0,unknown,Attack Contract,defihacklabs,TIME,2023-12-06,2026-09-30T05:51:20,https://github.com/SunWeb3Sec/DeFiHackLabs/blob/main/src/test/2023-12/TIME_exp.sol
Ethereum,0x4b0e9a7da8bab813efae92a6651019b8bd6c0a29,victim,Vulnerable Contract,defihacklabs,TIME,2023-12-06,2026-09-30T05:51:20,https://github.com/SunWeb3Sec/DeFiHackLabs/blob/main/src/test/2023-12/TIME_exp.sol
ETH,0xfde0d1575ed8e06fbf36256bcdfa1f359281455a,unknown,,defihacklabs,TIME,2023-12-06,2026-09-30T05:51:20,https://github.com/SunWeb3Sec/DeFiHackLabs/blob/main/src/test/2023-12/TIME_exp.sol
ETH,0x6980a47bee930a4584b09ee79ebe46484fbdbdd0,unknown,,defihacklabs,TIME,2023-12-06,2026-09-30T05:51:20,https://github.com/SunWeb3Sec/DeFiHackLabs/blob/main/src/test/2023-12/TIME_exp.sol
ETH,0x4b0e9a7da8bab813efae92a6651019b8bd6c0a29,unknown,,defihacklabs,TIME,2023-12-06,2026-09-30T05:51:20,https://github.com/SunWeb3Sec/DeFiHackLabs/blob/main/src/test/2023-12/TIME_exp.sol
BSC,0x835b45d38cbdccf99e609436ff38e31ac05bc502,unknown,,defihacklabs,HNet,2023-12-07,2026-09-30T05:51:20,https://github.com/SunWeb3Sec/DeFiHackLabs/blob/main/src/test/2023-12/HNet_exp.sol
BSC,0xaed80b8a821607981e5e58b7a753a3336c0bfd6f,unknown,,defihacklabs,HNet,2023-12-07,2026-09-30T05:51:20,https://github.com/SunWeb3Sec/DeFiHackLabs/blob/main/src/test/2023-12/HNet_exp.sol
BSC,0x0dabdc92af35615443412a336344c591faed3f90,unknown,,defihacklabs,HNet,2023-12-07,2026-09-30T05:51:20,https://github.com/SunWeb3Sec/DeFiHackLabs/blob/main/src/test/2023-12/HNet_exp.sol
BSC,0xd4c19d575ea5b3a415cc288ce09942299ca3a3b4,unknown,(1) 0xd4c19d575ea5b3a415cc288ce09942299ca3a3b49ef9718cda17e4,defihacklabs,BCT,2023-12-09,2026-09-30T05:51:20,https://github.com/SunWeb3Sec/DeFiHackLabs/blob/main/src/test/2023-12/BCT_exp.sol
BSC,0x9c66b0c68c144ffe33e7084fe8ce36ebc44ad21e,unknown,,defihacklabs,BCT,2023-12-09,2026-09-30T05:51:20,https://github.com/SunWeb3Sec/DeFiHackLabs/blob/main/src/test/2023-12/BCT_exp.sol
BSC,0xe9616ff20ad519bce0e3d61353a37232f0c27a50,unknown,,defihacklabs,BCT,2023-12-09,2026-09-30T05:51:20,https://github.com/SunWeb3Sec/DeFiHackLabs/blob/main/src/test/2023-12/BCT_exp.sol
BSC,0x88b3eb62e363d9f153beab49c5c2ef2e785a375a,unknown,,defihacklabs,BCT,2023-12-09,2026-09-30T05:51:20,https://github.com/SunWeb3Sec/DeFiHackLabs/blob/main/src/test/2023-12/BCT_exp.sol
Ethereum,0xdfab184bc668f16c1cb949228068588106924569,attacker,Attacker,defihacklabs,GoodCompound,2023-12-11,2026-09-30T05:51:20,https://github.com/SunWeb3Sec/DeFiHackLabs/blob/main/src/test/2023-12/GoodCompound_exp.sol
Ethereum,0x2d89fb83c66b6c7c35818382517959e33a655b13,unknown,Attack Contract,defihacklabs,GoodCompound,2023-12-11,2026-09-30T05:51:20,https://github.com/SunWeb3Sec/DeFiHackLabs/blob/main/src/test/2023-12/GoodCompound_exp.sol
Ethereum,0x3d9819210a31b4961b30ef54be2aed79b9c9cd3b,victim,Vulnerable Contract,defihacklabs,GoodCompound,2023-12-11,2026-09-30T05:51:20,https://github.com/SunWeb3Sec/DeFiHackLabs/blob/main/src/test/2023-12/GoodCompound_exp.sol
ETH,0xdfab184bc668f16c1cb949228068588106924569,unknown,,defihacklabs,GoodCompound,2023-12-11,2026-09-30T05:51:20,https://github.com/SunWeb3Sec/DeFiHackLabs/blob/main/src/test/2023-12/GoodCompound_exp.sol
ETH,0x2d89fb83c66b6c7c35818382517959e33a655b13,unknown,,defihacklabs,GoodCompound,2023-12-11,2026-09-30T05:51:20,https://github.com/SunWeb3Sec/DeFiHackLabs/blob/main/src/test/2023-12/GoodCompound_exp.sol
ETH,0x3d9819210a31b4961b30ef54be2aed79b9c9cd3b,unknown,,defihacklabs,GoodCompound,2023-12-11,2026-09-30T05:51:20,https://github.com/SunWeb3Sec/DeFiHackLabs/blob/main/src/test/2023-12/GoodCompound_exp.sol
Ethereum,0x3ea6ba6d3415e4dfd380516c799aafa94e420519,attacker,Attacker,defihacklabs,HYPR,2023-12-13,2026-09-30T05:51:20,https://github.com/SunWeb3Sec/DeFiHackLabs/blob/main/src/test/2023-12/HYPR_exp.sol
Ethereum,0xba6fa6e8500cd8eeda8ebb9dfbcc554ff4a3eb77,unknown,Attack Contract,defihacklabs,HYPR,2023-12-13,2026-09-30T05:51:20,https://github.com/SunWeb3Sec/DeFiHackLabs/blob/main/src/test/2023-12/HYPR_exp.sol
Ethereum,0x40c31236b228935b0329eff066b1ad96e319595e,victim,Vulnerable Contract,defihacklabs,HYPR,2023-12-13,2026-09-30T05:51:20,https://github.com/SunWeb3Sec/DeFiHackLabs/blob/main/src/test/2023-12/HYPR_exp.sol
ETH,0x3ea6ba6d3415e4dfd380516c799aafa94e420519,unknown,,defihacklabs,HYPR,2023-12-13,2026-09-30T05:51:20,https://github.com/SunWeb3Sec/DeFiHackLabs/blob/main/src/test/2023-12/HYPR_exp.sol
ETH,0xba6fa6e8500cd8eeda8ebb9dfbcc554ff4a3eb77,unknown,,defihacklabs,HYPR,2023-12-13,2026-09-30T05:51:20,https://github.com/SunWeb3Sec/DeFiHackLabs/blob/main/src/test/2023-12/HYPR_exp.sol
ETH,0x40c31236b228935b0329eff066b1ad96e319595e,unknown,,defihacklabs,HYPR,2023-12-13,2026-09-30T05:51:20,https://github.com/SunWeb3Sec/DeFiHackLabs/blob/main/src/test/2023-12/HYPR_exp.sol
BSC,0x835b45d38cbdccf99e609436ff38e31ac05bc502,unknown,,defihacklabs,PHIL,2023-12-14,2026-09-30T05:51:20,https://github.com/SunWeb3Sec/DeFiHackLabs/blob/main/src/test/2023-12/PHIL_exp.sol
BSC,0x4308d314096878d3bf16c9d8db86101f70bbebf1,unknown,,defihacklabs,PHIL,2023-12-14,2026-09-30T05:51:20,https://github.com/SunWeb3Sec/DeFiHackLabs/blob/main/src/test/2023-12/PHIL_exp.sol
Ethereum,0xb1edf2a0ba8bc789cbc3dfbe519737cada034d2d,attacker,Attacker,defihacklabs,NFTTrader,2023-12-16,2026-09-30T05:51:20,https://github.com/SunWeb3Sec/DeFiHackLabs/blob/main/src/test/2023-12/NFTTrader_exp.sol
Ethereum,0x871f28e58f2a0906e4a56a82aec7f005b411f5c5,attacker,Attacker Contract,defihacklabs,NFTTrader,2023-12-16,2026-09-30T05:51:20,https://github.com/SunWeb3Sec/DeFiHackLabs/blob/main/src/test/2023-12/NFTTrader_exp.sol
Ethereum,0xc310e760778ecbca4c65b6c559874757a4c4ece0,victim,Vulnerable Contract,defihacklabs,NFTTrader,2023-12-16,2026-09-30T05:51:20,https://github.com/SunWeb3Sec/DeFiHackLabs/blob/main/src/test/2023-12/NFTTrader_exp.sol
ETH,0xb1edf2a0ba8bc789cbc3dfbe519737cada034d2d,unknown,,defihacklabs,NFTTrader,2023-12-16,2026-09-30T05:51:20,https://github.com/SunWeb3Sec/DeFiHackLabs/blob/main/src/test/2023-12/NFTTrader_exp.sol
ETH,0x871f28e58f2a0906e4a56a82aec7f005b411f5c5,unknown,,defihacklabs,NFTTrader,2023-12-16,2026-09-30T05:51:20,https://github.com/SunWeb3Sec/DeFiHackLabs/blob/main/src/test/2023-12/NFTTrader_exp.sol
ETH,0xc310e760778ecbca4c65b6c559874757a4c4ece0,unknown,,defihacklabs,NFTTrader,2023-12-16,2026-09-30T05:51:20,https://github.com/SunWeb3Sec/DeFiHackLabs/blob/main/src/test/2023-12/NFTTrader_exp.sol
BSC,0x90c4c1aa895a086215765ec9639431309633b198,unknown,,defihacklabs,KEST,2023-12-16,2026-09-30T05:51:20,https://github.com/SunWeb3Sec/DeFiHackLabs/blob/main/src/test/2023-12/KEST_exp.sol
BSC,0xc25979956d6f6acfc3702c68dff7a4d871eee4aa,unknown,,defihacklabs,KEST,2023-12-16,2026-09-30T05:51:20,https://github.com/SunWeb3Sec/DeFiHackLabs/blob/main/src/test/2023-12/KEST_exp.sol
BSC,0x7dda132dd57b773a94e27c5caa97834a73510429,unknown,,defihacklabs,KEST,2023-12-16,2026-09-30T05:51:20,https://github.com/SunWeb3Sec/DeFiHackLabs/blob/main/src/test/2023-12/KEST_exp.sol
Ethereum,0x6738fa889ff31f82d9fe8862ec025dbe318f3fde,attacker,Exploiter,defihacklabs,GoodDollar,2023-12-16,2026-09-30T05:51:20,https://github.com/SunWeb3Sec/DeFiHackLabs/blob/main/src/test/2023-12/GoodDollar_exp.sol
Ethereum,0xf06ab383528f51da67e2b2407327731770156ed6,unknown,Attack Contract,defihacklabs,GoodDollar,2023-12-16,2026-09-30T05:51:20,https://github.com/SunWeb3Sec/DeFiHackLabs/blob/main/src/test/2023-12/GoodDollar_exp.sol
Ethereum,0x0c6c80d2061afa35e160f3799411d83bdeea0a5a,victim,Victim Contract,defihacklabs,GoodDollar,2023-12-16,2026-09-30T05:51:20,https://github.com/SunWeb3Sec/DeFiHackLabs/blob/main/src/test/2023-12/GoodDollar_exp.sol
ETH,0x6738fa889ff31f82d9fe8862ec025dbe318f3fde,unknown,,defihacklabs,GoodDollar,2023-12-16,2026-09-30T05:51:20,https://github.com/SunWeb3Sec/DeFiHackLabs/blob/main/src/test/2023-12/GoodDollar_exp.sol
ETH,0xf06ab383528f51da67e2b2407327731770156ed6,unknown,,defihacklabs,GoodDollar,2023-12-16,2026-09-30T05:51:20,https://github.com/SunWeb3Sec/DeFiHackLabs/blob/main/src/test/2023-12/GoodDollar_exp.sol
ETH,0x0c6c80d2061afa35e160f3799411d83bdeea0a5a,unknown,,defihacklabs,GoodDollar,2023-12-16,2026-09-30T05:51:20,https://github.com/SunWeb3Sec/DeFiHackLabs/blob/main/src/test/2023-12/GoodDollar_exp.sol
BSC,0xcb733f075ae67a83a9c5f38a0864596e338a0106,unknown,,defihacklabs,Bob,2023-12-17,2026-09-30T05:51:20,https://github.com/SunWeb3Sec/DeFiHackLabs/blob/main/src/test/2023-12/Bob_exp.sol
BSC,0x0fe1983b8972630c866fe77ad873a66ec598b685,unknown,,defihacklabs,Bob,2023-12-17,2026-09-30T05:51:20,https://github.com/SunWeb3Sec/DeFiHackLabs/blob/main/src/test/2023-12/Bob_exp.sol
BSC,0x10ed43c718714eb63d5aa57b78b54704e256024e,unknown,,defihacklabs,Bob,2023-12-17,2026-09-30T05:51:20,https://github.com/SunWeb3Sec/DeFiHackLabs/blob/main/src/test/2023-12/Bob_exp.sol
Ethereum,0x4d0d746e0f66bf825418e6b3def1a46ec3c0b847,attacker,Attacker,defihacklabs,FloorProtocol,2023-12-17,2026-09-30T05:51:20,https://github.com/SunWeb3Sec/DeFiHackLabs/blob/main/src/test/2023-12/FloorProtocol_exp.sol
Ethereum,0xc538d17a6aacc5271be5f51b891e2e92c8187edd,victim,Vulnerable Contract,defihacklabs,FloorProtocol,2023-12-17,2026-09-30T05:51:20,https://github.com/SunWeb3Sec/DeFiHackLabs/blob/main/src/test/2023-12/FloorProtocol_exp.sol
Ethereum,0xfb9942a119c45adab3980639cd829e57b41449e3,unknown,Other attack txs,defihacklabs,FloorProtocol,2023-12-17,2026-09-30T05:51:20,https://github.com/SunWeb3Sec/DeFiHackLabs/blob/main/src/test/2023-12/FloorProtocol_exp.sol
Ethereum,0xa329b27fbe0f7b7f92060a9e5370fdf03d60e5c4,unknown,https,defihacklabs,FloorProtocol,2023-12-17,2026-09-30T05:51:20,https://github.com/SunWeb3Sec/DeFiHackLabs/blob/main/src/test/2023-12/FloorProtocol_exp.sol
ETH,0x4d0d746e0f66bf825418e6b3def1a46ec3c0b847,unknown,,defihacklabs,FloorProtocol,2023-12-17,2026-09-30T05:51:20,https://github.com/SunWeb3Sec/DeFiHackLabs/blob/main/src/test/2023-12/FloorProtocol_exp.sol
ETH,0x7e5433f02f4bf07c4f2a2d341c450e07d7531428,unknown,,defihacklabs,FloorProtocol,2023-12-17,2026-09-30T05:51:20,https://github.com/SunWeb3Sec/DeFiHackLabs/blob/main/src/test/2023-12/FloorProtocol_exp.sol
ETH,0xc538d17a6aacc5271be5f51b891e2e92c8187edd,unknown,,defihacklabs,FloorProtocol,2023-12-17,2026-09-30T05:51:20,https://github.com/SunWeb3Sec/DeFiHackLabs/blob/main/src/test/2023-12/FloorProtocol_exp.sol
Ethereum,0x05324c970713450ba0bc12efd840034fcb0a4baa,attacker,Attacker,defihacklabs,PineProtocol,2023-12-22,2026-09-30T05:51:20,https://github.com/SunWeb3Sec/DeFiHackLabs/blob/main/src/test/2023-12/PineProtocol_exp.sol
Ethereum,0x1d5586da44328f28bfbbf59b808a87584355b3ef,attacker,Attacker Contract,defihacklabs,PineProtocol,2023-12-22,2026-09-30T05:51:20,https://github.com/SunWeb3Sec/DeFiHackLabs/blob/main/src/test/2023-12/PineProtocol_exp.sol
Ethereum,0x2405913d54fc46eeaf3fb092bfb099f46803872f,victim,Vulnerable Contracts,defihacklabs,PineProtocol,2023-12-22,2026-09-30T05:51:20,https://github.com/SunWeb3Sec/DeFiHackLabs/blob/main/src/test/2023-12/PineProtocol_exp.sol
Ethereum,0xc3f4659588b13f23e09ec54783a3c407e39ad589,unknown,https,defihacklabs,PineProtocol,2023-12-22,2026-09-30T05:51:20,https://github.com/SunWeb3Sec/DeFiHackLabs/blob/main/src/test/2023-12/PineProtocol_exp.sol
ETH,0x05324c970713450ba0bc12efd840034fcb0a4baa,unknown,,defihacklabs,PineProtocol,2023-12-22,2026-09-30T05:51:20,https://github.com/SunWeb3Sec/DeFiHackLabs/blob/main/src/test/2023-12/PineProtocol_exp.sol
ETH,0x1d5586da44328f28bfbbf59b808a87584355b3ef,unknown,,defihacklabs,PineProtocol,2023-12-22,2026-09-30T05:51:20,https://github.com/SunWeb3Sec/DeFiHackLabs/blob/main/src/test/2023-12/PineProtocol_exp.sol
ETH,0x2405913d54fc46eeaf3fb092bfb099f46803872f,unknown,,defihacklabs,PineProtocol,2023-12-22,2026-09-30T05:51:20,https://github.com/SunWeb3Sec/DeFiHackLabs/blob/main/src/test/2023-12/PineProtocol_exp.sol
ETH,0xc3f4659588b13f23e09ec54783a3c407e39ad589,unknown,,defihacklabs,PineProtocol,2023-12-22,2026-09-30T05:51:20,https://github.com/SunWeb3Sec/DeFiHackLabs/blob/main/src/test/2023-12/PineProtocol_exp.sol
Polygon,0xdb4b84f0e601e40a02b54497f26e03ef33f3a5b7,unknown,,defihacklabs,Telcoin,2023-12-25,2026-09-30T05:51:20,https://github.com/SunWeb3Sec/DeFiHackLabs/blob/main/src/test/2023-12/Telcoin_exp.sol
Polygon,0x56bcadff30680ebb540a84d75c182a5dc61981c0,unknown,,defihacklabs,Telcoin,2023-12-25,2026-09-30T05:51:20,https://github.com/SunWeb3Sec/DeFiHackLabs/blob/main/src/test/2023-12/Telcoin_exp.sol
BSC,0x7a62ceb4bdb91950354fc3b6704497dc41b0b57c,unknown,,slowmist,NebulaNode (NNNN),2023-12-28,2026-09-30T05:51:20,https://www.dextools.io/app/cn/bnb/pair-explorer/0x7a62ceb4bdb91950354fc3b6704497dc41b0b57c
Arbitrum,0x0c12acc8e53c6ff7ab3fad5eaa97056ae950288f,unknown,,slowmist,Libra Protocol,2023-12-28,2026-09-30T05:51:20,https://twitter.com/evilcos/status/1740224294494580910
BSC,0x835b45d38cbdccf99e609436ff38e31ac05bc502,unknown,,defihacklabs,DominoTT,2023-12-28,2026-09-30T05:51:20,https://github.com/SunWeb3Sec/DeFiHackLabs/blob/main/src/test/2023-12/DominoTT_exp.sol
BSC,0xaed80b8a821607981e5e58b7a753a3336c0bfd6f,unknown,,defihacklabs,DominoTT,2023-12-28,2026-09-30T05:51:20,https://github.com/SunWeb3Sec/DeFiHackLabs/blob/main/src/test/2023-12/DominoTT_exp.sol
BSC,0x0dabdc92af35615443412a336344c591faed3f90,unknown,,defihacklabs,DominoTT,2023-12-28,2026-09-30T05:51:20,https://github.com/SunWeb3Sec/DeFiHackLabs/blob/main/src/test/2023-12/DominoTT_exp.sol
BSC,0x835b45d38cbdccf99e609436ff38e31ac05bc502,unknown,,defihacklabs,CCV,2023-12-28,2026-09-30T05:51:20,https://github.com/SunWeb3Sec/DeFiHackLabs/blob/main/src/test/2023-12/CCV_exp.sol
BSC,0xb2f22296661ccc5530ebdbabb8264b82e977504d,unknown,,defihacklabs,CCV,2023-12-28,2026-09-30T05:51:20,https://github.com/SunWeb3Sec/DeFiHackLabs/blob/main/src/test/2023-12/CCV_exp.sol
BSC,0x37177ccc66ef919894cef37596bbebd76e7a40b2,unknown,,defihacklabs,CCV,2023-12-28,2026-09-30T05:51:20,https://github.com/SunWeb3Sec/DeFiHackLabs/blob/main/src/test/2023-12/CCV_exp.sol
BSC,0x20395d8e8a11cfd2541b942afdb810b7dcc64681,unknown,,defihacklabs,ChannelsFinance,2023-12-30,2026-09-30T05:51:20,https://github.com/SunWeb3Sec/DeFiHackLabs/blob/main/src/test/2023-12/ChannelsFinance_exp.sol
BSC,0x07e536f23a197f6fb76f42ad01ac2bcdc3bf738e,unknown,,defihacklabs,ChannelsFinance,2023-12-30,2026-09-30T05:51:20,https://github.com/SunWeb3Sec/DeFiHackLabs/blob/main/src/test/2023-12/ChannelsFinance_exp.sol
BSC,0x93790c641d029d1cbd779d87b88f67704b6a8f4c,unknown,,defihacklabs,ChannelsFinance,2023-12-30,2026-09-30T05:51:20,https://github.com/SunWeb3Sec/DeFiHackLabs/blob/main/src/test/2023-12/ChannelsFinance_exp.sol
BSC,0xd227dc77561b58c5a2d2644ac0173152a1a5dc3d,unknown,,defihacklabs,Channels,2023-12-31,2026-09-30T05:51:20,https://github.com/SunWeb3Sec/DeFiHackLabs/blob/main/src/test/2023-12/Channels_exp.sol
BSC,0xa47b9f87173eda364c821234158dda47b03ac217,unknown,,defihacklabs,Channels,2023-12-31,2026-09-30T05:51:20,https://github.com/SunWeb3Sec/DeFiHackLabs/blob/main/src/test/2023-12/Channels_exp.sol
BSC,0xca797539f004c0f9c206678338f820ac38466d4b,unknown,,defihacklabs,Channels,2023-12-31,2026-09-30T05:51:20,https://github.com/SunWeb3Sec/DeFiHackLabs/blob/main/src/test/2023-12/Channels_exp.sol
BSC,0x33e68c922d19d74ce845546a5c12a66ea31385c4,unknown,,defihacklabs,Channels,2023-12-31,2026-09-30T05:51:20,https://github.com/SunWeb3Sec/DeFiHackLabs/blob/main/src/test/2023-12/Channels_exp.sol
Ethereum,0xbf9df575670c739d9bf1424d4913e7244ed3ff66,attacker,Attacker,defihacklabs,CIVNFT,2023-07-08,2026-09-30T05:51:19,https://github.com/SunWeb3Sec/DeFiHackLabs/blob/main/src/test/2023-07/CIVNFT_exp.sol
Ethereum,0x1ae3929e1975043e5443868be91cac12d8cc25ec,unknown,Attack Contract,defihacklabs,CIVNFT,2023-07-08,2026-09-30T05:51:19,https://github.com/SunWeb3Sec/DeFiHackLabs/blob/main/src/test/2023-07/CIVNFT_exp.sol
Ethereum,0xf169bd68ed72b2fdc3c9234833197171aa000580,victim,Vulnerable Contract,defihacklabs,CIVNFT,2023-07-08,2026-09-30T05:51:19,https://github.com/SunWeb3Sec/DeFiHackLabs/blob/main/src/test/2023-07/CIVNFT_exp.sol
ETH,0xbf9df575670c739d9bf1424d4913e7244ed3ff66,unknown,,defihacklabs,CIVNFT,2023-07-08,2026-09-30T05:51:19,https://github.com/SunWeb3Sec/DeFiHackLabs/blob/main/src/test/2023-07/CIVNFT_exp.sol
ETH,0x1ae3929e1975043e5443868be91cac12d8cc25ec,unknown,,defihacklabs,CIVNFT,2023-07-08,2026-09-30T05:51:19,https://github.com/SunWeb3Sec/DeFiHackLabs/blob/main/src/test/2023-07/CIVNFT_exp.sol
ETH,0xf169bd68ed72b2fdc3c9234833197171aa000580,unknown,,defihacklabs,CIVNFT,2023-07-08,2026-09-30T05:51:19,https://github.com/SunWeb3Sec/DeFiHackLabs/blob/main/src/test/2023-07/CIVNFT_exp.sol
Optimism,0xd3641c912a6a4c30338787e3c464420b561a9467,unknown,,defihacklabs,ArcadiaFi,2023-07-10,2026-09-30T05:51:19,https://github.com/SunWeb3Sec/DeFiHackLabs/blob/main/src/test/2023-07/ArcadiaFi_exp.sol
Optimism,0x01a4d9089c243ccaebe40aa224ad0cab573b83c6,unknown,,defihacklabs,ArcadiaFi,2023-07-10,2026-09-30T05:51:19,https://github.com/SunWeb3Sec/DeFiHackLabs/blob/main/src/test/2023-07/ArcadiaFi_exp.sol
Optimism,0x13c0ef5f1996b4f119e9d6c32f5e23e8dc313109,unknown,,defihacklabs,ArcadiaFi,2023-07-10,2026-09-30T05:51:19,https://github.com/SunWeb3Sec/DeFiHackLabs/blob/main/src/test/2023-07/ArcadiaFi_exp.sol
Optimism,0x3ae354d7e49039ccd582f1f3c9e65034ffd17bad,unknown,,defihacklabs,ArcadiaFi,2023-07-10,2026-09-30T05:51:19,https://github.com/SunWeb3Sec/DeFiHackLabs/blob/main/src/test/2023-07/ArcadiaFi_exp.sol
Polygon,0xfd2d3ffb05ad00e61e3c8d8701cb9036b7a16d02,unknown,,defihacklabs,Libertify,2023-07-11,2026-09-30T05:51:19,https://github.com/SunWeb3Sec/DeFiHackLabs/blob/main/src/test/2023-07/Libertify_exp.sol
Polygon,0xdfcdb5a86b167b3a418f3909d6f7a2f2873f2969,unknown,,defihacklabs,Libertify,2023-07-11,2026-09-30T05:51:19,https://github.com/SunWeb3Sec/DeFiHackLabs/blob/main/src/test/2023-07/Libertify_exp.sol
Polygon,0x9c80a455ecaca7025a45f5fa3b85fd6a462a447b,unknown,,defihacklabs,Libertify,2023-07-11,2026-09-30T05:51:19,https://github.com/SunWeb3Sec/DeFiHackLabs/blob/main/src/test/2023-07/Libertify_exp.sol
Arbitrum,0x2f3788f2396127061c46fc07bd0fcb91faace328,unknown,,defihacklabs,RodeoFinance,2023-07-11,2026-09-30T05:51:19,https://github.com/SunWeb3Sec/DeFiHackLabs/blob/main/src/test/2023-07/RodeoFinance_exp.sol
Arbitrum,0xe9544ee39821f72c4fc87a5588522230e340aa54,unknown,,defihacklabs,RodeoFinance,2023-07-11,2026-09-30T05:51:19,https://github.com/SunWeb3Sec/DeFiHackLabs/blob/main/src/test/2023-07/RodeoFinance_exp.sol
Arbitrum,0xf3721d8a2c051643e06bf2646762522fa66100da,unknown,,defihacklabs,RodeoFinance,2023-07-11,2026-09-30T05:51:19,https://github.com/SunWeb3Sec/DeFiHackLabs/blob/main/src/test/2023-07/RodeoFinance_exp.sol
Ethereum,0x1f415255f7e2a8546559a553e962de7bc60d7942,victim,Vulnerable Contract,defihacklabs,WGPT,2023-07-12,2026-09-30T05:51:19,https://github.com/SunWeb3Sec/DeFiHackLabs/blob/main/src/test/2023-07/WGPT_exp.sol
BSC,0xdc459596aed13b9a52fb31e20176a7d430be8b94,unknown,,defihacklabs,WGPT,2023-07-12,2026-09-30T05:51:19,https://github.com/SunWeb3Sec/DeFiHackLabs/blob/main/src/test/2023-07/WGPT_exp.sol
BSC,0x5336a15f27b74f62cc182388c005df419ffb58b8,unknown,,defihacklabs,WGPT,2023-07-12,2026-09-30T05:51:19,https://github.com/SunWeb3Sec/DeFiHackLabs/blob/main/src/test/2023-07/WGPT_exp.sol
ETH,0x1f415255f7e2a8546559a553e962de7bc60d7942,unknown,,defihacklabs,WGPT,2023-07-12,2026-09-30T05:51:19,https://github.com/SunWeb3Sec/DeFiHackLabs/blob/main/src/test/2023-07/WGPT_exp.sol
Ethereum,0xc64afc460290ed3df848f378621b96cb7179521a,attacker,Attacker,defihacklabs,Platypus,2023-07-12,2026-09-30T05:51:19,https://github.com/SunWeb3Sec/DeFiHackLabs/blob/main/src/test/2023-07/Platypus02_exp.sol
ETH,0xc64afc460290ed3df848f378621b96cb7179521a,unknown,,defihacklabs,Platypus,2023-07-12,2026-09-30T05:51:19,https://github.com/SunWeb3Sec/DeFiHackLabs/blob/main/src/test/2023-07/Platypus02_exp.sol
Avalanche,0x16a3c9e492dee1503f46dea84c52c6a0608f1ed8,unknown,,defihacklabs,Platypus,2023-07-12,2026-09-30T05:51:19,https://github.com/SunWeb3Sec/DeFiHackLabs/blob/main/src/test/2023-07/Platypus02_exp.sol
Polygon,0x9c80a455ecaca7025a45f5fa3b85fd6a462a447b,unknown,,defihacklabs,Platypus,2023-07-12,2026-09-30T05:51:19,https://github.com/SunWeb3Sec/DeFiHackLabs/blob/main/src/test/2023-07/Platypus02_exp.sol
Avalanche,0x7e1333a39abed9a5664661957b80ba01d2702b1e,unknown,,defihacklabs,Platypus,2023-07-12,2026-09-30T05:51:19,https://github.com/SunWeb3Sec/DeFiHackLabs/blob/main/src/test/2023-07/Platypus02_exp.sol
Ethereum,0x000000915f1b10b0ef5c4efe696ab65f13f36e74,attacker,Attacker,defihacklabs,USDTStakingContract28,2023-07-15,2026-09-30T05:51:19,https://github.com/SunWeb3Sec/DeFiHackLabs/blob/main/src/test/2023-07/USDTStakingContract28_exp.sol
Ethereum,0xb754ebdba9b009113b4cf445a7cb0fc9227648ad,unknown,Attack Contract,defihacklabs,USDTStakingContract28,2023-07-15,2026-09-30T05:51:19,https://github.com/SunWeb3Sec/DeFiHackLabs/blob/main/src/test/2023-07/USDTStakingContract28_exp.sol
ETH,0x000000915f1b10b0ef5c4efe696ab65f13f36e74,unknown,,defihacklabs,USDTStakingContract28,2023-07-15,2026-09-30T05:51:19,https://github.com/SunWeb3Sec/DeFiHackLabs/blob/main/src/test/2023-07/USDTStakingContract28_exp.sol
ETH,0xb754ebdba9b009113b4cf445a7cb0fc9227648ad,unknown,,defihacklabs,USDTStakingContract28,2023-07-15,2026-09-30T05:51:19,https://github.com/SunWeb3Sec/DeFiHackLabs/blob/main/src/test/2023-07/USDTStakingContract28_exp.sol
BSC,0x3a10408fd7a2b2a43bd14a17c0d4568430b93132,unknown,,defihacklabs,NewFi,2023-07-17,2026-09-30T05:51:19,https://github.com/SunWeb3Sec/DeFiHackLabs/blob/main/src/test/2023-07/NewFi_exp.sol
BSC,0x18703a4fd7b3688607abf25424b6ab304def2512,unknown,,defihacklabs,NewFi,2023-07-17,2026-09-30T05:51:19,https://github.com/SunWeb3Sec/DeFiHackLabs/blob/main/src/test/2023-07/NewFi_exp.sol
BSC,0xb8dc09eec82cab2e86c7edc8dd5882dd92d22411,unknown,,defihacklabs,NewFi,2023-07-17,2026-09-30T05:51:19,https://github.com/SunWeb3Sec/DeFiHackLabs/blob/main/src/test/2023-07/NewFi_exp.sol
BSC,0x9f02c29ad35fd20a51cd48250512a7b7feeb8ed1,unknown,,slowmist,GMETA,2023-07-18,2026-09-30T05:51:19,https://twitter.com/BeosinAlert/status/1681240663868973056
BSC,0xa6566574edc60d7b2adbacedb71d5142cf2677fb,unknown,,defihacklabs,BNO,2023-07-18,2026-09-30T05:51:19,https://github.com/SunWeb3Sec/DeFiHackLabs/blob/main/src/test/2023-07/BNO_exp.sol
BSC,0xd138b9a58d3e5f4be1cd5ec90b66310e241c13cd,unknown,,defihacklabs,BNO,2023-07-18,2026-09-30T05:51:19,https://github.com/SunWeb3Sec/DeFiHackLabs/blob/main/src/test/2023-07/BNO_exp.sol
BSC,0xdca503449899d5649d32175a255a8835a03e4006,unknown,,defihacklabs,BNO,2023-07-18,2026-09-30T05:51:19,https://github.com/SunWeb3Sec/DeFiHackLabs/blob/main/src/test/2023-07/BNO_exp.sol
BSC,0x10703f7114dce7beaf8d23cde4bf72130bb0f56a,unknown,,defihacklabs,APEDAO,2023-07-18,2026-09-30T05:51:19,https://github.com/SunWeb3Sec/DeFiHackLabs/blob/main/src/test/2023-07/ApeDAO_exp.sol
BSC,0x45aa258ad08eeeb841c1c02eca7658f9dd4779c0,unknown,,defihacklabs,APEDAO,2023-07-18,2026-09-30T05:51:19,https://github.com/SunWeb3Sec/DeFiHackLabs/blob/main/src/test/2023-07/ApeDAO_exp.sol
BSC,0xb47955b5b7eaf49c815ebc389850eb576c460092,unknown,,defihacklabs,APEDAO,2023-07-18,2026-09-30T05:51:19,https://github.com/SunWeb3Sec/DeFiHackLabs/blob/main/src/test/2023-07/ApeDAO_exp.sol
BSC,0xcc8617331849962c27f91859578dc91922f6f050,unknown,,defihacklabs,FFIST,2023-07-20,2026-09-30T05:51:19,https://github.com/SunWeb3Sec/DeFiHackLabs/blob/main/src/test/2023-07/FFIST_exp.sol
ETH,0xb31c7b7bdf69554345e47a4393f53c332255c9fb,unknown,,defihacklabs,FFIST,2023-07-20,2026-09-30T05:51:19,https://github.com/SunWeb3Sec/DeFiHackLabs/blob/main/src/test/2023-07/FFIST_exp.sol
BSC,0x80121da952a74c06adc1d7f85a237089b57af347,unknown,,defihacklabs,FFIST,2023-07-20,2026-09-30T05:51:19,https://github.com/SunWeb3Sec/DeFiHackLabs/blob/main/src/test/2023-07/FFIST_exp.sol
BSC,0xe84ef3615b8df94c52e5b6ef21acbf0039b29113,unknown,,defihacklabs,Utopia,2023-07-20,2026-09-30T05:51:19,https://github.com/SunWeb3Sec/DeFiHackLabs/blob/main/src/test/2023-07/Utopia_exp.sol
BSC,0x6191203510c2a6442faecdb6c7bb837a76f02d23,unknown,,defihacklabs,Utopia,2023-07-20,2026-09-30T05:51:19,https://github.com/SunWeb3Sec/DeFiHackLabs/blob/main/src/test/2023-07/Utopia_exp.sol
BSC,0xb1da08c472567eb0ec19639b1822f578d39f3333,unknown,,defihacklabs,Utopia,2023-07-20,2026-09-30T05:51:19,https://github.com/SunWeb3Sec/DeFiHackLabs/blob/main/src/test/2023-07/Utopia_exp.sol
BSC,0x547fb3db0f13eed5d3ff930a0b61ae35b173b4b5,unknown,,defihacklabs,SUT,2023-07-21,2026-09-30T05:51:19,https://github.com/SunWeb3Sec/DeFiHackLabs/blob/main/src/test/2023-07/SUT_exp.sol
BSC,0x9be508ce41ae5795e1ebc247101c40da7d5742db,unknown,,defihacklabs,SUT,2023-07-21,2026-09-30T05:51:19,https://github.com/SunWeb3Sec/DeFiHackLabs/blob/main/src/test/2023-07/SUT_exp.sol
BSC,0xf075c5c7ba59208c0b9c41afccd1f60da9ec9c37,unknown,,defihacklabs,SUT,2023-07-21,2026-09-30T05:51:19,https://github.com/SunWeb3Sec/DeFiHackLabs/blob/main/src/test/2023-07/SUT_exp.sol
Ethereum,0x8d67db0b205e32a5dd96145f022fa18aae7dc8aa,attacker,Attacker,defihacklabs,Conic Finance,2023-07-21,2026-09-30T05:51:19,https://github.com/SunWeb3Sec/DeFiHackLabs/blob/main/src/test/2023-07/Conic_exp.sol
Ethereum,0x743599ba5cfa3ce8c59691af5ef279aaafa2e4eb,unknown,Attack Contract,defihacklabs,Conic Finance,2023-07-21,2026-09-30T05:51:19,https://github.com/SunWeb3Sec/DeFiHackLabs/blob/main/src/test/2023-07/Conic_exp.sol
Ethereum,0xbb787d6243a8d450659e09ea6fd82f1c859691e9,victim,Vulnerable Contract,defihacklabs,Conic Finance,2023-07-21,2026-09-30T05:51:19,https://github.com/SunWeb3Sec/DeFiHackLabs/blob/main/src/test/2023-07/Conic_exp.sol
ETH,0x8d67db0b205e32a5dd96145f022fa18aae7dc8aa,unknown,,defihacklabs,Conic Finance,2023-07-21,2026-09-30T05:51:19,https://github.com/SunWeb3Sec/DeFiHackLabs/blob/main/src/test/2023-07/Conic_exp.sol
ETH,0x743599ba5cfa3ce8c59691af5ef279aaafa2e4eb,unknown,,defihacklabs,Conic Finance,2023-07-21,2026-09-30T05:51:19,https://github.com/SunWeb3Sec/DeFiHackLabs/blob/main/src/test/2023-07/Conic_exp.sol
ETH,0xbb787d6243a8d450659e09ea6fd82f1c859691e9,unknown,,defihacklabs,Conic Finance,2023-07-21,2026-09-30T05:51:19,https://github.com/SunWeb3Sec/DeFiHackLabs/blob/main/src/test/2023-07/Conic_exp.sol
ETH,0x040a96659fd7118259ebcd547771f6ecb9580d17,unknown,,rekt,AlphaPo,2023-07-22,2026-09-30T05:51:19,https://rekt.news/alphapo-rekt
ETH,0x6d2e8a20b8afa88d92406d315b67822c01e53c38,unknown,,rekt,AlphaPo,2023-07-22,2026-09-30T05:51:19,https://rekt.news/alphapo-rekt
ETH,0xde374094C837D192B61972172740BDAfc4eE16E0,unknown,,rekt,AlphaPo,2023-07-22,2026-09-30T05:51:19,https://rekt.news/alphapo-rekt
TRX,TKSitnfTLVMRbJsF1i2UH5hNUeHLDrXDiY,unknown,,rekt,AlphaPo,2023-07-22,2026-09-30T05:51:19,https://rekt.news/alphapo-rekt
TRX,TDoNAZHa7WxarUAFbQUhiijTGtd7EpbzRh,unknown,,rekt,AlphaPo,2023-07-22,2026-09-30T05:51:19,https://rekt.news/alphapo-rekt
TRX,TJF7mdFxDuHB4tb9hoyR4SCpKxk7gr23ym,unknown,,rekt,AlphaPo,2023-07-22,2026-09-30T05:51:19,https://rekt.news/alphapo-rekt
Ethereum,0xb6369f59fc24117b16742c9dfe064894d03b3b80,attacker,Attacker,defihacklabs,Conic Finance 02,2023-07-22,2026-09-30T05:51:19,https://github.com/SunWeb3Sec/DeFiHackLabs/blob/main/src/test/2023-07/Conic02_exp.sol
Ethereum,0x486cb3f61771ed5483691dd65f4186da9e37c68e,unknown,Attack Contract,defihacklabs,Conic Finance 02,2023-07-22,2026-09-30T05:51:19,https://github.com/SunWeb3Sec/DeFiHackLabs/blob/main/src/test/2023-07/Conic02_exp.sol
Ethereum,0x369cbc5c6f139b1132d3b91b87241b37fc5b971f,victim,Vulnerable Contract,defihacklabs,Conic Finance 02,2023-07-22,2026-09-30T05:51:19,https://github.com/SunWeb3Sec/DeFiHackLabs/blob/main/src/test/2023-07/Conic02_exp.sol
ETH,0xb6369f59fc24117b16742c9dfe064894d03b3b80,unknown,,defihacklabs,Conic Finance 02,2023-07-22,2026-09-30T05:51:19,https://github.com/SunWeb3Sec/DeFiHackLabs/blob/main/src/test/2023-07/Conic02_exp.sol
ETH,0x486cb3f61771ed5483691dd65f4186da9e37c68e,unknown,,defihacklabs,Conic Finance 02,2023-07-22,2026-09-30T05:51:19,https://github.com/SunWeb3Sec/DeFiHackLabs/blob/main/src/test/2023-07/Conic02_exp.sol
ETH,0x369cbc5c6f139b1132d3b91b87241b37fc5b971f,unknown,,defihacklabs,Conic Finance 02,2023-07-22,2026-09-30T05:51:19,https://github.com/SunWeb3Sec/DeFiHackLabs/blob/main/src/test/2023-07/Conic02_exp.sol
BSC,0xc5001f60db92afcc23177a6c6b440a4226cb58bf,unknown,,defihacklabs,MintoFinance,2023-07-23,2026-09-30T05:51:19,https://github.com/SunWeb3Sec/DeFiHackLabs/blob/main/src/test/2023-07/MintoFinance_exp.sol
BSC,0xba91db0b31d60c45e0b03e6d515e45fcabc7b1cd,unknown,,defihacklabs,MintoFinance,2023-07-23,2026-09-30T05:51:19,https://github.com/SunWeb3Sec/DeFiHackLabs/blob/main/src/test/2023-07/MintoFinance_exp.sol
BSC,0xdbf1c56b2ad121fe705f9b68225378aa6784f3e5,unknown,,defihacklabs,MintoFinance,2023-07-23,2026-09-30T05:51:19,https://github.com/SunWeb3Sec/DeFiHackLabs/blob/main/src/test/2023-07/MintoFinance_exp.sol
BSC,0x0d116ed40831fef8e21ece57c8455ae3b1e4041b,unknown,,defihacklabs,MintoFinance,2023-07-23,2026-09-30T05:51:19,https://github.com/SunWeb3Sec/DeFiHackLabs/blob/main/src/test/2023-07/MintoFinance_exp.sol
BSC,0xf84efa8a9f7e68855cf17eaac9c2f97a9d131366,unknown,,defihacklabs,Palmswap,2023-07-24,2026-09-30T05:51:19,https://github.com/SunWeb3Sec/DeFiHackLabs/blob/main/src/test/2023-07/Palmswap_exp.sol
BSC,0x55252a6d50bfad0e5f1009541284c783686f7f25,unknown,,defihacklabs,Palmswap,2023-07-24,2026-09-30T05:51:19,https://github.com/SunWeb3Sec/DeFiHackLabs/blob/main/src/test/2023-07/Palmswap_exp.sol
BSC,0xd990094a611c3de34664dd3664ebf979a1230fc1,unknown,,defihacklabs,Palmswap,2023-07-24,2026-09-30T05:51:19,https://github.com/SunWeb3Sec/DeFiHackLabs/blob/main/src/test/2023-07/Palmswap_exp.sol
BSC,0x25bcbbb92c2ae9d0c6f4db814e46fd5c632e2bd3,unknown,,defihacklabs,Carson,2023-07-26,2026-09-30T05:51:19,https://github.com/SunWeb3Sec/DeFiHackLabs/blob/main/src/test/2023-07/Carson_exp.sol
BSC,0x9cffc95e742d22c1446a3d22e656bb23835a38ac,unknown,,defihacklabs,Carson,2023-07-26,2026-09-30T05:51:19,https://github.com/SunWeb3Sec/DeFiHackLabs/blob/main/src/test/2023-07/Carson_exp.sol
BSC,0xee08d6c3a983eb22d7137022f0e9f5e7d4cf0be2,unknown,,rekt,DeFiLabs,2023-07-27,2026-09-30T05:51:19,https://rekt.news/defilabs-rekt
ETH,0xdEDbd1804569F369e33e453Ee311F0F97dCd0Bde,unknown,,rekt,DeFiLabs,2023-07-27,2026-09-30T05:51:19,https://rekt.news/defilabs-rekt
BSC,0x53ccFbC90A3fCDAfe9a2a50F798bEE7CcB5461b6,unknown,,rekt,DeFiLabs,2023-07-27,2026-09-30T05:51:19,https://rekt.news/defilabs-rekt
Ethereum,0x6ec21d1868743a44318c3c259a6d4953f9978538,attacker,Attacker,defihacklabs,Curve,2023-07-30,2026-09-30T05:51:19,https://github.com/SunWeb3Sec/DeFiHackLabs/blob/main/src/test/2023-07/Curve_exp01.sol
Ethereum,0x466b85b49ec0c5c1eb402d5ea3c4b88864ea0f04,unknown,Attack Contract,defihacklabs,Curve,2023-07-30,2026-09-30T05:51:19,https://github.com/SunWeb3Sec/DeFiHackLabs/blob/main/src/test/2023-07/Curve_exp01.sol
Ethereum,0x6326debbaa15bcfe603d831e7d75f4fc10d9b43e,victim,Vulnerable Contract,defihacklabs,Curve,2023-07-30,2026-09-30T05:51:19,https://github.com/SunWeb3Sec/DeFiHackLabs/blob/main/src/test/2023-07/Curve_exp01.sol
ETH,0x6ec21d1868743a44318c3c259a6d4953f9978538,unknown,,defihacklabs,Curve,2023-07-30,2026-09-30T05:51:19,https://github.com/SunWeb3Sec/DeFiHackLabs/blob/main/src/test/2023-07/Curve_exp01.sol
ETH,0x466b85b49ec0c5c1eb402d5ea3c4b88864ea0f04,unknown,,defihacklabs,Curve,2023-07-30,2026-09-30T05:51:19,https://github.com/SunWeb3Sec/DeFiHackLabs/blob/main/src/test/2023-07/Curve_exp01.sol
ETH,0x6326debbaa15bcfe603d831e7d75f4fc10d9b43e,unknown,,defihacklabs,Curve,2023-07-30,2026-09-30T05:51:19,https://github.com/SunWeb3Sec/DeFiHackLabs/blob/main/src/test/2023-07/Curve_exp01.sol
BSC,0x97eace4702217c1fea71cf6b79647a8ad5ddb0eb,unknown,,defihacklabs,GYMNET,2023-07-31,2026-09-30T05:51:19,https://github.com/SunWeb3Sec/DeFiHackLabs/blob/main/src/test/2023-07/GYMNET_exp.sol
BSC,0xb8f83f38e262f28f4e7d80aa5a0216378e92baf2,unknown,,defihacklabs,GYMNET,2023-07-31,2026-09-30T05:51:19,https://github.com/SunWeb3Sec/DeFiHackLabs/blob/main/src/test/2023-07/GYMNET_exp.sol
BSC,0x6b869795937dd2b6f4e03d5a0ffd07a8ad8c095b,unknown,,defihacklabs,GYMNET,2023-07-31,2026-09-30T05:51:19,https://github.com/SunWeb3Sec/DeFiHackLabs/blob/main/src/test/2023-07/GYMNET_exp.sol
Base,0x705f736145bb9d4a4a186f4595907b60815085c3,unknown,,defihacklabs,LeetSwap,2023-08-01,2026-09-30T05:51:19,https://github.com/SunWeb3Sec/DeFiHackLabs/blob/main/src/test/2023-08/Leetswap_exp.sol
Base,0xea8f89f47f3d4293897b4fe8cb69b5c233b9f560,unknown,,defihacklabs,LeetSwap,2023-08-01,2026-09-30T05:51:19,https://github.com/SunWeb3Sec/DeFiHackLabs/blob/main/src/test/2023-08/Leetswap_exp.sol
Base,0x94dac4a3ce998143aa119c05460731da80ad90cf,unknown,,defihacklabs,LeetSwap,2023-08-01,2026-09-30T05:51:19,https://github.com/SunWeb3Sec/DeFiHackLabs/blob/main/src/test/2023-08/Leetswap_exp.sol
Ethereum,0x6057a831d43c395198a10cf2d7d6d6a063b1fce4,attacker,Attacker,defihacklabs,Uwerx,2023-08-02,2026-09-30T05:51:19,https://github.com/SunWeb3Sec/DeFiHackLabs/blob/main/src/test/2023-08/Uwerx_exp.sol
Ethereum,0xda2ccfc4557ba55eada3cbebd0aeffcf97fc14ca,unknown,Attack Contract,defihacklabs,Uwerx,2023-08-02,2026-09-30T05:51:19,https://github.com/SunWeb3Sec/DeFiHackLabs/blob/main/src/test/2023-08/Uwerx_exp.sol
Ethereum,0x4306b12f8e824ce1fa9604bbd88f2ad4f0fe3c54,victim,Vulnerable Contract,defihacklabs,Uwerx,2023-08-02,2026-09-30T05:51:19,https://github.com/SunWeb3Sec/DeFiHackLabs/blob/main/src/test/2023-08/Uwerx_exp.sol
ETH,0x6057a831d43c395198a10cf2d7d6d6a063b1fce4,unknown,,defihacklabs,Uwerx,2023-08-02,2026-09-30T05:51:19,https://github.com/SunWeb3Sec/DeFiHackLabs/blob/main/src/test/2023-08/Uwerx_exp.sol
ETH,0xda2ccfc4557ba55eada3cbebd0aeffcf97fc14ca,unknown,,defihacklabs,Uwerx,2023-08-02,2026-09-30T05:51:19,https://github.com/SunWeb3Sec/DeFiHackLabs/blob/main/src/test/2023-08/Uwerx_exp.sol
ETH,0x4306b12f8e824ce1fa9604bbd88f2ad4f0fe3c54,unknown,,defihacklabs,Uwerx,2023-08-02,2026-09-30T05:51:19,https://github.com/SunWeb3Sec/DeFiHackLabs/blob/main/src/test/2023-08/Uwerx_exp.sol
Ethereum,0xccc526e2433db1eebb9cbf6acd7f03a19408278c,attacker,Attacker,defihacklabs,CurveBurner,2023-08-02,2026-09-30T05:51:19,https://github.com/SunWeb3Sec/DeFiHackLabs/blob/main/src/test/2023-08/CurveBurner_exp.sol
Ethereum,0x915dff6707bea63daea1b41aa5d37353229066ba,unknown,Attack Contract,defihacklabs,CurveBurner,2023-08-02,2026-09-30T05:51:19,https://github.com/SunWeb3Sec/DeFiHackLabs/blob/main/src/test/2023-08/CurveBurner_exp.sol
Ethereum,0x786b374b5eef874279f4b7b4de16940e57301a58,victim,Vulnerable Contract,defihacklabs,CurveBurner,2023-08-02,2026-09-30T05:51:19,https://github.com/SunWeb3Sec/DeFiHackLabs/blob/main/src/test/2023-08/CurveBurner_exp.sol
ETH,0xccc526e2433db1eebb9cbf6acd7f03a19408278c,unknown,,defihacklabs,CurveBurner,2023-08-02,2026-09-30T05:51:19,https://github.com/SunWeb3Sec/DeFiHackLabs/blob/main/src/test/2023-08/CurveBurner_exp.sol
ETH,0x915dff6707bea63daea1b41aa5d37353229066ba,unknown,,defihacklabs,CurveBurner,2023-08-02,2026-09-30T05:51:19,https://github.com/SunWeb3Sec/DeFiHackLabs/blob/main/src/test/2023-08/CurveBurner_exp.sol
ETH,0x786b374b5eef874279f4b7b4de16940e57301a58,unknown,,defihacklabs,CurveBurner,2023-08-02,2026-09-30T05:51:19,https://github.com/SunWeb3Sec/DeFiHackLabs/blob/main/src/test/2023-08/CurveBurner_exp.sol
SOL,HHm4wK91XvL3hhEC4hQHo544rtvkaKohQPc59TvZeC71,unknown,,slowmist,Cypher,2023-08-07,2026-09-30T05:51:19,https://twitter.com/cypher_protocol/status/1688641036476731393
Ethereum,0xee4b3dd20902fa3539706f25005fa51d3b7bdf1b,attacker,Attacker,defihacklabs,EarningFram,2023-08-09,2026-09-30T05:51:19,https://github.com/SunWeb3Sec/DeFiHackLabs/blob/main/src/test/2023-08/EarningFram_exp.sol
Ethereum,0xfe141c32e36ba7601d128f0c39dedbe0f6abb983,unknown,Attack Contract,defihacklabs,EarningFram,2023-08-09,2026-09-30T05:51:19,https://github.com/SunWeb3Sec/DeFiHackLabs/blob/main/src/test/2023-08/EarningFram_exp.sol
Ethereum,0x863e572b215fd67c855d973f870266cf827aea5e,victim,Vulnerable Contract,defihacklabs,EarningFram,2023-08-09,2026-09-30T05:51:19,https://github.com/SunWeb3Sec/DeFiHackLabs/blob/main/src/test/2023-08/EarningFram_exp.sol
ETH,0xee4b3dd20902fa3539706f25005fa51d3b7bdf1b,unknown,,defihacklabs,EarningFram,2023-08-09,2026-09-30T05:51:19,https://github.com/SunWeb3Sec/DeFiHackLabs/blob/main/src/test/2023-08/EarningFram_exp.sol
ETH,0xfe141c32e36ba7601d128f0c39dedbe0f6abb983,unknown,,defihacklabs,EarningFram,2023-08-09,2026-09-30T05:51:19,https://github.com/SunWeb3Sec/DeFiHackLabs/blob/main/src/test/2023-08/EarningFram_exp.sol
ETH,0x863e572b215fd67c855d973f870266cf827aea5e,unknown,,defihacklabs,EarningFram,2023-08-09,2026-09-30T05:51:19,https://github.com/SunWeb3Sec/DeFiHackLabs/blob/main/src/test/2023-08/EarningFram_exp.sol
Ethereum,0x5f4c21c9bb73c8b4a296cc256c0cde324db146df,attacker,Attacker,defihacklabs,ZunamiProtocol,2023-08-14,2026-09-30T05:51:19,https://github.com/SunWeb3Sec/DeFiHackLabs/blob/main/src/test/2023-08/Zunami_exp.sol
Ethereum,0xa21a2b59d80dc42d332f778cbb9ea127100e5d75,unknown,Attack Contract,defihacklabs,ZunamiProtocol,2023-08-14,2026-09-30T05:51:19,https://github.com/SunWeb3Sec/DeFiHackLabs/blob/main/src/test/2023-08/Zunami_exp.sol
Ethereum,0xb40b6608b2743e691c9b54ddbdee7bf03cd79f1c,victim,Vulnerable Contract,defihacklabs,ZunamiProtocol,2023-08-14,2026-09-30T05:51:19,https://github.com/SunWeb3Sec/DeFiHackLabs/blob/main/src/test/2023-08/Zunami_exp.sol
ETH,0x5f4c21c9bb73c8b4a296cc256c0cde324db146df,unknown,,defihacklabs,ZunamiProtocol,2023-08-14,2026-09-30T05:51:19,https://github.com/SunWeb3Sec/DeFiHackLabs/blob/main/src/test/2023-08/Zunami_exp.sol
ETH,0xa21a2b59d80dc42d332f778cbb9ea127100e5d75,unknown,,defihacklabs,ZunamiProtocol,2023-08-14,2026-09-30T05:51:19,https://github.com/SunWeb3Sec/DeFiHackLabs/blob/main/src/test/2023-08/Zunami_exp.sol
ETH,0xb40b6608b2743e691c9b54ddbdee7bf03cd79f1c,unknown,,defihacklabs,ZunamiProtocol,2023-08-14,2026-09-30T05:51:19,https://github.com/SunWeb3Sec/DeFiHackLabs/blob/main/src/test/2023-08/Zunami_exp.sol
Optimism,0x3747dbbcb5c07786a4c59883e473a2e38f571af9,unknown,,rekt,Exactly Protocol,2023-08-18,2026-09-30T05:51:19,https://rekt.news/exactly-protocol-rekt
ETH,0xe4f34a72d7c18b6f666d6ca53fbc3790bc9da042,unknown,,rekt,Exactly Protocol,2023-08-18,2026-09-30T05:51:19,https://rekt.news/exactly-protocol-rekt
Optimism,0x417179df13ba3ed138b0a58eaa0c3813430a20e0,unknown,,rekt,Exactly Protocol,2023-08-18,2026-09-30T05:51:19,https://rekt.news/exactly-protocol-rekt
Optimism,0x6dd61c69415c8ecab3fefd80d079435ead1a5b4d,unknown,,rekt,Exactly Protocol,2023-08-18,2026-09-30T05:51:19,https://rekt.news/exactly-protocol-rekt
Optimism,0x3747dbbcb5c07786a4c59883e473a2e38f571af9,unknown,,defihacklabs,ExactlyProtocol,2023-08-18,2026-09-30T05:51:19,https://github.com/SunWeb3Sec/DeFiHackLabs/blob/main/src/test/2023-08/Exactly_exp.sol
Optimism,0x6dd61c69415c8ecab3fefd80d079435ead1a5b4d,unknown,,defihacklabs,ExactlyProtocol,2023-08-18,2026-09-30T05:51:19,https://github.com/SunWeb3Sec/DeFiHackLabs/blob/main/src/test/2023-08/Exactly_exp.sol
Optimism,0x16748cb753a68329ca2117a7647aa590317ebf41,unknown,,defihacklabs,ExactlyProtocol,2023-08-18,2026-09-30T05:51:19,https://github.com/SunWeb3Sec/DeFiHackLabs/blob/main/src/test/2023-08/Exactly_exp.sol
Ethereum,0x6ce9fa08f139f5e48bc607845e57efe9aa34c9f6,attacker,Attacker,defihacklabs,BTC20,2023-08-19,2026-09-30T05:51:19,https://github.com/SunWeb3Sec/DeFiHackLabs/blob/main/src/test/2023-08/BTC20_exp.sol
Ethereum,0xb7fbf984a50cd7c66e6da3448d68d9f3b7f24f33,unknown,Attack Contract,defihacklabs,BTC20,2023-08-19,2026-09-30T05:51:19,https://github.com/SunWeb3Sec/DeFiHackLabs/blob/main/src/test/2023-08/BTC20_exp.sol
ETH,0x6ce9fa08f139f5e48bc607845e57efe9aa34c9f6,unknown,,defihacklabs,BTC20,2023-08-19,2026-09-30T05:51:19,https://github.com/SunWeb3Sec/DeFiHackLabs/blob/main/src/test/2023-08/BTC20_exp.sol
ETH,0xb7fbf984a50cd7c66e6da3448d68d9f3b7f24f33,unknown,,defihacklabs,BTC20,2023-08-19,2026-09-30T05:51:19,https://github.com/SunWeb3Sec/DeFiHackLabs/blob/main/src/test/2023-08/BTC20_exp.sol
BSC,0x2266362f414Bf2476C5465dc2eA953Fe2A99AE1c,unknown,,slowmist,"Fake ""LayerZero"" Token",2023-08-21,2026-09-30T05:51:19,https://bscscan.com/address/0x2266362f414Bf2476C5465dc2eA953Fe2A99AE1c
Ethereum,0x0195448a9c4adeaf27002c6051c949f3c3234bb5,attacker,Attacker,defihacklabs,EHIVE,2023-08-21,2026-09-30T05:51:19,https://github.com/SunWeb3Sec/DeFiHackLabs/blob/main/src/test/2023-08/EHIVE_exp.sol
Ethereum,0x98c2e1e85f8bf737d9c1450dd26d4a4bf880b892,attacker,Attacker Contract,defihacklabs,EHIVE,2023-08-21,2026-09-30T05:51:19,https://github.com/SunWeb3Sec/DeFiHackLabs/blob/main/src/test/2023-08/EHIVE_exp.sol
Ethereum,0x4ae2cd1f5b8806a973953b76f9ce6d5fab9cdcfd,victim,Vulnerable Contract,defihacklabs,EHIVE,2023-08-21,2026-09-30T05:51:19,https://github.com/SunWeb3Sec/DeFiHackLabs/blob/main/src/test/2023-08/EHIVE_exp.sol
ETH,0x0195448a9c4adeaf27002c6051c949f3c3234bb5,unknown,,defihacklabs,EHIVE,2023-08-21,2026-09-30T05:51:19,https://github.com/SunWeb3Sec/DeFiHackLabs/blob/main/src/test/2023-08/EHIVE_exp.sol
ETH,0x98c2e1e85f8bf737d9c1450dd26d4a4bf880b892,unknown,,defihacklabs,EHIVE,2023-08-21,2026-09-30T05:51:19,https://github.com/SunWeb3Sec/DeFiHackLabs/blob/main/src/test/2023-08/EHIVE_exp.sol
ETH,0x4ae2cd1f5b8806a973953b76f9ce6d5fab9cdcfd,unknown,,defihacklabs,EHIVE,2023-08-21,2026-09-30T05:51:19,https://github.com/SunWeb3Sec/DeFiHackLabs/blob/main/src/test/2023-08/EHIVE_exp.sol
BSC,0x84f37f6cc75ccde5fe9ba99093824a11cfdc329d,unknown,,defihacklabs,GSS,2023-08-24,2026-09-30T05:51:19,https://github.com/SunWeb3Sec/DeFiHackLabs/blob/main/src/test/2023-08/GSS_exp.sol
BSC,0x69ed5b59d977695650ec4b29e61c0faa8cc0ed5c,unknown,,defihacklabs,GSS,2023-08-24,2026-09-30T05:51:19,https://github.com/SunWeb3Sec/DeFiHackLabs/blob/main/src/test/2023-08/GSS_exp.sol
Ethereum,0xed187f37e5ad87d5b3b2624c01de56c5862b7a9b,attacker,Attacker,defihacklabs,Balancer,2023-08-27,2026-09-30T05:51:19,https://github.com/SunWeb3Sec/DeFiHackLabs/blob/main/src/test/2023-08/Balancer_exp.sol
Ethereum,0x2100dcd8758ab8b89b9b545a43a1e47e8e2944f0,unknown,Attack Contract,defihacklabs,Balancer,2023-08-27,2026-09-30T05:51:19,https://github.com/SunWeb3Sec/DeFiHackLabs/blob/main/src/test/2023-08/Balancer_exp.sol
Ethereum,0x9210f1204b5a24742eba12f710636d76240df3d0,victim,Vulnerable Contract,defihacklabs,Balancer,2023-08-27,2026-09-30T05:51:19,https://github.com/SunWeb3Sec/DeFiHackLabs/blob/main/src/test/2023-08/Balancer_exp.sol
ETH,0xed187f37e5ad87d5b3b2624c01de56c5862b7a9b,unknown,,defihacklabs,Balancer,2023-08-27,2026-09-30T05:51:19,https://github.com/SunWeb3Sec/DeFiHackLabs/blob/main/src/test/2023-08/Balancer_exp.sol
ETH,0x2100dcd8758ab8b89b9b545a43a1e47e8e2944f0,unknown,,defihacklabs,Balancer,2023-08-27,2026-09-30T05:51:19,https://github.com/SunWeb3Sec/DeFiHackLabs/blob/main/src/test/2023-08/Balancer_exp.sol
ETH,0x9210f1204b5a24742eba12f710636d76240df3d0,unknown,,defihacklabs,Balancer,2023-08-27,2026-09-30T05:51:19,https://github.com/SunWeb3Sec/DeFiHackLabs/blob/main/src/test/2023-08/Balancer_exp.sol
BSC,0x27e981348c2d1f5b2227c182a9d0ed46eed84946,unknown,,defihacklabs,EAC,2023-08-29,2026-09-30T05:51:19,https://github.com/SunWeb3Sec/DeFiHackLabs/blob/main/src/test/2023-08/EAC_exp.sol
BSC,0x20dcf125f0563417d257b98a116c3fea4f0b2db2,unknown,,defihacklabs,EAC,2023-08-29,2026-09-30T05:51:19,https://github.com/SunWeb3Sec/DeFiHackLabs/blob/main/src/test/2023-08/EAC_exp.sol
Ethereum,0x7d9bc45a9abda926a7ce63f78759dbfa9ed72e26,attacker,Attacker,defihacklabs,DAppSocial,2023-09-02,2026-09-30T05:51:19,https://github.com/SunWeb3Sec/DeFiHackLabs/blob/main/src/test/2023-09/DAppSocial_exp.sol
Ethereum,0x319ec3ad98cf8b12a8be5719fec6e0a9bb1ad0d1,victim,Vulnerable Contract,defihacklabs,DAppSocial,2023-09-02,2026-09-30T05:51:19,https://github.com/SunWeb3Sec/DeFiHackLabs/blob/main/src/test/2023-09/DAppSocial_exp.sol
ETH,0x7d9bc45a9abda926a7ce63f78759dbfa9ed72e26,unknown,,defihacklabs,DAppSocial,2023-09-02,2026-09-30T05:51:19,https://github.com/SunWeb3Sec/DeFiHackLabs/blob/main/src/test/2023-09/DAppSocial_exp.sol
ETH,0xe897c0f9443785f8d4f0fa6e92a81066b3fbfee2,unknown,,defihacklabs,DAppSocial,2023-09-02,2026-09-30T05:51:19,https://github.com/SunWeb3Sec/DeFiHackLabs/blob/main/src/test/2023-09/DAppSocial_exp.sol
ETH,0xa8c6e7352b13815f6bfa87c7ffaaa6e3a7bfa849,unknown,,defihacklabs,DAppSocial,2023-09-02,2026-09-30T05:51:19,https://github.com/SunWeb3Sec/DeFiHackLabs/blob/main/src/test/2023-09/DAppSocial_exp.sol
ETH,0x319ec3ad98cf8b12a8be5719fec6e0a9bb1ad0d1,unknown,,defihacklabs,DAppSocial,2023-09-02,2026-09-30T05:51:19,https://github.com/SunWeb3Sec/DeFiHackLabs/blob/main/src/test/2023-09/DAppSocial_exp.sol
ETH,0x3130662aece32f05753d00a7b95c0444150bcd3c,unknown,,rekt,Stake,2023-09-04,2026-09-30T05:51:19,https://rekt.news/stake-rekt
Polygon,0xfe3f568d58919b14aff72bd3f14e6f55bec6c4e0,unknown,,rekt,Stake,2023-09-04,2026-09-30T05:51:19,https://rekt.news/stake-rekt
BSC,0x4464e91002c63a623a8a218bd5dd1f041b61ec04,unknown,,rekt,Stake,2023-09-04,2026-09-30T05:51:19,https://rekt.news/stake-rekt
Ethereum,0x4453aed57c23a50d887a42ad0cd14ff1b819c750,attacker,Attacker,defihacklabs,FloorDAO,2023-09-05,2026-09-30T05:51:19,https://github.com/SunWeb3Sec/DeFiHackLabs/blob/main/src/test/2023-09/FloorDAO_exp.sol
Ethereum,0x6ce5a85cff4c70591da82de5eb91c3fa38b40595,unknown,Attack Contract,defihacklabs,FloorDAO,2023-09-05,2026-09-30T05:51:19,https://github.com/SunWeb3Sec/DeFiHackLabs/blob/main/src/test/2023-09/FloorDAO_exp.sol
ETH,0x4453aed57c23a50d887a42ad0cd14ff1b819c750,unknown,,defihacklabs,FloorDAO,2023-09-05,2026-09-30T05:51:19,https://github.com/SunWeb3Sec/DeFiHackLabs/blob/main/src/test/2023-09/FloorDAO_exp.sol
ETH,0x6ce5a85cff4c70591da82de5eb91c3fa38b40595,unknown,,defihacklabs,FloorDAO,2023-09-05,2026-09-30T05:51:19,https://github.com/SunWeb3Sec/DeFiHackLabs/blob/main/src/test/2023-09/FloorDAO_exp.sol
Ethereum,0x6ce9fa08f139f5e48bc607845e57efe9aa34c9f6,attacker,Attacker,defihacklabs,HeavensGate,2023-09-05,2026-09-30T05:51:19,https://github.com/SunWeb3Sec/DeFiHackLabs/blob/main/src/test/2023-09/HeavensGate_exp.sol
Ethereum,0x8faa53a742fc732b04db4090a21e955fe5c230be,unknown,Attack Contract,defihacklabs,HeavensGate,2023-09-05,2026-09-30T05:51:19,https://github.com/SunWeb3Sec/DeFiHackLabs/blob/main/src/test/2023-09/HeavensGate_exp.sol
Ethereum,0x38702e5c98ba4ad4b786d5a075a5c74694cd616d,unknown,Attack Contract,defihacklabs,HeavensGate,2023-09-05,2026-09-30T05:51:19,https://github.com/SunWeb3Sec/DeFiHackLabs/blob/main/src/test/2023-09/HeavensGate_exp.sol
ETH,0x6ce9fa08f139f5e48bc607845e57efe9aa34c9f6,unknown,,defihacklabs,HeavensGate,2023-09-05,2026-09-30T05:51:19,https://github.com/SunWeb3Sec/DeFiHackLabs/blob/main/src/test/2023-09/HeavensGate_exp.sol
ETH,0x8faa53a742fc732b04db4090a21e955fe5c230be,unknown,,defihacklabs,HeavensGate,2023-09-05,2026-09-30T05:51:19,https://github.com/SunWeb3Sec/DeFiHackLabs/blob/main/src/test/2023-09/HeavensGate_exp.sol
ETH,0x38702e5c98ba4ad4b786d5a075a5c74694cd616d,unknown,,defihacklabs,HeavensGate,2023-09-05,2026-09-30T05:51:19,https://github.com/SunWeb3Sec/DeFiHackLabs/blob/main/src/test/2023-09/HeavensGate_exp.sol
Ethereum,0x6CE9fa08F139F5e48bc607845E57efE9AA34C9F6,attacker,Attacker,defihacklabs,JumpFarm,2023-09-05,2026-09-30T05:51:19,https://github.com/SunWeb3Sec/DeFiHackLabs/blob/main/src/test/2023-09/JumpFarm_exp.sol
Ethereum,0x154863eb71De4a34F88Ea57450840eAB1c71abA6,unknown,Attack Contract,defihacklabs,JumpFarm,2023-09-05,2026-09-30T05:51:19,https://github.com/SunWeb3Sec/DeFiHackLabs/blob/main/src/test/2023-09/JumpFarm_exp.sol
ETH,0x6CE9fa08F139F5e48bc607845E57efE9AA34C9F6,unknown,,defihacklabs,JumpFarm,2023-09-05,2026-09-30T05:51:19,https://github.com/SunWeb3Sec/DeFiHackLabs/blob/main/src/test/2023-09/JumpFarm_exp.sol
ETH,0x154863eb71De4a34F88Ea57450840eAB1c71abA6,unknown,,defihacklabs,JumpFarm,2023-09-05,2026-09-30T05:51:19,https://github.com/SunWeb3Sec/DeFiHackLabs/blob/main/src/test/2023-09/JumpFarm_exp.sol
Ethereum,0x6ce9fa08f139f5e48bc607845e57efe9aa34c9f6,attacker,Attacker,defihacklabs,QuantumWN,2023-09-05,2026-09-30T05:51:19,https://github.com/SunWeb3Sec/DeFiHackLabs/blob/main/src/test/2023-09/QuantumWN_exp.sol
Ethereum,0x154863eb71de4a34f88ea57450840eab1c71aba6,unknown,Attack Contract,defihacklabs,QuantumWN,2023-09-05,2026-09-30T05:51:19,https://github.com/SunWeb3Sec/DeFiHackLabs/blob/main/src/test/2023-09/QuantumWN_exp.sol
ETH,0x6ce9fa08f139f5e48bc607845e57efe9aa34c9f6,unknown,,defihacklabs,QuantumWN,2023-09-05,2026-09-30T05:51:19,https://github.com/SunWeb3Sec/DeFiHackLabs/blob/main/src/test/2023-09/QuantumWN_exp.sol
ETH,0x154863eb71de4a34f88ea57450840eab1c71aba6,unknown,,defihacklabs,QuantumWN,2023-09-05,2026-09-30T05:51:19,https://github.com/SunWeb3Sec/DeFiHackLabs/blob/main/src/test/2023-09/QuantumWN_exp.sol
BSC,0x4C75a1f37a820376C74535f57e05C75052A3B077,unknown,,slowmist,Fake Helio Protocol,2023-09-06,2026-09-30T05:51:19,https://bscscan.com/address/0x4c75a1f37a820376c74535f57e05c75052a3b077
BSC,0x0FDfcfc398Ccc90124a0a41d920d6e2d0bD8CcF5,unknown,,slowmist,HCT Token,2023-09-07,2026-09-30T05:51:19,https://twitter.com/leo_web3sec/status/1699775506785198499
BSC,0xbFDf31187Ea84651414545eDEA0a27104D514a70,unknown,,slowmist,Fake Patex,2023-09-07,2026-09-30T05:51:19,https://bscscan.com/address/0xbfdf31187ea84651414545edea0a27104d514a70
BSC,0xc892d5576c65e5b0db194c1a28aa758a43bb42a5,unknown,,defihacklabs,HCT,2023-09-07,2026-09-30T05:51:19,https://github.com/SunWeb3Sec/DeFiHackLabs/blob/main/src/test/2023-09/HCT_exp.sol
ETH,0xd7a2fc756e1053b152f90990129f94c573e006fd,unknown,,defihacklabs,HCT,2023-09-07,2026-09-30T05:51:19,https://github.com/SunWeb3Sec/DeFiHackLabs/blob/main/src/test/2023-09/HCT_exp.sol
BSC,0x73d80500b30a6ca840bfab0234409d98cf588089,unknown,,defihacklabs,APIG,2023-09-08,2026-09-30T05:51:19,https://github.com/SunWeb3Sec/DeFiHackLabs/blob/main/src/test/2023-09/APIG_exp.sol
BSC,0xfdc6a621861ed2a846ab475c623e13764f6a5ad0,unknown,,defihacklabs,APIG,2023-09-08,2026-09-30T05:51:19,https://github.com/SunWeb3Sec/DeFiHackLabs/blob/main/src/test/2023-09/APIG_exp.sol
BSC,0x7cb74265e3e2d2b707122bf45aea66137c6c8891,unknown,,defihacklabs,BFCToken,2023-09-09,2026-09-30T05:51:19,https://github.com/SunWeb3Sec/DeFiHackLabs/blob/main/src/test/2023-09/BFCToken_exp.sol
BSC,0x9180981034364f683ea25bcce0cff5e03a595bef,unknown,,defihacklabs,BFCToken,2023-09-09,2026-09-30T05:51:19,https://github.com/SunWeb3Sec/DeFiHackLabs/blob/main/src/test/2023-09/BFCToken_exp.sol
BSC,0x595eac4a0ce9b7175a99094680fbe55a774b5464,unknown,,defihacklabs,BFCToken,2023-09-09,2026-09-30T05:51:19,https://github.com/SunWeb3Sec/DeFiHackLabs/blob/main/src/test/2023-09/BFCToken_exp.sol
BSC,0x595eac4a0ce9b7175a99094680fbe55a774b5464,unknown,,slowmist,BFCToken,2023-09-10,2026-09-30T05:51:19,https://bscscan.com/address/0x595eac4a0ce9b7175a99094680fbe55a774b5464
BSC,0x2025273c4B985a00bc60E871a9031a12FF216F9B,unknown,,slowmist,Base (TBA),2023-09-11,2026-09-30T05:51:19,https://bscscan.com/address/0x2025273c4B985a00bc60E871a9031a12FF216F9B
BSC,0x6d3503d16Bb93a7d9b47F510C7568868F2BFcCEf,unknown,,slowmist,Base (TBA),2023-09-11,2026-09-30T05:51:19,https://bscscan.com/address/0x2025273c4B985a00bc60E871a9031a12FF216F9B
Ethereum,0xcf28e9b8aa557616bc24cc9557ffa7fa2c013d53,attacker,Attacker,defihacklabs,0x0DEX,2023-09-11,2026-09-30T05:51:19,https://github.com/SunWeb3Sec/DeFiHackLabs/blob/main/src/test/2023-09/0x0DEX_exp.sol
Ethereum,0xc44ea7650b27f83a6b310a8fed9e9daf2864a65b,attacker,Attacker Contract,defihacklabs,0x0DEX,2023-09-11,2026-09-30T05:51:19,https://github.com/SunWeb3Sec/DeFiHackLabs/blob/main/src/test/2023-09/0x0DEX_exp.sol
Ethereum,0x29d2bcf0d70f95ce16697e645e2b76d218d66109,victim,Vulnerable Contract,defihacklabs,0x0DEX,2023-09-11,2026-09-30T05:51:19,https://github.com/SunWeb3Sec/DeFiHackLabs/blob/main/src/test/2023-09/0x0DEX_exp.sol
ETH,0xcf28e9b8aa557616bc24cc9557ffa7fa2c013d53,unknown,,defihacklabs,0x0DEX,2023-09-11,2026-09-30T05:51:19,https://github.com/SunWeb3Sec/DeFiHackLabs/blob/main/src/test/2023-09/0x0DEX_exp.sol
ETH,0xc44ea7650b27f83a6b310a8fed9e9daf2864a65b,unknown,,defihacklabs,0x0DEX,2023-09-11,2026-09-30T05:51:19,https://github.com/SunWeb3Sec/DeFiHackLabs/blob/main/src/test/2023-09/0x0DEX_exp.sol
ETH,0x29d2bcf0d70f95ce16697e645e2b76d218d66109,unknown,,defihacklabs,0x0DEX,2023-09-11,2026-09-30T05:51:19,https://github.com/SunWeb3Sec/DeFiHackLabs/blob/main/src/test/2023-09/0x0DEX_exp.sol
ETH,0x8bf8cd7F001D0584F98F53a3d82eD0bA498cC3dE,unknown,,rekt,CoinEx,2023-09-12,2026-09-30T05:51:19,https://rekt.news/coinex-rekt
ETH,0x483D88278Cbc0C9105c4807d558E06782AEFf584,unknown,,rekt,CoinEx,2023-09-12,2026-09-30T05:51:19,https://rekt.news/coinex-rekt
ETH,0xCC1AE485b617c59a7c577C02cd07078a2bcCE454,unknown,,rekt,CoinEx,2023-09-12,2026-09-30T05:51:19,https://rekt.news/coinex-rekt
BSC,0x6953704e753C6FD70Eb6B083313089e4FC258A20,unknown,,rekt,CoinEx,2023-09-12,2026-09-30T05:51:19,https://rekt.news/coinex-rekt
Arbitrum,0xfEec9F846E2FE529B765d832EBa988a399Fe3cD6,unknown,,rekt,CoinEx,2023-09-12,2026-09-30T05:51:19,https://rekt.news/coinex-rekt
Polygon,0x4515bE0067E60d8e49b2425D37e61c791C9B95e9,unknown,,rekt,CoinEx,2023-09-12,2026-09-30T05:51:19,https://rekt.news/coinex-rekt
ETH,0x964c192e54E5eF4176626875BB53071956579fca,unknown,,rekt,CoinEx,2023-09-12,2026-09-30T05:51:19,https://rekt.news/coinex-rekt
TRX,TPFUjxQzG88Vwynrpj2W61ZAkQ9W2QYgAQ,unknown,,rekt,CoinEx,2023-09-12,2026-09-30T05:51:19,https://rekt.news/coinex-rekt
BTC,1DSvdmVZGKpCxAR4XexkywxM1whbcvHzbA,unknown,,rekt,CoinEx,2023-09-12,2026-09-30T05:51:19,https://rekt.news/coinex-rekt
BTC,15VY3MadZvLpXhjzFXwCUmtZcHszju6L9,unknown,,rekt,CoinEx,2023-09-12,2026-09-30T05:51:19,https://rekt.news/coinex-rekt
ETH,0x74530e81e9f4715c720b6b237f682cd0e298b66c,unknown,,rekt,Remitano,2023-09-14,2026-09-30T05:51:19,https://rekt.news/remitano-rekt
TRX,TEDNf1aqk8YJEUdNH9NRd4MqibZmdP49Fm,unknown,,rekt,Remitano,2023-09-14,2026-09-30T05:51:19,https://rekt.news/remitano-rekt
BSC,0xddd00e04cd2e26221cc3c2c7f4781a87e4c79818,unknown,,slowmist,Fake BitGo Token,2023-09-16,2026-09-30T05:51:19,https://bscscan.com/address/0xaf85ef92dc34593e2a1d6c65c2a857ad36f1a4d6
BSC,0xaf85ef92dc34593e2a1d6c65c2a857ad36f1a4d6,unknown,,slowmist,Fake BitGo Token,2023-09-16,2026-09-30T05:51:19,https://bscscan.com/address/0xaf85ef92dc34593e2a1d6c65c2a857ad36f1a4d6
Ethereum,0x92cfcb70b2591ceb1e3c6d90e21e8154e7d29832,attacker,Attacker,defihacklabs,uniclyNFT,2023-09-16,2026-09-30T05:51:19,https://github.com/SunWeb3Sec/DeFiHackLabs/blob/main/src/test/2023-09/uniclyNFT_exp.sol
Ethereum,0x9d9820f10772ffcef842770b6581c07a97fed9e4,attacker,Attacker Contract,defihacklabs,uniclyNFT,2023-09-16,2026-09-30T05:51:19,https://github.com/SunWeb3Sec/DeFiHackLabs/blob/main/src/test/2023-09/uniclyNFT_exp.sol
Ethereum,0xd3c41c85be295607e8ea5c58487ec5894300ee67,victim,Vulnerable Contract,defihacklabs,uniclyNFT,2023-09-16,2026-09-30T05:51:19,https://github.com/SunWeb3Sec/DeFiHackLabs/blob/main/src/test/2023-09/uniclyNFT_exp.sol
ETH,0x92cfcb70b2591ceb1e3c6d90e21e8154e7d29832,unknown,,defihacklabs,uniclyNFT,2023-09-16,2026-09-30T05:51:19,https://github.com/SunWeb3Sec/DeFiHackLabs/blob/main/src/test/2023-09/uniclyNFT_exp.sol
ETH,0x9d9820f10772ffcef842770b6581c07a97fed9e4,unknown,,defihacklabs,uniclyNFT,2023-09-16,2026-09-30T05:51:19,https://github.com/SunWeb3Sec/DeFiHackLabs/blob/main/src/test/2023-09/uniclyNFT_exp.sol
ETH,0xd3c41c85be295607e8ea5c58487ec5894300ee67,unknown,,defihacklabs,uniclyNFT,2023-09-16,2026-09-30T05:51:19,https://github.com/SunWeb3Sec/DeFiHackLabs/blob/main/src/test/2023-09/uniclyNFT_exp.sol
BSC,0xaDD62696db2c2fb7DE8e0f07F422e03BF69646A2,unknown,,slowmist,BNBpay,2023-09-21,2026-09-30T05:51:19,https://bscscan.com/address/0xaDD62696db2c2fb7DE8e0f07F422e03BF69646A2
Ethereum,0x060c169c4517d52c4be9a1dd53e41a3328d16f04,attacker,Attacker,defihacklabs,CEXISWAP,2023-09-21,2026-09-30T05:51:19,https://github.com/SunWeb3Sec/DeFiHackLabs/blob/main/src/test/2023-09/CEXISWAP_exp.sol
Ethereum,0xb8a5890d53df78dee6182a6c0968696e827e3305,victim,Vulnerable Contract,defihacklabs,CEXISWAP,2023-09-21,2026-09-30T05:51:19,https://github.com/SunWeb3Sec/DeFiHackLabs/blob/main/src/test/2023-09/CEXISWAP_exp.sol
ETH,0x060c169c4517d52c4be9a1dd53e41a3328d16f04,unknown,,defihacklabs,CEXISWAP,2023-09-21,2026-09-30T05:51:19,https://github.com/SunWeb3Sec/DeFiHackLabs/blob/main/src/test/2023-09/CEXISWAP_exp.sol
ETH,0x8c425ee62d18b65cc975767c27c42de548d133a1,unknown,,defihacklabs,CEXISWAP,2023-09-21,2026-09-30T05:51:19,https://github.com/SunWeb3Sec/DeFiHackLabs/blob/main/src/test/2023-09/CEXISWAP_exp.sol
ETH,0xb8a5890d53df78dee6182a6c0968696e827e3305,unknown,,defihacklabs,CEXISWAP,2023-09-21,2026-09-30T05:51:19,https://github.com/SunWeb3Sec/DeFiHackLabs/blob/main/src/test/2023-09/CEXISWAP_exp.sol
BSC,0x626b596dd10467ea969179235123f884e133074a,unknown,,slowmist,BEAST,2023-09-22,2026-09-30T05:51:19,https://bscscan.com/address/0x626b596dd10467ea969179235123f884e133074a
BSC,0x1ED990bdcAEf4B13b01F4996dDe59EcD04F1343A,unknown,,slowmist,DUO,2023-09-23,2026-09-30T05:51:19,https://bscscan.com/address/0x1ED990bdcAEf4B13b01F4996dDe59EcD04F1343A
ETH,0x52E86988bd07447C596e9B0C7765F8500113104c,unknown,,rekt,Mixin Network,2023-09-23,2026-09-30T05:51:19,https://rekt.news/mixin-rekt
ETH,0x3B5fb9d9da3546e9CE6E5AA3CCEca14C8D20041e,unknown,,rekt,Mixin Network,2023-09-23,2026-09-30T05:51:19,https://rekt.news/mixin-rekt
ETH,0xB5d631A74AD9c9efcF96d6e9e2fAbcB75C67Eafa,unknown,,rekt,Mixin Network,2023-09-23,2026-09-30T05:51:19,https://rekt.news/mixin-rekt
BTC,bc1qq7uefmz6nng5c4dzs9mwrxxyh9sxg5cjg85hes,unknown,,rekt,Mixin Network,2023-09-23,2026-09-30T05:51:19,https://rekt.news/mixin-rekt
BSC,0xc98E183D2e975F0567115CB13AF893F0E3c0d0bD,unknown,,slowmist,KUB-Split (Split),2023-09-24,2026-09-30T05:51:19,https://bscscan.com/address/0xc98e183d2e975f0567115cb13af893f0e3c0d0bd
BSC,0x7ccf451d3c48c8bb747f42f29a0cde4209ff863e,unknown,,defihacklabs,KubSplit,2023-09-24,2026-09-30T05:51:19,https://github.com/SunWeb3Sec/DeFiHackLabs/blob/main/src/test/2023-09/Kub_Split_exp.sol
BSC,0xa7fe9c5d4b87b0d03e9bb99f4b4e76785de26b5d,unknown,,defihacklabs,KubSplit,2023-09-24,2026-09-30T05:51:19,https://github.com/SunWeb3Sec/DeFiHackLabs/blob/main/src/test/2023-09/Kub_Split_exp.sol
BSC,0xc98e183d2e975f0567115cb13af893f0e3c0d0bd,unknown,,defihacklabs,KubSplit,2023-09-24,2026-09-30T05:51:19,https://github.com/SunWeb3Sec/DeFiHackLabs/blob/main/src/test/2023-09/Kub_Split_exp.sol
BSC,0xae7607dE0F0665220E77b76E18d94965076e684c,unknown,,slowmist,Fake Justus Token,2023-09-25,2026-09-30T05:51:19,https://bscscan.com/address/0xae7607de0f0665220e77b76e18d94965076e684c
BSC,0xbfBcB8BDE20cc6886877DD551b337833F3e0d96d,unknown,,slowmist,XSDWETHpool,2023-09-26,2026-09-30T05:51:19,https://bscscan.com/address/0xbfbcb8bde20cc6886877dd551b337833f3e0d96d
BSC,0x506eebd8d6061202a8e8fc600bb3d5d41f475ee1,unknown,,defihacklabs,XSDWETHpool,2023-09-26,2026-09-30T05:51:19,https://github.com/SunWeb3Sec/DeFiHackLabs/blob/main/src/test/2023-09/XSDWETHpool_exp.sol
BSC,0x202e059a16d29a2f6ae0307ae3d574746b2b6305,unknown,,defihacklabs,XSDWETHpool,2023-09-26,2026-09-30T05:51:19,https://github.com/SunWeb3Sec/DeFiHackLabs/blob/main/src/test/2023-09/XSDWETHpool_exp.sol
BSC,0xfadda925e10d07430f5d7461689fd90d3d81bb48,unknown,,defihacklabs,XSDWETHpool,2023-09-26,2026-09-30T05:51:19,https://github.com/SunWeb3Sec/DeFiHackLabs/blob/main/src/test/2023-09/XSDWETHpool_exp.sol
BSC,0xd06fa1BA7c80F8e113c2dc669A23A9524775cF19,unknown,,slowmist,DKP,2023-09-29,2026-09-30T05:51:19,https://bscscan.com/address/0xd06fa1ba7c80f8e113c2dc669a23a9524775cf19
BSC,0x09039e2082a0a815908e68bd52b86f96573768e8,unknown,,defihacklabs,DEXRouter,2023-09-29,2026-09-30T05:51:19,https://github.com/SunWeb3Sec/DeFiHackLabs/blob/main/src/test/2023-09/DEXRouter_exp.sol
BSC,0x0f41f9146de354e5ac6bb3996e2e319dc8a3bb7f,unknown,,defihacklabs,DEXRouter,2023-09-29,2026-09-30T05:51:19,https://github.com/SunWeb3Sec/DeFiHackLabs/blob/main/src/test/2023-09/DEXRouter_exp.sol
BSC,0x1f7cf218b46e613d1ba54cac11dc1b5368d94fb7,unknown,,defihacklabs,DEXRouter,2023-09-29,2026-09-30T05:51:19,https://github.com/SunWeb3Sec/DeFiHackLabs/blob/main/src/test/2023-09/DEXRouter_exp.sol
Polygon,0x8e83cd1bad00cf933b86214aaaab4db56abf68aa,unknown,,defihacklabs,FireBirdPair,2023-09-30,2026-09-30T05:51:19,https://github.com/SunWeb3Sec/DeFiHackLabs/blob/main/src/test/2023-09/FireBirdPair_exp.sol
Polygon,0x22b1a115b16395e5ebd50f4f82aef3a159e1c6d1,unknown,,defihacklabs,FireBirdPair,2023-09-30,2026-09-30T05:51:19,https://github.com/SunWeb3Sec/DeFiHackLabs/blob/main/src/test/2023-09/FireBirdPair_exp.sol
Polygon,0x5e9cd0861f927adeccfeb2c0124879b277dd66ac,unknown,,defihacklabs,FireBirdPair,2023-09-30,2026-09-30T05:51:19,https://github.com/SunWeb3Sec/DeFiHackLabs/blob/main/src/test/2023-09/FireBirdPair_exp.sol
BSC,0x14ac066ac2CD24CBdE31f78659c11F13aB61E4e7,unknown,,slowmist,Fake EigenLayer Token,2023-10-01,2026-09-30T05:51:19,https://bscscan.com/address/0x14ac066ac2CD24CBdE31f78659c11F13aB61E4e7
Ethereum,0x7f284235aef122215c46656163f39212ffa77ed9,attacker,Attacker,defihacklabs,DePayRouter,2023-10-05,2026-09-30T05:51:19,https://github.com/SunWeb3Sec/DeFiHackLabs/blob/main/src/test/2023-10/DePayRouter_exp.sol
Ethereum,0xba2aa7426ec6529c25a38679478645b2db5fa19b,unknown,Attack Contract,defihacklabs,DePayRouter,2023-10-05,2026-09-30T05:51:19,https://github.com/SunWeb3Sec/DeFiHackLabs/blob/main/src/test/2023-10/DePayRouter_exp.sol
Ethereum,0xae60ac8e69414c2dc362d0e6a03af643d1d85b92,victim,Vulnerable Contract,defihacklabs,DePayRouter,2023-10-05,2026-09-30T05:51:19,https://github.com/SunWeb3Sec/DeFiHackLabs/blob/main/src/test/2023-10/DePayRouter_exp.sol
ETH,0x7f284235aef122215c46656163f39212ffa77ed9,unknown,,defihacklabs,DePayRouter,2023-10-05,2026-09-30T05:51:19,https://github.com/SunWeb3Sec/DeFiHackLabs/blob/main/src/test/2023-10/DePayRouter_exp.sol
ETH,0xba2aa7426ec6529c25a38679478645b2db5fa19b,unknown,,defihacklabs,DePayRouter,2023-10-05,2026-09-30T05:51:19,https://github.com/SunWeb3Sec/DeFiHackLabs/blob/main/src/test/2023-10/DePayRouter_exp.sol
ETH,0xae60ac8e69414c2dc362d0e6a03af643d1d85b92,unknown,,defihacklabs,DePayRouter,2023-10-05,2026-09-30T05:51:19,https://github.com/SunWeb3Sec/DeFiHackLabs/blob/main/src/test/2023-10/DePayRouter_exp.sol
BSC,0xD1C3ee0f845bCc38a8cB9Dc5337dFd5a372Bb8Ed,unknown,,slowmist,Fake CommEx Token,2023-10-06,2026-09-30T05:51:19,https://bscscan.com/address/0xD1C3ee0f845bCc38a8cB9Dc5337dFd5a372Bb8Ed
Avalanche,0xa2Ebf3FCD757e9BE1E58B643b6B5077D11b4ad7A,unknown,,rekt,Stars Arena,2023-10-07,2026-09-30T05:51:19,https://rekt.news/stars-arena-rekt
Avalanche,0xa2ebf3fcd757e9be1e58b643b6b5077d11b4ad7a,unknown,,defihacklabs,StarsArena,2023-10-07,2026-09-30T05:51:19,https://github.com/SunWeb3Sec/DeFiHackLabs/blob/main/src/test/2023-10/StarsArena_exp.sol
Avalanche,0x7f283edc5ec7163de234e6a97fdfb16ff2d2c7ac,unknown,,defihacklabs,StarsArena,2023-10-07,2026-09-30T05:51:19,https://github.com/SunWeb3Sec/DeFiHackLabs/blob/main/src/test/2023-10/StarsArena_exp.sol
Avalanche,0xa481b139a1a654ca19d2074f174f17d7534e8cec,unknown,,defihacklabs,StarsArena,2023-10-07,2026-09-30T05:51:19,https://github.com/SunWeb3Sec/DeFiHackLabs/blob/main/src/test/2023-10/StarsArena_exp.sol
Ethereum,0xea75aec151f968b8de3789ca201a2a3a7faeefba,attacker,Attacker,defihacklabs,pSeudoEth,2023-10-08,2026-09-30T05:51:19,https://github.com/SunWeb3Sec/DeFiHackLabs/blob/main/src/test/2023-10/pSeudoEth_exp.sol
Ethereum,0xf88d1d6d9db9a39dbbfc4b101cecc495bb0636f8,unknown,Attack Contract,defihacklabs,pSeudoEth,2023-10-08,2026-09-30T05:51:19,https://github.com/SunWeb3Sec/DeFiHackLabs/blob/main/src/test/2023-10/pSeudoEth_exp.sol
Ethereum,0x2033b54b6789a963a02bfcbd40a46816770f1161,victim,Vulnerable Contract,defihacklabs,pSeudoEth,2023-10-08,2026-09-30T05:51:19,https://github.com/SunWeb3Sec/DeFiHackLabs/blob/main/src/test/2023-10/pSeudoEth_exp.sol
ETH,0xea75aec151f968b8de3789ca201a2a3a7faeefba,unknown,,defihacklabs,pSeudoEth,2023-10-08,2026-09-30T05:51:19,https://github.com/SunWeb3Sec/DeFiHackLabs/blob/main/src/test/2023-10/pSeudoEth_exp.sol
ETH,0xf88d1d6d9db9a39dbbfc4b101cecc495bb0636f8,unknown,,defihacklabs,pSeudoEth,2023-10-08,2026-09-30T05:51:19,https://github.com/SunWeb3Sec/DeFiHackLabs/blob/main/src/test/2023-10/pSeudoEth_exp.sol
ETH,0x2033b54b6789a963a02bfcbd40a46816770f1161,unknown,,defihacklabs,pSeudoEth,2023-10-08,2026-09-30T05:51:19,https://github.com/SunWeb3Sec/DeFiHackLabs/blob/main/src/test/2023-10/pSeudoEth_exp.sol
BSC,0x7ccf451d3c48c8bb747f42f29a0cde4209ff863e,unknown,,defihacklabs,ZS,2023-10-08,2026-09-30T05:51:19,https://github.com/SunWeb3Sec/DeFiHackLabs/blob/main/src/test/2023-10/ZS_exp.sol
BSC,0xa905ff8853edc498a2acddfdfac4a56c2c599930,unknown,,defihacklabs,ZS,2023-10-08,2026-09-30T05:51:19,https://github.com/SunWeb3Sec/DeFiHackLabs/blob/main/src/test/2023-10/ZS_exp.sol
BSC,0x12b3b6b1055b8ad1ae8f60a0b6c79a9825bcb4bc,unknown,,defihacklabs,ZS,2023-10-08,2026-09-30T05:51:19,https://github.com/SunWeb3Sec/DeFiHackLabs/blob/main/src/test/2023-10/ZS_exp.sol
BSC,0x9ef72ee68a7c841986a0c60e0fdbae4e27446deb,unknown,,rekt,Lucky Star Currency,2023-10-09,2026-09-30T05:51:19,https://rekt.news/LSC-FSL-rekt
BSC,0x23f8c805306bf27ab8bf3cebece4b778acffd896,unknown,,rekt,Lucky Star Currency,2023-10-09,2026-09-30T05:51:19,https://rekt.news/LSC-FSL-rekt
BSC,0x281b8cb2AE64cd14501fc7Bcd2545be2836B173D,unknown,,rekt,Lucky Star Currency,2023-10-09,2026-09-30T05:51:19,https://rekt.news/LSC-FSL-rekt
BSC,0x7249b903da533358c897784438b87bc94b402352,unknown,,rekt,Lucky Star Currency,2023-10-09,2026-09-30T05:51:19,https://rekt.news/LSC-FSL-rekt
BSC,0x8923881e8cae6684c2bb84d69ae88a9bbbec8d5a,unknown,,rekt,Lucky Star Currency,2023-10-09,2026-09-30T05:51:19,https://rekt.news/LSC-FSL-rekt
BSC,0x48747d325d139b1F9cD29d9381Fb73228B9AFfec,unknown,,slowmist,Fake Bitcoin BSC Token,2023-10-10,2026-09-30T05:51:19,https://bscscan.com/address/0x48747d325d139b1f9cd29d9381fb73228b9affec
BSC,0xA51EA8e037e0a1A391A39Bc8b5CE1EC6533780Df,unknown,,slowmist,Fake Bitcoin BSC Token,2023-10-10,2026-09-30T05:51:19,https://bscscan.com/address/0x48747d325d139b1f9cd29d9381fb73228b9affec
BSC,0xfdbfceea1de360364084a6f37c9cdb7aaea63464,unknown,,defihacklabs,BH,2023-10-11,2026-09-30T05:51:19,https://github.com/SunWeb3Sec/DeFiHackLabs/blob/main/src/test/2023-10/BH_exp.sol
BSC,0x216ccfd4fb3f2267677598f96ef1ff151576480c,unknown,,defihacklabs,BH,2023-10-11,2026-09-30T05:51:19,https://github.com/SunWeb3Sec/DeFiHackLabs/blob/main/src/test/2023-10/BH_exp.sol
BSC,0xcc61cc9f2632314c9d452aca79104ddf680952b5,unknown,,defihacklabs,BH,2023-10-11,2026-09-30T05:51:19,https://github.com/SunWeb3Sec/DeFiHackLabs/blob/main/src/test/2023-10/BH_exp.sol
BSC,0x0a92285241b0ea93Eff4195Db4530AF1a4bcfE0c,unknown,,slowmist,CRYPTO_STREET (CST),2023-10-12,2026-09-30T05:51:19,https://bscscan.com/address/0x0a92285241b0ea93eff4195db4530af1a4bcfe0c
BSC,0xabE6BC5Ca4Ae76251F0cB647F9817E3566EC3D0b,unknown,,slowmist,CRYPTO_STREET (CST),2023-10-12,2026-09-30T05:51:19,https://bscscan.com/address/0x0a92285241b0ea93eff4195db4530af1a4bcfe0c
BSC,0xCC61CC9F2632314c9d452acA79104DDf680952b5,unknown,,slowmist,BH Token (BlackHole token),2023-10-12,2026-09-30T05:51:19,https://bscscan.com/address/0xCC61CC9F2632314c9d452acA79104DDf680952b5
BSC,0xFDbfcEEa1de360364084a6F37C9cdb7AaeA63464,unknown,,slowmist,BH Token (BlackHole token),2023-10-12,2026-09-30T05:51:19,https://bscscan.com/address/0xCC61CC9F2632314c9d452acA79104DDf680952b5
Avalanche,0x0cd4fd0eecd2c5ad24de7f17ae35f9db6ac51ee7,unknown,,rekt,Platypus Finance,2023-10-12,2026-09-30T05:51:19,https://rekt.news/platypus-rekt2
ETH,0x4cfb527f51b391ecb1a5197edc7a38160c261b6f,unknown,,rekt,Platypus Finance,2023-10-12,2026-09-30T05:51:19,https://rekt.news/platypus-rekt2
Avalanche,0x464073f659591507d9255b833d163ef1af5ccc2c,unknown,,rekt,Platypus Finance,2023-10-12,2026-09-30T05:51:19,https://rekt.news/platypus-rekt2
Avalanche,0xf2c444572a402ec83b7cb64e4a9fc2188f0628f2,unknown,,rekt,Platypus Finance,2023-10-12,2026-09-30T05:51:19,https://rekt.news/platypus-rekt2
Avalanche,0x068e297e8ff74115c9e1c4b5b83b700fda5afdeb,unknown,,rekt,Platypus Finance,2023-10-12,2026-09-30T05:51:19,https://rekt.news/platypus-rekt2
Avalanche,0x0cd4fd0eecd2c5ad24de7f17ae35f9db6ac51ee7,unknown,,defihacklabs,Platypus,2023-10-12,2026-09-30T05:51:19,https://github.com/SunWeb3Sec/DeFiHackLabs/blob/main/src/test/2023-10/Platypus03_exp.sol
Avalanche,0x44e251786a699518d6273ea1e027cec27b49d3bd,unknown,,defihacklabs,Platypus,2023-10-12,2026-09-30T05:51:19,https://github.com/SunWeb3Sec/DeFiHackLabs/blob/main/src/test/2023-10/Platypus03_exp.sol
Avalanche,0xe5c84c7630a505b6adf69b5594d0ff7fedd5f447,unknown,,defihacklabs,Platypus,2023-10-12,2026-09-30T05:51:19,https://github.com/SunWeb3Sec/DeFiHackLabs/blob/main/src/test/2023-10/Platypus03_exp.sol
Ethereum,0x3aa228a80f50763045bdfc45012da124bd0a6809,unknown,Attack Contract,defihacklabs,WiseLending,2023-10-13,2026-09-30T05:51:19,https://github.com/SunWeb3Sec/DeFiHackLabs/blob/main/src/test/2023-10/WiseLending_exp.sol
Ethereum,0x84524baa1951247b3a2617a843e6ece915bb9674,victim,Vulnerable Contract,defihacklabs,WiseLending,2023-10-13,2026-09-30T05:51:19,https://github.com/SunWeb3Sec/DeFiHackLabs/blob/main/src/test/2023-10/WiseLending_exp.sol
ETH,0x3aa228a80f50763045bdfc45012da124bd0a6809,unknown,,defihacklabs,WiseLending,2023-10-13,2026-09-30T05:51:19,https://github.com/SunWeb3Sec/DeFiHackLabs/blob/main/src/test/2023-10/WiseLending_exp.sol
ETH,0x84524baa1951247b3a2617a843e6ece915bb9674,unknown,,defihacklabs,WiseLending,2023-10-13,2026-09-30T05:51:19,https://github.com/SunWeb3Sec/DeFiHackLabs/blob/main/src/test/2023-10/WiseLending_exp.sol
Arbitrum,0x4843e00ef4c9f9f6e6ae8d7b0a787f1c60050b01,unknown,,defihacklabs,BelugaDex,2023-10-13,2026-09-30T05:51:19,https://github.com/SunWeb3Sec/DeFiHackLabs/blob/main/src/test/2023-10/BelugaDex_exp.sol
Arbitrum,0x9e8675365366559053f964be5838d5fca008722c,unknown,,defihacklabs,BelugaDex,2023-10-13,2026-09-30T05:51:19,https://github.com/SunWeb3Sec/DeFiHackLabs/blob/main/src/test/2023-10/BelugaDex_exp.sol
Arbitrum,0x15a024061c151045ba483e9243291dee6ee5fd8a,unknown,,defihacklabs,BelugaDex,2023-10-13,2026-09-30T05:51:19,https://github.com/SunWeb3Sec/DeFiHackLabs/blob/main/src/test/2023-10/BelugaDex_exp.sol
BSC,0xf99f2Aec50adFde23cc67aB6240168B0a59f1D30,unknown,,slowmist,Ivy,2023-10-16,2026-09-30T05:51:19,https://bscscan.com/address/0xf99f2aec50adfde23cc67ab6240168b0a59f1d30
BSC,0xcd03ed98868a6cd78096f116a4b56a5f2c67757d,unknown,,defihacklabs,MicDao,2023-10-18,2026-09-30T05:51:19,https://github.com/SunWeb3Sec/DeFiHackLabs/blob/main/src/test/2023-10/MicDao_exp.sol
BSC,0x502b4a51ca7900f391d474268c907b110a277d6f,unknown,,defihacklabs,MicDao,2023-10-18,2026-09-30T05:51:19,https://github.com/SunWeb3Sec/DeFiHackLabs/blob/main/src/test/2023-10/MicDao_exp.sol
BSC,0xf6876f6ab2637774804b85aecc17b434a2b57168,unknown,,defihacklabs,MicDao,2023-10-18,2026-09-30T05:51:19,https://github.com/SunWeb3Sec/DeFiHackLabs/blob/main/src/test/2023-10/MicDao_exp.sol
BSC,0x693dBad5af3AFf43A1fa8d8154fAa527e1765DA4,unknown,,slowmist,The Honest Venture,2023-10-19,2026-09-30T05:51:19,https://bscscan.com/address/0x693dBad5af3AFf43A1fa8d8154fAa527e1765DA4
BSC,0xf6876f6AB2637774804b85aECC17b434a2B57168,unknown,,slowmist,MicDao,2023-10-19,2026-09-30T05:51:19,https://bscscan.com/address/0xf6876f6AB2637774804b85aECC17b434a2B57168
Ethereum,0x9b99d7ce9e39c68ab93348fd31fd4c99f79e4b19,attacker,Attacker,defihacklabs,kTAF,2023-10-19,2026-09-30T05:51:19,https://github.com/SunWeb3Sec/DeFiHackLabs/blob/main/src/test/2023-10/kTAF_exp.sol
Ethereum,0xa6d35c97bd00b99a962393408aaa9eb275a45c5e,unknown,Attack Contract,defihacklabs,kTAF,2023-10-19,2026-09-30T05:51:19,https://github.com/SunWeb3Sec/DeFiHackLabs/blob/main/src/test/2023-10/kTAF_exp.sol
Ethereum,0xf5140fc35c6f94d02d7466f793feb0216082d7e5,unknown,Vuln Contract,defihacklabs,kTAF,2023-10-19,2026-09-30T05:51:19,https://github.com/SunWeb3Sec/DeFiHackLabs/blob/main/src/test/2023-10/kTAF_exp.sol
ETH,0x9b99d7ce9e39c68ab93348fd31fd4c99f79e4b19,unknown,,defihacklabs,kTAF,2023-10-19,2026-09-30T05:51:19,https://github.com/SunWeb3Sec/DeFiHackLabs/blob/main/src/test/2023-10/kTAF_exp.sol
ETH,0xa6d35c97bd00b99a962393408aaa9eb275a45c5e,unknown,,defihacklabs,kTAF,2023-10-19,2026-09-30T05:51:19,https://github.com/SunWeb3Sec/DeFiHackLabs/blob/main/src/test/2023-10/kTAF_exp.sol
ETH,0xf5140fc35c6f94d02d7466f793feb0216082d7e5,unknown,,defihacklabs,kTAF,2023-10-19,2026-09-30T05:51:19,https://github.com/SunWeb3Sec/DeFiHackLabs/blob/main/src/test/2023-10/kTAF_exp.sol
BSC,0xd4e8839f98787eb02fcc7c659497e13b95bf0c4c,unknown,,slowmist,SOMESING (SSX),2023-10-20,2026-09-30T05:51:19,https://bscscan.com/address/0xd4e8839f98787eb02fcc7c659497e13b95bf0c4c
BSC,0xab9cc7f4af96b3f92946b2b5a5d4474a8d40375d,unknown,,slowmist,Fake Celestia (TIA),2023-10-20,2026-09-30T05:51:19,https://bscscan.com/address/0xab9cc7f4af96b3f92946b2b5a5d4474a8d40375d
BSC,0x8ebd046992afe07eacce6b9b3878fdb45830f42b,unknown,,defihacklabs,OpenLeverage,2023-10-22,2026-09-30T05:51:19,https://github.com/SunWeb3Sec/DeFiHackLabs/blob/main/src/test/2023-10/OpenLeverage_exp.sol
BSC,0x5366c6ba729d9cf8d472500afc1a2976ac2fe9ff,unknown,,defihacklabs,OpenLeverage,2023-10-22,2026-09-30T05:51:19,https://github.com/SunWeb3Sec/DeFiHackLabs/blob/main/src/test/2023-10/OpenLeverage_exp.sol
BSC,0x7bacb1c805cbbf7c4f74556a4b34fde7793d0887,unknown,,defihacklabs,OpenLeverage,2023-10-22,2026-09-30T05:51:19,https://github.com/SunWeb3Sec/DeFiHackLabs/blob/main/src/test/2023-10/OpenLeverage_exp.sol
Ethereum,0xce6397e53c13ff2903ffe8735e478d31e648a2c6,attacker,Attacker,defihacklabs,MaestroRouter2,2023-10-24,2026-09-30T05:51:19,https://github.com/SunWeb3Sec/DeFiHackLabs/blob/main/src/test/2023-10/MaestroRouter2_exp.sol
Ethereum,0xc087fbd68b9349b71838982e789e204454bfd00e,unknown,https,defihacklabs,MaestroRouter2,2023-10-24,2026-09-30T05:51:19,https://github.com/SunWeb3Sec/DeFiHackLabs/blob/main/src/test/2023-10/MaestroRouter2_exp.sol
Ethereum,0xede874f9a4333a26e97d3be9d1951e6a3c2a8861,unknown,https,defihacklabs,MaestroRouter2,2023-10-24,2026-09-30T05:51:19,https://github.com/SunWeb3Sec/DeFiHackLabs/blob/main/src/test/2023-10/MaestroRouter2_exp.sol
Ethereum,0xe60c5a3154094828065049121e244dfd362606c2,unknown,https,defihacklabs,MaestroRouter2,2023-10-24,2026-09-30T05:51:19,https://github.com/SunWeb3Sec/DeFiHackLabs/blob/main/src/test/2023-10/MaestroRouter2_exp.sol
Ethereum,0xf4ae22177c3abbb0f21defe51dd14eff68eb1b0c,unknown,https,defihacklabs,MaestroRouter2,2023-10-24,2026-09-30T05:51:19,https://github.com/SunWeb3Sec/DeFiHackLabs/blob/main/src/test/2023-10/MaestroRouter2_exp.sol
Ethereum,0x6cba3a67d6b8de664d860b096c8c558a1d65e5fa,unknown,https,defihacklabs,MaestroRouter2,2023-10-24,2026-09-30T05:51:19,https://github.com/SunWeb3Sec/DeFiHackLabs/blob/main/src/test/2023-10/MaestroRouter2_exp.sol
Ethereum,0xddd1048fe3f2df1fb98e534a97173b32a9fca662,unknown,https,defihacklabs,MaestroRouter2,2023-10-24,2026-09-30T05:51:19,https://github.com/SunWeb3Sec/DeFiHackLabs/blob/main/src/test/2023-10/MaestroRouter2_exp.sol
Ethereum,0xffb4bd29825bdd41adf344028f759692021cbadc,unknown,https,defihacklabs,MaestroRouter2,2023-10-24,2026-09-30T05:51:19,https://github.com/SunWeb3Sec/DeFiHackLabs/blob/main/src/test/2023-10/MaestroRouter2_exp.sol
Ethereum,0xa9948c8f0500a867091a090d12125f88868ac29e,unknown,https,defihacklabs,MaestroRouter2,2023-10-24,2026-09-30T05:51:19,https://github.com/SunWeb3Sec/DeFiHackLabs/blob/main/src/test/2023-10/MaestroRouter2_exp.sol
Ethereum,0xc49499325cb5ad3bf4391ae95855ce2ee2b0222f,unknown,https,defihacklabs,MaestroRouter2,2023-10-24,2026-09-30T05:51:19,https://github.com/SunWeb3Sec/DeFiHackLabs/blob/main/src/test/2023-10/MaestroRouter2_exp.sol
Ethereum,0xcfe1d2b333e1b9da5e2d5f1d7697b628c818cc41,unknown,https,defihacklabs,MaestroRouter2,2023-10-24,2026-09-30T05:51:19,https://github.com/SunWeb3Sec/DeFiHackLabs/blob/main/src/test/2023-10/MaestroRouter2_exp.sol
Ethereum,0x33f6adf410bbd0ae08b0cd44410de1e5b28e5164,unknown,https,defihacklabs,MaestroRouter2,2023-10-24,2026-09-30T05:51:19,https://github.com/SunWeb3Sec/DeFiHackLabs/blob/main/src/test/2023-10/MaestroRouter2_exp.sol
Ethereum,0x4f4d6909a442b4d86f79a9044dcada6a128ddd9f,unknown,https,defihacklabs,MaestroRouter2,2023-10-24,2026-09-30T05:51:19,https://github.com/SunWeb3Sec/DeFiHackLabs/blob/main/src/test/2023-10/MaestroRouter2_exp.sol
ETH,0xce6397e53c13ff2903ffe8735e478d31e648a2c6,unknown,,defihacklabs,MaestroRouter2,2023-10-24,2026-09-30T05:51:19,https://github.com/SunWeb3Sec/DeFiHackLabs/blob/main/src/test/2023-10/MaestroRouter2_exp.sol
ETH,0xe6c6e86e04de96c4e3a29ad480c94e7a471969ab,unknown,,defihacklabs,MaestroRouter2,2023-10-24,2026-09-30T05:51:19,https://github.com/SunWeb3Sec/DeFiHackLabs/blob/main/src/test/2023-10/MaestroRouter2_exp.sol
BSC,0xdc2ce29256a7f44c3a291f8c08d575593455bc39,unknown,,slowmist,Mina Protocol,2023-10-25,2026-09-30T05:51:19,https://bscscan.com/address/0xdc2ce29256a7f44c3a291f8c08d575593455bc39
Ethereum,0x792ec27874e1f614e757a1ae49d00ef5b2c73959,attacker,Attacker,defihacklabs,AstridProtocol,2023-10-28,2026-09-30T05:51:19,https://github.com/SunWeb3Sec/DeFiHackLabs/blob/main/src/test/2023-10/Astrid_exp.sol
Ethereum,0xb2e855411f67378c08f47401eacff37461e16188,unknown,Attack Contract,defihacklabs,AstridProtocol,2023-10-28,2026-09-30T05:51:19,https://github.com/SunWeb3Sec/DeFiHackLabs/blob/main/src/test/2023-10/Astrid_exp.sol
Ethereum,0xbAa87546cF87b5De1b0b52353A86792D40b8BA70,victim,Vulnerable Contract,defihacklabs,AstridProtocol,2023-10-28,2026-09-30T05:51:19,https://github.com/SunWeb3Sec/DeFiHackLabs/blob/main/src/test/2023-10/Astrid_exp.sol
ETH,0x792ec27874e1f614e757a1ae49d00ef5b2c73959,unknown,,defihacklabs,AstridProtocol,2023-10-28,2026-09-30T05:51:19,https://github.com/SunWeb3Sec/DeFiHackLabs/blob/main/src/test/2023-10/Astrid_exp.sol
ETH,0xb2e855411f67378c08f47401eacff37461e16188,unknown,,defihacklabs,AstridProtocol,2023-10-28,2026-09-30T05:51:19,https://github.com/SunWeb3Sec/DeFiHackLabs/blob/main/src/test/2023-10/Astrid_exp.sol
ETH,0xbAa87546cF87b5De1b0b52353A86792D40b8BA70,unknown,,defihacklabs,AstridProtocol,2023-10-28,2026-09-30T05:51:19,https://github.com/SunWeb3Sec/DeFiHackLabs/blob/main/src/test/2023-10/Astrid_exp.sol
SOL,76w4SBe2of2wWUsx2FjkkwD29rRznfvEkBa1upSbTAWH,unknown,,rekt,Nirvana Finance,2022-07-28,2026-09-30T05:51:18,https://rekt.news/nirvana-rekt
SOL,CxuuSEv67PzNkMxqCvHeDUr6HKaadoz8NhTfxbQSJnaG,unknown,,rekt,Nirvana Finance,2022-07-28,2026-09-30T05:51:18,https://rekt.news/nirvana-rekt
Ethereum,0x2c177d20b1b1d68cc85d3215904a7bb6629ca954,attacker,Attacker,defihacklabs,Reaper Farm,2022-08-01,2026-09-30T05:51:18,https://github.com/SunWeb3Sec/DeFiHackLabs/blob/main/src/test/2022-08/ReaperFarm_exp.sol
Fantom,0x8162a5e187128565ace634e76fdd083cb04d0145,unknown,AttackContract,defihacklabs,Reaper Farm,2022-08-01,2026-09-30T05:51:18,https://github.com/SunWeb3Sec/DeFiHackLabs/blob/main/src/test/2022-08/ReaperFarm_exp.sol
Fantom,0xcdA5deA176F2dF95082f4daDb96255Bdb2bc7C7D,victim,VulnerableContract,defihacklabs,Reaper Farm,2022-08-01,2026-09-30T05:51:18,https://github.com/SunWeb3Sec/DeFiHackLabs/blob/main/src/test/2022-08/ReaperFarm_exp.sol
BSC,0x5636e55e4a72299a0f194c001841e2ce75bb527a,unknown,,defihacklabs,Reaper Farm,2022-08-01,2026-09-30T05:51:18,https://github.com/SunWeb3Sec/DeFiHackLabs/blob/main/src/test/2022-08/ReaperFarm_exp.sol
ETH,0x2c177d20b1b1d68cc85d3215904a7bb6629ca954,unknown,,defihacklabs,Reaper Farm,2022-08-01,2026-09-30T05:51:18,https://github.com/SunWeb3Sec/DeFiHackLabs/blob/main/src/test/2022-08/ReaperFarm_exp.sol
ETH,0x8162a5e187128565ace634e76fdd083cb04d0145,unknown,,defihacklabs,Reaper Farm,2022-08-01,2026-09-30T05:51:18,https://github.com/SunWeb3Sec/DeFiHackLabs/blob/main/src/test/2022-08/ReaperFarm_exp.sol
ETH,0xcdA5deA176F2dF95082f4daDb96255Bdb2bc7C7D,unknown,,defihacklabs,Reaper Farm,2022-08-01,2026-09-30T05:51:18,https://github.com/SunWeb3Sec/DeFiHackLabs/blob/main/src/test/2022-08/ReaperFarm_exp.sol
Optimism,0x59cb9f088806e511157a6c92b293e5574531022a,unknown,,defihacklabs,Reaper Farm,2022-08-01,2026-09-30T05:51:18,https://github.com/SunWeb3Sec/DeFiHackLabs/blob/main/src/test/2022-08/ReaperFarm_exp.sol
BSC,0xc010adc2c28a66fbb2107993bf6ede264eca8e54,unknown,,defihacklabs,Reaper Farm,2022-08-01,2026-09-30T05:51:18,https://github.com/SunWeb3Sec/DeFiHackLabs/blob/main/src/test/2022-08/ReaperFarm_exp.sol
Optimism,0x37eedb7ac276bd6c894e81b8937b0b0bab154e22,unknown,,defihacklabs,Reaper Farm,2022-08-01,2026-09-30T05:51:18,https://github.com/SunWeb3Sec/DeFiHackLabs/blob/main/src/test/2022-08/ReaperFarm_exp.sol
Polygon,0x8034aaff3980487a49ca69341d444fcc000088af,unknown,,defihacklabs,Reaper Farm,2022-08-01,2026-09-30T05:51:18,https://github.com/SunWeb3Sec/DeFiHackLabs/blob/main/src/test/2022-08/ReaperFarm_exp.sol
Optimism,0x9e6affa8a14174ca4e931a2d6b7056c41b9beeb6,unknown,,defihacklabs,Reaper Farm,2022-08-01,2026-09-30T05:51:18,https://github.com/SunWeb3Sec/DeFiHackLabs/blob/main/src/test/2022-08/ReaperFarm_exp.sol
SOL,Htp9MGP8Tig923ZFY7Qf2zzbMUmYneFRAhSp7vSg4wxV,unknown,,rekt,Solana,2022-08-02,2026-09-30T05:51:18,https://rekt.news/unsolved-mystery
SOL,CEzN7mqP9xoxn2HdyW6fjEJ73t7qaX9Rp2zyS6hb3iEu,unknown,,rekt,Solana,2022-08-02,2026-09-30T05:51:18,https://rekt.news/unsolved-mystery
SOL,5WwBYgQG6BdErM2nNNyUmQXfcUnB68b6kesxBywh1J3n,unknown,,rekt,Solana,2022-08-02,2026-09-30T05:51:18,https://rekt.news/unsolved-mystery
SOL,GeEccGJ9BEzVbVor1njkBCCiqXJbXVeDHaXDCrBDbmuy,unknown,,rekt,Solana,2022-08-02,2026-09-30T05:51:18,https://rekt.news/unsolved-mystery
Ethereum,0xed26708a7335116bdb0673f32ace7c2f329fe3cd,attacker,Attacker send 0.01 WBTC to NomadBridge,defihacklabs,Nomad Bridge,2022-08-02,2026-09-30T05:51:18,https://github.com/SunWeb3Sec/DeFiHackLabs/blob/main/src/test/2022-08/NomadBridge_exp.sol
Ethereum,0xa5fe9d044e4f3e5aa5bc4c0709333cd2190cba0f,attacker,NomadBridge Process 100 WBTC to Attacker,defihacklabs,Nomad Bridge,2022-08-02,2026-09-30T05:51:18,https://github.com/SunWeb3Sec/DeFiHackLabs/blob/main/src/test/2022-08/NomadBridge_exp.sol
Ethereum,0x88a69b4e698a4b090df6cf5bd7b2d47325ad30a3,unknown,Nomad BridgeRouter Contract,defihacklabs,Nomad Bridge,2022-08-02,2026-09-30T05:51:18,https://github.com/SunWeb3Sec/DeFiHackLabs/blob/main/src/test/2022-08/NomadBridge_exp.sol
Ethereum,0x15fda9f60310d09fea54e3c99d1197dff5107248,unknown,Nomad BridgeRouter Contract,defihacklabs,Nomad Bridge,2022-08-02,2026-09-30T05:51:18,https://github.com/SunWeb3Sec/DeFiHackLabs/blob/main/src/test/2022-08/NomadBridge_exp.sol
Ethereum,0x5d94309e5a0090b165fa4181519701637b6daeba,unknown,Nomad Replica Contract,defihacklabs,Nomad Bridge,2022-08-02,2026-09-30T05:51:18,https://github.com/SunWeb3Sec/DeFiHackLabs/blob/main/src/test/2022-08/NomadBridge_exp.sol
Ethereum,0xb92336759618f55bd0f8313bd843604592e27bd8,victim,Nomad Replica Contract,defihacklabs,Nomad Bridge,2022-08-02,2026-09-30T05:51:18,https://github.com/SunWeb3Sec/DeFiHackLabs/blob/main/src/test/2022-08/NomadBridge_exp.sol
Ethereum,0x2260fac5e5542a773aa44fbcfedf7c193bc2c599,unknown,WBTC Contract,defihacklabs,Nomad Bridge,2022-08-02,2026-09-30T05:51:18,https://github.com/SunWeb3Sec/DeFiHackLabs/blob/main/src/test/2022-08/NomadBridge_exp.sol
ETH,0x88a69b4e698a4b090df6cf5bd7b2d47325ad30a3,unknown,,defihacklabs,Nomad Bridge,2022-08-02,2026-09-30T05:51:18,https://github.com/SunWeb3Sec/DeFiHackLabs/blob/main/src/test/2022-08/NomadBridge_exp.sol
ETH,0x15fda9f60310d09fea54e3c99d1197dff5107248,unknown,,defihacklabs,Nomad Bridge,2022-08-02,2026-09-30T05:51:18,https://github.com/SunWeb3Sec/DeFiHackLabs/blob/main/src/test/2022-08/NomadBridge_exp.sol
ETH,0x5d94309e5a0090b165fa4181519701637b6daeba,unknown,,defihacklabs,Nomad Bridge,2022-08-02,2026-09-30T05:51:18,https://github.com/SunWeb3Sec/DeFiHackLabs/blob/main/src/test/2022-08/NomadBridge_exp.sol
ETH,0xb92336759618f55bd0f8313bd843604592e27bd8,unknown,,defihacklabs,Nomad Bridge,2022-08-02,2026-09-30T05:51:18,https://github.com/SunWeb3Sec/DeFiHackLabs/blob/main/src/test/2022-08/NomadBridge_exp.sol
ETH,0x2260fac5e5542a773aa44fbcfedf7c193bc2c599,unknown,,defihacklabs,Nomad Bridge,2022-08-02,2026-09-30T05:51:18,https://github.com/SunWeb3Sec/DeFiHackLabs/blob/main/src/test/2022-08/NomadBridge_exp.sol
BSC,0x2723e1f6a9a3cd003fd395cc46882e4573cb249f,unknown,,defihacklabs,Qixi,2022-08-03,2026-09-30T05:51:18,https://github.com/SunWeb3Sec/DeFiHackLabs/blob/main/src/test/2022-08/Qixi_exp.sol
ETH,0xb7b0fe129fefa222efd4eb1f6bef9de339339bbb,unknown,,defihacklabs,Qixi,2022-08-03,2026-09-30T05:51:18,https://github.com/SunWeb3Sec/DeFiHackLabs/blob/main/src/test/2022-08/Qixi_exp.sol
BSC,0xde703797fe9219b0485fb31eda627aa182b1601e,unknown,,defihacklabs,EtnProduct,2022-08-04,2026-09-30T05:51:18,https://github.com/SunWeb3Sec/DeFiHackLabs/blob/main/src/test/2022-08/EtnProduct_exp.sol
BSC,0x178bf96e303fb31aef1b586271a63acd33e4eaf7,unknown,,defihacklabs,EtnProduct,2022-08-04,2026-09-30T05:51:18,https://github.com/SunWeb3Sec/DeFiHackLabs/blob/main/src/test/2022-08/EtnProduct_exp.sol
BSC,0xee0221d76504aec40f63ad7e36855eebf5ea5edd,unknown,,defihacklabs,EGD Finance,2022-08-07,2026-09-30T05:51:18,https://github.com/SunWeb3Sec/DeFiHackLabs/blob/main/src/test/2022-08/EGD_Finance_exp.sol
BSC,0xc30808d9373093fbfcec9e026457c6a9dab706a7,unknown,,defihacklabs,EGD Finance,2022-08-07,2026-09-30T05:51:18,https://github.com/SunWeb3Sec/DeFiHackLabs/blob/main/src/test/2022-08/EGD_Finance_exp.sol
BSC,0x34bd6dba456bc31c2b3393e499fa10bed32a9370,unknown,,defihacklabs,EGD Finance,2022-08-07,2026-09-30T05:51:18,https://github.com/SunWeb3Sec/DeFiHackLabs/blob/main/src/test/2022-08/EGD_Finance_exp.sol
BSC,0x93c175439726797dcee24d08e4ac9164e88e7aee,unknown,,defihacklabs,EGD Finance,2022-08-07,2026-09-30T05:51:18,https://github.com/SunWeb3Sec/DeFiHackLabs/blob/main/src/test/2022-08/EGD_Finance_exp.sol
BSC,0xa4f5d4afd6b9226b3004dd276a9f778eb75f2e9e,unknown,,defihacklabs,ANCH,2022-08-09,2026-09-30T05:51:18,https://github.com/SunWeb3Sec/DeFiHackLabs/blob/main/src/test/2022-08/ANCH_exp.sol
Ethereum,0xdfdea277f6b44270bcb804997d1e6cc4ad8407db,attacker,Attacker,defihacklabs,Circle,2022-08-13,2026-09-30T05:51:18,https://github.com/SunWeb3Sec/DeFiHackLabs/blob/main/src/test/2022-08/Circle_exp1.sol
Ethereum,0xfd51531b26f9be08240f7459eea5be80d5b047d9,unknown,Attack Contract,defihacklabs,Circle,2022-08-13,2026-09-30T05:51:18,https://github.com/SunWeb3Sec/DeFiHackLabs/blob/main/src/test/2022-08/Circle_exp1.sol
Ethereum,0xae461ca67b15dc8dc81ce7615e0320da1a9ab8d5,victim,Vulnerable Contract,defihacklabs,Circle,2022-08-13,2026-09-30T05:51:18,https://github.com/SunWeb3Sec/DeFiHackLabs/blob/main/src/test/2022-08/Circle_exp1.sol
ETH,0xdfdea277f6b44270bcb804997d1e6cc4ad8407db,unknown,,defihacklabs,Circle,2022-08-13,2026-09-30T05:51:18,https://github.com/SunWeb3Sec/DeFiHackLabs/blob/main/src/test/2022-08/Circle_exp1.sol
ETH,0xfd51531b26f9be08240f7459eea5be80d5b047d9,unknown,,defihacklabs,Circle,2022-08-13,2026-09-30T05:51:18,https://github.com/SunWeb3Sec/DeFiHackLabs/blob/main/src/test/2022-08/Circle_exp1.sol
ETH,0xae461ca67b15dc8dc81ce7615e0320da1a9ab8d5,unknown,,defihacklabs,Circle,2022-08-13,2026-09-30T05:51:18,https://github.com/SunWeb3Sec/DeFiHackLabs/blob/main/src/test/2022-08/Circle_exp1.sol
Ethereum,0xdfdea277f6b44270bcb804997d1e6cc4ad8407db,attacker,Attacker,defihacklabs,Circle,2022-08-16,2026-09-30T05:51:18,https://github.com/SunWeb3Sec/DeFiHackLabs/blob/main/src/test/2022-08/Circle_exp2.sol
Ethereum,0xfd51531b26f9be08240f7459eea5be80d5b047d9,unknown,Attack Contract,defihacklabs,Circle,2022-08-16,2026-09-30T05:51:18,https://github.com/SunWeb3Sec/DeFiHackLabs/blob/main/src/test/2022-08/Circle_exp2.sol
Ethereum,0xae461ca67b15dc8dc81ce7615e0320da1a9ab8d5,victim,Vulnerable Contract,defihacklabs,Circle,2022-08-16,2026-09-30T05:51:18,https://github.com/SunWeb3Sec/DeFiHackLabs/blob/main/src/test/2022-08/Circle_exp2.sol
ETH,0xdfdea277f6b44270bcb804997d1e6cc4ad8407db,unknown,,defihacklabs,Circle,2022-08-16,2026-09-30T05:51:18,https://github.com/SunWeb3Sec/DeFiHackLabs/blob/main/src/test/2022-08/Circle_exp2.sol
ETH,0xfd51531b26f9be08240f7459eea5be80d5b047d9,unknown,,defihacklabs,Circle,2022-08-16,2026-09-30T05:51:18,https://github.com/SunWeb3Sec/DeFiHackLabs/blob/main/src/test/2022-08/Circle_exp2.sol
ETH,0xae461ca67b15dc8dc81ce7615e0320da1a9ab8d5,unknown,,defihacklabs,Circle,2022-08-16,2026-09-30T05:51:18,https://github.com/SunWeb3Sec/DeFiHackLabs/blob/main/src/test/2022-08/Circle_exp2.sol
BSC,0xc578d755cd56255d3ff6e92e1b6371ba945e3984,unknown,,defihacklabs,ZoomproFinance,2022-09-05,2026-09-30T05:51:18,https://github.com/SunWeb3Sec/DeFiHackLabs/blob/main/src/test/2022-09/ZoomproFinance_exp.sol
BSC,0xb8d700f30d93fab242429245e892600dcc03935d,unknown,,defihacklabs,ZoomproFinance,2022-09-05,2026-09-30T05:51:18,https://github.com/SunWeb3Sec/DeFiHackLabs/blob/main/src/test/2022-09/ZoomproFinance_exp.sol
BSC,0x1fea385acf7ff046d928d4041db017e1d7ead667,unknown,Attack Tx1,defihacklabs,NewFreeDAO,2022-09-08,2026-09-30T05:51:18,https://github.com/SunWeb3Sec/DeFiHackLabs/blob/main/src/test/2022-09/NewFreeDAO_exp.sol
BSC,0xb6f9b5ef1feeadb379a2de8f79bb04dd6920bfb2,unknown,Attack Tx2,defihacklabs,NewFreeDAO,2022-09-08,2026-09-30T05:51:18,https://github.com/SunWeb3Sec/DeFiHackLabs/blob/main/src/test/2022-09/NewFreeDAO_exp.sol
BSC,0x8b77d75efa185295b09bdf2edcb509541fdde40e,unknown,Attack Tx3,defihacklabs,NewFreeDAO,2022-09-08,2026-09-30T05:51:18,https://github.com/SunWeb3Sec/DeFiHackLabs/blob/main/src/test/2022-09/NewFreeDAO_exp.sol
BSC,0x22c9736d4fc73a8fa0eb436d2ce919f5849d6fd2,unknown,,defihacklabs,NewFreeDAO,2022-09-08,2026-09-30T05:51:18,https://github.com/SunWeb3Sec/DeFiHackLabs/blob/main/src/test/2022-09/NewFreeDAO_exp.sol
BSC,0xa35ef9fa2f5e0527cb9fbb6f9d3a24cfed948863,unknown,,defihacklabs,NewFreeDAO,2022-09-08,2026-09-30T05:51:18,https://github.com/SunWeb3Sec/DeFiHackLabs/blob/main/src/test/2022-09/NewFreeDAO_exp.sol
BSC,0x8b068e22e9a4a9bca3c321e0ec428abf32691d1e,unknown,,defihacklabs,NewFreeDAO,2022-09-08,2026-09-30T05:51:18,https://github.com/SunWeb3Sec/DeFiHackLabs/blob/main/src/test/2022-09/NewFreeDAO_exp.sol
BSC,0x16b9a82891338f9ba80e2d6970fdda79d1eb0dae,unknown,,defihacklabs,NewFreeDAO,2022-09-08,2026-09-30T05:51:18,https://github.com/SunWeb3Sec/DeFiHackLabs/blob/main/src/test/2022-09/NewFreeDAO_exp.sol
BSC,0x26c0623847637095655b2868c3182b2285bdaeaf,unknown,,defihacklabs,NewFreeDAO,2022-09-08,2026-09-30T05:51:18,https://github.com/SunWeb3Sec/DeFiHackLabs/blob/main/src/test/2022-09/NewFreeDAO_exp.sol
BSC,0x91b7f203ed71c5eccf83b40563e409d2f3531114,unknown,,defihacklabs,Ragnarok Online Invasion,2022-09-08,2026-09-30T05:51:18,https://github.com/SunWeb3Sec/DeFiHackLabs/blob/main/src/test/2022-09/ROI_exp.sol
BSC,0x158af3d23d96e3104bcc65b76d1a6f53d0f74ed0,unknown,,defihacklabs,Ragnarok Online Invasion,2022-09-08,2026-09-30T05:51:18,https://github.com/SunWeb3Sec/DeFiHackLabs/blob/main/src/test/2022-09/ROI_exp.sol
BSC,0xe48b75dc1b131fd3a8364b0580f76efd04cf6e9c,unknown,,defihacklabs,Ragnarok Online Invasion,2022-09-08,2026-09-30T05:51:18,https://github.com/SunWeb3Sec/DeFiHackLabs/blob/main/src/test/2022-09/ROI_exp.sol
BSC,0x81c63d821b7cdf70c61009a81fef8db5949ac0c9,unknown,,defihacklabs,BXH,2022-09-28,2026-09-30T05:51:18,https://github.com/SunWeb3Sec/DeFiHackLabs/blob/main/src/test/2022-09/BXH_exp.sol
BSC,0x4e77df7b9cdcecec4115e59546f3eacba095a89f,unknown,,defihacklabs,BXH,2022-09-28,2026-09-30T05:51:18,https://github.com/SunWeb3Sec/DeFiHackLabs/blob/main/src/test/2022-09/BXH_exp.sol
BSC,0x27539b1dee647b38e1b987c41c5336b1a8dce663,unknown,,defihacklabs,BXH,2022-09-28,2026-09-30T05:51:18,https://github.com/SunWeb3Sec/DeFiHackLabs/blob/main/src/test/2022-09/BXH_exp.sol
BSC,0x08e08f4b701d33c253ad846868424c1f3c9a4db3,unknown,,defihacklabs,RL Token,2022-10-01,2026-09-30T05:51:18,https://github.com/SunWeb3Sec/DeFiHackLabs/blob/main/src/test/2022-10/RL_exp.sol
BSC,0x5EfD021Ab403B5b6bBD30fd2E3C26f83f03163d4,unknown,,defihacklabs,RL Token,2022-10-01,2026-09-30T05:51:18,https://github.com/SunWeb3Sec/DeFiHackLabs/blob/main/src/test/2022-10/RL_exp.sol
BSC,0x4bbfae575dd47bcfd5770ab4bc54eb83db088888,unknown,,defihacklabs,RL Token,2022-10-01,2026-09-30T05:51:18,https://github.com/SunWeb3Sec/DeFiHackLabs/blob/main/src/test/2022-10/RL_exp.sol
BSC,0x0000000038b8889b6ab9790e20FC16fdC5714922,unknown,,defihacklabs,BabySwap,2022-10-01,2026-09-30T05:51:18,https://github.com/SunWeb3Sec/DeFiHackLabs/blob/main/src/test/2022-10/BabySwap_exp.sol
BSC,0xde7e741bd9dc7209b56f1ef3b663efb288c928d4,unknown,,defihacklabs,BabySwap,2022-10-01,2026-09-30T05:51:18,https://github.com/SunWeb3Sec/DeFiHackLabs/blob/main/src/test/2022-10/BabySwap_exp.sol
BSC,0x5c9f1A9CeD41cCC5DcecDa5AFC317b72f1e49636,unknown,,defihacklabs,BabySwap,2022-10-01,2026-09-30T05:51:18,https://github.com/SunWeb3Sec/DeFiHackLabs/blob/main/src/test/2022-10/BabySwap_exp.sol
ETH,0x75f2aba6a44580d7be2c4e42885d4a1917bffd46,unknown,,rekt,Transit Swap,2022-10-02,2026-09-30T05:51:18,https://rekt.news/transit-swap-rekt
BSC,0xed1afc8c4604958c2f38a3408fa63b32e737c428,unknown,,rekt,Transit Swap,2022-10-02,2026-09-30T05:51:18,https://rekt.news/transit-swap-rekt
ETH,0xD989f7B4320c6e69ceA3d914444c19AB67D3a35E,unknown,,rekt,Transit Swap,2022-10-02,2026-09-30T05:51:18,https://rekt.news/transit-swap-rekt
BSC,0x5f0b31AA37Bce387a8b21554a8360C6B8698FbEF,unknown,,defihacklabs,Transit Swap,2022-10-02,2026-09-30T05:51:18,https://github.com/SunWeb3Sec/DeFiHackLabs/blob/main/src/test/2022-10/TransitSwap_exp.sol
BSC,0x8CA8fD9C7641849A14CbF72FaF05c305B0c68a34,unknown,,defihacklabs,Transit Swap,2022-10-02,2026-09-30T05:51:18,https://github.com/SunWeb3Sec/DeFiHackLabs/blob/main/src/test/2022-10/TransitSwap_exp.sol
BSC,0x8785bb8deAE13783b24D7aFE250d42eA7D7e9d72,unknown,,defihacklabs,Transit Swap,2022-10-02,2026-09-30T05:51:18,https://github.com/SunWeb3Sec/DeFiHackLabs/blob/main/src/test/2022-10/TransitSwap_exp.sol
BSC,0xe59fa48212c4ee716c03e648e04f0ca390f4a4fc,unknown,- https,defihacklabs,RES-Token,2022-10-06,2026-09-30T05:51:18,https://github.com/SunWeb3Sec/DeFiHackLabs/blob/main/src/test/2022-10/RES_exp.sol
BSC,0xef19a4dfd69874d5efda3e38b5a19cae4e0b0bdc,unknown,- https,defihacklabs,RES-Token,2022-10-06,2026-09-30T05:51:18,https://github.com/SunWeb3Sec/DeFiHackLabs/blob/main/src/test/2022-10/RES_exp.sol
BSC,0x986b2e2a1cf303536138d8ac762447500fd781c6,unknown,,defihacklabs,RES-Token,2022-10-06,2026-09-30T05:51:18,https://github.com/SunWeb3Sec/DeFiHackLabs/blob/main/src/test/2022-10/RES_exp.sol
BSC,0xFf333DE02129AF88aAe101ab777d3f5D709FeC6f,unknown,,defihacklabs,RES-Token,2022-10-06,2026-09-30T05:51:18,https://github.com/SunWeb3Sec/DeFiHackLabs/blob/main/src/test/2022-10/RES_exp.sol
BSC,0xeccd8b08ac3b587b7175d40fb9c60a20990f8d21,unknown,,defihacklabs,RES-Token,2022-10-06,2026-09-30T05:51:18,https://github.com/SunWeb3Sec/DeFiHackLabs/blob/main/src/test/2022-10/RES_exp.sol
BSC,0xd3de02b1af100217a4bc9b45d70ff2a5c1816982,unknown,,slowmist,Jumpnfinance,2022-10-09,2026-09-30T05:51:18,https://bscscan.com/address/0xd3de02b1af100217a4bc9b45d70ff2a5c1816982
Ethereum,0x0f44f3489D17e42ab13A6beb76E57813081fc1E2,attacker,Attacker,defihacklabs,Xave Finance,2022-10-09,2026-09-30T05:51:18,https://github.com/SunWeb3Sec/DeFiHackLabs/blob/main/src/test/2022-10/XaveFinance_exp.sol
Ethereum,0xE167cdAAc8718b90c03Cf2CB75DC976E24EE86D3,unknown,Attack Contract,defihacklabs,Xave Finance,2022-10-09,2026-09-30T05:51:18,https://github.com/SunWeb3Sec/DeFiHackLabs/blob/main/src/test/2022-10/XaveFinance_exp.sol
Ethereum,0x8f9036732b9aa9b82D8F35e54B71faeb2f573E2F,victim,Vulnerable Contract,defihacklabs,Xave Finance,2022-10-09,2026-09-30T05:51:18,https://github.com/SunWeb3Sec/DeFiHackLabs/blob/main/src/test/2022-10/XaveFinance_exp.sol
ETH,0x0f44f3489D17e42ab13A6beb76E57813081fc1E2,unknown,,defihacklabs,Xave Finance,2022-10-09,2026-09-30T05:51:18,https://github.com/SunWeb3Sec/DeFiHackLabs/blob/main/src/test/2022-10/XaveFinance_exp.sol
ETH,0xE167cdAAc8718b90c03Cf2CB75DC976E24EE86D3,unknown,,defihacklabs,Xave Finance,2022-10-09,2026-09-30T05:51:18,https://github.com/SunWeb3Sec/DeFiHackLabs/blob/main/src/test/2022-10/XaveFinance_exp.sol
ETH,0x8f9036732b9aa9b82D8F35e54B71faeb2f573E2F,unknown,,defihacklabs,Xave Finance,2022-10-09,2026-09-30T05:51:18,https://github.com/SunWeb3Sec/DeFiHackLabs/blob/main/src/test/2022-10/XaveFinance_exp.sol
BSC,0xd11a93a8db5f8d3fb03b88b4b24c3ed01b8a411c,unknown,,defihacklabs,Carrot,2022-10-10,2026-09-30T05:51:18,https://github.com/SunWeb3Sec/DeFiHackLabs/blob/main/src/test/2022-10/Carrot_exp.sol
BSC,0x5575406ef6b15eec1986c412b9fbe144522c45ae,unknown,,defihacklabs,Carrot,2022-10-10,2026-09-30T05:51:18,https://github.com/SunWeb3Sec/DeFiHackLabs/blob/main/src/test/2022-10/Carrot_exp.sol
BSC,0xcFF086EaD392CcB39C49eCda8C974ad5238452aC,unknown,,defihacklabs,Carrot,2022-10-10,2026-09-30T05:51:18,https://github.com/SunWeb3Sec/DeFiHackLabs/blob/main/src/test/2022-10/Carrot_exp.sol
BSC,0xd631464f596e2ff3b9fe67a0ae10f6b73637f71e,unknown,,slowmist,The Micro Elements,2022-10-11,2026-09-30T05:51:18,https://twitter.com/CertiKAlert/status/1579707616002908160
SOL,yUJw9a2PyoqKkH47i4yEGf4WXomSHMiK7Lp29Xs2NqM,unknown,,rekt,Mango Markets,2022-10-11,2026-09-30T05:51:18,https://rekt.news/mango-markets-rekt
Ethereum,0x9c9fb3100a2a521985f0c47de3b4598dafd25b01,attacker,Attacker,defihacklabs,Templedao,2022-10-11,2026-09-30T05:51:18,https://github.com/SunWeb3Sec/DeFiHackLabs/blob/main/src/test/2022-10/Templedao_exp.sol
Ethereum,0x2df9c154fe24d081cfe568645fb4075d725431e0,unknown,Attack Contract,defihacklabs,Templedao,2022-10-11,2026-09-30T05:51:18,https://github.com/SunWeb3Sec/DeFiHackLabs/blob/main/src/test/2022-10/Templedao_exp.sol
Ethereum,0xd2869042e12a3506100af1d192b5b04d65137941,victim,Vulnerable Contract,defihacklabs,Templedao,2022-10-11,2026-09-30T05:51:18,https://github.com/SunWeb3Sec/DeFiHackLabs/blob/main/src/test/2022-10/Templedao_exp.sol
ETH,0x9c9fb3100a2a521985f0c47de3b4598dafd25b01,unknown,,defihacklabs,Templedao,2022-10-11,2026-09-30T05:51:18,https://github.com/SunWeb3Sec/DeFiHackLabs/blob/main/src/test/2022-10/Templedao_exp.sol
ETH,0x2df9c154fe24d081cfe568645fb4075d725431e0,unknown,,defihacklabs,Templedao,2022-10-11,2026-09-30T05:51:18,https://github.com/SunWeb3Sec/DeFiHackLabs/blob/main/src/test/2022-10/Templedao_exp.sol
ETH,0xd2869042e12a3506100af1d192b5b04d65137941,unknown,,defihacklabs,Templedao,2022-10-11,2026-09-30T05:51:18,https://github.com/SunWeb3Sec/DeFiHackLabs/blob/main/src/test/2022-10/Templedao_exp.sol
BSC,0xb181e88e6b37ee9986f2a57aefb94779402fdb92,unknown,- https,defihacklabs,ATK,2022-10-12,2026-09-30T05:51:18,https://github.com/SunWeb3Sec/DeFiHackLabs/blob/main/src/test/2022-10/ATK_exp.sol
BSC,0x9e328f77809ea3c01833ec7ed8928edb4f5798c9,unknown,- https,defihacklabs,ATK,2022-10-12,2026-09-30T05:51:18,https://github.com/SunWeb3Sec/DeFiHackLabs/blob/main/src/test/2022-10/ATK_exp.sol
BSC,0x55983d8701e40353fee90803688170a16424ee70,unknown,- https,defihacklabs,ATK,2022-10-12,2026-09-30T05:51:18,https://github.com/SunWeb3Sec/DeFiHackLabs/blob/main/src/test/2022-10/ATK_exp.sol
BSC,0x601b8ab0c1d51e71796a0df5453ca671ae23de3d,unknown,- https,defihacklabs,ATK,2022-10-12,2026-09-30T05:51:18,https://github.com/SunWeb3Sec/DeFiHackLabs/blob/main/src/test/2022-10/ATK_exp.sol
BSC,0x3DF6cd58716d22855aFb3B828F82F10708AfbB4f,unknown,,defihacklabs,ATK,2022-10-12,2026-09-30T05:51:18,https://github.com/SunWeb3Sec/DeFiHackLabs/blob/main/src/test/2022-10/ATK_exp.sol
BSC,0xd7ba198ce82f4c46ad8f6148ccfdb41866750231,unknown,,defihacklabs,ATK,2022-10-12,2026-09-30T05:51:18,https://github.com/SunWeb3Sec/DeFiHackLabs/blob/main/src/test/2022-10/ATK_exp.sol
BSC,0x9cb928bf50ed220ac8f703bce35be5ce7f56c99c,unknown,,defihacklabs,ATK,2022-10-12,2026-09-30T05:51:18,https://github.com/SunWeb3Sec/DeFiHackLabs/blob/main/src/test/2022-10/ATK_exp.sol
BSC,0x96bF2E6CC029363B57Ffa5984b943f825D333614,unknown,,slowmist,ATK,2022-10-12,2026-09-30T05:51:18,https://www.panewslab.com/zh/sqarticledetails/q1qgvsgc.html
Ethereum,0x1dc90b5b7FE74715C2056e5158641c0af7d28865,attacker,Attacker,defihacklabs,MEVBOTa47b,2022-10-14,2026-09-30T05:51:18,https://github.com/SunWeb3Sec/DeFiHackLabs/blob/main/src/test/2022-10/MEVa47b_exp.sol
Ethereum,0x4b77c789fa35b54dacb5f6bb2daaa01554299d6c,unknown,Attack Contract,defihacklabs,MEVBOTa47b,2022-10-14,2026-09-30T05:51:18,https://github.com/SunWeb3Sec/DeFiHackLabs/blob/main/src/test/2022-10/MEVa47b_exp.sol
Ethereum,0x00000000000a47b1298f18cf67de547bbe0d723f,victim,Vulnerable Contract,defihacklabs,MEVBOTa47b,2022-10-14,2026-09-30T05:51:18,https://github.com/SunWeb3Sec/DeFiHackLabs/blob/main/src/test/2022-10/MEVa47b_exp.sol
ETH,0x1dc90b5b7FE74715C2056e5158641c0af7d28865,unknown,,defihacklabs,MEVBOTa47b,2022-10-14,2026-09-30T05:51:18,https://github.com/SunWeb3Sec/DeFiHackLabs/blob/main/src/test/2022-10/MEVa47b_exp.sol
ETH,0x4b77c789fa35b54dacb5f6bb2daaa01554299d6c,unknown,,defihacklabs,MEVBOTa47b,2022-10-14,2026-09-30T05:51:18,https://github.com/SunWeb3Sec/DeFiHackLabs/blob/main/src/test/2022-10/MEVa47b_exp.sol
ETH,0x00000000000a47b1298f18cf67de547bbe0d723f,unknown,,defihacklabs,MEVBOTa47b,2022-10-14,2026-09-30T05:51:18,https://github.com/SunWeb3Sec/DeFiHackLabs/blob/main/src/test/2022-10/MEVa47b_exp.sol
BSC,0xb12011c14e087766f30f4569ccaf735ec2182165,unknown,,defihacklabs,INUKO,2022-10-14,2026-09-30T05:51:18,https://github.com/SunWeb3Sec/DeFiHackLabs/blob/main/src/test/2022-10/INUKO_exp.sol
BSC,0xFaC064847aB0Bb7ac9F30a1397BebcEdD4879841,unknown,,slowmist,MTDAO,2022-10-17,2026-09-30T05:51:18,https://www.panewslab.com/zh/sqarticledetails/spqk6wao.html
Ethereum,0xcc1A341D0F2a06Eaba436935399793F05C2bbE92,attacker,Attacker,defihacklabs,Uerii Token,2022-10-17,2026-09-30T05:51:18,https://github.com/SunWeb3Sec/DeFiHackLabs/blob/main/src/test/2022-10/Uerii_exp.sol
Ethereum,0xFD4DcCD754EAaA8C9196998c5Bb06A56dF6a1D95,unknown,Attack Contract,defihacklabs,Uerii Token,2022-10-17,2026-09-30T05:51:18,https://github.com/SunWeb3Sec/DeFiHackLabs/blob/main/src/test/2022-10/Uerii_exp.sol
Ethereum,0x418c24191ae947a78c99fdc0e45a1f96afb254be,victim,Vulnerable Contract,defihacklabs,Uerii Token,2022-10-17,2026-09-30T05:51:18,https://github.com/SunWeb3Sec/DeFiHackLabs/blob/main/src/test/2022-10/Uerii_exp.sol
ETH,0xcc1A341D0F2a06Eaba436935399793F05C2bbE92,unknown,,defihacklabs,Uerii Token,2022-10-17,2026-09-30T05:51:18,https://github.com/SunWeb3Sec/DeFiHackLabs/blob/main/src/test/2022-10/Uerii_exp.sol
ETH,0xFD4DcCD754EAaA8C9196998c5Bb06A56dF6a1D95,unknown,,defihacklabs,Uerii Token,2022-10-17,2026-09-30T05:51:18,https://github.com/SunWeb3Sec/DeFiHackLabs/blob/main/src/test/2022-10/Uerii_exp.sol
ETH,0x418c24191ae947a78c99fdc0e45a1f96afb254be,unknown,,defihacklabs,Uerii Token,2022-10-17,2026-09-30T05:51:18,https://github.com/SunWeb3Sec/DeFiHackLabs/blob/main/src/test/2022-10/Uerii_exp.sol
BSC,0xaB74FBd735Cd2ED826b64e0F850a890930A91094,unknown,,defihacklabs,HPAY,2022-10-18,2026-09-30T05:51:18,https://github.com/SunWeb3Sec/DeFiHackLabs/blob/main/src/test/2022-10/HPAY_exp.sol
BSC,0xe3eA6e35A6F88DB9d342352B056139803A94b586,unknown,,defihacklabs,HPAY,2022-10-18,2026-09-30T05:51:18,https://github.com/SunWeb3Sec/DeFiHackLabs/blob/main/src/test/2022-10/HPAY_exp.sol
BSC,0x10FC0476a67c84D8b8ddb143a0fE9eE207b71d2C,unknown,,defihacklabs,HPAY,2022-10-18,2026-09-30T05:51:18,https://github.com/SunWeb3Sec/DeFiHackLabs/blob/main/src/test/2022-10/HPAY_exp.sol
BSC,0xe9bc03ef08e991a99f1bd095a8590499931dcc30,unknown,,defihacklabs,HPAY,2022-10-18,2026-09-30T05:51:18,https://github.com/SunWeb3Sec/DeFiHackLabs/blob/main/src/test/2022-10/HPAY_exp.sol
BSC,0xde01f6Ce91E4F4bdB94BB934d30647d72182320F,unknown,,defihacklabs,BEGO,2022-10-20,2026-09-30T05:51:18,https://github.com/SunWeb3Sec/DeFiHackLabs/blob/main/src/test/2022-10/BEGO_exp.sol
BSC,0x08a525104Ea2A92aBbcE8e4e61C667eED56f3B42,unknown,,defihacklabs,BEGO,2022-10-20,2026-09-30T05:51:18,https://github.com/SunWeb3Sec/DeFiHackLabs/blob/main/src/test/2022-10/BEGO_exp.sol
BSC,0xc342774492b54ce5F8ac662113ED702Fc1b34972,unknown,,defihacklabs,BEGO,2022-10-20,2026-09-30T05:51:18,https://github.com/SunWeb3Sec/DeFiHackLabs/blob/main/src/test/2022-10/BEGO_exp.sol
BSC,0xDE78112FF006f166E4ccfe1dfE4181C9619D3b5D,unknown,,defihacklabs,HEALTH,2022-10-20,2026-09-30T05:51:18,https://github.com/SunWeb3Sec/DeFiHackLabs/blob/main/src/test/2022-10/HEALTH_exp.sol
BSC,0x80e5FC0d72e4814cb52C16A18c2F2B87eF1Ea2d4,unknown,,defihacklabs,HEALTH,2022-10-20,2026-09-30T05:51:18,https://github.com/SunWeb3Sec/DeFiHackLabs/blob/main/src/test/2022-10/HEALTH_exp.sol
BSC,0x32B166e082993Af6598a89397E82e123ca44e74E,unknown,,defihacklabs,HEALTH,2022-10-20,2026-09-30T05:51:18,https://github.com/SunWeb3Sec/DeFiHackLabs/blob/main/src/test/2022-10/HEALTH_exp.sol
Ethereum,0x443cf223e209e5a2c08114a2501d8f0f9ec7d9be,attacker,Attacker,defihacklabs,OlympusDAO,2022-10-21,2026-09-30T05:51:18,https://github.com/SunWeb3Sec/DeFiHackLabs/blob/main/src/test/2022-10/OlympusDao_exp.sol
Ethereum,0xa29e4fe451ccfa5e7def35188919ad7077a4de8f,unknown,Attack Contract,defihacklabs,OlympusDAO,2022-10-21,2026-09-30T05:51:18,https://github.com/SunWeb3Sec/DeFiHackLabs/blob/main/src/test/2022-10/OlympusDao_exp.sol
Ethereum,0x007FE7c498A2Cf30971ad8f2cbC36bd14Ac51156,victim,Vulnerable Contract,defihacklabs,OlympusDAO,2022-10-21,2026-09-30T05:51:18,https://github.com/SunWeb3Sec/DeFiHackLabs/blob/main/src/test/2022-10/OlympusDao_exp.sol
ETH,0x443cf223e209e5a2c08114a2501d8f0f9ec7d9be,unknown,,defihacklabs,OlympusDAO,2022-10-21,2026-09-30T05:51:18,https://github.com/SunWeb3Sec/DeFiHackLabs/blob/main/src/test/2022-10/OlympusDao_exp.sol
ETH,0xa29e4fe451ccfa5e7def35188919ad7077a4de8f,unknown,,defihacklabs,OlympusDAO,2022-10-21,2026-09-30T05:51:18,https://github.com/SunWeb3Sec/DeFiHackLabs/blob/main/src/test/2022-10/OlympusDao_exp.sol
ETH,0x007FE7c498A2Cf30971ad8f2cbC36bd14Ac51156,unknown,,defihacklabs,OlympusDAO,2022-10-21,2026-09-30T05:51:18,https://github.com/SunWeb3Sec/DeFiHackLabs/blob/main/src/test/2022-10/OlympusDao_exp.sol
Polygon,0x940ce652a51ebadb5df09d605dbeda95fdcf697b,unknown,,defihacklabs,MulticallWithoutCheck,2022-10-24,2026-09-30T05:51:18,https://github.com/SunWeb3Sec/DeFiHackLabs/blob/main/src/test/2022-10/MulticallWithoutCheck_exp.sol
Polygon,0x4206d62305d2815494dcdb759c4e32fca1d181a0,unknown,,defihacklabs,Market,2022-10-24,2026-09-30T05:51:18,https://github.com/SunWeb3Sec/DeFiHackLabs/blob/main/src/test/2022-10/Market_exp.sol
Polygon,0xEb4c67E5BE040068FA477a539341d6aeF081E4Eb,unknown,,defihacklabs,Market,2022-10-24,2026-09-30T05:51:18,https://github.com/SunWeb3Sec/DeFiHackLabs/blob/main/src/test/2022-10/Market_exp.sol
Polygon,0x3dC7E6FF0fB79770FA6FB05d1ea4deACCe823943,unknown,,defihacklabs,Market,2022-10-24,2026-09-30T05:51:18,https://github.com/SunWeb3Sec/DeFiHackLabs/blob/main/src/test/2022-10/Market_exp.sol
BSC,0x056c20ab7e25e4dd7e49568f964d98e415da63d3,unknown,,defihacklabs,ULME,2022-10-25,2026-09-30T05:51:18,https://github.com/SunWeb3Sec/DeFiHackLabs/blob/main/src/test/2022-10/ULME_exp.sol
BSC,0x8523c7661850d0da4d86587ce9674da23369ff26,unknown,,defihacklabs,ULME,2022-10-25,2026-09-30T05:51:18,https://github.com/SunWeb3Sec/DeFiHackLabs/blob/main/src/test/2022-10/ULME_exp.sol
BSC,0xAE975a25646E6eB859615d0A147B909c13D31FEd,unknown,,defihacklabs,ULME,2022-10-25,2026-09-30T05:51:18,https://github.com/SunWeb3Sec/DeFiHackLabs/blob/main/src/test/2022-10/ULME_exp.sol
Ethereum,0x161cebb807ac181d5303a4ccec2fc580cc5899fd,attacker,Attacker,defihacklabs,Team Finance,2022-10-27,2026-09-30T05:51:18,https://github.com/SunWeb3Sec/DeFiHackLabs/blob/main/src/test/2022-10/TeamFinance_exp.sol
Ethereum,0xcff07c4e6aa9e2fec04daaf5f41d1b10f3adadf4,unknown,Attack Contract,defihacklabs,Team Finance,2022-10-27,2026-09-30T05:51:18,https://github.com/SunWeb3Sec/DeFiHackLabs/blob/main/src/test/2022-10/TeamFinance_exp.sol
Ethereum,0x48d118c9185e4dbafe7f3813f8f29ec8a6248359,victim,Vulnerable Contract,defihacklabs,Team Finance,2022-10-27,2026-09-30T05:51:18,https://github.com/SunWeb3Sec/DeFiHackLabs/blob/main/src/test/2022-10/TeamFinance_exp.sol
Ethereum,0xe8f17ee00906cd0cfb61671937f11bd3d26cdc47,unknown,txId,defihacklabs,Team Finance,2022-10-27,2026-09-30T05:51:18,https://github.com/SunWeb3Sec/DeFiHackLabs/blob/main/src/test/2022-10/TeamFinance_exp.sol
Ethereum,0x2972f75d5926f8f948ab6a0cabc517a05f0da5b5,unknown,id 15324,defihacklabs,Team Finance,2022-10-27,2026-09-30T05:51:18,https://github.com/SunWeb3Sec/DeFiHackLabs/blob/main/src/test/2022-10/TeamFinance_exp.sol
Ethereum,0xec75bb553f50af37f8dd8f4b1e2bfe4703b27f58,unknown,id 15325,defihacklabs,Team Finance,2022-10-27,2026-09-30T05:51:18,https://github.com/SunWeb3Sec/DeFiHackLabs/blob/main/src/test/2022-10/TeamFinance_exp.sol
Ethereum,0x79ec728612867b3d82c0e7401e6ee1c533b24072,unknown,id 15326,defihacklabs,Team Finance,2022-10-27,2026-09-30T05:51:18,https://github.com/SunWeb3Sec/DeFiHackLabs/blob/main/src/test/2022-10/TeamFinance_exp.sol
Ethereum,0x51185fb580892706500d3b6eebb8698c27d90061,unknown,id 15327,defihacklabs,Team Finance,2022-10-27,2026-09-30T05:51:18,https://github.com/SunWeb3Sec/DeFiHackLabs/blob/main/src/test/2022-10/TeamFinance_exp.sol
ETH,0x161cebb807ac181d5303a4ccec2fc580cc5899fd,unknown,,defihacklabs,Team Finance,2022-10-27,2026-09-30T05:51:18,https://github.com/SunWeb3Sec/DeFiHackLabs/blob/main/src/test/2022-10/TeamFinance_exp.sol
ETH,0xcff07c4e6aa9e2fec04daaf5f41d1b10f3adadf4,unknown,,defihacklabs,Team Finance,2022-10-27,2026-09-30T05:51:18,https://github.com/SunWeb3Sec/DeFiHackLabs/blob/main/src/test/2022-10/TeamFinance_exp.sol
ETH,0x48d118c9185e4dbafe7f3813f8f29ec8a6248359,unknown,,defihacklabs,Team Finance,2022-10-27,2026-09-30T05:51:18,https://github.com/SunWeb3Sec/DeFiHackLabs/blob/main/src/test/2022-10/TeamFinance_exp.sol
ETH,0xb0606f433496bf66338b8ad6b6d51fc4d84a44cd,unknown,,rekt,Deribit,2022-11-01,2026-09-30T05:51:18,https://rekt.news/deribit-rekt
BTC,bc1qw5g8lw4kzltpdcraehy2dt6dqda8080xd6vhl4kg4wwsypwerg9s3x6pvk,unknown,,rekt,Deribit,2022-11-01,2026-09-30T05:51:18,https://rekt.news/deribit-rekt
Ethereum,0xae39a6c2379bef53334ea968f4c711c8cf3898b6,attacker,Attacker,defihacklabs,MEV_0ad8,2022-11-08,2026-09-30T05:51:18,https://github.com/SunWeb3Sec/DeFiHackLabs/blob/main/src/test/2022-11/MEV_0ad8_exp.sol
Ethereum,0x0ad8229d4bc84135786ae752b9a9d53392a8afd4,victim,Vulnerable Contract,defihacklabs,MEV_0ad8,2022-11-08,2026-09-30T05:51:18,https://github.com/SunWeb3Sec/DeFiHackLabs/blob/main/src/test/2022-11/MEV_0ad8_exp.sol
ETH,0xae39a6c2379bef53334ea968f4c711c8cf3898b6,unknown,,defihacklabs,MEV_0ad8,2022-11-08,2026-09-30T05:51:18,https://github.com/SunWeb3Sec/DeFiHackLabs/blob/main/src/test/2022-11/MEV_0ad8_exp.sol
ETH,0x0ad8229d4bc84135786ae752b9a9d53392a8afd4,unknown,,defihacklabs,MEV_0ad8,2022-11-08,2026-09-30T05:51:18,https://github.com/SunWeb3Sec/DeFiHackLabs/blob/main/src/test/2022-11/MEV_0ad8_exp.sol
BSC,0x6548a320d3736920CaD8a2cfbFEfDb14dB6376eA,unknown,,slowmist,Flare,2022-11-14,2026-09-30T05:51:18,https://bscscan.com/address/0x6548a320d3736920CaD8a2cfbFEfDb14dB6376eA
BSC,0xc9efd09c8170e5ce43219967a0564a9b610e5ea2,unknown,,slowmist,Ranger,2022-11-15,2026-09-30T05:51:18,https://www.panewslab.com/zh/sqarticledetails/3b6ha25t.html
BSC,0x2131c67ed7b6aa01b7aa308c71991ef5baedd049,unknown,,slowmist,SheepFarm,2022-11-16,2026-09-30T05:51:18,https://www.panewslab.com/zh/sqarticledetails/nmuct2g5.html
Optimism,0xcf8396010fb7e651f85a439dd7ebc0c8ab56b3f3,unknown,,defihacklabs,- Polynomial,2022-11-18,2026-09-30T05:51:18,https://github.com/SunWeb3Sec/DeFiHackLabs/blob/main/src/test/2022-11/Polynomial_exp.sol
Optimism,0xf682e302f16c9509ffa133029ccf6de55f4e29a8,unknown,,defihacklabs,- Polynomial,2022-11-18,2026-09-30T05:51:18,https://github.com/SunWeb3Sec/DeFiHackLabs/blob/main/src/test/2022-11/Polynomial_exp.sol
Avalanche,0xfe2c4cb637830b3f1cdc626b99f31b1ff4842e2c,unknown,,defihacklabs,- OverNight,2022-12-02,2026-09-30T05:51:18,https://github.com/SunWeb3Sec/DeFiHackLabs/blob/main/src/test/2022-12/Overnight_exp.sol
Ethereum,0xb61e7f192a9ad5d11e2452f53d0ddf91b58239dc,attacker,Attacker,defihacklabs,- MEVbot_0x28d9,2022-12-11,2026-09-30T05:51:18,https://github.com/SunWeb3Sec/DeFiHackLabs/blob/main/src/test/2022-12/MEVbot_0x28d9_exp.sol
Ethereum,0x0757d02596ef9840048def00eeb8e0f3862cc7ca,unknown,Attack Contract,defihacklabs,- MEVbot_0x28d9,2022-12-11,2026-09-30T05:51:18,https://github.com/SunWeb3Sec/DeFiHackLabs/blob/main/src/test/2022-12/MEVbot_0x28d9_exp.sol
Ethereum,0x28d949fdfb5d9ea6b604fa6fee3d6548ea779f17,victim,Vulnerable Contract,defihacklabs,- MEVbot_0x28d9,2022-12-11,2026-09-30T05:51:18,https://github.com/SunWeb3Sec/DeFiHackLabs/blob/main/src/test/2022-12/MEVbot_0x28d9_exp.sol
ETH,0xb61e7f192a9ad5d11e2452f53d0ddf91b58239dc,unknown,,defihacklabs,- MEVbot_0x28d9,2022-12-11,2026-09-30T05:51:18,https://github.com/SunWeb3Sec/DeFiHackLabs/blob/main/src/test/2022-12/MEVbot_0x28d9_exp.sol
ETH,0x0757d02596ef9840048def00eeb8e0f3862cc7ca,unknown,,defihacklabs,- MEVbot_0x28d9,2022-12-11,2026-09-30T05:51:18,https://github.com/SunWeb3Sec/DeFiHackLabs/blob/main/src/test/2022-12/MEVbot_0x28d9_exp.sol
ETH,0x28d949fdfb5d9ea6b604fa6fee3d6548ea779f17,unknown,,defihacklabs,- MEVbot_0x28d9,2022-12-11,2026-09-30T05:51:18,https://github.com/SunWeb3Sec/DeFiHackLabs/blob/main/src/test/2022-12/MEVbot_0x28d9_exp.sol
BSC,0xec1b969e1435a1449dd5179404c54b5c60e49f15,unknown,https,defihacklabs,- FPR,2022-12-14,2026-09-30T05:51:18,https://github.com/SunWeb3Sec/DeFiHackLabs/blob/main/src/test/2022-12/FPR_exp.sol
BSC,0x1b66170220287bd90f72a97368f8dea2420a24c9,unknown,https,defihacklabs,- FPR,2022-12-14,2026-09-30T05:51:18,https://github.com/SunWeb3Sec/DeFiHackLabs/blob/main/src/test/2022-12/FPR_exp.sol
BSC,0x43da4322052b045f442cdfc03bcccc797d3bba46,unknown,https,defihacklabs,- FPR,2022-12-14,2026-09-30T05:51:18,https://github.com/SunWeb3Sec/DeFiHackLabs/blob/main/src/test/2022-12/FPR_exp.sol
BSC,0x1f8e814029a073c52a8668e6ff5bb3264445a8b2,unknown,https,defihacklabs,- FPR,2022-12-14,2026-09-30T05:51:18,https://github.com/SunWeb3Sec/DeFiHackLabs/blob/main/src/test/2022-12/FPR_exp.sol
BSC,0xE3104e645BC3f6fD821930a6a39EE509a0E87D3b,unknown,,defihacklabs,- FPR,2022-12-14,2026-09-30T05:51:18,https://github.com/SunWeb3Sec/DeFiHackLabs/blob/main/src/test/2022-12/FPR_exp.sol
BSC,0xe3293F89FD3B9336Ac2d514Ec4a90477ca94b0d8,unknown,,defihacklabs,- FPR,2022-12-14,2026-09-30T05:51:18,https://github.com/SunWeb3Sec/DeFiHackLabs/blob/main/src/test/2022-12/FPR_exp.sol
BSC,0x5Dd07F8b12B8D5dBDF3664c2Fa7c37Da5048b462,unknown,,defihacklabs,- FPR,2022-12-14,2026-09-30T05:51:18,https://github.com/SunWeb3Sec/DeFiHackLabs/blob/main/src/test/2022-12/FPR_exp.sol
ETH,0x7047912c295cd54d6617b5d0d6d8b324a11c91db,unknown,,rekt,Raydium,2022-12-16,2026-09-30T05:51:18,https://rekt.news/raydium-rekt
SOL,AgJddDJLt17nHyXDCpyGELxwsZZQPqfUsuwzoiqVGJwD,unknown,,rekt,Raydium,2022-12-16,2026-09-30T05:51:18,https://rekt.news/raydium-rekt
Ethereum,0x0348D20b74Ddc0ac9bfC3626e06d30bb6Fac213b,attacker,Attacker,defihacklabs,- JAY,2022-12-29,2026-09-30T05:51:18,https://github.com/SunWeb3Sec/DeFiHackLabs/blob/main/src/test/2022-12/JAY_exp.sol
Ethereum,0xed42cb11b9d03c807ed1ba9c2ed1d3ba5bf37340,unknown,Attack Contract,defihacklabs,- JAY,2022-12-29,2026-09-30T05:51:18,https://github.com/SunWeb3Sec/DeFiHackLabs/blob/main/src/test/2022-12/JAY_exp.sol
Ethereum,0xf2919d1d80aff2940274014bef534f7791906ff2,victim,Vulnerable Contract,defihacklabs,- JAY,2022-12-29,2026-09-30T05:51:18,https://github.com/SunWeb3Sec/DeFiHackLabs/blob/main/src/test/2022-12/JAY_exp.sol
ETH,0x0348D20b74Ddc0ac9bfC3626e06d30bb6Fac213b,unknown,,defihacklabs,- JAY,2022-12-29,2026-09-30T05:51:18,https://github.com/SunWeb3Sec/DeFiHackLabs/blob/main/src/test/2022-12/JAY_exp.sol
ETH,0xed42cb11b9d03c807ed1ba9c2ed1d3ba5bf37340,unknown,,defihacklabs,- JAY,2022-12-29,2026-09-30T05:51:18,https://github.com/SunWeb3Sec/DeFiHackLabs/blob/main/src/test/2022-12/JAY_exp.sol
ETH,0xf2919d1d80aff2940274014bef534f7791906ff2,unknown,,defihacklabs,- JAY,2022-12-29,2026-09-30T05:51:18,https://github.com/SunWeb3Sec/DeFiHackLabs/blob/main/src/test/2022-12/JAY_exp.sol
BSC,0xb358BfD28b02c5e925b89aD8b0Eb35913D2d0805,unknown,,defihacklabs,- DFS,2022-12-30,2026-09-30T05:51:18,https://github.com/SunWeb3Sec/DeFiHackLabs/blob/main/src/test/2022-12/DFS_exp.sol
BSC,0x87bfd80c2a05ee98cfe188fd2a0e4d70187db137,unknown,,defihacklabs,- DFS,2022-12-30,2026-09-30T05:51:18,https://github.com/SunWeb3Sec/DeFiHackLabs/blob/main/src/test/2022-12/DFS_exp.sol
BSC,0x2B806e6D78D8111dd09C58943B9855910baDe005,unknown,,defihacklabs,- DFS,2022-12-30,2026-09-30T05:51:18,https://github.com/SunWeb3Sec/DeFiHackLabs/blob/main/src/test/2022-12/DFS_exp.sol
BSC,0x6759db55a4edec4f6bedb5691fc42cf024be3a1a,unknown,0x6759db55a4edec4f6bedb5691fc42cf024be3a1a534ddcc7edd471ef20,defihacklabs,- BRA,2023-01-10,2026-09-30T05:51:18,https://github.com/SunWeb3Sec/DeFiHackLabs/blob/main/src/test/2023-01/BRA_exp.sol
BSC,0x4e5b2efa90c62f2b62925ebd7c10c953dc73c710,unknown,0x4e5b2efa90c62f2b62925ebd7c10c953dc73c710ef06695eac3f36fe0f,defihacklabs,- BRA,2023-01-10,2026-09-30T05:51:18,https://github.com/SunWeb3Sec/DeFiHackLabs/blob/main/src/test/2023-01/BRA_exp.sol
BSC,0x67a909f2953fb1138bea4b60894b51291d2d0795,unknown,,defihacklabs,- BRA,2023-01-10,2026-09-30T05:51:18,https://github.com/SunWeb3Sec/DeFiHackLabs/blob/main/src/test/2023-01/BRA_exp.sol
BSC,0x449fea37d339a11efe1b181e5d5462464bba3752,unknown,,defihacklabs,- BRA,2023-01-10,2026-09-30T05:51:18,https://github.com/SunWeb3Sec/DeFiHackLabs/blob/main/src/test/2023-01/BRA_exp.sol
BSC,0x1fae46b350c4a5f5c397dbf25ad042d3b9a5cb07,unknown,,defihacklabs,- BRA,2023-01-10,2026-09-30T05:51:18,https://github.com/SunWeb3Sec/DeFiHackLabs/blob/main/src/test/2023-01/BRA_exp.sol
BSC,0x6066435edce9c2772f3f1184b33fc5f7826d03e7,unknown,,defihacklabs,- BRA,2023-01-10,2026-09-30T05:51:18,https://github.com/SunWeb3Sec/DeFiHackLabs/blob/main/src/test/2023-01/BRA_exp.sol
Polygon,0x1863b74778cf5e1c9c482a1cdc2351362bd08611,unknown,,rekt,Midas Capital,2023-01-15,2026-09-30T05:51:18,https://rekt.news/midas-capital-rekt
BSC,0x5bca7ddf1bcccb2ee8e46c56bfc9d3cdc77262bc,unknown,,rekt,Midas Capital,2023-01-15,2026-09-30T05:51:18,https://rekt.news/midas-capital-rekt
BSC,0x9BbD94506398a1459F0Cd3B2638512627390255e,unknown,,slowmist,OMNI Real Estate Token,2023-01-17,2026-09-30T05:51:18,https://www.panewslab.com/zh/sqarticledetails/t730u0t3.html
BSC,0x0eFfECA3dBCBcda4d5e4515829b0d42181700606,unknown,,slowmist,OMNI Real Estate Token,2023-01-17,2026-09-30T05:51:18,https://www.panewslab.com/zh/sqarticledetails/t730u0t3.html
Ethereum,0xceed34f03a3e607cc04c2d0441c7386b190d7cf4,attacker,Attacker,defihacklabs,- UPSToken,2023-01-18,2026-09-30T05:51:18,https://github.com/SunWeb3Sec/DeFiHackLabs/blob/main/src/test/2023-01/Upswing_exp.sol
Ethereum,0x762d2a9f065304d42289f3f13cc8ea23226d3b8c,unknown,Attack Contract,defihacklabs,- UPSToken,2023-01-18,2026-09-30T05:51:18,https://github.com/SunWeb3Sec/DeFiHackLabs/blob/main/src/test/2023-01/Upswing_exp.sol
Ethereum,0x35a254223960c18B69C0526c46B013D022E93902,victim,Vulnerable Contract,defihacklabs,- UPSToken,2023-01-18,2026-09-30T05:51:18,https://github.com/SunWeb3Sec/DeFiHackLabs/blob/main/src/test/2023-01/Upswing_exp.sol
ETH,0xceed34f03a3e607cc04c2d0441c7386b190d7cf4,unknown,,defihacklabs,- UPSToken,2023-01-18,2026-09-30T05:51:18,https://github.com/SunWeb3Sec/DeFiHackLabs/blob/main/src/test/2023-01/Upswing_exp.sol
ETH,0x762d2a9f065304d42289f3f13cc8ea23226d3b8c,unknown,,defihacklabs,- UPSToken,2023-01-18,2026-09-30T05:51:18,https://github.com/SunWeb3Sec/DeFiHackLabs/blob/main/src/test/2023-01/Upswing_exp.sol
ETH,0x35a254223960c18B69C0526c46B013D022E93902,unknown,,defihacklabs,- UPSToken,2023-01-18,2026-09-30T05:51:18,https://github.com/SunWeb3Sec/DeFiHackLabs/blob/main/src/test/2023-01/Upswing_exp.sol
BSC,0x1ae2dc57399b2f4597366c5bf4fe39859c006f99,unknown,,defihacklabs,- ThoreumFinance,2023-01-19,2026-09-30T05:51:18,https://github.com/SunWeb3Sec/DeFiHackLabs/blob/main/src/test/2023-01/ThoreumFinance_exp.sol
ETH,0x7d1e1901226e0ba389bfb1281ede859e6e48cc3d,unknown,,defihacklabs,- ThoreumFinance,2023-01-19,2026-09-30T05:51:18,https://github.com/SunWeb3Sec/DeFiHackLabs/blob/main/src/test/2023-01/ThoreumFinance_exp.sol
BSC,0xce1b3e5087e8215876af976032382dd338cf8401,unknown,,defihacklabs,- ThoreumFinance,2023-01-19,2026-09-30T05:51:18,https://github.com/SunWeb3Sec/DeFiHackLabs/blob/main/src/test/2023-01/ThoreumFinance_exp.sol
Ethereum,0x14d8ada7a0ba91f59dc0cb97c8f44f1d177c2195,attacker,Original Attacker,defihacklabs,- SHOCO,2023-01-19,2026-09-30T05:51:18,https://github.com/SunWeb3Sec/DeFiHackLabs/blob/main/src/test/2023-01/SHOCO_exp.sol
Ethereum,0xe71aca93c0e0721f8250d2d0e4f883aa1c020361,unknown,Frontrunner,defihacklabs,- SHOCO,2023-01-19,2026-09-30T05:51:18,https://github.com/SunWeb3Sec/DeFiHackLabs/blob/main/src/test/2023-01/SHOCO_exp.sol
Ethereum,0x15d684b4ecdc0ece8bc9aec6bce3398a9a4c7611,unknown,Original Attack Contract,defihacklabs,- SHOCO,2023-01-19,2026-09-30T05:51:18,https://github.com/SunWeb3Sec/DeFiHackLabs/blob/main/src/test/2023-01/SHOCO_exp.sol
Ethereum,0x31a4f372aa891b46ba44dc64be1d8947c889e9c6,victim,Vulnerable Contract,defihacklabs,- SHOCO,2023-01-19,2026-09-30T05:51:18,https://github.com/SunWeb3Sec/DeFiHackLabs/blob/main/src/test/2023-01/SHOCO_exp.sol
ETH,0x14d8ada7a0ba91f59dc0cb97c8f44f1d177c2195,unknown,,defihacklabs,- SHOCO,2023-01-19,2026-09-30T05:51:18,https://github.com/SunWeb3Sec/DeFiHackLabs/blob/main/src/test/2023-01/SHOCO_exp.sol
ETH,0xe71aca93c0e0721f8250d2d0e4f883aa1c020361,unknown,,defihacklabs,- SHOCO,2023-01-19,2026-09-30T05:51:18,https://github.com/SunWeb3Sec/DeFiHackLabs/blob/main/src/test/2023-01/SHOCO_exp.sol
ETH,0x15d684b4ecdc0ece8bc9aec6bce3398a9a4c7611,unknown,,defihacklabs,- SHOCO,2023-01-19,2026-09-30T05:51:18,https://github.com/SunWeb3Sec/DeFiHackLabs/blob/main/src/test/2023-01/SHOCO_exp.sol
ETH,0x31a4f372aa891b46ba44dc64be1d8947c889e9c6,unknown,,defihacklabs,- SHOCO,2023-01-19,2026-09-30T05:51:18,https://github.com/SunWeb3Sec/DeFiHackLabs/blob/main/src/test/2023-01/SHOCO_exp.sol
Ethereum,0x14d8ada7a0ba91f59dc0cb97c8f44f1d177c2195,attacker,Attacker,defihacklabs,- TINU,2023-01-26,2026-09-30T05:51:18,https://github.com/SunWeb3Sec/DeFiHackLabs/blob/main/src/test/2023-01/TINU_exp.sol
Ethereum,0x2d0e64b6bf13660a4c0de42a0b88144a7c10991f,victim,Vulnerable Contract,defihacklabs,- TINU,2023-01-26,2026-09-30T05:51:18,https://github.com/SunWeb3Sec/DeFiHackLabs/blob/main/src/test/2023-01/TINU_exp.sol
ETH,0x14d8ada7a0ba91f59dc0cb97c8f44f1d177c2195,unknown,,defihacklabs,- TINU,2023-01-26,2026-09-30T05:51:18,https://github.com/SunWeb3Sec/DeFiHackLabs/blob/main/src/test/2023-01/TINU_exp.sol
ETH,0xdb2d869ac23715af204093e933f5eb57f2dc12a9,unknown,,defihacklabs,- TINU,2023-01-26,2026-09-30T05:51:18,https://github.com/SunWeb3Sec/DeFiHackLabs/blob/main/src/test/2023-01/TINU_exp.sol
ETH,0x2d0e64b6bf13660a4c0de42a0b88144a7c10991f,unknown,,defihacklabs,- TINU,2023-01-26,2026-09-30T05:51:18,https://github.com/SunWeb3Sec/DeFiHackLabs/blob/main/src/test/2023-01/TINU_exp.sol
BSC,0xd3455773c44bf0809e2aeff140e029c632985c50,unknown,,defihacklabs,- BEVO,2023-01-30,2026-09-30T05:51:18,https://github.com/SunWeb3Sec/DeFiHackLabs/blob/main/src/test/2023-01/BEVO_exp.sol
BSC,0x68fa774685154d3d22dec195bc77d53f0261f9fd,unknown,,defihacklabs,- BEVO,2023-01-30,2026-09-30T05:51:18,https://github.com/SunWeb3Sec/DeFiHackLabs/blob/main/src/test/2023-01/BEVO_exp.sol
BSC,0xbec576e2e3552f9a1751db6a4f02e224ce216ac1,unknown,,defihacklabs,- BEVO,2023-01-30,2026-09-30T05:51:18,https://github.com/SunWeb3Sec/DeFiHackLabs/blob/main/src/test/2023-01/BEVO_exp.sol
BSC,0xbf7fc9e12bcd08ec7ef48377f2d20939e3b4845d,unknown,,defihacklabs,- BEVO,2023-01-30,2026-09-30T05:51:18,https://github.com/SunWeb3Sec/DeFiHackLabs/blob/main/src/test/2023-01/BEVO_exp.sol
BSC,0xc6cb12df4520b7bf83f64c79c585b8462e18b6aa,unknown,,defihacklabs,- BEVO,2023-01-30,2026-09-30T05:51:18,https://github.com/SunWeb3Sec/DeFiHackLabs/blob/main/src/test/2023-01/BEVO_exp.sol
ETH,0xcacf2d28b2a5309e099f0c6e8c60ec3ddf656642,unknown,,rekt,BonqDAO,2023-02-01,2026-09-30T05:51:18,https://rekt.news/bonq-rekt
Polygon,0x8f55d884cad66b79e1a131f6bcb0e66f4fd84d5b,unknown,,rekt,BonqDAO,2023-02-01,2026-09-30T05:51:18,https://rekt.news/bonq-rekt
Ethereum,0xcAcf2D28B2A5309e099f0C6e8C60Ec3dDf656642,attacker,Attacker,defihacklabs,- BonqDAO,2023-02-02,2026-09-30T05:51:18,https://github.com/SunWeb3Sec/DeFiHackLabs/blob/main/src/test/2023-02/BonqDAO_exp.sol
Polygon,0x31957ecc43774d19f54d9968e95c69c882468b46,unknown,Tx1,defihacklabs,- BonqDAO,2023-02-02,2026-09-30T05:51:18,https://github.com/SunWeb3Sec/DeFiHackLabs/blob/main/src/test/2023-02/BonqDAO_exp.sol
Polygon,0xa02d0c3d16d6ee0e0b6a42c3cc91997c2b40c87d,unknown,Tx2,defihacklabs,- BonqDAO,2023-02-02,2026-09-30T05:51:18,https://github.com/SunWeb3Sec/DeFiHackLabs/blob/main/src/test/2023-02/BonqDAO_exp.sol
Polygon,0x6338aaa7df91e7136c9f494dfea2c5309dae7c15,unknown,https,defihacklabs,- BonqDAO,2023-02-02,2026-09-30T05:51:18,https://github.com/SunWeb3Sec/DeFiHackLabs/blob/main/src/test/2023-02/BonqDAO_exp.sol
ETH,0xcAcf2D28B2A5309e099f0C6e8C60Ec3dDf656642,unknown,,defihacklabs,- BonqDAO,2023-02-02,2026-09-30T05:51:18,https://github.com/SunWeb3Sec/DeFiHackLabs/blob/main/src/test/2023-02/BonqDAO_exp.sol
Polygon,0x8f55d884cad66b79e1a131f6bcb0e66f4fd84d5b,unknown,,defihacklabs,- BonqDAO,2023-02-02,2026-09-30T05:51:18,https://github.com/SunWeb3Sec/DeFiHackLabs/blob/main/src/test/2023-02/BonqDAO_exp.sol
Polygon,0xbaf48429b4d30bdfad488508d3b528033331fe8a,unknown,,defihacklabs,- BonqDAO,2023-02-02,2026-09-30T05:51:18,https://github.com/SunWeb3Sec/DeFiHackLabs/blob/main/src/test/2023-02/BonqDAO_exp.sol
Polygon,0xb5c0ba8ed0f4fb9a31fccf84b9fb3da639a1ede5,unknown,,defihacklabs,- BonqDAO,2023-02-02,2026-09-30T05:51:18,https://github.com/SunWeb3Sec/DeFiHackLabs/blob/main/src/test/2023-02/BonqDAO_exp.sol
BSC,0xc726bd0e973722e17eb088b8fcfedaa931fa0293,unknown,,defihacklabs,- FDP,2023-02-06,2026-09-30T05:51:18,https://github.com/SunWeb3Sec/DeFiHackLabs/blob/main/src/test/2023-02/FDP_exp.sol
BSC,0xe02970bd38b283c3079720c1e71001abe001bc83,unknown,,defihacklabs,- FDP,2023-02-06,2026-09-30T05:51:18,https://github.com/SunWeb3Sec/DeFiHackLabs/blob/main/src/test/2023-02/FDP_exp.sol
ETH,0xeff003d64046a6f521ba31f39405cb720e953958,unknown,,rekt,Platypus Finance,2023-02-17,2026-09-30T05:51:18,https://rekt.news/platypus-finance-rekt
Avalanche,0x67afdd6489d40a01dae65f709367e1b1d18a5322,unknown,,rekt,Platypus Finance,2023-02-17,2026-09-30T05:51:18,https://rekt.news/platypus-finance-rekt
Arbitrum,0xdfcb9a03fbe9f616ee6827cd1b753238d53c6145,unknown,,rekt,Hope Finance,2023-02-20,2026-09-30T05:51:18,https://rekt.news/hope-finance-rekt
ETH,0x957d354d853a1ff03dda608f3577d24ea18fcece,unknown,,rekt,Hope Finance,2023-02-20,2026-09-30T05:51:18,https://rekt.news/hope-finance-rekt
Arbitrum,0x8ebd0574d37d77bdda1a40cdf3289c9770309aa7,unknown,,rekt,Hope Finance,2023-02-20,2026-09-30T05:51:18,https://rekt.news/hope-finance-rekt
BSC,0xaee8ef10ac816834cd7026ec34f35bdde568191f,unknown,https,defihacklabs,- LaunchZone,2023-02-27,2026-09-30T05:51:18,https://github.com/SunWeb3Sec/DeFiHackLabs/blob/main/src/test/2023-02/LaunchZone_exp.sol
BSC,0x1c2b102f22c08694eee5b1f45e7973b6eaca3e92,attacker,https,defihacklabs,- LaunchZone,2023-02-27,2026-09-30T05:51:18,https://github.com/SunWeb3Sec/DeFiHackLabs/blob/main/src/test/2023-02/LaunchZone_exp.sol
BSC,0x0ccee62efec983f3ec4bad3247153009fb483551,unknown,,defihacklabs,- LaunchZone,2023-02-27,2026-09-30T05:51:18,https://github.com/SunWeb3Sec/DeFiHackLabs/blob/main/src/test/2023-02/LaunchZone_exp.sol
BSC,0x6D8981847Eb3cc2234179d0F0e72F6b6b2421a01,unknown,,defihacklabs,- LaunchZone,2023-02-27,2026-09-30T05:51:18,https://github.com/SunWeb3Sec/DeFiHackLabs/blob/main/src/test/2023-02/LaunchZone_exp.sol
ETH,0x1c2b102f22c08694eee5b1f45e7973b6eaca3e92,unknown,,defihacklabs,- LaunchZone,2023-02-27,2026-09-30T05:51:18,https://github.com/SunWeb3Sec/DeFiHackLabs/blob/main/src/test/2023-02/LaunchZone_exp.sol
BSC,0x8C0eCD7BACCed114729F8269B459E0A4D5e95C3b,unknown,,rekt,Kokomo Finance,2023-03-26,2026-09-30T05:51:18,https://rekt.news/kokomo-finance-rekt
BSC,0xB74C5e41E748BaBC32ce33813549E2503CDaB762,unknown,,rekt,Kokomo Finance,2023-03-26,2026-09-30T05:51:18,https://rekt.news/kokomo-finance-rekt
BSC,0xC2AE8D3b0fb159cCD331a01A8C3632B95dB23CF5,unknown,,rekt,Kokomo Finance,2023-03-26,2026-09-30T05:51:18,https://rekt.news/kokomo-finance-rekt
ETH,0x88340ff2292506D0D93934CbBFEA5ED1804CDa0d,unknown,,rekt,Kokomo Finance,2023-03-26,2026-09-30T05:51:18,https://rekt.news/kokomo-finance-rekt
BSC,0x70319d1c09e1373fc7b10403c852909e5b20a9d5,unknown,,rekt,Level Finance,2023-05-01,2026-09-30T05:51:18,https://rekt.news/level-finance-rekt
BSC,0x977087422C008233615b572fBC3F209Ed300063a,unknown,,rekt,Level Finance,2023-05-01,2026-09-30T05:51:18,https://rekt.news/level-finance-rekt
ETH,0x189cf534de3097c08b6beaf6eb2b9179dab122d1,unknown,,rekt,Deus DAO,2023-05-05,2026-09-30T05:51:18,https://rekt.news/deus-dao-r3kt
BSC,0x5a647e376d3835b8f941c143af3eb3ddf286c474,unknown,,rekt,Deus DAO,2023-05-05,2026-09-30T05:51:18,https://rekt.news/deus-dao-r3kt
Ethereum,0x4e998316ec31d2f3078f8f57b952bfae54728be1,attacker,Attacker,defihacklabs,HODL,2023-05-09,2026-09-30T05:51:18,https://github.com/SunWeb3Sec/DeFiHackLabs/blob/main/src/test/2023-05/HODLCapital_exp.sol
Ethereum,0x6943e74d1109a728f25a2e634ba3d74e9e476aed,unknown,Attack Contract,defihacklabs,HODL,2023-05-09,2026-09-30T05:51:18,https://github.com/SunWeb3Sec/DeFiHackLabs/blob/main/src/test/2023-05/HODLCapital_exp.sol
ETH,0x4e998316ec31d2f3078f8f57b952bfae54728be1,unknown,,defihacklabs,HODL,2023-05-09,2026-09-30T05:51:18,https://github.com/SunWeb3Sec/DeFiHackLabs/blob/main/src/test/2023-05/HODLCapital_exp.sol
ETH,0x6943e74d1109a728f25a2e634ba3d74e9e476aed,unknown,,defihacklabs,HODL,2023-05-09,2026-09-30T05:51:18,https://github.com/SunWeb3Sec/DeFiHackLabs/blob/main/src/test/2023-05/HODLCapital_exp.sol
Ethereum,0x8a4571c3a618e00d04287ca6385b6b020ce7a305,attacker,Attacker,defihacklabs,MCC,2023-05-09,2026-09-30T05:51:18,https://github.com/SunWeb3Sec/DeFiHackLabs/blob/main/src/test/2023-05/MultiChainCapital_exp.sol
Ethereum,0x52d74eb7c01c763219dce713da97ebae8b91728e,unknown,Attack Contract,defihacklabs,MCC,2023-05-09,2026-09-30T05:51:18,https://github.com/SunWeb3Sec/DeFiHackLabs/blob/main/src/test/2023-05/MultiChainCapital_exp.sol
ETH,0x8a4571c3a618e00d04287ca6385b6b020ce7a305,unknown,,defihacklabs,MCC,2023-05-09,2026-09-30T05:51:18,https://github.com/SunWeb3Sec/DeFiHackLabs/blob/main/src/test/2023-05/MultiChainCapital_exp.sol
ETH,0x52d74eb7c01c763219dce713da97ebae8b91728e,unknown,,defihacklabs,MCC,2023-05-09,2026-09-30T05:51:18,https://github.com/SunWeb3Sec/DeFiHackLabs/blob/main/src/test/2023-05/MultiChainCapital_exp.sol
BSC,0xc67af66b8a72d33dedd8179e1360631cf5169160,unknown,,defihacklabs,SellToken01,2023-05-11,2026-09-30T05:51:18,https://github.com/SunWeb3Sec/DeFiHackLabs/blob/main/src/test/2023-05/SELLC_exp.sol
BSC,0xf635fea87f0a8a444ede1dbb698d875dbb417829,unknown,,defihacklabs,SellToken01,2023-05-11,2026-09-30T05:51:18,https://github.com/SunWeb3Sec/DeFiHackLabs/blob/main/src/test/2023-05/SELLC_exp.sol
BSC,0x274b3e185c9c8f4ddef79cb9a8dc0d94f73a7675,unknown,,defihacklabs,SellToken01,2023-05-11,2026-09-30T05:51:18,https://github.com/SunWeb3Sec/DeFiHackLabs/blob/main/src/test/2023-05/SELLC_exp.sol
BSC,0x4404de29913e0fd055190e680771a016777973e5,unknown,,defihacklabs,LW,2023-05-12,2026-09-30T05:51:18,https://github.com/SunWeb3Sec/DeFiHackLabs/blob/main/src/test/2023-05/LW_exp.sol
BSC,0xa4fbc2c95ac4240277313bf3f810c54309dfcd6c,unknown,,defihacklabs,LW,2023-05-12,2026-09-30T05:51:18,https://github.com/SunWeb3Sec/DeFiHackLabs/blob/main/src/test/2023-05/LW_exp.sol
BSC,0x7b8c378df8650373d82ceb1085a18fe34031784f,unknown,,defihacklabs,LW,2023-05-12,2026-09-30T05:51:18,https://github.com/SunWeb3Sec/DeFiHackLabs/blob/main/src/test/2023-05/LW_exp.sol
BSC,0x878a36edfb757e8640ff78b612f839b63adc2e51,unknown,,defihacklabs,Bitpaidio,2023-05-13,2026-09-30T05:51:18,https://github.com/SunWeb3Sec/DeFiHackLabs/blob/main/src/test/2023-05/Bitpaidio_exp.sol
BSC,0x7b9265c6aa4b026b7220eee2e8697bf5ffa6bb9a,unknown,,defihacklabs,Bitpaidio,2023-05-13,2026-09-30T05:51:18,https://github.com/SunWeb3Sec/DeFiHackLabs/blob/main/src/test/2023-05/Bitpaidio_exp.sol
BSC,0x9d6d817ea5d4a69ff4c4509bea8f9b2534cec108,unknown,,defihacklabs,Bitpaidio,2023-05-13,2026-09-30T05:51:18,https://github.com/SunWeb3Sec/DeFiHackLabs/blob/main/src/test/2023-05/Bitpaidio_exp.sol
BSC,0xa3aa817587556c023e78b2285d381c68cee17069,unknown,,defihacklabs,SellToken03,2023-05-14,2026-09-30T05:51:18,https://github.com/SunWeb3Sec/DeFiHackLabs/blob/main/src/test/2023-05/SELLC02_exp.sol
BSC,0x9a366027e6be5ae8441c9f54455e1d6c41f12e3c,unknown,,defihacklabs,SellToken03,2023-05-14,2026-09-30T05:51:18,https://github.com/SunWeb3Sec/DeFiHackLabs/blob/main/src/test/2023-05/SELLC02_exp.sol
BSC,0xc2f54422c995f6c2935bc52b0f55a03c2f3e429c,unknown,,defihacklabs,SellToken03,2023-05-14,2026-09-30T05:51:18,https://github.com/SunWeb3Sec/DeFiHackLabs/blob/main/src/test/2023-05/SELLC02_exp.sol
BSC,0xeaf83465025b4bf9020fdf9ea5fb6e71dc8a0779,unknown,,defihacklabs,SellToken03,2023-05-14,2026-09-30T05:51:18,https://github.com/SunWeb3Sec/DeFiHackLabs/blob/main/src/test/2023-05/SELLC02_exp.sol
BSC,0x2e599883715d2f92468fa5ae3f9aab4e930e3ac7,unknown,,slowmist,land,2023-05-15,2026-09-30T05:51:18,https://bscscan.com/address/0x2e599883715d2f92468fa5ae3f9aab4e930e3ac7#tokentxns
BSC,0xe0c352c56af65772ac7c9ab45b858cb43d22f28f,unknown,,slowmist,Swap-LP,2023-05-20,2026-09-30T05:51:18,https://bscscan.com/address/0xdEAd40082286F7e57a56D6e5EFE242b9AC83B137
BSC,0x3c4e06d17e243e2cb2e4568249b6f7213c43c743,unknown,,slowmist,Swap-LP,2023-05-20,2026-09-30T05:51:18,https://bscscan.com/address/0xdEAd40082286F7e57a56D6e5EFE242b9AC83B137
BSC,0xdEAd40082286F7e57a56D6e5EFE242b9AC83B137,unknown,,slowmist,Swap-LP,2023-05-20,2026-09-30T05:51:18,https://bscscan.com/address/0xdEAd40082286F7e57a56D6e5EFE242b9AC83B137
Ethereum,0x11576cb3d8d6328cf319e85b10e09a228e84a8de,attacker,Attacker,defihacklabs,LFI Token,2023-05-23,2026-09-30T05:51:18,https://github.com/SunWeb3Sec/DeFiHackLabs/blob/main/src/test/2023-05/LFI_exp.sol
ETH,0x11576cb3d8d6328cf319e85b10e09a228e84a8de,unknown,,defihacklabs,LFI Token,2023-05-23,2026-09-30T05:51:18,https://github.com/SunWeb3Sec/DeFiHackLabs/blob/main/src/test/2023-05/LFI_exp.sol
Polygon,0x43623b96936e854f8d85f893011f22ac91e58164,unknown,,defihacklabs,LFI Token,2023-05-23,2026-09-30T05:51:18,https://github.com/SunWeb3Sec/DeFiHackLabs/blob/main/src/test/2023-05/LFI_exp.sol
Polygon,0xfc604b6fd73a1bc60d31be111f798dd0d4137812,unknown,,defihacklabs,LFI Token,2023-05-23,2026-09-30T05:51:18,https://github.com/SunWeb3Sec/DeFiHackLabs/blob/main/src/test/2023-05/LFI_exp.sol
Polygon,0xe6e5f921c8cd480030efb16166c3f83abc85298d,unknown,,defihacklabs,LFI Token,2023-05-23,2026-09-30T05:51:18,https://github.com/SunWeb3Sec/DeFiHackLabs/blob/main/src/test/2023-05/LFI_exp.sol
BSC,0xf3f1abae8bfeca054b330c379794a7bf84988228,unknown,,defihacklabs,FAPEN,2023-05-29,2026-09-30T05:51:18,https://github.com/SunWeb3Sec/DeFiHackLabs/blob/main/src/test/2023-05/FAPEN_exp.sol
BSC,0xcbc0d0c1049eb011d7c7cfc4ff556d281f0afebb,unknown,,defihacklabs,BabyDogeCoin,2023-05-29,2026-09-30T05:51:18,https://github.com/SunWeb3Sec/DeFiHackLabs/blob/main/src/test/2023-05/BabyDogeCoin_exp.sol
BSC,0x51873a0b615a51115f2cfbc2e24d9db4bfa2e6e2,unknown,,defihacklabs,BabyDogeCoin,2023-05-29,2026-09-30T05:51:18,https://github.com/SunWeb3Sec/DeFiHackLabs/blob/main/src/test/2023-05/BabyDogeCoin_exp.sol
BSC,0xc748673057861a797275cd8a068abb95a902e8de,unknown,,defihacklabs,BabyDogeCoin,2023-05-29,2026-09-30T05:51:18,https://github.com/SunWeb3Sec/DeFiHackLabs/blob/main/src/test/2023-05/BabyDogeCoin_exp.sol
Ethereum,0xc0ffeebabe5d496b2dde509f9fa189c25cf29671,attacker,Attacker,defihacklabs,ERC20TokenBank,2023-05-31,2026-09-30T05:51:18,https://github.com/SunWeb3Sec/DeFiHackLabs/blob/main/src/test/2023-05/ERC20TokenBank_exp.sol
Ethereum,0x7c28e0977f72c5d08d5e1ac7d52a34db378282b3,unknown,Attack Contract,defihacklabs,ERC20TokenBank,2023-05-31,2026-09-30T05:51:18,https://github.com/SunWeb3Sec/DeFiHackLabs/blob/main/src/test/2023-05/ERC20TokenBank_exp.sol
Ethereum,0x765b8d7cd8ff304f796f4b6fb1bcf78698333f6d,victim,Vulnerable Contract,defihacklabs,ERC20TokenBank,2023-05-31,2026-09-30T05:51:18,https://github.com/SunWeb3Sec/DeFiHackLabs/blob/main/src/test/2023-05/ERC20TokenBank_exp.sol
ETH,0xc0ffeebabe5d496b2dde509f9fa189c25cf29671,unknown,,defihacklabs,ERC20TokenBank,2023-05-31,2026-09-30T05:51:18,https://github.com/SunWeb3Sec/DeFiHackLabs/blob/main/src/test/2023-05/ERC20TokenBank_exp.sol
ETH,0x7c28e0977f72c5d08d5e1ac7d52a34db378282b3,unknown,,defihacklabs,ERC20TokenBank,2023-05-31,2026-09-30T05:51:18,https://github.com/SunWeb3Sec/DeFiHackLabs/blob/main/src/test/2023-05/ERC20TokenBank_exp.sol
ETH,0x765b8d7cd8ff304f796f4b6fb1bcf78698333f6d,unknown,,defihacklabs,ERC20TokenBank,2023-05-31,2026-09-30T05:51:18,https://github.com/SunWeb3Sec/DeFiHackLabs/blob/main/src/test/2023-05/ERC20TokenBank_exp.sol
BSC,0x2525c811ecf22fc5fcde03c67112d34e97da6079,unknown,,defihacklabs,Cellframenet,2023-06-01,2026-09-30T05:51:18,https://github.com/SunWeb3Sec/DeFiHackLabs/blob/main/src/test/2023-06/Cellframe_exp.sol
BSC,0x1e2a251b29e84e1d6d762c78a9db5113f5ce7c48,unknown,,defihacklabs,Cellframenet,2023-06-01,2026-09-30T05:51:18,https://github.com/SunWeb3Sec/DeFiHackLabs/blob/main/src/test/2023-06/Cellframe_exp.sol
BSC,0x0a3fee894eb8fcb6f84460d5828d71be50612762,unknown,,defihacklabs,DDCoin,2023-06-01,2026-09-30T05:51:18,https://github.com/SunWeb3Sec/DeFiHackLabs/blob/main/src/test/2023-06/DDCoin_exp.sol
BSC,0x105e9b0266ae0ae670b7fe9af08cf32049f0dd21,unknown,,defihacklabs,DDCoin,2023-06-01,2026-09-30T05:51:18,https://github.com/SunWeb3Sec/DeFiHackLabs/blob/main/src/test/2023-06/DDCoin_exp.sol
BSC,0xb3a636ac4c271e6cd962cad98eae9cf71f5a49c8,unknown,,defihacklabs,DDCoin,2023-06-01,2026-09-30T05:51:18,https://github.com/SunWeb3Sec/DeFiHackLabs/blob/main/src/test/2023-06/DDCoin_exp.sol
Polygon,0xa1f2377fc6c24d7cd9ca084cafec29e5d5c8442a,unknown,https,defihacklabs,NST Simple Swap,2023-06-02,2026-09-30T05:51:18,https://github.com/SunWeb3Sec/DeFiHackLabs/blob/main/src/test/2023-06/NST_exp.sol
Polygon,0x3bb7a0f2fe88aba35408c64f588345481490fe93,unknown,,defihacklabs,NST Simple Swap,2023-06-02,2026-09-30T05:51:18,https://github.com/SunWeb3Sec/DeFiHackLabs/blob/main/src/test/2023-06/NST_exp.sol
Polygon,0xcb3585f3e09f0238a3f61838502590a23f15bb5b,unknown,,defihacklabs,NST Simple Swap,2023-06-02,2026-09-30T05:51:18,https://github.com/SunWeb3Sec/DeFiHackLabs/blob/main/src/test/2023-06/NST_exp.sol
BSC,0xe1AFC0A3c9aA2537DEea233EF7dc0952ceEDfDA3,unknown,,slowmist,NFDAO,2023-06-06,2026-09-30T05:51:18,https://bscscan.com/address/0xe1AFC0A3c9aA2537DEea233EF7dc0952ceEDfDA3
BSC,0xf84efa8a9f7e68855cf17eaac9c2f97a9d131366,unknown,,defihacklabs,UN,2023-06-06,2026-09-30T05:51:18,https://github.com/SunWeb3Sec/DeFiHackLabs/blob/main/src/test/2023-06/UN_exp.sol
BSC,0x98e241bd3be918e0d927af81b430be00d86b04f9,unknown,,defihacklabs,UN,2023-06-06,2026-09-30T05:51:18,https://github.com/SunWeb3Sec/DeFiHackLabs/blob/main/src/test/2023-06/UN_exp.sol
Ethereum,0x9748c8540a5f752ba747f1203ac13dae789033de,attacker,Attacker,defihacklabs,VINU,2023-06-06,2026-09-30T05:51:18,https://github.com/SunWeb3Sec/DeFiHackLabs/blob/main/src/test/2023-06/VINU_exp.sol
Ethereum,0xf73b8ea8838cba9148fb182e267a000f7cfba8dd,unknown,Attack Contract,defihacklabs,VINU,2023-06-06,2026-09-30T05:51:18,https://github.com/SunWeb3Sec/DeFiHackLabs/blob/main/src/test/2023-06/VINU_exp.sol
ETH,0x9748c8540a5f752ba747f1203ac13dae789033de,unknown,,defihacklabs,VINU,2023-06-06,2026-09-30T05:51:18,https://github.com/SunWeb3Sec/DeFiHackLabs/blob/main/src/test/2023-06/VINU_exp.sol
ETH,0xf73b8ea8838cba9148fb182e267a000f7cfba8dd,unknown,,defihacklabs,VINU,2023-06-06,2026-09-30T05:51:18,https://github.com/SunWeb3Sec/DeFiHackLabs/blob/main/src/test/2023-06/VINU_exp.sol
BSC,0x11eb8c55603b9720804db178b788f69f7b7a5dc7,unknown,,slowmist,USEA,2023-06-07,2026-09-30T05:51:18,https://bscscan.com/address/0x11eb8c55603b9720804db178b788f69f7b7a5dc7
Ethereum,0x0e816b0d0a66252c72af822d3e0773a2676f3278,attacker,Attacker,defihacklabs,CompounderFinance,2023-06-07,2026-09-30T05:51:18,https://github.com/SunWeb3Sec/DeFiHackLabs/blob/main/src/test/2023-06/CompounderFinance_exp.sol
Ethereum,0x2d7973177d594237a9b347cd41082af4cbb40f2b,unknown,Attack Contract,defihacklabs,CompounderFinance,2023-06-07,2026-09-30T05:51:18,https://github.com/SunWeb3Sec/DeFiHackLabs/blob/main/src/test/2023-06/CompounderFinance_exp.sol
Ethereum,0xaf274e912243b19b882f02d731dacd7cd13072d0,victim,Vulnerable Contract,defihacklabs,CompounderFinance,2023-06-07,2026-09-30T05:51:18,https://github.com/SunWeb3Sec/DeFiHackLabs/blob/main/src/test/2023-06/CompounderFinance_exp.sol
ETH,0x0e816b0d0a66252c72af822d3e0773a2676f3278,unknown,,defihacklabs,CompounderFinance,2023-06-07,2026-09-30T05:51:18,https://github.com/SunWeb3Sec/DeFiHackLabs/blob/main/src/test/2023-06/CompounderFinance_exp.sol
ETH,0x2d7973177d594237a9b347cd41082af4cbb40f2b,unknown,,defihacklabs,CompounderFinance,2023-06-07,2026-09-30T05:51:18,https://github.com/SunWeb3Sec/DeFiHackLabs/blob/main/src/test/2023-06/CompounderFinance_exp.sol
ETH,0xaf274e912243b19b882f02d731dacd7cd13072d0,unknown,,defihacklabs,CompounderFinance,2023-06-07,2026-09-30T05:51:18,https://github.com/SunWeb3Sec/DeFiHackLabs/blob/main/src/test/2023-06/CompounderFinance_exp.sol
BSC,0x4beb05bf9bd4585ae2f4feb74112f18b423abb84,unknown,,slowmist,TrustTheTrident,2023-06-11,2026-09-30T05:51:18,https://bscscan.com/address/0x4beb05bf9bd4585ae2f4feb74112f18b423abb84
BSC,0x0060129430df7ea188be3d8818404a2d40896089,unknown,,defihacklabs,SellToken04,2023-06-11,2026-09-30T05:51:18,https://github.com/SunWeb3Sec/DeFiHackLabs/blob/main/src/test/2023-06/SELLC03_exp.sol
BSC,0x2cc392c0207d080aec0befe5272659d3bb8a7052,unknown,,defihacklabs,SellToken04,2023-06-11,2026-09-30T05:51:18,https://github.com/SunWeb3Sec/DeFiHackLabs/blob/main/src/test/2023-06/SELLC03_exp.sol
BSC,0x84Be9475051a08ee5364fBA44De7FE83a5eCC4f1,unknown,,defihacklabs,SellToken04,2023-06-11,2026-09-30T05:51:18,https://github.com/SunWeb3Sec/DeFiHackLabs/blob/main/src/test/2023-06/SELLC03_exp.sol
Ethereum,0x1e8419e724d51e87f78e222d935fbbdeb631a08b,attacker,Attacker,defihacklabs,Sturdy Finance,2023-06-12,2026-09-30T05:51:18,https://github.com/SunWeb3Sec/DeFiHackLabs/blob/main/src/test/2023-06/Sturdy_exp.sol
Ethereum,0x0b09c86260c12294e3b967f0d523b4b2bcdfbeab,unknown,Attack Contract,defihacklabs,Sturdy Finance,2023-06-12,2026-09-30T05:51:18,https://github.com/SunWeb3Sec/DeFiHackLabs/blob/main/src/test/2023-06/Sturdy_exp.sol
Ethereum,0x9f72dc67cec672bb99e3d02cbea0a21536a2b657,victim,Vulnerable Contract,defihacklabs,Sturdy Finance,2023-06-12,2026-09-30T05:51:18,https://github.com/SunWeb3Sec/DeFiHackLabs/blob/main/src/test/2023-06/Sturdy_exp.sol
Ethereum,0x46bea99d977f269399fb3a4637077bb35f075516,victim,Vulnerable Contract Code,defihacklabs,Sturdy Finance,2023-06-12,2026-09-30T05:51:18,https://github.com/SunWeb3Sec/DeFiHackLabs/blob/main/src/test/2023-06/Sturdy_exp.sol
ETH,0x1e8419e724d51e87f78e222d935fbbdeb631a08b,unknown,,defihacklabs,Sturdy Finance,2023-06-12,2026-09-30T05:51:18,https://github.com/SunWeb3Sec/DeFiHackLabs/blob/main/src/test/2023-06/Sturdy_exp.sol
ETH,0x0b09c86260c12294e3b967f0d523b4b2bcdfbeab,unknown,,defihacklabs,Sturdy Finance,2023-06-12,2026-09-30T05:51:18,https://github.com/SunWeb3Sec/DeFiHackLabs/blob/main/src/test/2023-06/Sturdy_exp.sol
ETH,0x9f72dc67cec672bb99e3d02cbea0a21536a2b657,unknown,,defihacklabs,Sturdy Finance,2023-06-12,2026-09-30T05:51:18,https://github.com/SunWeb3Sec/DeFiHackLabs/blob/main/src/test/2023-06/Sturdy_exp.sol
ETH,0x46bea99d977f269399fb3a4637077bb35f075516,unknown,,defihacklabs,Sturdy Finance,2023-06-12,2026-09-30T05:51:18,https://github.com/SunWeb3Sec/DeFiHackLabs/blob/main/src/test/2023-06/Sturdy_exp.sol
Ethereum,0x7b190a928aa76eece5cb3e0f6b3bdb24fcdd9b4f,victim,Vulnerable Proxy DEPUSDT,defihacklabs,DEPUSDT_LEVUSDC,2023-06-15,2026-09-30T05:51:18,https://github.com/SunWeb3Sec/DeFiHackLabs/blob/main/src/test/2023-06/DEPUSDT_LEVUSDC_exp.sol
Ethereum,0x2a2b195558cf89aa617979ce28880bbf7e17bc45,victim,Vulnerable Proxy LEVUSDC,defihacklabs,DEPUSDT_LEVUSDC,2023-06-15,2026-09-30T05:51:18,https://github.com/SunWeb3Sec/DeFiHackLabs/blob/main/src/test/2023-06/DEPUSDT_LEVUSDC_exp.sol
ETH,0x7b190a928aa76eece5cb3e0f6b3bdb24fcdd9b4f,unknown,,defihacklabs,DEPUSDT_LEVUSDC,2023-06-15,2026-09-30T05:51:18,https://github.com/SunWeb3Sec/DeFiHackLabs/blob/main/src/test/2023-06/DEPUSDT_LEVUSDC_exp.sol
ETH,0x2a2b195558cf89aa617979ce28880bbf7e17bc45,unknown,,defihacklabs,DEPUSDT_LEVUSDC,2023-06-15,2026-09-30T05:51:18,https://github.com/SunWeb3Sec/DeFiHackLabs/blob/main/src/test/2023-06/DEPUSDT_LEVUSDC_exp.sol
BSC,0x8213e87bb381919b292ace364d97d3a1ee38caa4,unknown,,defihacklabs,CFC,2023-06-15,2026-09-30T05:51:18,https://github.com/SunWeb3Sec/DeFiHackLabs/blob/main/src/test/2023-06/CFC_exp.sol
BSC,0xdd9b223aec6ea56567a62f21ff89585ff125632c,unknown,,defihacklabs,CFC,2023-06-15,2026-09-30T05:51:18,https://github.com/SunWeb3Sec/DeFiHackLabs/blob/main/src/test/2023-06/CFC_exp.sol
Ethereum,0x4b92cc3452ef1e37528470495b86d3f976470734,attacker,Attacker,defihacklabs,MidasCapitalXYZ,2023-06-17,2026-09-30T05:51:18,https://github.com/SunWeb3Sec/DeFiHackLabs/blob/main/src/test/2023-06/MidasCapitalXYZ_exp.sol
ETH,0x4b92cc3452ef1e37528470495b86d3f976470734,unknown,,defihacklabs,MidasCapitalXYZ,2023-06-17,2026-09-30T05:51:18,https://github.com/SunWeb3Sec/DeFiHackLabs/blob/main/src/test/2023-06/MidasCapitalXYZ_exp.sol
BSC,0xc40119c7269a5fa813d878bf83d14e3462fc8fde,unknown,,defihacklabs,MidasCapitalXYZ,2023-06-17,2026-09-30T05:51:18,https://github.com/SunWeb3Sec/DeFiHackLabs/blob/main/src/test/2023-06/MidasCapitalXYZ_exp.sol
BSC,0xf8527dc5611b589cbb365acacaac0d1dc70b25cb,unknown,,defihacklabs,MidasCapitalXYZ,2023-06-17,2026-09-30T05:51:18,https://github.com/SunWeb3Sec/DeFiHackLabs/blob/main/src/test/2023-06/MidasCapitalXYZ_exp.sol
Ethereum,0x8f7370d5d461559f24b83ba675b4c7e2fdb514cc,attacker,Attacker,defihacklabs,Pawnfi,2023-06-17,2026-09-30T05:51:18,https://github.com/SunWeb3Sec/DeFiHackLabs/blob/main/src/test/2023-06/Pawnfi_exp.sol
Ethereum,0xb618d91fe014bfcb9c8d440468b6c78e9ada9da1,attacker,Attacker Contract,defihacklabs,Pawnfi,2023-06-17,2026-09-30T05:51:18,https://github.com/SunWeb3Sec/DeFiHackLabs/blob/main/src/test/2023-06/Pawnfi_exp.sol
Ethereum,0x85018CF6F53c8bbD03c3137E71F4FCa226cDa92C,victim,Vulnerable Contract,defihacklabs,Pawnfi,2023-06-17,2026-09-30T05:51:18,https://github.com/SunWeb3Sec/DeFiHackLabs/blob/main/src/test/2023-06/Pawnfi_exp.sol
ETH,0x8f7370d5d461559f24b83ba675b4c7e2fdb514cc,unknown,,defihacklabs,Pawnfi,2023-06-17,2026-09-30T05:51:18,https://github.com/SunWeb3Sec/DeFiHackLabs/blob/main/src/test/2023-06/Pawnfi_exp.sol
ETH,0xb618d91fe014bfcb9c8d440468b6c78e9ada9da1,unknown,,defihacklabs,Pawnfi,2023-06-17,2026-09-30T05:51:18,https://github.com/SunWeb3Sec/DeFiHackLabs/blob/main/src/test/2023-06/Pawnfi_exp.sol
ETH,0x85018CF6F53c8bbD03c3137E71F4FCa226cDa92C,unknown,,defihacklabs,Pawnfi,2023-06-17,2026-09-30T05:51:18,https://github.com/SunWeb3Sec/DeFiHackLabs/blob/main/src/test/2023-06/Pawnfi_exp.sol
BSC,0xf84efa8a9f7e68855cf17eaac9c2f97a9d131366,unknown,,defihacklabs,ARA,2023-06-18,2026-09-30T05:51:18,https://github.com/SunWeb3Sec/DeFiHackLabs/blob/main/src/test/2023-06/ARA_exp.sol
BSC,0x98e241bd3be918e0d927af81b430be00d86b04f9,unknown,,defihacklabs,ARA,2023-06-18,2026-09-30T05:51:18,https://github.com/SunWeb3Sec/DeFiHackLabs/blob/main/src/test/2023-06/ARA_exp.sol
BSC,0x7ba5dd9bb357afa2231446198c75bac17cefcda9,unknown,,defihacklabs,ARA,2023-06-18,2026-09-30T05:51:18,https://github.com/SunWeb3Sec/DeFiHackLabs/blob/main/src/test/2023-06/ARA_exp.sol
BSC,0xF84efA8a9F7E68855CF17EAaC9c2f97A9d131366,unknown,,slowmist,Ara,2023-06-19,2026-09-30T05:51:18,https://bscscan.com/address/0xf84efa8a9f7e68855cf17eaac9c2f97a9d131366
Ethereum,0x015d0b51d0a65ad11cf4425de2ec86a7b320db3f,attacker,Attacker,defihacklabs,Contract_0x7657,2023-06-19,2026-09-30T05:51:18,https://github.com/SunWeb3Sec/DeFiHackLabs/blob/main/src/test/2023-06/Contract_0x7657_exp.sol
Ethereum,0x76577603f99eae8320f70b410a350a83d744cb77,victim,Vulnerable Contract,defihacklabs,Contract_0x7657,2023-06-19,2026-09-30T05:51:18,https://github.com/SunWeb3Sec/DeFiHackLabs/blob/main/src/test/2023-06/Contract_0x7657_exp.sol
ETH,0x015d0b51d0a65ad11cf4425de2ec86a7b320db3f,unknown,,defihacklabs,Contract_0x7657,2023-06-19,2026-09-30T05:51:18,https://github.com/SunWeb3Sec/DeFiHackLabs/blob/main/src/test/2023-06/Contract_0x7657_exp.sol
ETH,0xfe2011dad32ad6dfd128e55490c0fd999f3d2221,unknown,,defihacklabs,Contract_0x7657,2023-06-19,2026-09-30T05:51:18,https://github.com/SunWeb3Sec/DeFiHackLabs/blob/main/src/test/2023-06/Contract_0x7657_exp.sol
ETH,0x76577603f99eae8320f70b410a350a83d744cb77,unknown,,defihacklabs,Contract_0x7657,2023-06-19,2026-09-30T05:51:18,https://github.com/SunWeb3Sec/DeFiHackLabs/blob/main/src/test/2023-06/Contract_0x7657_exp.sol
BSC,0x35fef3c5642797a4383a07afe3ce7113cc7bfc7b,unknown,,slowmist,IPO,2023-06-20,2026-09-30T05:51:18,https://bscscan.com/address/0x35fef3c5642797a4383a07afe3ce7113cc7bfc7b
Ethereum,0x9d4fd681aacbc49d79c6405c9aa70d1afd5accf3,attacker,Attacker,defihacklabs,MIMSpell,2023-06-20,2026-09-30T05:51:18,https://github.com/SunWeb3Sec/DeFiHackLabs/blob/main/src/test/2023-06/MIMSpell_exp.sol
Ethereum,0x26fe84754a1967d67b7befaa01b10d7b35bbaf0a,unknown,Attack Contract,defihacklabs,MIMSpell,2023-06-20,2026-09-30T05:51:18,https://github.com/SunWeb3Sec/DeFiHackLabs/blob/main/src/test/2023-06/MIMSpell_exp.sol
Ethereum,0xa5564a2d1190a141cac438c9fde686ac48a18a79,victim,Vulnerable Contract,defihacklabs,MIMSpell,2023-06-20,2026-09-30T05:51:18,https://github.com/SunWeb3Sec/DeFiHackLabs/blob/main/src/test/2023-06/MIMSpell_exp.sol
ETH,0x9d4fd681aacbc49d79c6405c9aa70d1afd5accf3,unknown,,defihacklabs,MIMSpell,2023-06-20,2026-09-30T05:51:18,https://github.com/SunWeb3Sec/DeFiHackLabs/blob/main/src/test/2023-06/MIMSpell_exp.sol
ETH,0x26fe84754a1967d67b7befaa01b10d7b35bbaf0a,unknown,,defihacklabs,MIMSpell,2023-06-20,2026-09-30T05:51:18,https://github.com/SunWeb3Sec/DeFiHackLabs/blob/main/src/test/2023-06/MIMSpell_exp.sol
ETH,0xa5564a2d1190a141cac438c9fde686ac48a18a79,unknown,,defihacklabs,MIMSpell,2023-06-20,2026-09-30T05:51:18,https://github.com/SunWeb3Sec/DeFiHackLabs/blob/main/src/test/2023-06/MIMSpell_exp.sol
BSC,0xee6764ac7aa45ed52482e4320906fd75615ba1d1,unknown,,defihacklabs,BabyDogeCoin02,2023-06-21,2026-09-30T05:51:18,https://github.com/SunWeb3Sec/DeFiHackLabs/blob/main/src/test/2023-06/BabyDogeCoin02_exp.sol
BSC,0x9a6b926281b0c7bc4f775e81f42b13eda9c1c98e,unknown,,defihacklabs,BabyDogeCoin02,2023-06-21,2026-09-30T05:51:18,https://github.com/SunWeb3Sec/DeFiHackLabs/blob/main/src/test/2023-06/BabyDogeCoin02_exp.sol
BSC,0xc748673057861a797275CD8A068AbB95A902e8de,unknown,,defihacklabs,BabyDogeCoin02,2023-06-21,2026-09-30T05:51:18,https://github.com/SunWeb3Sec/DeFiHackLabs/blob/main/src/test/2023-06/BabyDogeCoin02_exp.sol
BSC,0x69810917928b80636178b1bb011c746efe61770d,unknown,,defihacklabs,SHIDO,2023-06-23,2026-09-30T05:51:18,https://github.com/SunWeb3Sec/DeFiHackLabs/blob/main/src/test/2023-06/SHIDO_exp.sol
BSC,0xcdb3d057ca0cfdf630baf3f90e9045ddeb9ea4cc,unknown,,defihacklabs,SHIDO,2023-06-23,2026-09-30T05:51:18,https://github.com/SunWeb3Sec/DeFiHackLabs/blob/main/src/test/2023-06/SHIDO_exp.sol
BSC,0xa963ee460cf4b474c35ded8fff91c4ec011fb640,unknown,,defihacklabs,SHIDO,2023-06-23,2026-09-30T05:51:18,https://github.com/SunWeb3Sec/DeFiHackLabs/blob/main/src/test/2023-06/SHIDO_exp.sol
BSC,0xc7823188d459e1744c0e5fd58a0e074e92982ea3,unknown,,defihacklabs,STRAC,2023-06-27,2026-09-30T05:51:18,https://github.com/SunWeb3Sec/DeFiHackLabs/blob/main/src/test/2023-06/STRAC_exp.sol
BSC,0x1f90bdeb5674833868ee9b36707b929024e7a513,unknown,,defihacklabs,STRAC,2023-06-27,2026-09-30T05:51:18,https://github.com/SunWeb3Sec/DeFiHackLabs/blob/main/src/test/2023-06/STRAC_exp.sol
BSC,0xab90a897cf6c56c69a4579ead3c900260dfba02d,unknown,,defihacklabs,UnverifiedContr_9ad32,2023-06-27,2026-09-30T05:51:18,https://github.com/SunWeb3Sec/DeFiHackLabs/blob/main/src/test/2023-06/UnverifiedContr_9ad32_exp.sol
Arbitrum,0xff368294ccb3cd6e7e263526b5c820b22dea2b2f,unknown,Attack Tx,defihacklabs,Themis,2023-06-28,2026-09-30T05:51:18,https://github.com/SunWeb3Sec/DeFiHackLabs/blob/main/src/test/2023-06/Themis_exp.sol
Arbitrum,0xdb73eb484e7dea3785520d750eabef50a9b9ab33,unknown,,defihacklabs,Themis,2023-06-28,2026-09-30T05:51:18,https://github.com/SunWeb3Sec/DeFiHackLabs/blob/main/src/test/2023-06/Themis_exp.sol
Arbitrum,0x05a1b877330c168451f081bfaf32d690ea964fca,unknown,,defihacklabs,Themis,2023-06-28,2026-09-30T05:51:18,https://github.com/SunWeb3Sec/DeFiHackLabs/blob/main/src/test/2023-06/Themis_exp.sol
Arbitrum,0x33f3fb58ea0f91f4bd8612d9f477420b01023f25,unknown,,defihacklabs,Themis,2023-06-28,2026-09-30T05:51:18,https://github.com/SunWeb3Sec/DeFiHackLabs/blob/main/src/test/2023-06/Themis_exp.sol
Arbitrum,0x75f805e2fb248462e7817f0230b36e9fae0280fc,unknown,,defihacklabs,Themis,2023-06-28,2026-09-30T05:51:18,https://github.com/SunWeb3Sec/DeFiHackLabs/blob/main/src/test/2023-06/Themis_exp.sol
BSC,0xc47fcc9263b026033a94574ec432514c639a2d12,unknown,,defihacklabs,MyAi,2023-06-30,2026-09-30T05:51:18,https://github.com/SunWeb3Sec/DeFiHackLabs/blob/main/src/test/2023-06/MyAi_exp.sol
BSC,0x0d3aafb9ade835456b2595509ac1f58922e465b3,unknown,,defihacklabs,MyAi,2023-06-30,2026-09-30T05:51:18,https://github.com/SunWeb3Sec/DeFiHackLabs/blob/main/src/test/2023-06/MyAi_exp.sol
BSC,0xdb103fd28ca4b18115f5ce908baaeed7e0f1f101,unknown,,defihacklabs,MyAi,2023-06-30,2026-09-30T05:51:18,https://github.com/SunWeb3Sec/DeFiHackLabs/blob/main/src/test/2023-06/MyAi_exp.sol
BSC,0xa1e31b29f94296fc85fac8739511360f279b1976,unknown,,defihacklabs,Biswap,2023-06-30,2026-09-30T05:51:18,https://github.com/SunWeb3Sec/DeFiHackLabs/blob/main/src/test/2023-06/Biswap_exp.sol
BSC,0x1d448e9661c5abfc732ea81330c6439b0aa449b5,unknown,,defihacklabs,Biswap,2023-06-30,2026-09-30T05:51:18,https://github.com/SunWeb3Sec/DeFiHackLabs/blob/main/src/test/2023-06/Biswap_exp.sol
Ethereum,0x85d231c204b82915c909a05847cca8557164c75e,attacker,Attacker,defihacklabs,AzukiDAO,2023-07-03,2026-09-30T05:51:18,https://github.com/SunWeb3Sec/DeFiHackLabs/blob/main/src/test/2023-07/AzukiDAO_exp.sol
Ethereum,0x8189afbe7b0e81dae735ef027cd31371b3974feb,victim,Vulnerable Contract,defihacklabs,AzukiDAO,2023-07-03,2026-09-30T05:51:18,https://github.com/SunWeb3Sec/DeFiHackLabs/blob/main/src/test/2023-07/AzukiDAO_exp.sol
ETH,0x85d231c204b82915c909a05847cca8557164c75e,unknown,,defihacklabs,AzukiDAO,2023-07-03,2026-09-30T05:51:18,https://github.com/SunWeb3Sec/DeFiHackLabs/blob/main/src/test/2023-07/AzukiDAO_exp.sol
ETH,0x8189afbe7b0e81dae735ef027cd31371b3974feb,unknown,,defihacklabs,AzukiDAO,2023-07-03,2026-09-30T05:51:18,https://github.com/SunWeb3Sec/DeFiHackLabs/blob/main/src/test/2023-07/AzukiDAO_exp.sol
Ethereum,0x00693a01221a5e93fb872637e3a9391ef5f48300,attacker,Attacker,defihacklabs,BaoCommunity,2023-07-04,2026-09-30T05:51:18,https://github.com/SunWeb3Sec/DeFiHackLabs/blob/main/src/test/2023-07/Bao_exp.sol
Ethereum,0x3f99d5cd830203a3027eb0ed6548db7f81c3408f,unknown,Attack Contract,defihacklabs,BaoCommunity,2023-07-04,2026-09-30T05:51:18,https://github.com/SunWeb3Sec/DeFiHackLabs/blob/main/src/test/2023-07/Bao_exp.sol
Ethereum,0xb0f8fe96b4880adbdede0ddf446bd1e7ef122c4e,victim,Vulnerable Contract,defihacklabs,BaoCommunity,2023-07-04,2026-09-30T05:51:18,https://github.com/SunWeb3Sec/DeFiHackLabs/blob/main/src/test/2023-07/Bao_exp.sol
ETH,0x00693a01221a5e93fb872637e3a9391ef5f48300,unknown,,defihacklabs,BaoCommunity,2023-07-04,2026-09-30T05:51:18,https://github.com/SunWeb3Sec/DeFiHackLabs/blob/main/src/test/2023-07/Bao_exp.sol
ETH,0x3f99d5cd830203a3027eb0ed6548db7f81c3408f,unknown,,defihacklabs,BaoCommunity,2023-07-04,2026-09-30T05:51:18,https://github.com/SunWeb3Sec/DeFiHackLabs/blob/main/src/test/2023-07/Bao_exp.sol
ETH,0xb0f8fe96b4880adbdede0ddf446bd1e7ef122c4e,unknown,,defihacklabs,BaoCommunity,2023-07-04,2026-09-30T05:51:18,https://github.com/SunWeb3Sec/DeFiHackLabs/blob/main/src/test/2023-07/Bao_exp.sol
BSC,0x00703face6621bd207d3b4ac9867058190c0bb09,unknown,,defihacklabs,BambooIA,2023-07-04,2026-09-30T05:51:18,https://github.com/SunWeb3Sec/DeFiHackLabs/blob/main/src/test/2023-07/Bamboo_exp.sol
BSC,0xcdf0eb202cfd1f502f3fdca9006a4b5729aadebc,unknown,,defihacklabs,BambooIA,2023-07-04,2026-09-30T05:51:18,https://github.com/SunWeb3Sec/DeFiHackLabs/blob/main/src/test/2023-07/Bamboo_exp.sol
BSC,0xed56784bc8f2c036f6b0d8e04cb83c253e4a6a94,unknown,,defihacklabs,BambooIA,2023-07-04,2026-09-30T05:51:18,https://github.com/SunWeb3Sec/DeFiHackLabs/blob/main/src/test/2023-07/Bamboo_exp.sol
Ethereum,0xc0ccff0b981b419e6e47560c3659c5f0b00e4985,attacker,Attacker,defihacklabs,Civfund,2023-07-08,2026-09-30T05:51:18,https://github.com/SunWeb3Sec/DeFiHackLabs/blob/main/src/test/2023-07/Civfund_exp.sol
Ethereum,0xf466f9f431aea853040ef837626b1c59cc963ce2,unknown,Attack Contract,defihacklabs,Civfund,2023-07-08,2026-09-30T05:51:18,https://github.com/SunWeb3Sec/DeFiHackLabs/blob/main/src/test/2023-07/Civfund_exp.sol
Ethereum,0x7caec5e4a3906d0919895d113f7ed9b3a0cbf826,victim,Vulnerable Contract,defihacklabs,Civfund,2023-07-08,2026-09-30T05:51:18,https://github.com/SunWeb3Sec/DeFiHackLabs/blob/main/src/test/2023-07/Civfund_exp.sol
ETH,0xc0ccff0b981b419e6e47560c3659c5f0b00e4985,unknown,,defihacklabs,Civfund,2023-07-08,2026-09-30T05:51:18,https://github.com/SunWeb3Sec/DeFiHackLabs/blob/main/src/test/2023-07/Civfund_exp.sol
ETH,0xf466f9f431aea853040ef837626b1c59cc963ce2,unknown,,defihacklabs,Civfund,2023-07-08,2026-09-30T05:51:18,https://github.com/SunWeb3Sec/DeFiHackLabs/blob/main/src/test/2023-07/Civfund_exp.sol
ETH,0x7caec5e4a3906d0919895d113f7ed9b3a0cbf826,unknown,,defihacklabs,Civfund,2023-07-08,2026-09-30T05:51:18,https://github.com/SunWeb3Sec/DeFiHackLabs/blob/main/src/test/2023-07/Civfund_exp.sol
Ethereum,0xd1c0f1316140D6bF1a9e2Eea8a227dAD151F69b7,attacker,Attacker,defihacklabs,bzx,2020-09-12,2026-09-30T05:51:17,https://github.com/SunWeb3Sec/DeFiHackLabs/blob/main/src/test/2020-09/bzx_exp.sol
Ethereum,0xb983e01458529665007ff7e0cddecdb74b967eb6,victim,Vulnerable Contract,defihacklabs,bzx,2020-09-12,2026-09-30T05:51:17,https://github.com/SunWeb3Sec/DeFiHackLabs/blob/main/src/test/2020-09/bzx_exp.sol
Ethereum,0xde744d544a9d768e96c21b5f087fc54b776e9b25,victim,Vulnerable Contract Code,defihacklabs,bzx,2020-09-12,2026-09-30T05:51:17,https://github.com/SunWeb3Sec/DeFiHackLabs/blob/main/src/test/2020-09/bzx_exp.sol
ETH,0xd1c0f1316140D6bF1a9e2Eea8a227dAD151F69b7,unknown,,defihacklabs,bzx,2020-09-12,2026-09-30T05:51:17,https://github.com/SunWeb3Sec/DeFiHackLabs/blob/main/src/test/2020-09/bzx_exp.sol
ETH,0xb983e01458529665007ff7e0cddecdb74b967eb6,unknown,,defihacklabs,bzx,2020-09-12,2026-09-30T05:51:17,https://github.com/SunWeb3Sec/DeFiHackLabs/blob/main/src/test/2020-09/bzx_exp.sol
ETH,0xde744d544a9d768e96c21b5f087fc54b776e9b25,unknown,,defihacklabs,bzx,2020-09-12,2026-09-30T05:51:17,https://github.com/SunWeb3Sec/DeFiHackLabs/blob/main/src/test/2020-09/bzx_exp.sol
Ethereum,0xbac8a476b95ec741e56561a66231f92bc88bb3a8,attacker,Attacker,defihacklabs,Pickle Finance,2020-11-21,2026-09-30T05:51:17,https://github.com/SunWeb3Sec/DeFiHackLabs/blob/main/src/test/2020-11/Pickle_exp.sol
Ethereum,0x2b0b02ce19c322b4dd55a3949b4fb6e9377f7913,unknown,AttackContract,defihacklabs,Pickle Finance,2020-11-21,2026-09-30T05:51:17,https://github.com/SunWeb3Sec/DeFiHackLabs/blob/main/src/test/2020-11/Pickle_exp.sol
ETH,0xbac8a476b95ec741e56561a66231f92bc88bb3a8,unknown,,defihacklabs,Pickle Finance,2020-11-21,2026-09-30T05:51:17,https://github.com/SunWeb3Sec/DeFiHackLabs/blob/main/src/test/2020-11/Pickle_exp.sol
ETH,0x2b0b02ce19c322b4dd55a3949b4fb6e9377f7913,unknown,,defihacklabs,Pickle Finance,2020-11-21,2026-09-30T05:51:17,https://github.com/SunWeb3Sec/DeFiHackLabs/blob/main/src/test/2020-11/Pickle_exp.sol
Ethereum,0x14EC0cD2aCee4Ce37260b925F74648127a889a28,attacker,Attacker,defihacklabs,Yearn YDai,2021-02-04,2026-09-30T05:51:17,https://github.com/SunWeb3Sec/DeFiHackLabs/blob/main/src/test/2021-02/Yearn_ydai_exp.sol
Ethereum,0x62494b3ed9663334E57f23532155eA0575C487C5,unknown,Attack Contract,defihacklabs,Yearn YDai,2021-02-04,2026-09-30T05:51:17,https://github.com/SunWeb3Sec/DeFiHackLabs/blob/main/src/test/2021-02/Yearn_ydai_exp.sol
Ethereum,0xACd43E627e64355f1861cEC6d3a6688B31a6F952,victim,Vulnerable Contract,defihacklabs,Yearn YDai,2021-02-04,2026-09-30T05:51:17,https://github.com/SunWeb3Sec/DeFiHackLabs/blob/main/src/test/2021-02/Yearn_ydai_exp.sol
ETH,0x14EC0cD2aCee4Ce37260b925F74648127a889a28,unknown,,defihacklabs,Yearn YDai,2021-02-04,2026-09-30T05:51:17,https://github.com/SunWeb3Sec/DeFiHackLabs/blob/main/src/test/2021-02/Yearn_ydai_exp.sol
ETH,0x62494b3ed9663334E57f23532155eA0575C487C5,unknown,,defihacklabs,Yearn YDai,2021-02-04,2026-09-30T05:51:17,https://github.com/SunWeb3Sec/DeFiHackLabs/blob/main/src/test/2021-02/Yearn_ydai_exp.sol
ETH,0xACd43E627e64355f1861cEC6d3a6688B31a6F952,unknown,,defihacklabs,Yearn YDai,2021-02-04,2026-09-30T05:51:17,https://github.com/SunWeb3Sec/DeFiHackLabs/blob/main/src/test/2021-02/Yearn_ydai_exp.sol
BTC,bc1qa9f60pved3w3w0p7snpxlnh5t4uj95vxn797a7,unknown,,slowmist,Tether,2021-03-01,2026-09-30T05:51:17,https://twitter.com/Tether_to/status/1366075544287207430
BSC,0x49509a31898452529a69a64156ab66167e755dfb,unknown,,rekt,BSC,2021-03-04,2026-09-30T05:51:17,https://rekt.news/meerkat-finance-bsc-rekt
BSC,0x3586a7d9904e9f350bb7828dff05bf46a18bb271,unknown,,rekt,BSC,2021-03-04,2026-09-30T05:51:17,https://rekt.news/meerkat-finance-bsc-rekt
BSC,0x9d3a4c3acee56dce2392fb75dd274a249aee7d57,unknown,,rekt,BSC,2021-03-04,2026-09-30T05:51:17,https://rekt.news/meerkat-finance-bsc-rekt
BSC,0xb2603fc47331e3500eaf053bd7a971b57e613d36,unknown,,rekt,BSC,2021-03-04,2026-09-30T05:51:17,https://rekt.news/meerkat-finance-bsc-rekt
BSC,0xc47bdd0a852a88a019385ea3ff57cf8de79f019d,attacker,Attacker,defihacklabs,Uranium,2021-04-28,2026-09-30T05:51:17,https://github.com/SunWeb3Sec/DeFiHackLabs/blob/main/src/test/2021-04/Uranium_exp.sol
BSC,0x5a504fe72ef7fc76dfeb4d979e533af4e23fe37e,unknown,Txhash,defihacklabs,Uranium,2021-04-28,2026-09-30T05:51:17,https://github.com/SunWeb3Sec/DeFiHackLabs/blob/main/src/test/2021-04/Uranium_exp.sol
BSC,0x2b528a28451e9853f51616f3b0f6d82af8bea6ae,unknown,,defihacklabs,Uranium,2021-04-28,2026-09-30T05:51:17,https://github.com/SunWeb3Sec/DeFiHackLabs/blob/main/src/test/2021-04/Uranium_exp.sol
BSC,0x3b6e77722e2bbe97c1cfa337b42c0939aeb83671,unknown,,defihacklabs,Spartan,2021-05-02,2026-09-30T05:51:17,https://github.com/SunWeb3Sec/DeFiHackLabs/blob/main/src/test/2021-05/Spartan_exp.sol
BSC,0x288315639c1145f523af6d7a5e4ccf8238cd6a51,unknown,,defihacklabs,Spartan,2021-05-02,2026-09-30T05:51:17,https://github.com/SunWeb3Sec/DeFiHackLabs/blob/main/src/test/2021-05/Spartan_exp.sol
BSC,0x3de669c4f1f167a8afbc9993e4753b84b576426f,unknown,,defihacklabs,Spartan,2021-05-02,2026-09-30T05:51:17,https://github.com/SunWeb3Sec/DeFiHackLabs/blob/main/src/test/2021-05/Spartan_exp.sol
BTC,1Cm6WGvXQ9EgvvWX5dRsBxE2NvxFjfbcVF,unknown,,rekt,Value DeFi,2021-05-05,2026-09-30T05:51:17,https://rekt.news/value-rekt2
Sonic,0xAA8cc9afE14f3A2B200CA25382e7C87CD883a527,unknown,,rekt,LNDFi,2021-05-09,2026-09-30T05:51:17,https://rekt.news/LNDFi-rekt
Sonic,0x0b1A51C5cbFfc636d79A072b8AA5a763CeC42eF2,unknown,,rekt,LNDFi,2021-05-09,2026-09-30T05:51:17,https://rekt.news/LNDFi-rekt
Sonic,0xc0454e29835479ee80d6f42965a16dcee9bfd868,unknown,,rekt,LNDFi,2021-05-09,2026-09-30T05:51:17,https://rekt.news/LNDFi-rekt
ETH,0x5149A7696188F083297281D10293a20476252CDD,unknown,,rekt,LNDFi,2021-05-09,2026-09-30T05:51:17,https://rekt.news/LNDFi-rekt
ETH,0x5a94a3a114cf01f6a703dd8b840cf0a97cdf1434,unknown,,rekt,LNDFi,2021-05-09,2026-09-30T05:51:17,https://rekt.news/LNDFi-rekt
ETH,0x2446f9528fbf55ccf5b3e7a22fc058bda7a12131,unknown,,rekt,LNDFi,2021-05-09,2026-09-30T05:51:17,https://rekt.news/LNDFi-rekt
BSC,0x4b82e3485d33544561cd9a48410a605aa8892fb1,unknown,,rekt,LNDFi,2021-05-09,2026-09-30T05:51:17,https://rekt.news/LNDFi-rekt
BSC,0x8148c4243f8cb49fe80d9e23df0bafc1c6732f3e,unknown,,rekt,LNDFi,2021-05-09,2026-09-30T05:51:17,https://rekt.news/LNDFi-rekt
BSC,0x82be4fe84c2790023906c1648e0836ada67714d9,unknown,,rekt,LNDFi,2021-05-09,2026-09-30T05:51:17,https://rekt.news/LNDFi-rekt
BTC,bc1q7rhc02dvhmlfu8smywr9mayhdph85jlpf6paqu,unknown,,slowmist,Sony Life,2021-05-15,2026-09-30T05:51:17,https://www.bleepingcomputer.com/news/security/us-returns-154-million-in-bitcoins-stolen-by-sony-employee/
BSC,0x47f341d896b08daacb344d9021f955247e50d089,unknown,,defihacklabs,bEarn,2021-05-16,2026-09-30T05:51:17,https://github.com/SunWeb3Sec/DeFiHackLabs/blob/main/src/test/2021-05/bEarn_exp.sol
ETH,0xef39f14213714001456e2e89eddbdf8c850c3be6,unknown,,defihacklabs,bEarn,2021-05-16,2026-09-30T05:51:17,https://github.com/SunWeb3Sec/DeFiHackLabs/blob/main/src/test/2021-05/bEarn_exp.sol
BSC,0xb390b07fcf76678089cb12d8e615d5fe494b01fb,unknown,,defihacklabs,bEarn,2021-05-16,2026-09-30T05:51:17,https://github.com/SunWeb3Sec/DeFiHackLabs/blob/main/src/test/2021-05/bEarn_exp.sol
BSC,0x6c9f2b95ca3432e5ec5bcd9c19de0636a23a4994,unknown,,defihacklabs,BurgerSwap,2021-05-27,2026-09-30T05:51:17,https://github.com/SunWeb3Sec/DeFiHackLabs/blob/main/src/test/2021-05/BurgerSwap_exp.sol
ETH,0xae0f538409063e66ff0e382113cb1a051fc069cd,unknown,,defihacklabs,BurgerSwap,2021-05-27,2026-09-30T05:51:17,https://github.com/SunWeb3Sec/DeFiHackLabs/blob/main/src/test/2021-05/BurgerSwap_exp.sol
BSC,0x7ac55ac530f2c29659573bde0700c6758d69e677,unknown,,defihacklabs,BurgerSwap,2021-05-27,2026-09-30T05:51:17,https://github.com/SunWeb3Sec/DeFiHackLabs/blob/main/src/test/2021-05/BurgerSwap_exp.sol
BSC,0xc3bc29941677db01b9645f7b8b72d27e3ba75372,unknown,,defihacklabs,JulSwap,2021-05-27,2026-09-30T05:51:17,https://github.com/SunWeb3Sec/DeFiHackLabs/blob/main/src/test/2021-05/JulSwap_exp.sol
BSC,0x7c591aab9429af81287951872595a17d5837ce03,unknown,,defihacklabs,JulSwap,2021-05-27,2026-09-30T05:51:17,https://github.com/SunWeb3Sec/DeFiHackLabs/blob/main/src/test/2021-05/JulSwap_exp.sol
BSC,0x32dffc3fe8e3ef3571bf8a72c0d0015c5373f41d,unknown,,defihacklabs,JulSwap,2021-05-27,2026-09-30T05:51:17,https://github.com/SunWeb3Sec/DeFiHackLabs/blob/main/src/test/2021-05/JulSwap_exp.sol
BSC,0xE25d05777BB4bD0FD0Ca1297C434e612803eaA9a,unknown,,rekt,StableMagnet,2021-06-23,2026-09-30T05:51:17,https://rekt.news/stablemagnet-rekt
BSC,0x2bac04457e5de654cf1600b803e714c2c3fb96d7,unknown,,rekt,StableMagnet,2021-06-23,2026-09-30T05:51:17,https://rekt.news/stablemagnet-rekt
ETH,0xDF5B180c0734fC448BE30B7FF2c5bFc262bDEF26,unknown,,rekt,StableMagnet,2021-06-23,2026-09-30T05:51:17,https://rekt.news/stablemagnet-rekt
ETH,0xe5daac909a3205f99d370bc2b32b1810a4912a07,unknown,,rekt,StableMagnet,2021-06-23,2026-09-30T05:51:17,https://rekt.news/stablemagnet-rekt
BSC,0xb63f0d8b9aa0c4e68d5630f54bfefc6cf2c2ad19,unknown,,defihacklabs,xWin Finance,2021-06-25,2026-09-30T05:51:17,https://github.com/SunWeb3Sec/DeFiHackLabs/blob/main/src/test/2021-06/xWin_exp.sol
BSC,0x67d3737c410f4d206012cad5cb41b2e155061945,unknown,,defihacklabs,xWin Finance,2021-06-25,2026-09-30T05:51:17,https://github.com/SunWeb3Sec/DeFiHackLabs/blob/main/src/test/2021-06/xWin_exp.sol
Polygon,0x8eb6ead701b7d378cf62c898a0a7b72639a89201,unknown,,slowmist,helios,2021-07-12,2026-09-30T05:51:17,https://rugdoc.io/project/helios-cash/
Ethereum,0xf9E3D08196F76f5078882d98941b71C0884BEa52,attacker,Attacker,defihacklabs,Popsicle,2021-08-04,2026-09-30T05:51:17,https://github.com/SunWeb3Sec/DeFiHackLabs/blob/main/src/test/2021-08/Popsicle_exp.sol
Ethereum,0xdFb6faB7f4bc9512d5620e679E90D1C91C4EAdE6,unknown,Attack Contract,defihacklabs,Popsicle,2021-08-04,2026-09-30T05:51:17,https://github.com/SunWeb3Sec/DeFiHackLabs/blob/main/src/test/2021-08/Popsicle_exp.sol
Ethereum,0xc4ff55a4329f84f9Bf0F5619998aB570481EBB48,victim,Vulnerable Contract,defihacklabs,Popsicle,2021-08-04,2026-09-30T05:51:17,https://github.com/SunWeb3Sec/DeFiHackLabs/blob/main/src/test/2021-08/Popsicle_exp.sol
ETH,0xf9E3D08196F76f5078882d98941b71C0884BEa52,unknown,,defihacklabs,Popsicle,2021-08-04,2026-09-30T05:51:17,https://github.com/SunWeb3Sec/DeFiHackLabs/blob/main/src/test/2021-08/Popsicle_exp.sol
ETH,0xdFb6faB7f4bc9512d5620e679E90D1C91C4EAdE6,unknown,,defihacklabs,Popsicle,2021-08-04,2026-09-30T05:51:17,https://github.com/SunWeb3Sec/DeFiHackLabs/blob/main/src/test/2021-08/Popsicle_exp.sol
ETH,0xc4ff55a4329f84f9Bf0F5619998aB570481EBB48,unknown,,defihacklabs,Popsicle,2021-08-04,2026-09-30T05:51:17,https://github.com/SunWeb3Sec/DeFiHackLabs/blob/main/src/test/2021-08/Popsicle_exp.sol
ETH,0xc8a65fadf0e0ddaf421f28feab69bf6e2e589963,unknown,,rekt,Poly Network,2021-08-10,2026-09-30T05:51:17,https://rekt.news/polynetwork-rekt
ETH,0x0D6e286A7cfD25E0c01fEe9756765D8033B32C71,unknown,,rekt,Poly Network,2021-08-10,2026-09-30T05:51:17,https://rekt.news/polynetwork-rekt
ETH,0x250e76987d838a75310c34bf422ea9f1ac4cc906,unknown,,rekt,Poly Network,2021-08-10,2026-09-30T05:51:17,https://rekt.news/polynetwork-rekt
BSC,0x05f0fDD0E49A5225011fff92aD85cC68e1D1F08e,unknown,,rekt,Poly Network,2021-08-10,2026-09-30T05:51:17,https://rekt.news/polynetwork-rekt
Polygon,0x28FF66a1B95d7CAcf8eDED2e658f768F44841212,unknown,,rekt,Poly Network,2021-08-10,2026-09-30T05:51:17,https://rekt.news/polynetwork-rekt
ETH,0x5dc3603C9D42Ff184153a8a9094a73d461663214,unknown,,rekt,Poly Network,2021-08-10,2026-09-30T05:51:17,https://rekt.news/polynetwork-rekt
BSC,0x71D934Aa2119CA3995F702f075d540f7A6b0f728,unknown,,slowmist,SQUID,2021-11-01,2026-09-30T05:51:17,https://www.washingtonpost.com/world/2021/11/02/squid-game-crypto-rug-pull/
BSC,0x614826D885FF973324a5C3f43369d7C413a88aea,unknown,,slowmist,SQUID,2021-11-01,2026-09-30T05:51:17,https://www.washingtonpost.com/world/2021/11/02/squid-game-crypto-rug-pull/
ETH,0x1f5eabba9c56bca4a7828969b79bc87051125b31,unknown,,slowmist,SQUID,2021-11-01,2026-09-30T05:51:17,https://www.washingtonpost.com/world/2021/11/02/squid-game-crypto-rug-pull/
BSC,0x2f618493b9ff77d61426e4dbf3b844666a6b315e,unknown,,defihacklabs,Ploutoz,2021-11-23,2026-09-30T05:51:17,https://github.com/SunWeb3Sec/DeFiHackLabs/blob/main/src/test/2021-11/Ploutoz_exp.sol
BSC,0xcd8206410b55e278a9538071a69ef9e185856d24,unknown,,defihacklabs,Ploutoz,2021-11-23,2026-09-30T05:51:17,https://github.com/SunWeb3Sec/DeFiHackLabs/blob/main/src/test/2021-11/Ploutoz_exp.sol
BSC,0x844fa82f1e54824655470970f7004dd90546bb28,unknown,,defihacklabs,Ploutoz,2021-11-23,2026-09-30T05:51:17,https://github.com/SunWeb3Sec/DeFiHackLabs/blob/main/src/test/2021-11/Ploutoz_exp.sol
BSC,0x9d52414c4cc1fb8e7864a9b59495f430f8e5de44,unknown,,slowmist,DaoMetaland,2022-01-07,2026-09-30T05:51:17,https://bscscan.com/token/0x9d52414c4cc1fb8e7864a9b59495f430f8e5de44
BTC,bc1q7cyrfmck2ffu2ud3rn5l5a8yv6f0chkp0zpemf,unknown,,rekt,CEX,2022-01-18,2026-09-30T05:51:17,https://rekt.news/cryptocom-rekt
BTC,bc1qk8wlwypvvr6v5lmsngg5a248k2a9cgrsrw5jsq,unknown,,rekt,CEX,2022-01-18,2026-09-30T05:51:17,https://rekt.news/cryptocom-rekt
BSC,0x7F0D082D08874A57110c73a8853967e7C19D1a6e,unknown,,slowmist,TopGoal,2022-02-17,2026-09-30T05:51:17,https://medium.com/@TopGoal_NFT/latest-update-and-solution-of-todays-hacking-event-e18774b6e69a
BSC,0x6912B19401913F1bd5020b3f59EE986c5792DA54,unknown,,slowmist,Pirate X,2022-03-09,2026-09-30T05:51:17,https://twitter.com/BlockSecTeam/status/1501474721384497157
BSC,0x3b74a9cb5f1399b4a5a02559e67da37d450067b7,unknown,,slowmist,Pirate X,2022-03-09,2026-09-30T05:51:17,https://twitter.com/BlockSecTeam/status/1501474721384497157
Ethereum,0x1751e3e1aaf1a3e7b973c889b7531f43fc59f7d0,attacker,Attacker,defihacklabs,Umbrella Network,2022-03-20,2026-09-30T05:51:17,https://github.com/SunWeb3Sec/DeFiHackLabs/blob/main/src/test/2022-03/Umbrella_exp.sol
Ethereum,0x89767960b76b009416bc7ff4a4b79051eed0a9ee,unknown,AttackContract,defihacklabs,Umbrella Network,2022-03-20,2026-09-30T05:51:17,https://github.com/SunWeb3Sec/DeFiHackLabs/blob/main/src/test/2022-03/Umbrella_exp.sol
Ethereum,0xB3FB1D01B07A706736Ca175f827e4F56021b85dE,unknown,StakingRewards contract,defihacklabs,Umbrella Network,2022-03-20,2026-09-30T05:51:17,https://github.com/SunWeb3Sec/DeFiHackLabs/blob/main/src/test/2022-03/Umbrella_exp.sol
ETH,0x1751e3e1aaf1a3e7b973c889b7531f43fc59f7d0,unknown,,defihacklabs,Umbrella Network,2022-03-20,2026-09-30T05:51:17,https://github.com/SunWeb3Sec/DeFiHackLabs/blob/main/src/test/2022-03/Umbrella_exp.sol
ETH,0x89767960b76b009416bc7ff4a4b79051eed0a9ee,unknown,,defihacklabs,Umbrella Network,2022-03-20,2026-09-30T05:51:17,https://github.com/SunWeb3Sec/DeFiHackLabs/blob/main/src/test/2022-03/Umbrella_exp.sol
ETH,0xB3FB1D01B07A706736Ca175f827e4F56021b85dE,unknown,,defihacklabs,Umbrella Network,2022-03-20,2026-09-30T05:51:17,https://github.com/SunWeb3Sec/DeFiHackLabs/blob/main/src/test/2022-03/Umbrella_exp.sol
BSC,0x94e06c77b02ade8341489ab9a23451f68c13ec1c,unknown,,defihacklabs,HackDao,2022-05-24,2026-09-30T05:51:17,https://github.com/SunWeb3Sec/DeFiHackLabs/blob/main/src/test/2022-05/HackDao_exp.sol
BSC,0x31a7cc04987520cefacd46f734943a105b29186e,unknown,,defihacklabs,NOVO Protocol,2022-05-29,2026-09-30T05:51:17,https://github.com/SunWeb3Sec/DeFiHackLabs/blob/main/src/test/2022-05/Novo_exp.sol
BSC,0x3463a663de4ccc59c8b21190f81027096f18cf2a,unknown,,defihacklabs,NOVO Protocol,2022-05-29,2026-09-30T05:51:17,https://github.com/SunWeb3Sec/DeFiHackLabs/blob/main/src/test/2022-05/Novo_exp.sol
BSC,0xa0787daad6062349f63b7c228cbfd5d8a3db08f1,unknown,,defihacklabs,NOVO Protocol,2022-05-29,2026-09-30T05:51:17,https://github.com/SunWeb3Sec/DeFiHackLabs/blob/main/src/test/2022-05/Novo_exp.sol
BSC,0xe26e436084348edc0d5c7244903dd2cd2c560f88,unknown,,slowmist,treasure swap,2022-06-11,2026-09-30T05:51:17,https://www.panewslab.com/zh/sqarticledetails/91mr6yag.html
BSC,0x96f6eb307dcb0225474adf7ed3af58d079a65ec9,unknown,,slowmist,treasure swap,2022-06-11,2026-09-30T05:51:17,https://www.panewslab.com/zh/sqarticledetails/91mr6yag.html
ETH,0x8021b2962dB803b73Aa874030B0B42c202E8458F,unknown,,rekt,Crema Finance,2022-07-02,2026-09-30T05:51:17,https://rekt.news/crema-finance-rekt
SOL,Esmx2QjmDZMjJ15yBJ2nhqisjEt7Gqro4jSkofdoVsvY,unknown,,rekt,Crema Finance,2022-07-02,2026-09-30T05:51:17,https://rekt.news/crema-finance-rekt
SOL,DR1tLcKEmiNFxF5dxgdWCANdeBMNu9FjuHur2i4vAPHV,unknown,,rekt,Crema Finance,2022-07-02,2026-09-30T05:51:17,https://rekt.news/crema-finance-rekt
BSC,0x0e970ed84424d8ea51f6460ce6105ab68441d445,unknown,Txhash,defihacklabs,LPC,2022-07-25,2026-09-30T05:51:17,https://github.com/SunWeb3Sec/DeFiHackLabs/blob/main/src/test/2022-07/LPC_exp.sol
BSC,0xd9936EA91a461aA4B727a7e3661bcD6cD257481c,unknown,,defihacklabs,LPC,2022-07-25,2026-09-30T05:51:17,https://github.com/SunWeb3Sec/DeFiHackLabs/blob/main/src/test/2022-07/LPC_exp.sol
BSC,0xcfb7909b7eb27b71fdc482a2883049351a1749d7,unknown,,defihacklabs,LPC,2022-07-25,2026-09-30T05:51:17,https://github.com/SunWeb3Sec/DeFiHackLabs/blob/main/src/test/2022-07/LPC_exp.sol
BSC,0x1e813fa05739bf145c1f182cb950da7af046778d,unknown,,defihacklabs,LPC,2022-07-25,2026-09-30T05:51:17,https://github.com/SunWeb3Sec/DeFiHackLabs/blob/main/src/test/2022-07/LPC_exp.sol
Ethereum,0x32c83905db61047834f29385ff8ce8cb6f3d24f9,unknown,https,defihacklabs,UniSwapV1,2020-04-18,2026-09-30T05:04:35,https://github.com/SunWeb3Sec/DeFiHackLabs/blob/main/src/test/2020-04/uniswap-erc777.sol
ETH,0x00600423c03ec4b46f9b8a28c66d42bdd1b19c36,unknown,,rekt,kucoin,2020-09-29,2026-09-30T04:40:31,https://rekt.news/epic-hack-homie
ETH,0xf519e276958c3ef2dffd9b6b2d87d26859526505,unknown,,rekt,kucoin,2020-09-29,2026-09-30T04:40:31,https://rekt.news/epic-hack-homie
ETH,0xc6028a9fa486f52efd2b95b949ac630d287ce0af,unknown,,slowmist,Harvest Finance,2020-10-26,2026-09-30T04:38:02,https://www.zdnet.com/article/hacker-steals-24-million-from-cryptocurrency-service-harvest-finance/
ETH,0x944f214a343025593d8d9fd2b2a6d43886fb2474,unknown,,rekt,c3pr,2020-12-02,2026-09-30T04:30:14,https://rekt.news/deathbed-confessions-c3pr
ETH,0x079667f4f7a0b440ad35ebd780efd216751f0758,unknown,,rekt,c3pr,2020-12-02,2026-09-30T04:30:14,https://rekt.news/deathbed-confessions-c3pr
ETH,0xdf8bee861227ffc5eea819c332a1c170ae3dbacb,unknown,,rekt,warp finance,2020-12-18,2026-09-30T04:27:50,https://rekt.news/warp-finance-rekt
ETH,0x4A224CD0517f08B26608a2f73bF390b01a6618c8,unknown,,rekt,warp finance,2020-12-18,2026-09-30T04:27:50,https://rekt.news/warp-finance-rekt
ETH,0xBa539B9a5C2d412Cb10e5770435f362094f9541c,unknown,,rekt,warp finance,2020-12-18,2026-09-30T04:27:50,https://rekt.news/warp-finance-rekt
ETH,0x3c37f97F7d8f705cc230f97a0668f77a0e05D0aA,unknown,,rekt,warp finance,2020-12-18,2026-09-30T04:27:50,https://rekt.news/warp-finance-rekt
ETH,0x13db1CB418573f4c3A2ea36486F0E421bC0D2427,unknown,,rekt,warp finance,2020-12-18,2026-09-30T04:27:50,https://rekt.news/warp-finance-rekt
ETH,0xCDb97F4C32F065b8e93cF16BB1E5d198bcF8cA0d,unknown,,rekt,warp finance,2020-12-18,2026-09-30T04:27:50,https://rekt.news/warp-finance-rekt
ETH,0xb64dfae5122D70Fa932f563c53921FE33967B3E0,unknown,,rekt,warp finance,2020-12-18,2026-09-30T04:27:50,https://rekt.news/warp-finance-rekt
ETH,0x6046c3Ab74e6cE761d218B9117d5c63200f4b406,unknown,,rekt,warp finance,2020-12-18,2026-09-30T04:27:50,https://rekt.news/warp-finance-rekt
ETH,0xDadd9bA311192d360Df13395E137f1E673C91deB,unknown,,rekt,warp finance,2020-12-18,2026-09-30T04:27:50,https://rekt.news/warp-finance-rekt
ETH,0xae465FD39B519602eE28F062037F7B9c41FDc8cF,unknown,,rekt,warp finance,2020-12-18,2026-09-30T04:27:50,https://rekt.news/warp-finance-rekt
Ethereum,0x4bb10927ea7afc2336033574b74ebd6f73ef35ac,unknown,https,defihacklabs,Paid Network,2021-03-05,2026-09-30T04:15:08,https://github.com/SunWeb3Sec/DeFiHackLabs/blob/main/src/test/2021-03/PAID_exp.sol
ETH,0xa305fab8bda7e1638235b054889b3217441dd645,unknown,,rekt,DODO,2021-03-09,2026-09-30T04:12:58,https://rekt.news/au-dodo-rekt
ETH,0x56178a0d5f301baf6cf3e1cd53d9863437345bf9,unknown,,rekt,DODO,2021-03-09,2026-09-30T04:12:58,https://rekt.news/au-dodo-rekt
ETH,0x00000000e84f2bbdfb129ed6e495c7f879f3e634,unknown,,rekt,DODO,2021-03-09,2026-09-30T04:12:58,https://rekt.news/au-dodo-rekt
ETH,0x3554187576ec863af63eea81d25fbf6d3f3f13fc,unknown,,rekt,DODO,2021-03-09,2026-09-30T04:12:58,https://rekt.news/au-dodo-rekt
ETH,0x35f16a46d3cf19010d28578a8b02dfa3cb4095a1,unknown,,slowmist,PancakeSwap,2021-04-12,2026-09-30T04:06:51,https://cryptopwnage.medium.com/1-800-000-was-stolen-from-binance-smart-chain-pancakeswap-lottery-pool-ca2afb415f9
ETH,0x83a2EB63B6Cc296529468Afa85DbDe4A469d8B37,unknown,,slowmist,EasyFi,2021-04-20,2026-09-30T04:05:42,https://twitter.com/ChainNewscom/status/1384336818959704064
ETH,0xa0acc61547f6bd066f7c9663c17a312b6ad7e187,unknown,,rekt,PancakeBunny,2021-05-19,2026-09-30T03:55:25,https://rekt.news/pancakebunny-rekt
ETH,0x2bADa393e53D0373788d15fD98CB5Fb1441645BD,unknown,,rekt,Merlin Labs,2021-06-29,2026-09-30T03:42:05,https://rekt.news/merlin3-rekt
ETH,0x0aE1554860E51844B61AE20823eF1268C3949f7C,unknown,,rekt,Anyswap,2021-07-10,2026-09-30T03:38:17,https://rekt.news/anyswap-rekt
ETH,0xEda5066780dE29D00dfb54581A707ef6F52D8113,unknown,,rekt,ChainSwap,2021-07-11,2026-09-30T03:37:59,https://rekt.news/chainswap-rekt
ETH,0x3a196410a0f5facd08fd7880a4b8551cd085c031,unknown,,rekt,THORChain,2021-07-15,2026-09-30T03:33:32,https://rekt.news/thorchain-rekt
ETH,0x4a33862042d004d3fc45e284e1aafa05b48e3c9c,unknown,,rekt,THORChain,2021-07-15,2026-09-30T03:33:32,https://rekt.news/thorchain-rekt
ETH,0x4b713980d60b4994e0aa298a66805ec0d35ebc5a,unknown,,rekt,THORChain,2021-07-15,2026-09-30T03:33:32,https://rekt.news/thorchain-rekt
ETH,0x58a058ca4b1b2b183077e830bc929b5eb0d3330c,unknown,,rekt,Bondly,2021-07-15,2026-09-30T03:33:18,https://rekt.news/bondly-rekt
ETH,0xc433d50dd0614c81ee314289ec82aa63710d25e8,unknown,,rekt,Bondly,2021-07-15,2026-09-30T03:33:18,https://rekt.news/bondly-rekt
ETH,0xa6021d8c36b2de6ceb4fe281b89d37d2be321431,unknown,,rekt,PancakeBunny,2021-07-16,2026-09-30T03:32:45,https://rekt.news/pancakebunny2-rekt
ETH,0xc145990e84155416144c532e31f89b840ca8c2ce,unknown,,rekt,THORChain,2021-07-22,2026-09-30T03:31:15,https://rekt.news/thorchain-rekt2
ETH,0xf56cba49337a624e94042e325ad6bc864436e370,unknown,,rekt,THORChain,2021-07-22,2026-09-30T03:31:15,https://rekt.news/thorchain-rekt2
ETH,0x700196e226283671a3de6704ebcdb37a76658805,unknown,,rekt,THORChain,2021-07-22,2026-09-30T03:31:15,https://rekt.news/thorchain-rekt2
ETH,0x8c1944fac705ef172f21f905b5523ae260f76d62,unknown,,rekt,THORChain,2021-07-22,2026-09-30T03:31:15,https://rekt.news/thorchain-rekt2
ETH,0xf9E3D08196F76f5078882d98941b71C0884BEa52,unknown,,rekt,Popsicle,2021-08-03,2026-09-30T03:28:50,https://rekt.news/popsicle-rekt
BSC,0x31262f15a5b82999bf8d9d0f7e58dcb1656108e6,unknown,https,defihacklabs,WaultFinace,2021-08-04,2026-09-30T03:28:03,https://github.com/SunWeb3Sec/DeFiHackLabs/blob/main/src/test/2021-08/WaultFinance_exp.sol
ETH,0x6e70c88be1d5c2a4c0c8205764d01abe6a3d2e22,unknown,,rekt,DAO Maker,2021-09-04,2026-09-30T03:18:35,https://rekt.news/daomaker-rekt
ETH,0xd6c8dd834abeeefa7a663c1265ce840ca457b1ec,unknown,,rekt,DAO Maker,2021-09-04,2026-09-30T03:18:35,https://rekt.news/daomaker-rekt
ETH,0xdd571023d95ff6ce5716bf112ccb752e86212167,unknown,,rekt,DAO Maker,2021-09-04,2026-09-30T03:18:35,https://rekt.news/daomaker-rekt
ETH,0xa43b89d5e7951d410585360f6808133e8b919289,unknown,,rekt,DAO Maker,2021-09-04,2026-09-30T03:18:35,https://rekt.news/daomaker-rekt
ETH,0x3dDD8b6D092df917473680d6C41F80F708C45395,unknown,,rekt,NFT,2021-09-17,2026-09-30T03:14:16,https://rekt.news/jaypegs-automart-rekt
ETH,0xe5f7ae14f02894fcf46ffcb225cc4db38f3c4962,unknown,,rekt,NFT,2021-09-17,2026-09-30T03:14:16,https://rekt.news/jaypegs-automart-rekt
ETH,0xba6f4f83329b9500672c6955fd5082c9434aaf74,unknown,,rekt,NFT,2021-09-17,2026-09-30T03:14:16,https://rekt.news/jaypegs-automart-rekt
ETH,0x482c9f85644f1686c490d38291511657da767e61,unknown,,rekt,NFT,2021-09-17,2026-09-30T03:14:16,https://rekt.news/jaypegs-automart-rekt
ETH,0xeeeE458C3a5eaAfcFd68681D405FB55Ef80595BA,unknown,,slowmist,Vee.Finance,2021-09-20,2026-09-30T03:13:07,https://twitter.com/VeeFinance/status/1440102406499356675
ETH,0xeeee458c3a5eaafcfd68681d405fb55ef80595ba,unknown,,rekt,Vee Finance,2021-09-21,2026-09-30T03:12:57,https://rekt.news/veefinance-rekt
ETH,0x6d903f6003cca6255D85CcA4D3B5E5146dC33925,unknown,,rekt,Compound,2021-09-29,2026-09-30T03:12:11,https://rekt.news/compound-rekt
ETH,0xba5ed1488be60ba2facc6b66c6d6f0befba22ebe,unknown,,rekt,Indexed Finance,2021-10-14,2026-09-30T03:08:03,https://rekt.news/indexed-finance-rekt
Ethereum,0x0fe2542079644e107cbf13690eb9c2c65963ccb7,unknown,https,defihacklabs,CreamFinance,2021-10-27,2026-09-30T03:04:44,https://github.com/SunWeb3Sec/DeFiHackLabs/blob/main/src/test/2021-10/Cream_2_exp.sol
ETH,0x1fcdb04d0c5364fbd92c73ca8af9baa72c269107,unknown,,rekt,Badger,2021-12-02,2026-09-30T02:55:56,https://rekt.news/badger-rekt
ETH,0x8c128dba2cb66399341aa877315be1054be75da8,unknown,,rekt,CeFi,2021-12-04,2026-09-30T02:54:50,https://rekt.news/bitmart-rekt
ETH,0x39fb0dcd13945b835d47410ae0de7181d3edf270,unknown,,rekt,CeFi,2021-12-04,2026-09-30T02:54:50,https://rekt.news/bitmart-rekt
ETH,0x4bb7d80282f5e0616705d7f832acfc59f89f7091,unknown,,rekt,CeFi,2021-12-04,2026-09-30T02:54:50,https://rekt.news/bitmart-rekt
ETH,0x25fb126b6c6b5c8ef732b86822fa0f0024e16c61,unknown,,rekt,CeFi,2021-12-04,2026-09-30T02:54:50,https://rekt.news/bitmart-rekt
ETH,0x43e0acd5314d0b8bcf34d45fc9f5b8ea2dd403b9,unknown,,rekt,BrincFi,2021-12-14,2026-09-30T02:50:44,https://rekt.news/brincfi-rekt-coldcase
ETH,0x6B0b61323F6d77ef8A1a35D11FA877631d8f67Bb,unknown,,rekt,BrincFi,2021-12-14,2026-09-30T02:50:44,https://rekt.news/brincfi-rekt-coldcase
ETH,0xdefc385d7038f391eb0063c2f7c238cfb55b206c,unknown,,rekt,Grim Finance,2021-12-18,2026-09-30T02:49:38,https://rekt.news/grim-finance-rekt
ETH,0x8efab89b497b887cdaa2fb08ff71e4b3827774b2,unknown,,rekt,Visor Finance,2021-12-21,2026-09-30T02:48:50,https://rekt.news/visor-finance-rekt
ETH,0xaBb8B277F49de499b902A1E09A2aCA727595b544,unknown,,slowmist,Bent Finance,2021-12-21,2026-09-30T02:48:37,https://bentfi.medium.com/bent-update-12ae69a41dc6
ETH,0x4714a26e4e2e1334c80575332ec9eb043b61a2c4,unknown,,rekt,Arbix Finance,2022-01-04,2026-09-30T02:45:43,https://rekt.news/arbix-rekt
ETH,0xdc85c1eb22b0ece7be559a83fd788fe57f5a7a9f,unknown,,rekt,Arbix Finance,2022-01-04,2026-09-30T02:45:43,https://rekt.news/arbix-rekt
ETH,0x4631018f63d5e31680fb53c11c9e1b11f1503e6f,unknown,,rekt,CEX,2022-01-08,2026-09-30T02:44:06,https://rekt.news/lcx-rekt
ETH,0x165402279f2c081c54b00f0e08812f3fd4560a05,unknown,,rekt,CEX,2022-01-08,2026-09-30T02:44:06,https://rekt.news/lcx-rekt
ETH,0x629e7da20197a5429d30da36e77d06cdf796b71a,unknown,,rekt,Wormhole,2022-02-02,2026-09-30T02:35:45,https://rekt.news/wormhole-rekt
ETH,0x1574f7f4c9d3aca2ebce918e5d19d18ae853c090,unknown,,rekt,Superfluid,2022-02-08,2026-09-30T02:33:13,https://rekt.news/superfluid-rekt
ETH,0x118203b0f2a3ef9e749d871c8fef5e5e55ef5c91,unknown,,rekt,Dego Finance,2022-02-10,2026-09-30T02:32:32,https://rekt.news/dego-finance-rekt
ETH,0x4C53c32980ccE49aaA4bCc53Eef3f143Bc27E0aF,unknown,,slowmist,Arthur,2022-03-22,2026-09-30T02:20:52,https://twitter.com/cr0ssETH/status/1506086576601849857
ETH,0x098b716b8aaf21512996dc57eb0615e2383e2f96,unknown,,rekt,Ronin,2022-03-23,2026-09-30T02:20:20,https://rekt.news/ronin-rekt
ETH,0x794ca38bc1e15e528a7991ce25707a25ad71b675,unknown,,slowmist,Cryptovoxel,2022-03-28,2026-09-30T02:17:14,https://www.panewslab.com/zh/sqarticledetails/1648481767086002.html
ETH,0x371D7C9e4464576D45f11b27Cf88578983D63d75,unknown,,rekt,Voltage Finance,2022-03-31,2026-09-30T02:14:57,https://rekt.news/voltage-finance-rekt
ETH,0x632942c9BeF1a1127353E1b99e817651e2390CFF,unknown,,rekt,Voltage Finance,2022-03-31,2026-09-30T02:14:57,https://rekt.news/voltage-finance-rekt
ETH,0x9E5b7da68e2aE8aB1835428E6E0c83a7153f6112,unknown,,rekt,Voltage Finance,2022-03-31,2026-09-30T02:14:57,https://rekt.news/voltage-finance-rekt
ETH,0xD457e2BF54548bD3e1aD335422A6478593C3e674,unknown,,slowmist,FaceDAO,2022-04-16,2026-09-30T02:10:38,https://etherscan.io/address/0xD457e2BF54548bD3e1aD335422A6478593C3e674
ETH,0x1c5dcdd006ea78a7e4783f9e6021c32935a10fb4,unknown,,rekt,Beanstalk,2022-04-17,2026-09-30T02:10:07,https://rekt.news/beanstalk-rekt
ETH,0x79224bc0bf70ec34f0ef56ed8251619499a59def,unknown,,rekt,Beanstalk,2022-04-17,2026-09-30T02:10:07,https://rekt.news/beanstalk-rekt
ETH,0xe5ecf73603d98a0128f05ed30506ac7a663dbb69,unknown,,rekt,Beanstalk,2022-04-17,2026-09-30T02:10:07,https://rekt.news/beanstalk-rekt
ETH,0x6162759eDAd730152F0dF8115c698a42E666157F,unknown,,slowmist,Fei Protocol & Rari Capital,2022-04-30,2026-09-30T02:04:45,https://twitter.com/feiprotocol/status/1520344430242254849
ETH,0xd51dbA7a94e1adEa403553A8235C302cEbF41a3c,unknown,,rekt,Fei,2022-05-01,2026-09-30T02:04:10,https://rekt.news/fei-rari-rekt
ETH,0x145677FC4d9b8F19B5D56d1820c48e0443049a30,unknown,,rekt,MM Finance,2022-05-04,2026-09-30T02:03:12,https://rekt.news/madmeerkat-finance-rekt
ETH,0xA6AF2872176320015f8ddB2ba013B38Cb35d22Ad,unknown,,rekt,Fortress,2022-05-08,2026-09-30T02:01:15,https://rekt.news/fortress-rekt
ETH,0x4f3a120e72c76c22ae802d129f599bfdbc31cb81,unknown,,rekt,Wintermute,2022-06-05,2026-09-30T01:51:02,https://rekt.news/wintermute-rekt
ETH,0xb2c035eee03b821cbe78644e5da8b8eaa711d2e5,unknown,,rekt,Gym Network,2022-06-08,2026-09-30T01:49:29,https://rekt.news/gymnet-rekt
ETH,0x7b792e49f640676b3706d666075e903b3a4deec6,unknown,,rekt,Inverse Finance,2022-06-16,2026-09-30T01:45:08,https://rekt.news/inverse-rekt2
ETH,0xf508c58ce37ce40a40997c715075172691f92e2d,unknown,,rekt,Inverse Finance,2022-06-16,2026-09-30T01:45:08,https://rekt.news/inverse-rekt2
ETH,0xf845A7ee8477AD1FB4446651E548901a2635A915,unknown,,rekt,Harmony Bridge,2022-06-23,2026-09-30T01:42:17,https://rekt.news/harmony-rekt
ETH,0x812d8622C6F3c45959439e7ede3C580dA06f8f25,unknown,,rekt,Harmony Bridge,2022-06-23,2026-09-30T01:42:17,https://rekt.news/harmony-rekt
ETH,0x0d043128146654c7683fbf30ac98d7b2285ded00,unknown,,rekt,Harmony Bridge,2022-06-23,2026-09-30T01:42:17,https://rekt.news/harmony-rekt
ETH,0xf9fb1c508ff49f78b60d3a96dea99fa5d7f3a8a6,unknown,,rekt,Harmony Bridge,2022-06-23,2026-09-30T01:42:17,https://rekt.news/harmony-rekt
ETH,0x2dCCDB493827E15a5dC8f8b72147E6c4A5620857,unknown,,rekt,Harmony Bridge,2022-06-23,2026-09-30T01:42:17,https://rekt.news/harmony-rekt
ETH,0xfd53b1b4af84d59b20bf2c20ca89a6beeaa2c628,unknown,,rekt,Harmony Bridge,2022-06-23,2026-09-30T01:42:17,https://rekt.news/harmony-rekt
Ethereum,0xb7cbb4d43f1e08327a90b32a8417688c9d0b800a,attacker,Attacker Wallet,defihacklabs,XCarnival,2022-06-26,2026-09-30T01:40:38,https://github.com/SunWeb3Sec/DeFiHackLabs/blob/main/src/test/2022-06/XCarnival_exp.sol
Ethereum,0xf70f691d30ce23786cfb3a1522cfd76d159aca8d,unknown,Main Attack Contract,defihacklabs,XCarnival,2022-06-26,2026-09-30T01:40:38,https://github.com/SunWeb3Sec/DeFiHackLabs/blob/main/src/test/2022-06/XCarnival_exp.sol
Ethereum,0x39360ac1239a0b98cb8076d4135d0f72b7fd9909,victim,Vulnerable Contract XNFT.sol,defihacklabs,XCarnival,2022-06-26,2026-09-30T01:40:38,https://github.com/SunWeb3Sec/DeFiHackLabs/blob/main/src/test/2022-06/XCarnival_exp.sol
Ethereum,0x5417da20ac8157dd5c07230cfc2b226fdcfc5663,unknown,XToken.sol,defihacklabs,XCarnival,2022-06-26,2026-09-30T01:40:38,https://github.com/SunWeb3Sec/DeFiHackLabs/blob/main/src/test/2022-06/XCarnival_exp.sol
Ethereum,0xb14B3b9682990ccC16F52eB04146C3ceAB01169A,unknown,Proxy of XNFT.sol,defihacklabs,XCarnival,2022-06-26,2026-09-30T01:40:38,https://github.com/SunWeb3Sec/DeFiHackLabs/blob/main/src/test/2022-06/XCarnival_exp.sol
Ethereum,0x34ca24ddcdaf00105a3bf10ba5aae67953178b85,unknown,P2Controller.sol,defihacklabs,XCarnival,2022-06-26,2026-09-30T01:40:38,https://github.com/SunWeb3Sec/DeFiHackLabs/blob/main/src/test/2022-06/XCarnival_exp.sol
Ethereum,0xbc4ca0eda7647a8ab7c2061c2e118a18a936f13d,unknown,BAYC Contract,defihacklabs,XCarnival,2022-06-26,2026-09-30T01:40:38,https://github.com/SunWeb3Sec/DeFiHackLabs/blob/main/src/test/2022-06/XCarnival_exp.sol
ETH,0xb7cbb4d43f1e08327a90b32a8417688c9d0b800a,unknown,,defihacklabs,XCarnival,2022-06-26,2026-09-30T01:40:38,https://github.com/SunWeb3Sec/DeFiHackLabs/blob/main/src/test/2022-06/XCarnival_exp.sol
ETH,0xf70f691d30ce23786cfb3a1522cfd76d159aca8d,unknown,,defihacklabs,XCarnival,2022-06-26,2026-09-30T01:40:38,https://github.com/SunWeb3Sec/DeFiHackLabs/blob/main/src/test/2022-06/XCarnival_exp.sol
ETH,0x39360ac1239a0b98cb8076d4135d0f72b7fd9909,unknown,,defihacklabs,XCarnival,2022-06-26,2026-09-30T01:40:38,https://github.com/SunWeb3Sec/DeFiHackLabs/blob/main/src/test/2022-06/XCarnival_exp.sol
ETH,0x5417da20ac8157dd5c07230cfc2b226fdcfc5663,unknown,,defihacklabs,XCarnival,2022-06-26,2026-09-30T01:40:38,https://github.com/SunWeb3Sec/DeFiHackLabs/blob/main/src/test/2022-06/XCarnival_exp.sol
ETH,0xb14B3b9682990ccC16F52eB04146C3ceAB01169A,unknown,,defihacklabs,XCarnival,2022-06-26,2026-09-30T01:40:38,https://github.com/SunWeb3Sec/DeFiHackLabs/blob/main/src/test/2022-06/XCarnival_exp.sol
ETH,0x34ca24ddcdaf00105a3bf10ba5aae67953178b85,unknown,,defihacklabs,XCarnival,2022-06-26,2026-09-30T01:40:38,https://github.com/SunWeb3Sec/DeFiHackLabs/blob/main/src/test/2022-06/XCarnival_exp.sol
ETH,0xbc4ca0eda7647a8ab7c2061c2e118a18a936f13d,unknown,,defihacklabs,XCarnival,2022-06-26,2026-09-30T01:40:38,https://github.com/SunWeb3Sec/DeFiHackLabs/blob/main/src/test/2022-06/XCarnival_exp.sol
Ethereum,0xa0c7bd318d69424603cbf91e9969870f21b8ab4c,attacker,Attacker,defihacklabs,Audius,2022-07-23,2026-09-30T01:33:29,https://github.com/SunWeb3Sec/DeFiHackLabs/blob/main/src/test/2022-07/Audius_exp.sol
Ethereum,0xbdbb5945f252bc3466a319cdcc3ee8056bf2e569,unknown,AttackContract,defihacklabs,Audius,2022-07-23,2026-09-30T01:33:29,https://github.com/SunWeb3Sec/DeFiHackLabs/blob/main/src/test/2022-07/Audius_exp.sol
Ethereum,0xfefd829e246002a8fd061eede7501bccb6e244a9,unknown,Tx1 initialize + ProposalSubmitted + Staked,defihacklabs,Audius,2022-07-23,2026-09-30T01:33:29,https://github.com/SunWeb3Sec/DeFiHackLabs/blob/main/src/test/2022-07/Audius_exp.sol
Ethereum,0x3c09c6306b67737227edc24c663462d870e7c2bf,unknown,Tx2 submitVote,defihacklabs,Audius,2022-07-23,2026-09-30T01:33:29,https://github.com/SunWeb3Sec/DeFiHackLabs/blob/main/src/test/2022-07/Audius_exp.sol
Ethereum,0x4227bca8ed4b8915c7eec0e14ad3748a88c4371d,unknown,Tx3 evaluateProposal,defihacklabs,Audius,2022-07-23,2026-09-30T01:33:29,https://github.com/SunWeb3Sec/DeFiHackLabs/blob/main/src/test/2022-07/Audius_exp.sol
Ethereum,0x82fc23992c7433fffad0e28a1b8d11211dc4377d,unknown,Tx4 AUDIO/WETH Swap,defihacklabs,Audius,2022-07-23,2026-09-30T01:33:29,https://github.com/SunWeb3Sec/DeFiHackLabs/blob/main/src/test/2022-07/Audius_exp.sol
Ethereum,0x4deca517d6817b6510798b7328f2314d3003abac,unknown,Governance Contract (Proxy),defihacklabs,Audius,2022-07-23,2026-09-30T01:33:29,https://github.com/SunWeb3Sec/DeFiHackLabs/blob/main/src/test/2022-07/Audius_exp.sol
Ethereum,0x1c91af03a390b4c619b444425b3119e553b5b44b,unknown,Governance Contract (Logic),defihacklabs,Audius,2022-07-23,2026-09-30T01:33:29,https://github.com/SunWeb3Sec/DeFiHackLabs/blob/main/src/test/2022-07/Audius_exp.sol
Ethereum,0xe6d97b2099f142513be7a2a068be040656ae4591,unknown,Stacking Contract (Proxy),defihacklabs,Audius,2022-07-23,2026-09-30T01:33:29,https://github.com/SunWeb3Sec/DeFiHackLabs/blob/main/src/test/2022-07/Audius_exp.sol
Ethereum,0xea10fd3536fce6a5d40d55c790b96df33b26702f,unknown,Stacking Contract (Logic),defihacklabs,Audius,2022-07-23,2026-09-30T01:33:29,https://github.com/SunWeb3Sec/DeFiHackLabs/blob/main/src/test/2022-07/Audius_exp.sol
Ethereum,0x4d7968ebfd390d5e7926cb3587c39eff2f9fb225,unknown,DelegateManagerV2 (Proxy),defihacklabs,Audius,2022-07-23,2026-09-30T01:33:29,https://github.com/SunWeb3Sec/DeFiHackLabs/blob/main/src/test/2022-07/Audius_exp.sol
Ethereum,0xf24aeab628493f82742db68596b532ab8a141057,unknown,DelegateManagerV2 (Logic),defihacklabs,Audius,2022-07-23,2026-09-30T01:33:29,https://github.com/SunWeb3Sec/DeFiHackLabs/blob/main/src/test/2022-07/Audius_exp.sol
Ethereum,0x7a250d5630b4cf539739df2c5dacb4c659f2488d,unknown,UniswapV2 Router 2,defihacklabs,Audius,2022-07-23,2026-09-30T01:33:29,https://github.com/SunWeb3Sec/DeFiHackLabs/blob/main/src/test/2022-07/Audius_exp.sol
ETH,0xa0c7bd318d69424603cbf91e9969870f21b8ab4c,unknown,,defihacklabs,Audius,2022-07-23,2026-09-30T01:33:29,https://github.com/SunWeb3Sec/DeFiHackLabs/blob/main/src/test/2022-07/Audius_exp.sol
ETH,0xbdbb5945f252bc3466a319cdcc3ee8056bf2e569,unknown,,defihacklabs,Audius,2022-07-23,2026-09-30T01:33:29,https://github.com/SunWeb3Sec/DeFiHackLabs/blob/main/src/test/2022-07/Audius_exp.sol
ETH,0x4deca517d6817b6510798b7328f2314d3003abac,unknown,,defihacklabs,Audius,2022-07-23,2026-09-30T01:33:29,https://github.com/SunWeb3Sec/DeFiHackLabs/blob/main/src/test/2022-07/Audius_exp.sol
ETH,0x1c91af03a390b4c619b444425b3119e553b5b44b,unknown,,defihacklabs,Audius,2022-07-23,2026-09-30T01:33:29,https://github.com/SunWeb3Sec/DeFiHackLabs/blob/main/src/test/2022-07/Audius_exp.sol
ETH,0xe6d97b2099f142513be7a2a068be040656ae4591,unknown,,defihacklabs,Audius,2022-07-23,2026-09-30T01:33:29,https://github.com/SunWeb3Sec/DeFiHackLabs/blob/main/src/test/2022-07/Audius_exp.sol
ETH,0xea10fd3536fce6a5d40d55c790b96df33b26702f,unknown,,defihacklabs,Audius,2022-07-23,2026-09-30T01:33:29,https://github.com/SunWeb3Sec/DeFiHackLabs/blob/main/src/test/2022-07/Audius_exp.sol
ETH,0x4d7968ebfd390d5e7926cb3587c39eff2f9fb225,unknown,,defihacklabs,Audius,2022-07-23,2026-09-30T01:33:29,https://github.com/SunWeb3Sec/DeFiHackLabs/blob/main/src/test/2022-07/Audius_exp.sol
ETH,0xf24aeab628493f82742db68596b532ab8a141057,unknown,,defihacklabs,Audius,2022-07-23,2026-09-30T01:33:29,https://github.com/SunWeb3Sec/DeFiHackLabs/blob/main/src/test/2022-07/Audius_exp.sol
ETH,0x7a250d5630b4cf539739df2c5dacb4c659f2488d,unknown,,defihacklabs,Audius,2022-07-23,2026-09-30T01:33:29,https://github.com/SunWeb3Sec/DeFiHackLabs/blob/main/src/test/2022-07/Audius_exp.sol
ETH,0xbdbb5945f252bc3466a319cdcc3ee8056bf2e569,unknown,,rekt,Audius,2022-07-23,2026-09-30T01:33:09,https://rekt.news/audius-rekt
ETH,0xa0c7BD318D69424603CBf91e9969870F21B8ab4c,unknown,,rekt,Audius,2022-07-23,2026-09-30T01:33:09,https://rekt.news/audius-rekt
ETH,0xdbe8ef79a1a7b57fbb73048192edf6427e8a5552,unknown,,slowmist,DRAC Network,2022-07-25,2026-09-30T01:32:13,https://tokeninsight.com/en/news/peckshieldalert-defi-project-drac-network-appeared-rug-pull?at_medium=RSS
ETH,0x56D8B635A7C88Fd1104D23d632AF40c1C3Aac4e3,unknown,,rekt,Nomad Bridge,2022-08-01,2026-09-30T01:30:48,https://rekt.news/nomad-rekt
ETH,0xBF293D5138a2a1BA407B43672643434C43827179,unknown,,rekt,Nomad Bridge,2022-08-01,2026-09-30T01:30:48,https://rekt.news/nomad-rekt
ETH,0xB5C55f76f90Cc528B2609109Ca14d8d84593590E,unknown,,rekt,Nomad Bridge,2022-08-01,2026-09-30T01:30:48,https://rekt.news/nomad-rekt
ETH,0x9eb5f8e83359bb5013f3d8eee60bdce5654e8881,unknown,,rekt,Curve Finance,2022-08-09,2026-09-30T01:25:33,https://rekt.news/curve-finance-rekt
ETH,0x50f9202e0f1c1577822bd67193960b213cd2f331,unknown,,rekt,Curve Finance,2022-08-09,2026-09-30T01:25:33,https://rekt.news/curve-finance-rekt
Ethereum,0x873f7c77d5489c1990f701e9bb312c103c5ebcdc,unknown,https,defihacklabs,XSTABLE Protocol,2022-08-10,2026-09-30T01:24:52,https://github.com/SunWeb3Sec/DeFiHackLabs/blob/main/src/test/2022-08/XST_exp.sol
ETH,0xbb42f789b39af41b796f6C28D4c4aa5aCE389d8A,unknown,,slowmist,Sudorare,2022-08-23,2026-09-30T01:22:27,https://twitter.com/Brentsketit/status/1561957211064020995
Avalanche,0x0ab12913f9232b27b0664cd2d50e482ad6aa896a,unknown,Refer,defihacklabs,NXUSD,2022-09-06,2026-09-30T01:18:02,https://github.com/SunWeb3Sec/DeFiHackLabs/blob/main/src/test/2022-09/NXUSD_exp.sol
ETH,0x510E4d61663bE6a24D600AaF90F892dd8c8C61dC,unknown,,slowmist,GERA,2022-09-07,2026-09-30T01:17:19,https://twitter.com/GeraCoin/status/1567538962410995713
ETH,0xe74b28c2eAe8679e3cCc3a94d5d0dE83CCB84705,unknown,,rekt,Wintermute,2022-09-20,2026-09-30T01:15:22,https://rekt.news/wintermute-rekt-2
ETH,0x0248f752802b2cfb4373cc0c3bc3964429385c26,unknown,,rekt,Wintermute,2022-09-20,2026-09-30T01:15:22,https://rekt.news/wintermute-rekt-2
ETH,0xb9f78307ded12112c1f09c16009e03ef4ef16612,unknown,,rekt,MEV,2022-09-27,2026-09-30T01:14:19,https://rekt.news/ripmevbot
ETH,0xbadc0defafcf6d4239bdf0b66da4d7bd36fcf05a,unknown,,rekt,MEV,2022-09-27,2026-09-30T01:14:19,https://rekt.news/ripmevbot
ETH,0x75f2aba6a44580d7be2c4e42885d4a1917bffd46,unknown,,slowmist,Transit Swap,2022-10-02,2026-09-30T01:12:00,https://slowmist.medium.com/cross-chain-dex-aggregator-transit-swap-hacked-analysis-74ba39c22020
ETH,0x489a8756c18c0b8b24ec2a2b9ff3d4d447f79bec,unknown,,rekt,BSC,2022-10-06,2026-09-30T01:10:19,https://rekt.news/bnb-bridge-rekt
ETH,0xe167cdaac8718b90c03cf2cb75dc976e24ee86d3,unknown,,slowmist,Xave Finance,2022-10-09,2026-09-30T01:09:04,https://mobile.twitter.com/AnciliaInc/status/1578952542926491650
ETH,0x0f44f3489D17e42ab13A6beb76E57813081fc1E2,unknown,,slowmist,Xave Finance,2022-10-09,2026-09-30T01:09:04,https://mobile.twitter.com/AnciliaInc/status/1578952542926491650
Ethereum,0xb687550842a24d7fbc6aad238fd7e0687ed59d55,attacker,Attacker,defihacklabs,Rabby Wallet SwapRouter,2022-10-11,2026-09-30T01:08:23,https://github.com/SunWeb3Sec/DeFiHackLabs/blob/main/src/test/2022-10/RabbyWallet_SwapRouter_exp.sol
Ethereum,0x9682f31b3f572988f93c2b8382586ca26a866475,unknown,Attack Contract,defihacklabs,Rabby Wallet SwapRouter,2022-10-11,2026-09-30T01:08:23,https://github.com/SunWeb3Sec/DeFiHackLabs/blob/main/src/test/2022-10/RabbyWallet_SwapRouter_exp.sol
Ethereum,0x6eb211caf6d304a76efe37d9abdfaddc2d4363d1,victim,Vulnerable Contract,defihacklabs,Rabby Wallet SwapRouter,2022-10-11,2026-09-30T01:08:23,https://github.com/SunWeb3Sec/DeFiHackLabs/blob/main/src/test/2022-10/RabbyWallet_SwapRouter_exp.sol
Ethereum,0x914c1ae4f03657064f0b1d5ddc6e06f39e82bce6,unknown,0x914c1ae4f03657064f0b1d5ddc6e06f39e82bce6fb2f726efdca52c092,defihacklabs,Rabby Wallet SwapRouter,2022-10-11,2026-09-30T01:08:23,https://github.com/SunWeb3Sec/DeFiHackLabs/blob/main/src/test/2022-10/RabbyWallet_SwapRouter_exp.sol
Ethereum,0xa02c180149ce03d1b6e3d412585000b968b7db59,unknown,0xa02c180149ce03d1b6e3d412585000b968b7db59a277717ec51d0899c1,defihacklabs,Rabby Wallet SwapRouter,2022-10-11,2026-09-30T01:08:23,https://github.com/SunWeb3Sec/DeFiHackLabs/blob/main/src/test/2022-10/RabbyWallet_SwapRouter_exp.sol
Ethereum,0xf1c1066c259672396b8f242311a9f1c83bfa52c2,unknown,0xf1c1066c259672396b8f242311a9f1c83bfa52c27529d713d80a3da930,defihacklabs,Rabby Wallet SwapRouter,2022-10-11,2026-09-30T01:08:23,https://github.com/SunWeb3Sec/DeFiHackLabs/blob/main/src/test/2022-10/RabbyWallet_SwapRouter_exp.sol
Ethereum,0x53835af1b7df33435188d2380328b81c0e8a22b0,unknown,0x53835af1b7df33435188d2380328b81c0e8a22b01353c76e3dac352275,defihacklabs,Rabby Wallet SwapRouter,2022-10-11,2026-09-30T01:08:23,https://github.com/SunWeb3Sec/DeFiHackLabs/blob/main/src/test/2022-10/RabbyWallet_SwapRouter_exp.sol
Ethereum,0x322592750691798488006a26aa042b55ab9d7637,unknown,0x322592750691798488006a26aa042b55ab9d7637f9b0adc42089a4c480,defihacklabs,Rabby Wallet SwapRouter,2022-10-11,2026-09-30T01:08:23,https://github.com/SunWeb3Sec/DeFiHackLabs/blob/main/src/test/2022-10/RabbyWallet_SwapRouter_exp.sol
Ethereum,0xce0935010baf445e300d4d600caac7fc1fecb5cc,unknown,0xce0935010baf445e300d4d600caac7fc1fecb5ccb092cdbef57904aa7e,defihacklabs,Rabby Wallet SwapRouter,2022-10-11,2026-09-30T01:08:23,https://github.com/SunWeb3Sec/DeFiHackLabs/blob/main/src/test/2022-10/RabbyWallet_SwapRouter_exp.sol
Ethereum,0x366df0c20e00666749b16ae00475b3c41834dc65,unknown,0x366df0c20e00666749b16ae00475b3c41834dc659ebb29e059aa9bffa8,defihacklabs,Rabby Wallet SwapRouter,2022-10-11,2026-09-30T01:08:23,https://github.com/SunWeb3Sec/DeFiHackLabs/blob/main/src/test/2022-10/RabbyWallet_SwapRouter_exp.sol
Ethereum,0x9fac5412eb42aab07dcb2c5fbb03669aaa98d9c5,unknown,0x9fac5412eb42aab07dcb2c5fbb03669aaa98d9c57849d44d8291d3156d,defihacklabs,Rabby Wallet SwapRouter,2022-10-11,2026-09-30T01:08:23,https://github.com/SunWeb3Sec/DeFiHackLabs/blob/main/src/test/2022-10/RabbyWallet_SwapRouter_exp.sol
Ethereum,0xff1f352912666796d5cd51b5dfa3e6319544aeb5,unknown,0xff1f352912666796d5cd51b5dfa3e6319544aeb5938e1e9f310fd5fcb0,defihacklabs,Rabby Wallet SwapRouter,2022-10-11,2026-09-30T01:08:23,https://github.com/SunWeb3Sec/DeFiHackLabs/blob/main/src/test/2022-10/RabbyWallet_SwapRouter_exp.sol
Ethereum,0x84156ea5360b679dfa7cdda80c16aafbfdf1ba20,unknown,0x84156ea5360b679dfa7cdda80c16aafbfdf1ba20b84bcf76f79666f0c4,defihacklabs,Rabby Wallet SwapRouter,2022-10-11,2026-09-30T01:08:23,https://github.com/SunWeb3Sec/DeFiHackLabs/blob/main/src/test/2022-10/RabbyWallet_SwapRouter_exp.sol
Ethereum,0xc10ec615e2d18c8a7dad2bb2418c422472565d96,unknown,0xc10ec615e2d18c8a7dad2bb2418c422472565d9622ed851298fc848c3a,defihacklabs,Rabby Wallet SwapRouter,2022-10-11,2026-09-30T01:08:23,https://github.com/SunWeb3Sec/DeFiHackLabs/blob/main/src/test/2022-10/RabbyWallet_SwapRouter_exp.sol
Ethereum,0x7cefbfd14497b1c577423d94ea521615991eee25,unknown,0x7cefbfd14497b1c577423d94ea521615991eee2590fab980230d9dd1d8,defihacklabs,Rabby Wallet SwapRouter,2022-10-11,2026-09-30T01:08:23,https://github.com/SunWeb3Sec/DeFiHackLabs/blob/main/src/test/2022-10/RabbyWallet_SwapRouter_exp.sol
Ethereum,0x8bcac5e570aa695b5e0ce7dd58766eaa5830f44b,unknown,0x8bcac5e570aa695b5e0ce7dd58766eaa5830f44bbef5008aef63c6efb0,defihacklabs,Rabby Wallet SwapRouter,2022-10-11,2026-09-30T01:08:23,https://github.com/SunWeb3Sec/DeFiHackLabs/blob/main/src/test/2022-10/RabbyWallet_SwapRouter_exp.sol
Ethereum,0xb3af75f703ddc5d15ff872585b7d970c5204b903,unknown,0xb3af75f703ddc5d15ff872585b7d970c5204b90399a5859ec39e736a2f,defihacklabs,Rabby Wallet SwapRouter,2022-10-11,2026-09-30T01:08:23,https://github.com/SunWeb3Sec/DeFiHackLabs/blob/main/src/test/2022-10/RabbyWallet_SwapRouter_exp.sol
Ethereum,0x708ffcf4a76bd159056afb17ce6c5f5adcb5899e,unknown,0x708ffcf4a76bd159056afb17ce6c5f5adcb5899e465bbf038aae79c3ce,defihacklabs,Rabby Wallet SwapRouter,2022-10-11,2026-09-30T01:08:23,https://github.com/SunWeb3Sec/DeFiHackLabs/blob/main/src/test/2022-10/RabbyWallet_SwapRouter_exp.sol
Ethereum,0xca53e107a9a21d8f431614570a98c4718cca7172,unknown,0xca53e107a9a21d8f431614570a98c4718cca7172415e3fbed8842d426a,defihacklabs,Rabby Wallet SwapRouter,2022-10-11,2026-09-30T01:08:23,https://github.com/SunWeb3Sec/DeFiHackLabs/blob/main/src/test/2022-10/RabbyWallet_SwapRouter_exp.sol
Ethereum,0x5bbab18059f8c3fec56a0ddcd15feddf7cda8b80,unknown,0x5bbab18059f8c3fec56a0ddcd15feddf7cda8b8007b254436956db1d9f,defihacklabs,Rabby Wallet SwapRouter,2022-10-11,2026-09-30T01:08:23,https://github.com/SunWeb3Sec/DeFiHackLabs/blob/main/src/test/2022-10/RabbyWallet_SwapRouter_exp.sol
Ethereum,0x6899b8caee16dbd75359cabcd24e32b2362c474c,unknown,0x6899b8caee16dbd75359cabcd24e32b2362c474cdf39ea810cf4386018,defihacklabs,Rabby Wallet SwapRouter,2022-10-11,2026-09-30T01:08:23,https://github.com/SunWeb3Sec/DeFiHackLabs/blob/main/src/test/2022-10/RabbyWallet_SwapRouter_exp.sol
Ethereum,0x07887fffc4488354d813fdcca5da0586dd6f9a3d,unknown,0x07887fffc4488354d813fdcca5da0586dd6f9a3da36d503af768302eac,defihacklabs,Rabby Wallet SwapRouter,2022-10-11,2026-09-30T01:08:23,https://github.com/SunWeb3Sec/DeFiHackLabs/blob/main/src/test/2022-10/RabbyWallet_SwapRouter_exp.sol
ETH,0xb687550842a24d7fbc6aad238fd7e0687ed59d55,unknown,,defihacklabs,Rabby Wallet SwapRouter,2022-10-11,2026-09-30T01:08:23,https://github.com/SunWeb3Sec/DeFiHackLabs/blob/main/src/test/2022-10/RabbyWallet_SwapRouter_exp.sol
ETH,0x9682f31b3f572988f93c2b8382586ca26a866475,unknown,,defihacklabs,Rabby Wallet SwapRouter,2022-10-11,2026-09-30T01:08:23,https://github.com/SunWeb3Sec/DeFiHackLabs/blob/main/src/test/2022-10/RabbyWallet_SwapRouter_exp.sol
ETH,0x6eb211caf6d304a76efe37d9abdfaddc2d4363d1,unknown,,defihacklabs,Rabby Wallet SwapRouter,2022-10-11,2026-09-30T01:08:23,https://github.com/SunWeb3Sec/DeFiHackLabs/blob/main/src/test/2022-10/RabbyWallet_SwapRouter_exp.sol
ETH,0x9c9fb3100a2a521985f0c47de3b4598dafd25b01,unknown,,rekt,TempleDAO,2022-10-11,2026-09-30T01:07:55,https://rekt.news/templedao-rekt
ETH,0x2b63d4a3b2db8acbb2671ea7b16993077f1db5a0,unknown,,rekt,TempleDAO,2022-10-11,2026-09-30T01:07:55,https://rekt.news/templedao-rekt
Ethereum,0xdf31F4C8dC9548eb4c416Af26dC396A25FDE4D5F,attacker,Attacker,defihacklabs,EFLeverVault,2022-10-14,2026-09-30T01:04:31,https://github.com/SunWeb3Sec/DeFiHackLabs/blob/main/src/test/2022-10/EFLeverVault_exp.sol
Ethereum,0x140cca423081ed0366765f18fc9f5ed299699388,unknown,- https,defihacklabs,EFLeverVault,2022-10-14,2026-09-30T01:04:31,https://github.com/SunWeb3Sec/DeFiHackLabs/blob/main/src/test/2022-10/EFLeverVault_exp.sol
Ethereum,0x8663fbfc41a0bac88e7cd4b128b7a77381e77781,unknown,- https,defihacklabs,EFLeverVault,2022-10-14,2026-09-30T01:04:31,https://github.com/SunWeb3Sec/DeFiHackLabs/blob/main/src/test/2022-10/EFLeverVault_exp.sol
Ethereum,0xe39fd820b58f83205db1d9225f28105971c3d309,victim,Vulnerable Contract,defihacklabs,EFLeverVault,2022-10-14,2026-09-30T01:04:31,https://github.com/SunWeb3Sec/DeFiHackLabs/blob/main/src/test/2022-10/EFLeverVault_exp.sol
Ethereum,0x1f1aba5bef04b7026ae3cb1cb77987071a8aff95,unknown,- https,defihacklabs,EFLeverVault,2022-10-14,2026-09-30T01:04:31,https://github.com/SunWeb3Sec/DeFiHackLabs/blob/main/src/test/2022-10/EFLeverVault_exp.sol
Ethereum,0x160c5950a01b88953648ba90ec0a29b0c5383e05,attacker,- https,defihacklabs,EFLeverVault,2022-10-14,2026-09-30T01:04:31,https://github.com/SunWeb3Sec/DeFiHackLabs/blob/main/src/test/2022-10/EFLeverVault_exp.sol
ETH,0xdf31F4C8dC9548eb4c416Af26dC396A25FDE4D5F,unknown,,defihacklabs,EFLeverVault,2022-10-14,2026-09-30T01:04:31,https://github.com/SunWeb3Sec/DeFiHackLabs/blob/main/src/test/2022-10/EFLeverVault_exp.sol
ETH,0x140cca423081ed0366765f18fc9f5ed299699388,unknown,,defihacklabs,EFLeverVault,2022-10-14,2026-09-30T01:04:31,https://github.com/SunWeb3Sec/DeFiHackLabs/blob/main/src/test/2022-10/EFLeverVault_exp.sol
ETH,0x8663fbfc41a0bac88e7cd4b128b7a77381e77781,unknown,,defihacklabs,EFLeverVault,2022-10-14,2026-09-30T01:04:31,https://github.com/SunWeb3Sec/DeFiHackLabs/blob/main/src/test/2022-10/EFLeverVault_exp.sol
ETH,0xe39fd820b58f83205db1d9225f28105971c3d309,unknown,,defihacklabs,EFLeverVault,2022-10-14,2026-09-30T01:04:31,https://github.com/SunWeb3Sec/DeFiHackLabs/blob/main/src/test/2022-10/EFLeverVault_exp.sol
BSC,0x8385625e9d8011f4ad5d023d64dc7985f0315b6a,unknown,https,defihacklabs,PLTD,2022-10-18,2026-09-30T01:02:21,https://github.com/SunWeb3Sec/DeFiHackLabs/blob/main/src/test/2022-10/PLTD_exp.sol
ETH,0x95b5579b323ddc6cd290bd4da6e56ba019588efc,unknown,,rekt,Moola Market,2022-10-19,2026-09-30T01:01:56,https://rekt.news/moola-markets-rekt
Ethereum,0x8037b3dc0bf9d5d396c10506824096afb8125ea9,unknown,https,defihacklabs,N00d Token,2022-10-26,2026-09-30T00:56:57,https://github.com/SunWeb3Sec/DeFiHackLabs/blob/main/src/test/2022-10/N00d_exp.sol
BSC,0xeeaf7e9662a7488ea724223c5156e209b630cdc2,unknown,https,defihacklabs,VTF Token,2022-10-27,2026-09-30T00:56:46,https://github.com/SunWeb3Sec/DeFiHackLabs/blob/main/src/test/2022-10/VTF_exp.sol
BSC,0xc2d2d7164a9d3cfce1e1dac7dc328b350c693feb,unknown,https,defihacklabs,VTF Token,2022-10-27,2026-09-30T00:56:46,https://github.com/SunWeb3Sec/DeFiHackLabs/blob/main/src/test/2022-10/VTF_exp.sol
ETH,0x161cebb807ac181d5303a4ccec2fc580cc5899fd,unknown,,rekt,Team Finance,2022-10-27,2026-09-30T00:56:21,https://rekt.news/teamfinance-rekt
ETH,0xba399a2580785a2ded740f5e30ec89fb3e617e6e,unknown,,rekt,Team Finance,2022-10-27,2026-09-30T00:56:21,https://rekt.news/teamfinance-rekt
ETH,0xcff07c4e6aa9e2fec04daaf5f41d1b10f3adadf4,unknown,,rekt,Team Finance,2022-10-27,2026-09-30T00:56:21,https://rekt.news/teamfinance-rekt
BSC,0xe7b7c974e51d8bca3617f927f86bf907a25991fe,unknown,https,defihacklabs,BDEX,2022-11-05,2026-09-30T00:51:39,https://github.com/SunWeb3Sec/DeFiHackLabs/blob/main/src/test/2022-11/BDEX_exp.sol
BSC,0x03d363462519029cf9a544d44046cad0c7e64c5f,unknown,https,defihacklabs,MooCAKECTX,2022-11-07,2026-09-30T00:51:01,https://github.com/SunWeb3Sec/DeFiHackLabs/blob/main/src/test/2022-11/MooCAKECTX_exp.sol
Ethereum,0x3d163bfbec5686d428a6d43e45e2626a220cc4fc,unknown,https,defihacklabs,Kashi,2022-11-08,2026-09-30T00:50:09,https://github.com/SunWeb3Sec/DeFiHackLabs/blob/main/src/test/2022-11/Kashi_exp.sol
Ethereum,0x6bfd9e286e37061ed279e4f139fbc03c8bd707a2,unknown,https,defihacklabs,- DFXFinance,2022-11-10,2026-09-30T00:49:35,https://github.com/SunWeb3Sec/DeFiHackLabs/blob/main/src/test/2022-11/DFX_exp.sol
BSC,0x5735026e5de6d1968ab5baef0cc436cc0a3f4de4,unknown,https,defihacklabs,- SheepFarm,2022-11-16,2026-09-30T00:47:07,https://github.com/SunWeb3Sec/DeFiHackLabs/blob/main/src/test/2022-11/SheepFarm_exp.sol
BSC,0xb83f9165952697f27b1c7f932bcece5dfa6f0d2f,unknown,https,defihacklabs,- UEarnPool,2022-11-17,2026-09-30T00:46:37,https://github.com/SunWeb3Sec/DeFiHackLabs/blob/main/src/test/2022-11/UEarnPool_exp.sol
BSC,0x824de0989f2ce3230866cb61d588153e5312151a,unknown,https,defihacklabs,- UEarnPool,2022-11-17,2026-09-30T00:46:37,https://github.com/SunWeb3Sec/DeFiHackLabs/blob/main/src/test/2022-11/UEarnPool_exp.sol
BSC,0x3757d177482171dcfad7066c5e88d6f0f0fe74b2,unknown,https,defihacklabs,- AnnexFinance,2022-11-19,2026-09-30T00:45:59,https://github.com/SunWeb3Sec/DeFiHackLabs/blob/main/src/test/2022-11/Annex_exp.sol
BSC,0xb3ac111d294ea9dedfd99349304a9606df0b572d,unknown,https,defihacklabs,- sDAO,2022-11-21,2026-09-30T00:45:53,https://github.com/SunWeb3Sec/DeFiHackLabs/blob/main/src/test/2022-11/SDAO_exp.sol
BSC,0xb3bc6ca257387eae1cea3b997eb489c1a9c208d0,unknown,https,defihacklabs,- AUR,2022-11-22,2026-09-30T00:45:41,https://github.com/SunWeb3Sec/DeFiHackLabs/blob/main/src/test/2022-11/AUR_exp.sol
BSC,0x7f031e8543e75bd5c85168558be89d2e08b7c02a,unknown,https,defihacklabs,- AUR,2022-11-22,2026-09-30T00:45:41,https://github.com/SunWeb3Sec/DeFiHackLabs/blob/main/src/test/2022-11/AUR_exp.sol
Ethereum,0x8a8145ab28b5d2a2e61d74c02c12350731f479b3,unknown,https,defihacklabs,- NUM,2022-11-23,2026-09-30T00:45:30,https://github.com/SunWeb3Sec/DeFiHackLabs/blob/main/src/test/2022-11/NUM_exp.sol
BSC,0xdc53a6b5bf8e2962cf0e0eada6451f10956f4c08,unknown,https,defihacklabs,- MBC & ZZSH,2022-11-29,2026-09-30T00:44:06,https://github.com/SunWeb3Sec/DeFiHackLabs/blob/main/src/test/2022-11/MBC_ZZSH_exp.sol
BSC,0x6f1af27d08b10caa7e96ec3d580bf39e29fd5ece,unknown,https,defihacklabs,- SEAMAN,2022-11-29,2026-09-30T00:43:57,https://github.com/SunWeb3Sec/DeFiHackLabs/blob/main/src/test/2022-11/SEAMAN_exp.sol
BSC,0xbcaecea2044101c80f186ce5327bec796cd9e054,unknown,https,defihacklabs,- APC,2022-12-01,2026-09-30T00:43:37,https://github.com/SunWeb3Sec/DeFiHackLabs/blob/main/src/test/2022-12/APC_exp.sol
BSC,0xf2d4559aeb945fb8e4304da5320ce6a2a96415aa,unknown,https,defihacklabs,- APC,2022-12-01,2026-09-30T00:43:37,https://github.com/SunWeb3Sec/DeFiHackLabs/blob/main/src/test/2022-12/APC_exp.sol
ETH,0xf3a465c9fa6663ff50794c698f600faa4b05c777,unknown,,rekt,Ankr,2022-12-02,2026-09-30T00:42:37,https://rekt.news/ankr-helio-rekt
ETH,0x2ffc59d32a524611bb891cab759112a51f9e33c0,unknown,,rekt,Ankr,2022-12-02,2026-09-30T00:42:37,https://rekt.news/ankr-helio-rekt
BSC,0xcc8fdb3c6af8bb9dfd87e913b743a13bbf138a14,unknown,https,defihacklabs,- RFB,2022-12-05,2026-09-30T00:40:19,https://github.com/SunWeb3Sec/DeFiHackLabs/blob/main/src/test/2022-12/RFB_exp.sol
BSC,0xac57c78881a7c00dfbac0563e21b5ae3a8e3f9d1,unknown,https,defihacklabs,- BBOX,2022-12-05,2026-09-30T00:39:52,https://github.com/SunWeb3Sec/DeFiHackLabs/blob/main/src/test/2022-12/BBOX_exp.sol
BSC,0xca4d0d24aa448329b7d4eb81be653224a59e7b08,unknown,https,defihacklabs,- AES (Deflationary token),2022-12-07,2026-09-30T00:39:30,https://github.com/SunWeb3Sec/DeFiHackLabs/blob/main/src/test/2022-12/AES_exp.sol
BSC,0xf743dba906255cf6f75f8243ef8192f2a211aacf,unknown,https,defihacklabs,- NOVAToken,2022-12-09,2026-09-30T00:39:17,https://github.com/SunWeb3Sec/DeFiHackLabs/blob/main/src/test/2022-12/NovaExchange_exp.sol
Avalanche,0xab39a17cdc200c812ecbb05aead6e6f574712170,unknown,https,defihacklabs,- MU&MUG,2022-12-10,2026-09-30T00:38:50,https://github.com/SunWeb3Sec/DeFiHackLabs/blob/main/src/test/2022-12/MUMUG_exp.sol
BSC,0x1c5272ce35338c57c6b9ea710a09766a17bbf14b,unknown,https,defihacklabs,- TIFIToken,2022-12-10,2026-09-30T00:38:45,https://github.com/SunWeb3Sec/DeFiHackLabs/blob/main/src/test/2022-12/TIFI_exp.sol
ETH,0xc29d94386ff784006ff8461c170d1953cc9e2b5c,unknown,,rekt,Lodestar Finance,2022-12-10,2026-09-30T00:38:37,https://rekt.news/lodestar-rekt
Arbitrum,0xc523c6307b025ebd9aef155ba792d1ba18d5d83f,unknown,https,defihacklabs,- Lodestar,2022-12-11,2026-09-30T00:38:21,https://github.com/SunWeb3Sec/DeFiHackLabs/blob/main/src/test/2022-12/Lodestar_exp.sol
BSC,0xea108fe94bfc9a71bb3e4dee4a1b0fd47572e6ad,unknown,https,defihacklabs,- BGLD (Deflationary token),2022-12-12,2026-09-30T00:37:24,https://github.com/SunWeb3Sec/DeFiHackLabs/blob/main/src/test/2022-12/BGLD_exp.sol
Avalanche,0xb36486f032a450782d5d2fac118ea90a6d3b08ca,unknown,https,defihacklabs,- ElasticSwap,2022-12-13,2026-09-30T00:36:55,https://github.com/SunWeb3Sec/DeFiHackLabs/blob/main/src/test/2022-12/ElasticSwap_exp.sol
BSC,0x7d2d8d2cda2d81529e0e0af90c4bfb39b6e74fa3,unknown,https,defihacklabs,- Nmbplatform,2022-12-14,2026-09-30T00:36:34,https://github.com/SunWeb3Sec/DeFiHackLabs/blob/main/src/test/2022-12/Nmbplatform_exp.sol
BSC,0x42f56d3e86fb47e1edffa59222b33b73e7407d4b,unknown,https,defihacklabs,- Nmbplatform,2022-12-14,2026-09-30T00:36:34,https://github.com/SunWeb3Sec/DeFiHackLabs/blob/main/src/test/2022-12/Nmbplatform_exp.sol
Avalanche,0xc6fb8217e45870a93c25e2098f54f6e3b24674a3,unknown,https,defihacklabs,- Defrost,2022-12-23,2026-09-30T00:34:36,https://github.com/SunWeb3Sec/DeFiHackLabs/blob/main/src/test/2022-12/Defrost_exp.sol
Ethereum,0x9a97d85642f956ad7a6b852cf7bed6f9669e2c28,unknown,https,defihacklabs,- Rubic,2022-12-25,2026-09-30T00:34:20,https://github.com/SunWeb3Sec/DeFiHackLabs/blob/main/src/test/2022-12/Rubic_exp.sol
BSC,0xf9b6cc083f6e0e41ce5e5dd65b294abf577ef47c,unknown,https,defihacklabs,- GDS,2023-01-03,2026-09-30T00:31:10,https://github.com/SunWeb3Sec/DeFiHackLabs/blob/main/src/test/2023-01/GDS_exp.sol
BSC,0x2bb704e0d158594f7373ec6e53dc9da6c6639f26,unknown,https,defihacklabs,- GDS,2023-01-03,2026-09-30T00:31:10,https://github.com/SunWeb3Sec/DeFiHackLabs/blob/main/src/test/2023-01/GDS_exp.sol
ETH,0xE2Ba15be8C6Fb0d7C1F7bEA9106eb8232248FB8B,unknown,,slowmist,BRA,2023-01-10,2026-09-30T00:28:35,https://www.panewslab.com/zh/sqarticledetails/ql0656re.html
BSC,0x933d19d7d822e84e34ca47ac733226367fbee0d9,unknown,https,defihacklabs,- UFDao,2023-01-11,2026-09-30T00:28:01,https://github.com/SunWeb3Sec/DeFiHackLabs/blob/main/src/test/2023-01/UFDao_exp.sol
Ethereum,0x927b784148b60d5233e57287671cdf67d38e3e69,unknown,https,defihacklabs,- RoeFinance,2023-01-11,2026-09-30T00:27:55,https://github.com/SunWeb3Sec/DeFiHackLabs/blob/main/src/test/2023-01/RoeFinance_exp.sol
Polygon,0x0053490215baf541362fc78be0de98e3147f4022,unknown,https,defihacklabs,- MidasCapital,2023-01-16,2026-09-30T00:26:37,https://github.com/SunWeb3Sec/DeFiHackLabs/blob/main/src/test/2023-01/Midas_exp.sol
BSC,0x49bed801b9a9432728b1939951acaa8f2e874453,unknown,https,defihacklabs,- OmniEstate,2023-01-17,2026-09-30T00:25:53,https://github.com/SunWeb3Sec/DeFiHackLabs/blob/main/src/test/2023-01/OmniEstate_exp.sol
BSC,0xa916674fb8203fac6d78f5f9afc604be468a514a,unknown,https,defihacklabs,- OmniEstate,2023-01-17,2026-09-30T00:25:53,https://github.com/SunWeb3Sec/DeFiHackLabs/blob/main/src/test/2023-01/OmniEstate_exp.sol
Ethereum,0x37cb8626e45f0749296ef080acb218e5ccc7efb2,unknown,https,defihacklabs,- QTNToken,2023-01-18,2026-09-30T00:25:29,https://github.com/SunWeb3Sec/DeFiHackLabs/blob/main/src/test/2023-01/QTN_exp.sol
Ethereum,0xfde10ad92566f369b23ed5135289630b7a645388,unknown,https,defihacklabs,- QTNToken,2023-01-18,2026-09-30T00:25:29,https://github.com/SunWeb3Sec/DeFiHackLabs/blob/main/src/test/2023-01/QTN_exp.sol
Arbitrum,0xfaf84cabc3e1b0cf1ff1738dace1b2810f42d98b,unknown,https,defihacklabs,- Spherax USDs,2023-02-03,2026-09-30T00:20:33,https://github.com/SunWeb3Sec/DeFiHackLabs/blob/main/src/test/2023-02/USDs_exp.sol
Ethereum,0xa6f63fcb6bec8818864d96a5b1bb19e8bd85ee37,unknown,https,defihacklabs,- Orion Protocol,2023-02-03,2026-09-30T00:20:18,https://github.com/SunWeb3Sec/DeFiHackLabs/blob/main/src/test/2023-02/Orion_exp.sol
Ethereum,0xfb153c572e304093023b4f9694ef39135b6ed5b2,unknown,https,defihacklabs,- Orion Protocol,2023-02-03,2026-09-30T00:20:18,https://github.com/SunWeb3Sec/DeFiHackLabs/blob/main/src/test/2023-02/Orion_exp.sol
Ethereum,0x90b468608fbcc7faef46502b198471311baca3ba,unknown,https,defihacklabs,- CowSwap,2023-02-07,2026-09-30T00:18:47,https://github.com/SunWeb3Sec/DeFiHackLabs/blob/main/src/test/2023-02/CowSwap_exp.sol
ETH,0xeeB8EB5CC144eDddDB204c3ABA499de6b6081696,unknown,,slowmist,Nostr,2023-02-08,2026-09-30T00:18:14,https://www.panewslab.com/zh/sqarticledetails/4ozpop6z.html
ETH,0xA2be922174605BAd450775C76CEb632369480336,unknown,,slowmist,Nostr,2023-02-08,2026-09-30T00:18:14,https://www.panewslab.com/zh/sqarticledetails/4ozpop6z.html
ETH,0xe0d551017c0111ac11108641771897aa33b2817c,unknown,,rekt,dForce Network,2023-02-09,2026-09-30T00:17:50,https://rekt.news/dforce-network-rekt
BSC,0x61293c6dd5211a98f1a26c9f6821146e12fb5e20,unknown,https,defihacklabs,- Sheep,2023-02-10,2026-09-30T00:17:08,https://github.com/SunWeb3Sec/DeFiHackLabs/blob/main/src/test/2023-02/Sheep_exp.sol
Arbitrum,0x5db5c2400ab56db697b3cc9aa02a05deab658e14,unknown,https,defihacklabs,- dForce,2023-02-10,2026-09-30T00:16:45,https://github.com/SunWeb3Sec/DeFiHackLabs/blob/main/src/test/2023-02/dForce_exp.sol
BSC,0x146586f05a4513136deab3557ad15df8f77ffbcd,unknown,https,defihacklabs,- Starlink,2023-02-17,2026-09-30T00:15:01,https://github.com/SunWeb3Sec/DeFiHackLabs/blob/main/src/test/2023-02/Starlink_exp.sol
Ethereum,0x138daa4cbeaa3db42eefcec26e234fc2c89a4aa1,unknown,https,defihacklabs,- Dexible,2023-02-17,2026-09-30T00:14:56,https://github.com/SunWeb3Sec/DeFiHackLabs/blob/main/src/test/2023-02/Dexible_exp.sol
Avalanche,0x1266a937c2ccd970e5d7929021eed3ec593a95c6,unknown,https,defihacklabs,- Platypusdefi,2023-02-17,2026-09-30T00:14:51,https://github.com/SunWeb3Sec/DeFiHackLabs/blob/main/src/test/2023-02/Platypus_exp.sol
ETH,0x684083f312ac50f538cc4b634d85a2feafaab77a,unknown,,rekt,Dexible,2023-02-17,2026-09-30T00:14:43,https://rekt.news/dexible-rekt
ETH,0x58f5f0684c381fcfc203d77b2bba468ebb29b098,unknown,,slowmist,Dexible,2023-02-17,2026-09-30T00:14:12,https://www.panewslab.com/zh/sqarticledetails/y4jol3pw.html
ETH,0x684083f312ac50f538cc4b634d85a2feafaab77a,unknown,,slowmist,Dexible,2023-02-17,2026-09-30T00:14:12,https://www.panewslab.com/zh/sqarticledetails/y4jol3pw.html
Ethereum,0xdaccbc437cb07427394704fbcc8366589ffccf97,unknown,https,defihacklabs,- RevertFinance,2023-02-18,2026-09-30T00:13:58,https://github.com/SunWeb3Sec/DeFiHackLabs/blob/main/src/test/2023-02/RevertFinance_exp.sol
BSC,0x06bbe093d9b84783b8ca92abab5eb8590cb23212,unknown,https,defihacklabs,- DYNA,2023-02-22,2026-09-30T00:12:38,https://github.com/SunWeb3Sec/DeFiHackLabs/blob/main/src/test/2023-02/DYNA_exp.sol
BSC,0xc09678fec49c643a30fc8e4dec36d0507dae7e91,unknown,https,defihacklabs,- DYNA,2023-02-22,2026-09-30T00:12:38,https://github.com/SunWeb3Sec/DeFiHackLabs/blob/main/src/test/2023-02/DYNA_exp.sol
Ethereum,0x1fe5a53405d00ce2f3e15b214c7486c69cbc5bf1,unknown,https,defihacklabs,- EFVault,2023-02-24,2026-09-30T00:12:32,https://github.com/SunWeb3Sec/DeFiHackLabs/blob/main/src/test/2023-02/EFVault_exp.sol
BSC,0x3ee23c1585474eaa4f976313cafbc09461abb781,unknown,https,defihacklabs,- swapX,2023-02-27,2026-09-30T00:10:50,https://github.com/SunWeb3Sec/DeFiHackLabs/blob/main/src/test/2023-02/SwapX_exp.sol
Polygon,0x6fa6374d43df083679cdab97149af8207cda2471,unknown,https,defihacklabs,- Phoenix,2023-03-07,2026-09-30T00:09:11,https://github.com/SunWeb3Sec/DeFiHackLabs/blob/main/src/test/2023-03/Phoenix_exp.sol
BSC,0x0c850f54c1b497c077109b3d2ef13c042bb70f7f,unknown,https,defihacklabs,- DKP,2023-03-08,2026-09-30T00:08:35,https://github.com/SunWeb3Sec/DeFiHackLabs/blob/main/src/test/2023-03/DKP_exp.sol
BSC,0x2d31e45dce58572a99c51357164dc5283ff0c02d,unknown,https,defihacklabs,- DKP,2023-03-08,2026-09-30T00:08:35,https://github.com/SunWeb3Sec/DeFiHackLabs/blob/main/src/test/2023-03/DKP_exp.sol
Ethereum,0xc310a0affe2169d1f6feec1c63dbc7f7c62a887f,unknown,https,defihacklabs,- EulerFinance,2023-03-13,2026-09-30T00:07:16,https://github.com/SunWeb3Sec/DeFiHackLabs/blob/main/src/test/2023-03/Euler_exp.sol
ETH,0xb66cd966670d962c227b3eaba30a872dbfb995db,unknown,,rekt,Euler Finance,2023-03-13,2026-09-30T00:07:08,https://rekt.news/euler-rekt
Ethereum,0xe3f0d14cfb6076cabdc9057001c3fafe28767a19,unknown,https,defihacklabs,- ParaSpace NFT,2023-03-17,2026-09-30T00:02:46,https://github.com/SunWeb3Sec/DeFiHackLabs/blob/main/src/test/2023-03/paraspace_exp.sol
BSC,0x3b472f87431a52082bae7d8524b4e0af3cf930a1,unknown,https,defihacklabs,- DBW,2023-03-25,2026-09-30T00:00:12,https://github.com/SunWeb3Sec/DeFiHackLabs/blob/main/src/test/2023-03/DBW_exp.sol
BSC,0xdf6252854362c3e96fd086d9c3a5397c303d2656,unknown,https,defihacklabs,- Thena,2023-03-28,2026-09-29T23:59:03,https://github.com/SunWeb3Sec/DeFiHackLabs/blob/main/src/test/2023-03/Thena_exp.sol
ETH,0x286e09932b8d096cba3423d12965042736b8f850,unknown,,rekt,Safemoon,2023-03-28,2026-09-29T23:58:51,https://rekt.news/safemoon-rekt
BSC,0x7ff1364c3b3b296b411965339ed956da5d17058f,unknown,https,defihacklabs,Allbridge,2023-04-02,2026-09-29T23:57:40,https://github.com/SunWeb3Sec/DeFiHackLabs/blob/main/src/test/2023-04/Allbridge_exp.sol
Arbitrum,0xa9ff2b587e2741575daf893864710a5cbb44bb64,unknown,https,defihacklabs,Sentiment,2023-04-05,2026-09-29T23:55:49,https://github.com/SunWeb3Sec/DeFiHackLabs/blob/main/src/test/2023-04/Sentiment_exp.sol
Ethereum,0x04b166e7b4ab5105a8e9c85f08f6346de1c66368,unknown,https,defihacklabs,SushiSwap,2023-04-09,2026-09-29T23:55:05,https://github.com/SunWeb3Sec/DeFiHackLabs/blob/main/src/test/2023-04/Sushi_Router_exp.sol
Arbitrum,0x0e29dcf4e9b211a811caf00fc8294024867bffe4,unknown,https,defihacklabs,Paribus,2023-04-11,2026-09-29T23:52:49,https://github.com/SunWeb3Sec/DeFiHackLabs/blob/main/src/test/2023-04/Paribus_exp.sol
Ethereum,0x055cec4fa4614836e54ea2e5cd3d14247ff3d61b,unknown,https,defihacklabs,yearnFinance,2023-04-13,2026-09-29T23:51:40,https://github.com/SunWeb3Sec/DeFiHackLabs/blob/main/src/test/2023-04/YearnFinance_exp.sol
Ethereum,0xd55e43c1602b28d4fd4667ee445d570c8f298f54,unknown,https,defihacklabs,yearnFinance,2023-04-13,2026-09-29T23:51:40,https://github.com/SunWeb3Sec/DeFiHackLabs/blob/main/src/test/2023-04/YearnFinance_exp.sol
ETH,0x5bac20beef31d0eccb369a33514831ed8e9cdfe0,unknown,,rekt,Yearn,2023-04-13,2026-09-29T23:51:36,https://rekt.news/yearn2-rekt
ETH,0x16af29b7efbf019ef30aae9023a5140c012374a5,unknown,,rekt,Yearn,2023-04-13,2026-09-29T23:51:36,https://rekt.news/yearn2-rekt
ETH,0x6f4a6262d06272c8b2e00ce75e76d84b9d6f6ab8,unknown,,rekt,Yearn,2023-04-13,2026-09-29T23:51:36,https://rekt.news/yearn2-rekt
Optimism,0x6e9ebcdebbabda04fa9f2e3bc21ea8b2e4fb4bf4,unknown,https,defihacklabs,HundredFinance,2023-04-15,2026-09-29T23:50:21,https://github.com/SunWeb3Sec/DeFiHackLabs/blob/main/src/test/2023-04/HundredFinance_2_exp.sol
ETH,0x155da45d374a286d383839b1ef27567a15e67528,unknown,,rekt,Hundred Finance,2023-04-15,2026-09-29T23:50:18,https://rekt.news/hundred-rekt2
Ethereum,0x2df07c054138bf29348f35a12a22550230bd1405,unknown,https,defihacklabs,Swapos V2,2023-04-16,2026-09-29T23:49:56,https://github.com/SunWeb3Sec/DeFiHackLabs/blob/main/src/test/2023-04/Swapos_exp.sol
ETH,0x2df07c054138bf29348f35a12a22550230bd1405,unknown,,defihacklabs,Swapos V2,2023-04-16,2026-09-29T23:49:56,https://github.com/SunWeb3Sec/DeFiHackLabs/blob/main/src/test/2023-04/Swapos_exp.sol
BSC,0xa21692ffb561767a74a4cbd1b78ad48151d710ef,unknown,https,defihacklabs,OLIFE,2023-04-19,2026-09-29T23:49:06,https://github.com/SunWeb3Sec/DeFiHackLabs/blob/main/src/test/2023-04/OLIFE_exp.sol
ETH,0x2744d62a1e9ab975f4d77fe52e16206464ea79b7,unknown,,rekt,Merlin,2023-04-25,2026-09-29T23:46:23,https://rekt.news/merlin-dex-rekt
BSC,0x6aef8bb501a53e290837d4398b34d5d4d8812675,unknown,https,defihacklabs,Level,2023-05-02,2026-09-29T23:44:16,https://github.com/SunWeb3Sec/DeFiHackLabs/blob/main/src/test/2023-05/Level_exp.sol
BSC,0xe1f257041872c075cbe6a1212827bc346df3def6,unknown,https,defihacklabs,Level,2023-05-02,2026-09-29T23:44:16,https://github.com/SunWeb3Sec/DeFiHackLabs/blob/main/src/test/2023-05/Level_exp.sol
Arbitrum,0xb1141785b7b94eb37c39c37f0272744c6e79ca15,unknown,https,defihacklabs,DEI,2023-05-05,2026-09-29T23:42:50,https://github.com/SunWeb3Sec/DeFiHackLabs/blob/main/src/test/2023-05/DEI_exp.sol
BSC,0x3f1973fe56de5ecd59a815d3b14741cf48385903,unknown,https,defihacklabs,Melo,2023-05-06,2026-09-29T23:41:51,https://github.com/SunWeb3Sec/DeFiHackLabs/blob/main/src/test/2023-05/Melo_exp.sol
ETH,0x1452fd05c0c090391e2d1529cb14fa3e9405d349,unknown,,slowmist,GNS,2023-05-09,2026-09-29T23:38:48,https://etherscan.io/address/0x1452fd05c0c090391e2d1529cb14fa3e9405d349
ETH,0xd0ede373762fa3bc58f02c5f2b61117d1976ad57,unknown,,slowmist,PEPG,2023-05-09,2026-09-29T23:38:28,https://etherscan.io/address/0xd0ede373762fa3bc58f02c5f2b61117d1976ad57
BSC,0xace112925935335d0d7460a2470a612494f91046,unknown,https,defihacklabs,SNK,2023-05-10,2026-09-29T23:37:56,https://github.com/SunWeb3Sec/DeFiHackLabs/blob/main/src/test/2023-05/SNK_exp.sol
BSC,0x7394f2520ff4e913321dd78f67dd84483e396eb7,unknown,https,defihacklabs,SNK,2023-05-10,2026-09-29T23:37:56,https://github.com/SunWeb3Sec/DeFiHackLabs/blob/main/src/test/2023-05/SNK_exp.sol
BSC,0x7d04e953dad4c880ad72b655a9f56bc5638bf490,unknown,https,defihacklabs,SellToken02,2023-05-13,2026-09-29T23:36:25,https://github.com/SunWeb3Sec/DeFiHackLabs/blob/main/src/test/2023-05/SellToken_exp.sol
ETH,0xf2744e1fe488748e6a550677670265f664d96627,unknown,,rekt,Swaprum,2023-05-18,2026-09-29T23:35:02,https://rekt.news/swaprum-rekt
ETH,0x092123663804f8801b9b086b03b98d706f77bd59,unknown,,rekt,Tornado Cash,2023-05-20,2026-09-29T23:33:44,https://rekt.news/tornado-gov-rekt
ETH,0x592340957ebc9e4afb0e9af221d06fdddf789de9,unknown,,rekt,Tornado Cash,2023-05-20,2026-09-29T23:33:44,https://rekt.news/tornado-gov-rekt
ETH,0x11576cb3d8d6328cf319e85b10e09a228e84a8de,unknown,,slowmist,LunaFi,2023-05-23,2026-09-29T23:32:18,https://polygonscan.com/address/0x11576cb3d8d6328cf319e85b10e09a228e84a8de
BSC,0x57b589f631f8ff20e2a89a649c4ec2e35be72eae,unknown,https,defihacklabs,Local Trade LCT,2023-05-24,2026-09-29T23:31:54,https://github.com/SunWeb3Sec/DeFiHackLabs/blob/main/src/test/2023-05/LocalTrader_exp.sol
BSC,0xbea605b238c85aabe5edc636219155d8c4879d6b,unknown,https,defihacklabs,Local Trade LCT,2023-05-24,2026-09-29T23:31:54,https://github.com/SunWeb3Sec/DeFiHackLabs/blob/main/src/test/2023-05/LocalTrader_exp.sol
BSC,0x49a3038622bf6dc3672b1b7366382a2c513d713e,unknown,https,defihacklabs,Local Trade LCT,2023-05-24,2026-09-29T23:31:54,https://github.com/SunWeb3Sec/DeFiHackLabs/blob/main/src/test/2023-05/LocalTrader_exp.sol
BSC,0x042b8dc879fa193acc79f55a02c08f276eaf1c4f,unknown,https,defihacklabs,Local Trade LCT,2023-05-24,2026-09-29T23:31:54,https://github.com/SunWeb3Sec/DeFiHackLabs/blob/main/src/test/2023-05/LocalTrader_exp.sol
BSC,0x906394b2ee093720955a7d55bff1666f6cf6239e,unknown,https,defihacklabs,CS Token,2023-05-24,2026-09-29T23:31:38,https://github.com/SunWeb3Sec/DeFiHackLabs/blob/main/src/test/2023-05/CS_exp.sol
BSC,0xb77cb34cd01204bdad930d8c172af12462eef58d,unknown,https,defihacklabs,GPT Token,2023-05-25,2026-09-29T23:30:45,https://github.com/SunWeb3Sec/DeFiHackLabs/blob/main/src/test/2023-05/GPT_exp.sol
ETH,0x102be4bccc2696c35fd5f5bfe54c1dfba416a741,unknown,,rekt,Jimbo's Protocol,2023-05-28,2026-09-29T23:28:49,https://rekt.news/jimbo-rekt
ETH,0x5f3591e2921d5c9291f5b224e909ab978a22ba7e,unknown,,rekt,Jimbo's Protocol,2023-05-28,2026-09-29T23:28:49,https://rekt.news/jimbo-rekt
Arbitrum,0xf9baf8cee8973cf9700ae1b1f41c625d7a2abdbc,unknown,https,defihacklabs,Jimbo,2023-05-29,2026-09-29T23:28:25,https://github.com/SunWeb3Sec/DeFiHackLabs/blob/main/src/test/2023-05/Jimbo_exp.sol
Arbitrum,0xfda5464e97043a2d0093cbed6d0a64f6a86049f5,unknown,https,defihacklabs,Jimbo,2023-05-29,2026-09-29T23:28:25,https://github.com/SunWeb3Sec/DeFiHackLabs/blob/main/src/test/2023-05/Jimbo_exp.sol
Arbitrum,0x3c6e053faecd331883641c1d23c9d9d37d065e4f,unknown,https,defihacklabs,Jimbo,2023-05-29,2026-09-29T23:28:25,https://github.com/SunWeb3Sec/DeFiHackLabs/blob/main/src/test/2023-05/Jimbo_exp.sol
Arbitrum,0x44a0f5650a038ab522087c02f734b80e6c748afb,unknown,https,defihacklabs,Jimbo,2023-05-29,2026-09-29T23:28:25,https://github.com/SunWeb3Sec/DeFiHackLabs/blob/main/src/test/2023-05/Jimbo_exp.sol
Ethereum,0x6feac5f3792065b21f85bc118d891b33e0673bd8,victim,Vulnerable Contract,defihacklabs,NOON (NO),2023-05-29,2026-09-29T23:27:28,https://github.com/SunWeb3Sec/DeFiHackLabs/blob/main/src/test/2023-05/NOON_exp.sol
ETH,0x6feac5f3792065b21f85bc118d891b33e0673bd8,unknown,,defihacklabs,NOON (NO),2023-05-29,2026-09-29T23:27:28,https://github.com/SunWeb3Sec/DeFiHackLabs/blob/main/src/test/2023-05/NOON_exp.sol
ETH,0xEADe071FF23bceF312deC938eCE29f7da62CF45b,unknown,,rekt,Atlantis Loans,2023-06-10,2026-09-29T23:21:03,https://rekt.news/atlantis-loans-rekt
ETH,0xEADe071FF23bceF312deC938eCE29f7da62CF45b,unknown,,slowmist,Atlantis Loans,2023-06-11,2026-09-29T23:20:46,https://bscscan.com/address/0xEADe071FF23bceF312deC938eCE29f7da62CF45b
ETH,0x1e8419e724d51e87f78e222d935fbbdeb631a08b,unknown,,rekt,Sturdy Finance,2023-06-12,2026-09-29T23:19:53,https://rekt.news/sturdy-rekt
ETH,0x0b09c86260c12294e3b967f0d523b4b2bcdfbeab,unknown,,rekt,Sturdy Finance,2023-06-12,2026-09-29T23:19:53,https://rekt.news/sturdy-rekt
ETH,0x1e8419e724d51e87f78e222d935fbbdeb631a08b,unknown,,slowmist,Sturdy,2023-06-12,2026-09-29T23:19:37,https://etherscan.io/address/0x1e8419e724d51e87f78e222d935fbbdeb631a08b
ETH,0x4b92cc3452ef1e37528470495b86d3f976470734,unknown,,rekt,Midas Capital,2023-06-17,2026-09-29T23:16:50,https://rekt.news/midas-rekt2
BSC,0x24a68d2a4bbb02f398d3601acfd87b09f543d935,unknown,https,defihacklabs,BUNN,2023-06-21,2026-09-29T23:14:19,https://github.com/SunWeb3Sec/DeFiHackLabs/blob/main/src/test/2023-06//BUNN_exp.sol
ETH,0x5F250ed62CF3E5cF25F4F370d35D04782b0678a3,unknown,,slowmist,Smurfs Coin,2023-06-30,2026-09-29T23:10:10,https://etherscan.io/address/0x5F250ed62CF3E5cF25F4F370d35D04782b0678a3
ETH,0xe0Afadad1d93704761c8550F21A53DE3468Ba599,unknown,,rekt,Poly Network,2023-07-01,2026-09-29T23:10:01,https://rekt.news/poly-network-rekt2
ETH,0x14413419452aaf089762a0c5e95ed2a13bbc488c,unknown,,rekt,Poly Network,2023-07-01,2026-09-29T23:10:01,https://rekt.news/poly-network-rekt2
ETH,0xA30190b96FaEe0080144aA0B7645081Fcbf49E6F,unknown,,slowmist,Aave fork,2023-07-02,2026-09-29T23:09:08,https://www.panewslab.com/zh/sqarticledetails/kaucoe3r.html
ETH,0x9d5765ae1c95c21d4cc3b1d5bba71bad3b012b68,unknown,,rekt,Multichain,2023-07-06,2026-09-29T23:06:34,https://rekt.news/multichain-rekt2
ETH,0xefeef8e968a0db92781ac7b3b7c821909ef10c88,unknown,,rekt,Multichain,2023-07-06,2026-09-29T23:06:34,https://rekt.news/multichain-rekt2
ETH,0x418ed2554c010a0c63024d1da3a93b4dc26e5bb7,unknown,,rekt,Multichain,2023-07-06,2026-09-29T23:06:34,https://rekt.news/multichain-rekt2
ETH,0x622e5f32e9ed5318d3a05ee2932fd3e118347ba0,unknown,,rekt,Multichain,2023-07-06,2026-09-29T23:06:34,https://rekt.news/multichain-rekt2
ETH,0x48bead89e696ee93b04913cb0006f35adb844537,unknown,,rekt,Multichain,2023-07-06,2026-09-29T23:06:34,https://rekt.news/multichain-rekt2
ETH,0x027f1571aca57354223276722dc7b572a5b05cd8,unknown,,rekt,Multichain,2023-07-06,2026-09-29T23:06:34,https://rekt.news/multichain-rekt2
ETH,0xc64afc460290ed3df848f378621b96cb7179521a,unknown,,slowmist,Platypus,2023-07-12,2026-09-29T23:02:55,https://snowtrace.io/address/0xc64afc460290ed3df848f378621b96cb7179521a
ETH,0x1f415255f7E2a8546559a553E962dE7BC60d7942,unknown,,slowmist,WGPT Token,2023-07-12,2026-09-29T23:02:22,https://bscscan.com/address/0x1f415255f7e2a8546559a553e962de7bc60d7942
ETH,0x3ca843b98a2fe8ef69bb0f169afad3812c275f5e,unknown,,slowmist,Ethscriptions.com,2023-07-13,2026-09-29T23:02:14,https://twitter.com/dumbnamenumbers/status/1679259067833786374
ETH,0x8d67db0b205e32a5dd96145f022fa18aae7dc8aa,unknown,,rekt,Conic Finance,2023-07-21,2026-09-29T22:59:12,https://rekt.news/conic-finance-rekt
ETH,0x3d32c5a2e592c7b17e16bddc87eab75f33ae3010,unknown,,rekt,Conic Finance,2023-07-21,2026-09-29T22:59:12,https://rekt.news/conic-finance-rekt
ETH,0x10db234e02c3889d8e408c7084e8ce10892bdad7,unknown,,rekt,Conic Finance,2023-07-21,2026-09-29T22:59:12,https://rekt.news/conic-finance-rekt
ETH,0xb6369f59fc24117b16742c9dfe064894d03b3b80,unknown,,rekt,Conic Finance,2023-07-21,2026-09-29T22:59:12,https://rekt.news/conic-finance-rekt
ETH,0xd050e0a4838d74769228b49dff97241b4ef3805d,unknown,,rekt,Conic Finance,2023-07-21,2026-09-29T22:59:12,https://rekt.news/conic-finance-rekt
ETH,0xf1D076c9Be4533086f967e14EE6aFf204D5ECE7a,unknown,,rekt,EraLend,2023-07-25,2026-09-29T22:56:00,https://rekt.news/eralend-rekt
ETH,0x95ec03b821f164ce55cbb26f23f591a9bd40d6c1,unknown,,rekt,Kannagi Finance,2023-07-29,2026-09-29T22:53:19,https://rekt.news/kannagi-finance-rekt
ETH,0x6ec21d1868743a44318c3c259a6d4953f9978538,unknown,,rekt,Curve,2023-07-30,2026-09-29T22:52:25,https://rekt.news/curve-vyper-rekt
ETH,0xdce5d6b41c32f578f875efffc0d422c57a75d7d8,unknown,,rekt,Curve,2023-07-30,2026-09-29T22:52:25,https://rekt.news/curve-vyper-rekt
ETH,0xc0ffeebabe5d496b2dde509f9fa189c25cf29671,unknown,,rekt,Curve,2023-07-30,2026-09-29T22:52:25,https://rekt.news/curve-vyper-rekt
ETH,0xB1C33b391C2569B737eC387E731E88589e8ec148,unknown,,rekt,Curve,2023-07-30,2026-09-29T22:52:25,https://rekt.news/curve-vyper-rekt
ETH,0xb752def3a1fded45d6c4b9f4a8f18e645b41b324,unknown,,rekt,Curve,2023-07-30,2026-09-29T22:52:25,https://rekt.news/curve-vyper-rekt
ETH,0xccfa0530b9d52f970d1a2daea670ce58e4176389,unknown,,rekt,BALD,2023-07-31,2026-09-29T22:50:16,https://rekt.news/bald-rekt
Arbitrum,0x6301d4c9f7ac1c96a65e83be6ea2fff5000f0b19,unknown,https,defihacklabs,NeutraFinance,2023-08-01,2026-09-29T22:49:10,https://github.com/SunWeb3Sec/DeFiHackLabs/blob/main/src/test/2023-08/NeutraFinance_exp.sol
ETH,0x9cf71F2ff126B9743319B60d2D873F0E508810dc,unknown,,rekt,Steadefi,2023-08-07,2026-09-29T22:46:27,https://rekt.news/steadefi-rekt
ETH,0xC6a194f5F08352C6aD0B9Dcff1C7A5Ef9f8A7802,unknown,,rekt,Steadefi,2023-08-07,2026-09-29T22:46:27,https://rekt.news/steadefi-rekt
ETH,0xee4b3dd20902Fa3539706F25005fa51D3b7bDF1b,unknown,,slowmist,Earning.Farm,2023-08-09,2026-09-29T22:45:11,https://etherscan.io/address/0xee4b3dd20902Fa3539706F25005fa51D3b7bDF1b
ETH,0x5f4c21c9bb73c8b4a296cc256c0cde324db146df,unknown,,rekt,Zunami Protocol,2023-08-13,2026-09-29T22:44:47,https://rekt.news/zunami-protocol-rekt
ETH,0x96c0876F573e27636612CF306C9db072d2B13DE8,unknown,,rekt,RocketSwap,2023-08-14,2026-09-29T22:44:27,https://rekt.news/rocketswap-rekt
ETH,0xc3897302ab4b42931cb4857050fa60f53b775870,unknown,,rekt,Shibarium,2023-08-17,2026-09-29T22:42:26,https://rekt.news/shibarium-bridge-rekt
ETH,0x885fcE983b6a01633f764325B8c3c5D31032C995,unknown,,rekt,Shibarium,2023-08-17,2026-09-29T22:42:26,https://rekt.news/shibarium-bridge-rekt
BSC,0xf2a0c957fef493af44f55b201fbc6d82db2e4a04,unknown,https,defihacklabs,SVT,2023-08-26,2026-09-29T22:38:59,https://github.com/SunWeb3Sec/DeFiHackLabs/blob/main/src/test/2023-08/SVT_exp.sol
ETH,0xB23711b9D92C0f1c7b211c4E2DC69791c2df38c1,unknown,,rekt,Balancer,2023-08-27,2026-09-29T22:37:45,https://rekt.news/balancer-rekt
ETH,0xed187f37e5ad87d5b3b2624c01de56c5862b7a9b,unknown,,rekt,Balancer,2023-08-27,2026-09-29T22:37:45,https://rekt.news/balancer-rekt
ETH,0x429313e53a220c4a5693cad1da26ae5045b5762f,unknown,,rekt,Balancer,2023-08-27,2026-09-29T22:37:45,https://rekt.news/balancer-rekt
ETH,0x64E08fa89C2bAE9F123cc8a293775f0E6CC86760,unknown,,rekt,Balancer,2023-08-27,2026-09-29T22:37:45,https://rekt.news/balancer-rekt
ETH,0xBC794F1ff9AD7711A9d2E69Be5b499e290B8fD3c,unknown,,rekt,Balancer,2023-08-27,2026-09-29T22:37:45,https://rekt.news/balancer-rekt
ETH,0x846422103b109EFbE7DD15F541c3dfc838FC1848,unknown,,slowmist,BabyShia,2023-08-31,2026-09-29T22:36:46,https://etherscan.io/address/0x846422103b109EFbE7DD15F541c3dfc838FC1848
ETH,0x6fe397b88675beb98797e14eeaf84021e5c054c9,unknown,,slowmist,CoredeFinance,2023-09-02,2026-09-29T22:35:20,https://etherscan.io/address/0x6fe397b88675beb98797e14eeaf84021e5c054c9
ETH,0x30740f954ce02c0eedfb5f0ef2e8c3157be3e000,unknown,,slowmist,Fake Lybra Finance Token,2023-09-05,2026-09-29T22:31:54,https://etherscan.io/address/0x30740f954ce02c0eedfb5f0ef2e8c3157be3e000#tokentxns
ETH,0x582992190976d9d96e5ABbB711259744A00e809e,unknown,,slowmist,Haribo,2023-09-05,2026-09-29T22:31:46,https://etherscan.io/address/0x582992190976d9d96e5abbb711259744a00e809e
ETH,0x6128d5F7c64Dab48a1C66f9D62EaeFa1d5aA03ed,unknown,,slowmist,OxODexPool,2023-09-12,2026-09-29T22:25:37,https://twitter.com/Cointime_CN/status/1701420147616145422
ETH,0x1dB0B6012D64452ED6aa98e87F7c308DB0281E40,unknown,,slowmist,FriendChipsTech,2023-09-15,2026-09-29T22:24:15,https://twitter.com/ASongofTokens/status/1702750744556814551
ETH,0x0e9c0f8fcc8e60f8daeb569448a41514eb321471,unknown,,slowmist,Baka Casino (BAKAC),2023-09-20,2026-09-29T22:21:49,https://bscscan.com/address/0x0e9c0f8fcc8e60f8daeb569448a41514eb321471
ETH,0xCBb391907A492a1e721bB16ae0563243E2B71987,unknown,,slowmist,YZER,2023-09-21,2026-09-29T22:21:12,https://etherscan.io/address/0xCBb391907A492a1e721bB16ae0563243E2B71987
ETH,0xD33830FcC5E434dBb4efF9D5348d74Ee2cbd505F,unknown,,slowmist,PEPEP,2023-09-21,2026-09-29T22:20:50,https://etherscan.io/address/0xd33830fcc5e434dbb4eff9d5348d74ee2cbd505f
ETH,0xC9C1776802216e074eF7A19555cE70bB473B25c0,unknown,,slowmist,Cat Nation,2023-09-23,2026-09-29T22:19:25,https://etherscan.io/address/0xc9c1776802216e074ef7a19555ce70bb473b25c0
ETH,0xae60ac8e69414c2dc362d0e6a03af643d1d85b92,unknown,,slowmist,DePay,2023-10-05,2026-09-29T22:13:42,https://etherscan.io/address/0xae60ac8e69414c2dc362d0e6a03af643d1d85b92
ETH,0x84f90d576247D569D972DB84504b5170aB13bCe7,unknown,,slowmist,zkFlex Finance,2023-10-08,2026-09-29T22:11:34,https://etherscan.io/address/0x54855d3133669b7ef54a2c962f5f63fdb44bbae9
ETH,0x54855D3133669B7EF54A2c962F5f63fdb44bBaE9,unknown,,slowmist,zkFlex Finance,2023-10-08,2026-09-29T22:11:34,https://etherscan.io/address/0x54855d3133669b7ef54a2c962f5f63fdb44bbae9
ETH,0x62aBdd605E710Cc80a52062a8cC7c5d659dDDbE7,unknown,,slowmist,pSeudoEth,2023-10-08,2026-09-29T22:11:14,https://etherscan.io/tx/0x4ab68b21799828a57ea99c1288036889b39bf85785240576e697ebff524b3930
ETH,0xea75AeC151f968b8De3789CA201a2a3a7FaeEFbA,unknown,,slowmist,pSeudoEth,2023-10-08,2026-09-29T22:11:14,https://etherscan.io/tx/0x4ab68b21799828a57ea99c1288036889b39bf85785240576e697ebff524b3930
ETH,0x1d93c73d575b81a59ff55958afc38a2344e4f878,unknown,,rekt,FTM,2023-10-17,2026-09-29T22:06:44,https://rekt.news/nightmare-ftm
ETH,0x2f4f1d2c5944dba74e107d1e8e90e7c1475f4001,unknown,,rekt,FTM,2023-10-17,2026-09-29T22:06:44,https://rekt.news/nightmare-ftm
ETH,0xdadc0421ee1b5426fca3db22f0a94a3bad5a329d,unknown,,rekt,FTM,2023-10-17,2026-09-29T22:06:44,https://rekt.news/nightmare-ftm
ETH,0x0b1f29df74a19c44745862ab018d925501fe9596,unknown,,rekt,FTM,2023-10-17,2026-09-29T22:06:44,https://rekt.news/nightmare-ftm
ETH,0x02d9198f3f730328c0c0b35776b54e615864c42a,unknown,,slowmist,Julia (JULIA),2023-10-23,2026-09-29T22:03:14,https://etherscan.io/address/0x02d9198f3f730328c0c0b35776b54e615864c42a#tokentxns
ETH,0xb504035a11E672e12a099F32B1672b9C4a78b22f,unknown,,slowmist,Safereum (SAFEREUM),2023-10-24,2026-09-29T22:02:55,https://etherscan.io/address/0xb504035a11e672e12a099f32b1672b9c4a78b22f
ETH,0x00000000fEB6A772307C6aA88AB9D57b209aCb18,unknown,,slowmist,Fake Linea token,2023-10-26,2026-09-29T22:01:48,https://etherscan.io/address/0x00000000feb6a772307c6aa88ab9d57b209acb18
ETH,0x5bc749a299c5de62325e1a676d53527149f7aa30,unknown,,slowmist,STIMMY,2023-10-27,2026-09-29T22:01:34,https://etherscan.io/token/0x5bc749a299c5de62325e1a676d53527149f7aa30
ETH,0x3417d4fa067806f8f70c2a692548048962b7ac45,unknown,,slowmist,Fake Memecoin (MEME),2023-10-30,2026-09-29T22:00:18,https://etherscan.io/address/0x3417d4fa067806f8f70c2a692548048962b7ac45
ETH,0x51348a7c3969e670b1763d4b1c17441804ea001d,unknown,,slowmist,Fake MEMEPAD (MEMEPAD),2023-10-30,2026-09-29T22:00:04,https://etherscan.io/address/0x51348a7c3969e670b1763d4b1c17441804ea001d
ETH,0xaf3302f7a83cb4e66b8f9450b00e7644e605878d,unknown,,slowmist,Fake TITANX (TITANX),2023-10-30,2026-09-29T21:59:46,https://etherscan.io/address/0xaf3302f7a83cb4e66b8f9450b00e7644e605878d
Ethereum,0x413e4fb75c300b92fec12d7c44e4c0b4faab4d04,attacker,Attacker,defihacklabs,UniBotRouter,2023-10-31,2026-09-29T21:59:24,https://github.com/SunWeb3Sec/DeFiHackLabs/blob/main/src/test/2023-10/UniBot_exp.sol
Ethereum,0x2b326a17b5ef826fa4e17d3836364ae1f0231a6f,unknown,Attack Contract,defihacklabs,UniBotRouter,2023-10-31,2026-09-29T21:59:24,https://github.com/SunWeb3Sec/DeFiHackLabs/blob/main/src/test/2023-10/UniBot_exp.sol
Ethereum,0xcbe521aea28911fe9983030748028e12541e347b,unknown,https,defihacklabs,UniBotRouter,2023-10-31,2026-09-29T21:59:24,https://github.com/SunWeb3Sec/DeFiHackLabs/blob/main/src/test/2023-10/UniBot_exp.sol
ETH,0x413e4fb75c300b92fec12d7c44e4c0b4faab4d04,unknown,,defihacklabs,UniBotRouter,2023-10-31,2026-09-29T21:59:24,https://github.com/SunWeb3Sec/DeFiHackLabs/blob/main/src/test/2023-10/UniBot_exp.sol
ETH,0x2b326a17b5ef826fa4e17d3836364ae1f0231a6f,unknown,,defihacklabs,UniBotRouter,2023-10-31,2026-09-29T21:59:24,https://github.com/SunWeb3Sec/DeFiHackLabs/blob/main/src/test/2023-10/UniBot_exp.sol
ETH,0x126c9FbaB3A2FCA24eDfd17322E71a5e36E91865,unknown,,rekt,Unibot,2023-10-31,2026-09-29T21:59:19,https://rekt.news/unibot-rekt
ETH,0x413e4fb75c300b92fec12d7c44e4c0b4faab4d04,unknown,,rekt,Unibot,2023-10-31,2026-09-29T21:59:19,https://rekt.news/unibot-rekt
ETH,0x126c9FbaB3A2FCA24eDfd17322E71a5e36E91865,unknown,,slowmist,Unibot,2023-10-31,2026-09-29T21:59:06,https://twitter.com/SlowMist_Team/status/1719242913769803788
ETH,0x085bdff2c522e8637d4154039db8746bb8642bff,unknown,,rekt,Onyx Protocol,2023-11-01,2026-09-29T21:58:11,https://rekt.news/onyx-protocol-rekt
ETH,0x5083956303a145f70ba9f3d80c5e6cb5ac842706,unknown,,rekt,Onyx Protocol,2023-11-01,2026-09-29T21:58:11,https://rekt.news/onyx-protocol-rekt
ETH,0xcd68acc0e6c94c0226b0d760d19951143ee7aa44,unknown,,slowmist,Fake Celestia (TIA),2023-11-01,2026-09-29T21:57:12,https://etherscan.io/address/0xcd68acc0e6c94c0226b0d760d19951143ee7aa44
ETH,0x46d9b3dfbc163465ca9e306487cba60bc438f5a2,unknown,,rekt,MEV Bot,2023-11-07,2026-09-29T21:54:01,https://rekt.news/ripmevbot2
ETH,0x05f016765c6c601fd05a10dba1abe21a04f924a5,unknown,,rekt,MEV Bot,2023-11-07,2026-09-29T21:54:01,https://rekt.news/ripmevbot2
ETH,0x05f016765c6c601fd05a10dba1abe21a04f924a5,unknown,,slowmist,MEV Bot,2023-11-07,2026-09-29T21:53:43,https://twitter.com/SlowMist_Team/status/1722081647028478029
ETH,0xc1f2b71a502b551a65eee9c96318afdd5fd439fa,unknown,,rekt,Raft,2023-11-10,2026-09-29T21:52:03,https://rekt.news/raft-rekt
ETH,0x9ab6b21cdf116f611110b048987e58894786c244,unknown,,rekt,Raft,2023-11-10,2026-09-29T21:52:03,https://rekt.news/raft-rekt
BSC,0xd85c603f71bb84437bc69b21d785f982f7630355,unknown,https,defihacklabs,OKC Project,2023-11-14,2026-09-29T21:50:32,https://github.com/SunWeb3Sec/DeFiHackLabs/blob/main/src/test/2023-11/OKC_exp.sol
ETH,0x2b0502FDab4e221dcD492c058255D2073d50A3ae,unknown,,rekt,Kronos Research,2023-11-18,2026-09-29T21:47:45,https://rekt.news/kronos-rekt
ETH,0x50275e0b7261559ce1644014d4b78d4aa63be836,unknown,,rekt,KyberSwap,2023-11-22,2026-09-29T21:45:05,https://rekt.news/kyberswap-rekt
ETH,0xc9b826bad20872eb29f9b1d8af4befe8460b50c6,unknown,,rekt,KyberSwap,2023-11-22,2026-09-29T21:45:05,https://rekt.news/kyberswap-rekt
ETH,0xfc146d1caf6ba1d1ce6dcb5b35dcbf895f50b0c4,unknown,,rekt,HECO Bridge,2023-11-22,2026-09-29T21:44:49,https://rekt.news/heco-htx-rekt
ETH,0x3d655889d197125fb90dcb72e4a287a8410ed1b9,unknown,,rekt,HECO Bridge,2023-11-22,2026-09-29T21:44:49,https://rekt.news/heco-htx-rekt
ETH,0xa929022c9107643515f5c777ce9a910f0d1e490c,unknown,,rekt,HECO Bridge,2023-11-22,2026-09-29T21:44:49,https://rekt.news/heco-htx-rekt
ETH,0xb9f775179bcc7fcf4534700a48f09c590e390ead,unknown,,rekt,HECO Bridge,2023-11-22,2026-09-29T21:44:49,https://rekt.news/heco-htx-rekt
ETH,0x9281035df6f00557c0285d7df21d323c2e2f99ad,unknown,,rekt,HECO Bridge,2023-11-22,2026-09-29T21:44:49,https://rekt.news/heco-htx-rekt
ETH,0x5a22f867dfcb4f32d25a5fa365b9d9d78d5515dc,unknown,,rekt,HECO Bridge,2023-11-22,2026-09-29T21:44:49,https://rekt.news/heco-htx-rekt
ETH,0x121a0ff24027fffcdd0ae008da82f2789c7945cc,unknown,,rekt,HECO Bridge,2023-11-22,2026-09-29T21:44:49,https://rekt.news/heco-htx-rekt
ETH,0x70cbb871e8f30fc8ce23609e9e0ea87b6b222f58,unknown,,rekt,OKX,2023-12-12,2026-09-29T21:32:23,https://rekt.news/okx-dex-rekt
ETH,0x40aa958dd87fc8305b97f2ba922cddca374bcd7f,unknown,,rekt,OKX,2023-12-12,2026-09-29T21:32:23,https://rekt.news/okx-dex-rekt
ETH,0x55b35bf627944396f9950dd6bddadb5218110c76,unknown,,rekt,OKX,2023-12-12,2026-09-29T21:32:23,https://rekt.news/okx-dex-rekt
ETH,0x3c18F8554362c3F07Dc5476C3bBeB9Fdd6F6a500,unknown,,rekt,OKX,2023-12-12,2026-09-29T21:32:23,https://rekt.news/okx-dex-rekt
ETH,0xc82Ea2afE1Fd1D61C4A12f5CeB3D7000f564F5C6,unknown,,rekt,OKX,2023-12-12,2026-09-29T21:32:23,https://rekt.news/okx-dex-rekt
ETH,0xFacf375Af906f55453537ca31fFA99053A010239,unknown,,rekt,OKX,2023-12-12,2026-09-29T21:32:23,https://rekt.news/okx-dex-rekt
ETH,0x1F14E38666cDd8e8975f9acC09e24E9a28fbC42d,unknown,,rekt,OKX,2023-12-12,2026-09-29T21:32:23,https://rekt.news/okx-dex-rekt
ETH,0xa15fe801dd5fd31a684c444b6980dbaf0c78d5ad,unknown,,rekt,OKX,2023-12-12,2026-09-29T21:32:23,https://rekt.news/okx-dex-rekt
ETH,0x22a2931cb2a7b782d65b2b5562829e84d941b0f0,unknown,,rekt,OKX,2023-12-12,2026-09-29T21:32:23,https://rekt.news/okx-dex-rekt
ETH,0xfe55502a57f388a69602b2780071b759a520468f,unknown,,rekt,OKX,2023-12-12,2026-09-29T21:32:23,https://rekt.news/okx-dex-rekt
ETH,0x48e3712c473364814ac8d87a2a70a9004a42e9a3,unknown,,rekt,OKX,2023-12-12,2026-09-29T21:32:23,https://rekt.news/okx-dex-rekt
ETH,0x5b8d598b354f5760b2a65f492154e7a3df46d1be,unknown,,rekt,Hypr Network,2023-12-13,2026-09-29T21:31:30,https://rekt.news/hypr-network-rekt
ETH,0x3ea6ba6d3415e4dfd380516c799aafa94e420519,unknown,,rekt,Hypr Network,2023-12-13,2026-09-29T21:31:30,https://rekt.news/hypr-network-rekt
ETH,0x797885c0a6cfffcbc4d2e3c1ca0b4f07112db6a3,unknown,,slowmist,Ordinal Dex (ORDEX),2023-12-25,2026-09-29T21:25:42,https://etherscan.io/address/0x797885c0a6cfffcbc4d2e3c1ca0b4f07112db6a3
ETH,0xcf64487276e05afdc3ed669fb5dcebb17000fd58,unknown,,slowmist,Sleepless AI (AI),2023-12-28,2026-09-29T21:22:20,https://etherscan.io/address/0xcf64487276e05afdc3ed669fb5dcebb17000fd58
ETH,0x9263e7873613ddc598a701709875634819176aff,unknown,,rekt,Orbit Bridge,2023-12-31,2026-09-29T21:20:00,https://rekt.news/orbit-bridge-rekt
ETH,0x5351536145610aa448a8bf85ba97c71caf31909c,unknown,,rekt,Gamma Strategies,2024-01-04,2026-09-29T21:16:46,https://rekt.news/gamma-strategies-rekt
ETH,0x4b57adc00ac38f74506d29fc4080e3dc65b78a69,unknown,,rekt,Gamma Strategies,2024-01-04,2026-09-29T21:16:46,https://rekt.news/gamma-strategies-rekt
Ethereum,0x364f17a23ae4350319b7491224d10df5796190bc,unknown,LQDX LiquidXv2Zap Contract,defihacklabs,LQDX,2024-01-10,2026-09-29T21:13:17,https://github.com/SunWeb3Sec/DeFiHackLabs/blob/main/src/test/2024-01/LQDX_alert_exp.sol
ETH,0x364f17a23ae4350319b7491224d10df5796190bc,unknown,,defihacklabs,LQDX,2024-01-10,2026-09-29T21:13:17,https://github.com/SunWeb3Sec/DeFiHackLabs/blob/main/src/test/2024-01/LQDX_alert_exp.sol
ETH,0x50df5a2217588772471b84adbbe4194a2ed39066,unknown,,rekt,Socket,2024-01-16,2026-09-29T21:09:42,https://rekt.news/socket-rekt
ETH,0x3a23f943181408eac424116af7b7790c94cb97a5,unknown,,rekt,Socket,2024-01-16,2026-09-29T21:09:42,https://rekt.news/socket-rekt
ETH,0x87f585809ce79ae39a5fa0c7c96d0d159eb678c9,unknown,,rekt,Abracadabra,2024-01-30,2026-09-29T20:59:23,https://rekt.news/abra-rekt
ETH,0x7259e152103756e1616A77Ae982353c3751A6a90,unknown,,rekt,Abracadabra,2024-01-30,2026-09-29T20:59:23,https://rekt.news/abra-rekt
ETH,0x692887E8877C6Dd31593cda44c382DB5b289B684,unknown,,rekt,Abracadabra,2024-01-30,2026-09-29T20:59:23,https://rekt.news/abra-rekt
ETH,0x8c8e380ade29ae67355d833c204a79d0053f8851,unknown,,slowmist,Not Found (404),2024-02-09,2026-09-29T20:55:49,https://www.dextools.io/app/cn/ether/pair-explorer/0x8c8e380ade29ae67355d833c204a79d0053f8851?t=1707667726962
Ethereum,0xFb35DE57B117FA770761C1A344784075745F84F9,victim,Vulnerable Contract,defihacklabs,EGGX,2024-02-20,2026-09-29T20:50:48,https://github.com/SunWeb3Sec/DeFiHackLabs/blob/main/src/test/2024-02/EGGX_exp.sol
ETH,0xFb35DE57B117FA770761C1A344784075745F84F9,unknown,,defihacklabs,EGGX,2024-02-20,2026-09-29T20:50:48,https://github.com/SunWeb3Sec/DeFiHackLabs/blob/main/src/test/2024-02/EGGX_exp.sol
ETH,0xb660cae1a59336676ea1887b15eb3c0badb90d78,unknown,,rekt,Unizen,2024-03-08,2026-09-29T20:40:31,https://rekt.news/unizen-rekt
ETH,0xc596523b77ceb9567279B572c653ECF4BA763CB7,unknown,,rekt,Unizen,2024-03-08,2026-09-29T20:40:31,https://rekt.news/unizen-rekt
ETH,0x90a7482dD7fA28865f440EC0c3B783775AC01266,unknown,,rekt,Unizen,2024-03-08,2026-09-29T20:40:31,https://rekt.news/unizen-rekt
ETH,0xd440b92739f86b00d1135b5eea871751433da2d7,unknown,,rekt,Unizen,2024-03-08,2026-09-29T20:40:31,https://rekt.news/unizen-rekt
ETH,0x2f744f784000de0b8f1a7da3f0021ad56c09ce1a,unknown,,rekt,Unizen,2024-03-08,2026-09-29T20:40:31,https://rekt.news/unizen-rekt
ETH,0x4e2ce48f0b5d97bfd4be3f6c7b6479db1aa5b365,unknown,,rekt,Unizen,2024-03-08,2026-09-29T20:40:31,https://rekt.news/unizen-rekt
Ethereum,0xfde0d1575ed8e06fbf36256bcdfa1f359281455a,unknown,Whitehat,defihacklabs,Paraswap,2024-03-20,2026-09-29T20:33:09,https://github.com/SunWeb3Sec/DeFiHackLabs/blob/main/src/test/2024-03/Paraswap_exp.sol
Ethereum,0x6980a47bee930a4584b09ee79ebe46484fbdbdd0,unknown,Whitehat Contract,defihacklabs,Paraswap,2024-03-20,2026-09-29T20:33:09,https://github.com/SunWeb3Sec/DeFiHackLabs/blob/main/src/test/2024-03/Paraswap_exp.sol
Ethereum,0x00000000fdac7708d0d360bddc1bc7d097f47439,unknown,Vuln Contract,defihacklabs,Paraswap,2024-03-20,2026-09-29T20:33:09,https://github.com/SunWeb3Sec/DeFiHackLabs/blob/main/src/test/2024-03/Paraswap_exp.sol
Ethereum,0x35a73969f582872c25c96c48d8bb31c23eab8a49,unknown,Attack txs,defihacklabs,Paraswap,2024-03-20,2026-09-29T20:33:09,https://github.com/SunWeb3Sec/DeFiHackLabs/blob/main/src/test/2024-03/Paraswap_exp.sol
ETH,0xfde0d1575ed8e06fbf36256bcdfa1f359281455a,unknown,,defihacklabs,Paraswap,2024-03-20,2026-09-29T20:33:09,https://github.com/SunWeb3Sec/DeFiHackLabs/blob/main/src/test/2024-03/Paraswap_exp.sol
ETH,0x6980a47bee930a4584b09ee79ebe46484fbdbdd0,unknown,,defihacklabs,Paraswap,2024-03-20,2026-09-29T20:33:09,https://github.com/SunWeb3Sec/DeFiHackLabs/blob/main/src/test/2024-03/Paraswap_exp.sol
ETH,0x00000000fdac7708d0d360bddc1bc7d097f47439,unknown,,defihacklabs,Paraswap,2024-03-20,2026-09-29T20:33:09,https://github.com/SunWeb3Sec/DeFiHackLabs/blob/main/src/test/2024-03/Paraswap_exp.sol
ETH,0x6a89a8c67b5066d59bf4d81d59f70c3976facd0a,unknown,,rekt,Super Sushi Samurai,2024-03-21,2026-09-29T20:31:17,https://rekt.news/sss-rekt
ETH,0xdaAa6294C47b5743BDafe0613d1926eE27ae8cf5,unknown,,rekt,Curio,2024-03-23,2026-09-29T20:29:37,https://rekt.news/curio-rekt
ETH,0x6e8836f050a315611208a5cd7e228701563d09c5,unknown,,rekt,Munchables,2024-03-26,2026-09-29T20:28:25,https://rekt.news/munchables-rekt
ETH,0x4890e32a6A631Ba451b7823dAd39E88614f59C97,unknown,,rekt,Munchables,2024-03-26,2026-09-29T20:28:25,https://rekt.news/munchables-rekt
ETH,0x6BE96b68A46879305c905CcAFFF02B2519E78055,unknown,,rekt,Munchables,2024-03-26,2026-09-29T20:28:25,https://rekt.news/munchables-rekt
ETH,0x9976Fe30DAc6063666eEA87133dFad1d5ec27c5E,unknown,,rekt,Munchables,2024-03-26,2026-09-29T20:28:25,https://rekt.news/munchables-rekt
ETH,0x84e86b461a3063ad255575b30756bdc4d051a04b,unknown,,rekt,Munchables,2024-03-26,2026-09-29T20:28:25,https://rekt.news/munchables-rekt
ETH,0xe362130d4718dc9f86c802ca17fe94041f1cfc77,unknown,,rekt,Munchables,2024-03-26,2026-09-29T20:28:25,https://rekt.news/munchables-rekt
ETH,0xD996073019c74B2fB94eAD236e32032405bC027c,unknown,,rekt,PrismaFi,2024-03-28,2026-09-29T20:27:19,https://rekt.news/prismafi-rekt
ETH,0x7E39E3B3ff7ADef2613d5Cc49558EAB74B9a4202,unknown,,rekt,PrismaFi,2024-03-28,2026-09-29T20:27:19,https://rekt.news/prismafi-rekt
ETH,0x5d0064f3B54C8899Ab797445551058Be460C03C6,unknown,,rekt,PrismaFi,2024-03-28,2026-09-29T20:27:19,https://rekt.news/prismafi-rekt
ETH,0x57f7033F84894770F876bf64772E7EBA48990D65,unknown,,rekt,PrismaFi,2024-03-28,2026-09-29T20:27:19,https://rekt.news/prismafi-rekt
ETH,0x2d413803a6eC3Cb1ed1a93BF90608f63b157507a,unknown,,rekt,PrismaFi,2024-03-28,2026-09-29T20:27:19,https://rekt.news/prismafi-rekt
ETH,0x372949764e43dab7da0c0462e955c6a044932149,unknown,,slowmist,Fake Truflation,2024-04-10,2026-09-29T20:19:28,https://www.dextools.io/app/cn/ether/pair-explorer/0x372949764e43dab7da0c0462e955c6a044932149?t=1713102750687
ETH,0x27d6f3d95e4888e1eacd19b200abec9089153a44,unknown,,slowmist,Empower AI,2024-04-11,2026-09-29T20:18:47,https://www.dextools.io/app/cn/ether/pair-explorer/0x27d6f3d95e4888e1eacd19b200abec9089153a44?t=1713102750687
ETH,0x6c2cf17a556053f9e315e5aba8af57686b6af68f,unknown,,slowmist,Fake Monad,2024-04-11,2026-09-29T20:18:38,https://www.dextools.io/app/cn/ether/pair-explorer/0x6c2cf17a556053f9e315e5aba8af57686b6af68f?t=1713102750687
ETH,0x60d436adaf38bc54b546a68e35d77934f08ffadc,unknown,,slowmist,Fake Masa,2024-04-12,2026-09-29T20:17:06,https://www.dextools.io/app/cn/ether/pair-explorer/0x60d436adaf38bc54b546a68e35d77934f08ffadc?t=1713102750687
BSC,0x49ca5e188c538b4f2efb45552f13309cc0dd1f35,unknown,https,defihacklabs,YIEDL,2024-04-24,2026-09-29T20:07:48,https://github.com/SunWeb3Sec/DeFiHackLabs/blob/main/src/test/2024-04/YIEDL_exp.sol
ETH,0x528703c5267bdcbd67d6461447b79fbef85623c2,unknown,,slowmist,Fake IO,2024-04-26,2026-09-29T20:05:40,vhttps://www.dextools.io/app/cn/ether/pair-explorer/0x528703c5267bdcbd67d6461447b79fbef85623c2?t=1714448561316
ETH,0x2cfdf63fd3050256423f925498dd62143fa4ae49,unknown,,slowmist,NOVAMIND_ (NMD),2024-05-02,2026-09-29T20:02:30,https://www.dextools.io/app/cn/ether/pair-explorer/0x2cfdf63fd3050256423f925498dd62143fa4ae49?t=1714915662752
ETH,0x296a66bf9fcae305dadae225e39ade65785e9bdc,unknown,,slowmist,Fake Lifeform (LFT),2024-05-09,2026-09-29T19:58:45,https://www.dextools.io/app/cn/ether/pair-explorer/0x296a66bf9fcae305dadae225e39ade65785e9bdc?t=1717062357738
ETH,0xb889ee5797ecc7c350c840382f77f5758b35b99e,unknown,,slowmist,Patton,2024-05-13,2026-09-29T19:57:07,https://www.dextools.io/app/cn/ether/pair-explorer/0xb889ee5797ecc7c350c840382f77f5758b35b99e?t=1715657237046
ETH,0xb02e3199a2410e678a8e744bf521a0268ee17a0e,unknown,,slowmist,Fake Notcoin,2024-05-16,2026-09-29T19:54:44,https://www.dextools.io/app/cn/ether/pair-explorer/0xb02e3199a2410e678a8e744bf521a0268ee17a0e?t=1716200631225
ETH,0xe2ca471124b124831e231fb835778840ad100f97,unknown,,rekt,Gala Games,2024-05-20,2026-09-29T19:54:12,https://rekt.news/gala-games-rekt
ETH,0x841ddf093f5188989fa1524e7b893de64b421f47,unknown,,rekt,Uwulend,2024-06-10,2026-09-29T19:43:06,https://rekt.news/uwulend-rekt
ETH,0x48d7c1dd4214b41eda3301bca434348f8d1c5eb6,unknown,,rekt,Uwulend,2024-06-10,2026-09-29T19:43:06,https://rekt.news/uwulend-rekt
ETH,0x050c7e9c62bf991841827f37745ddadb563feb70,unknown,,rekt,Uwulend,2024-06-10,2026-09-29T19:43:06,https://rekt.news/uwulend-rekt
Ethereum,0x394ba273315240510b61ca22ba152e3478a45892,attacker,Attacker,defihacklabs,WIFCOIN_ETH,2024-06-16,2026-09-29T19:40:37,https://github.com/SunWeb3Sec/DeFiHackLabs/blob/main/src/test/2024-06/WIFCOIN_ETH_exp.sol
Ethereum,0x93d4f6f84d242c7959f8d1f1917ddbc9fb925ada,unknown,Attack Contract,defihacklabs,WIFCOIN_ETH,2024-06-16,2026-09-29T19:40:37,https://github.com/SunWeb3Sec/DeFiHackLabs/blob/main/src/test/2024-06/WIFCOIN_ETH_exp.sol
Ethereum,0xda8f6a4bed7e5689a343d111632d37480c0316f1,unknown,TX1,defihacklabs,WIFCOIN_ETH,2024-06-16,2026-09-29T19:40:37,https://github.com/SunWeb3Sec/DeFiHackLabs/blob/main/src/test/2024-06/WIFCOIN_ETH_exp.sol
Ethereum,0x58424115c6576b19cfb78b0b7ff00e0c13daa06d,unknown,TX2,defihacklabs,WIFCOIN_ETH,2024-06-16,2026-09-29T19:40:37,https://github.com/SunWeb3Sec/DeFiHackLabs/blob/main/src/test/2024-06/WIFCOIN_ETH_exp.sol
ETH,0x394ba273315240510b61ca22ba152e3478a45892,unknown,,defihacklabs,WIFCOIN_ETH,2024-06-16,2026-09-29T19:40:37,https://github.com/SunWeb3Sec/DeFiHackLabs/blob/main/src/test/2024-06/WIFCOIN_ETH_exp.sol
ETH,0x93d4f6f84d242c7959f8d1f1917ddbc9fb925ada,unknown,,defihacklabs,WIFCOIN_ETH,2024-06-16,2026-09-29T19:40:37,https://github.com/SunWeb3Sec/DeFiHackLabs/blob/main/src/test/2024-06/WIFCOIN_ETH_exp.sol
ETH,0xC891b507A7c109179d38E2Cb4DE6CD8Dc70D2ad4,unknown,,rekt,WazirX Protocol,2024-07-18,2026-09-29T19:27:15,https://rekt.news/wazirx-rekt
ETH,0xc6873ce725229099caf5ac6078f30f48ec6c7e2e,unknown,,rekt,WazirX Protocol,2024-07-18,2026-09-29T19:27:15,https://rekt.news/wazirx-rekt
ETH,0x6EeDF92Fb92Dd68a270c3205e96DCCc527728066,unknown,,rekt,WazirX Protocol,2024-07-18,2026-09-29T19:27:15,https://rekt.news/wazirx-rekt
ETH,0x27fD43BABfbe83a81d14665b1a6fB8030A60C9b4,unknown,,rekt,WazirX Protocol,2024-07-18,2026-09-29T19:27:15,https://rekt.news/wazirx-rekt
ETH,0x04b21735E93Fa3f8df70e2Da89e6922616891a88,unknown,,rekt,WazirX Protocol,2024-07-18,2026-09-29T19:27:15,https://rekt.news/wazirx-rekt
ETH,0xBDe173c4C2249d3a98cD6ed844a4421728114F5A,unknown,,rekt,Astroport,2024-07-30,2026-09-29T19:22:06,https://rekt.news/astroport-rekt
ETH,0xf2B889437F243396b29E829908b5d8ebE2e13048,unknown,,rekt,REKT,2024-08-20,2026-09-29T19:14:50,https://rekt.news/whale-hunters-payday
ETH,0x0000db5c8B030ae20308ac975898E09741e70000,unknown,,rekt,REKT,2024-08-20,2026-09-29T19:14:50,https://rekt.news/whale-hunters-payday
ETH,0x5D4b2A02c59197eB2cAe95A6Df9fE27af60459d4,unknown,,rekt,REKT,2024-08-20,2026-09-29T19:14:50,https://rekt.news/whale-hunters-payday
ETH,0x000000003704bc4ffb86000046721f44ef3dbabe,unknown,,slowmist,OTSea,2024-09-13,2026-09-29T19:03:40,https://etherscan.io/address/0x000000003704bc4ffb86000046721f44ef3dbabe
ETH,0xf7e8033366166f92eb477b7b38e0d47d47b43326,unknown,,rekt,BingX,2024-09-19,2026-09-29T19:01:07,https://rekt.news/bingx-rekt
ETH,0xb0146aec3593410c8307b570af69adf4d74678b3,unknown,,rekt,BingX,2024-09-19,2026-09-29T19:01:07,https://rekt.news/bingx-rekt
ETH,0x940362b46faf7df48af1c8989d809f50466b5fca,unknown,,rekt,BingX,2024-09-19,2026-09-29T19:01:07,https://rekt.news/bingx-rekt
ETH,0x1Dd7dAf089C16856155FeFd7e2170966bb6b3AEE,unknown,,rekt,BingX,2024-09-19,2026-09-29T19:01:07,https://rekt.news/bingx-rekt
ETH,0x719981cf7D1a1dC681a1cf0C6B1eeeE090D0FEd6,unknown,,rekt,BingX,2024-09-19,2026-09-29T19:01:07,https://rekt.news/bingx-rekt
ETH,0xf26e64ef4300ca027d2ffedd7d765d7a3906091c,unknown,,rekt,BingX,2024-09-19,2026-09-29T19:01:07,https://rekt.news/bingx-rekt
ETH,0xb77a4a9678315775c4ba89f18f84f87538e748f5,unknown,,rekt,BingX,2024-09-19,2026-09-29T19:01:07,https://rekt.news/bingx-rekt
ETH,0x63dc352ddfc17aa04edac47ce36e186c1e54b02c,unknown,,rekt,BingX,2024-09-19,2026-09-29T19:01:07,https://rekt.news/bingx-rekt
ETH,0x49284f0ab5098d7effb3392124903c081d1b9f7e,unknown,,rekt,BingX,2024-09-19,2026-09-29T19:01:07,https://rekt.news/bingx-rekt
ETH,0xcfc14fa81226074036622976d95897ff84b58d66,unknown,,rekt,BingX,2024-09-19,2026-09-29T19:01:07,https://rekt.news/bingx-rekt
ETH,0xc1B5a00871B89175bDC8F3b0de9Be3b29ffD3729,unknown,,rekt,BingX,2024-09-19,2026-09-29T19:01:07,https://rekt.news/bingx-rekt
ETH,0x4D9D586567c9feA923c362c35385935Ee7781bf6,unknown,,rekt,BingX,2024-09-19,2026-09-29T19:01:07,https://rekt.news/bingx-rekt
ETH,0xf36dd342A1D1C63aAddF9a95226349e527917fF3,unknown,,rekt,BingX,2024-09-19,2026-09-29T19:01:07,https://rekt.news/bingx-rekt
ETH,0xEd4B3d468DEd53a322A8B8280B6f35aAE8bC499C,unknown,,rekt,Shezmu,2024-09-20,2026-09-29T18:58:57,https://rekt.news/shezmu-rekt
ETH,0xA3a64255484aD65158AF0F9d96B5577F79901a1D,unknown,,rekt,Shezmu,2024-09-20,2026-09-29T18:58:57,https://rekt.news/shezmu-rekt
ETH,0x2bFB373017349820dda2Da8230E6b66739BE9F96,unknown,,rekt,Bedrock,2024-09-25,2026-09-29T18:56:36,https://rekt.news/bedrock-rekt
ETH,0x680910cf5Fc9969A25Fd57e7896A14fF1E55F36B,unknown,,rekt,Onyx Protocol,2024-09-25,2026-09-29T18:56:26,https://rekt.news/onyx-protocol-rekt2
ETH,0xAE7d68b140Ed075E382e0A01d6c67ac675AFa223,unknown,,rekt,Onyx Protocol,2024-09-25,2026-09-29T18:56:26,https://rekt.news/onyx-protocol-rekt2
ETH,0x3486ee700ccaf3e2f9c5ec9730a2e916a4740a9f,unknown,,slowmist,U.S. Government-Controlled Wallet,2024-10-25,2026-09-29T18:46:21,https://x.com/MistTrack_io/status/1849663895545462919
ETH,0x511f427Cdf0c4e463655856db382E05D79Ac44a6,unknown,,rekt,Polter Finance,2024-11-16,2026-09-29T18:37:43,https://rekt.news/polter-finance-rekt
ETH,0xA21451aC32372C123191B3a4FC01deB69F91533a,unknown,,rekt,Polter Finance,2024-11-16,2026-09-29T18:37:43,https://rekt.news/polter-finance-rekt
ETH,0x012Fc6377F1c5CCF6e29967Bce52e3629AaA6025,unknown,,rekt,Clober Dex,2024-12-10,2026-09-29T18:28:47,https://rekt.news/cloberdex-rekt
ETH,0x711C87A0767101Fa6f3893FACb670B5689621e23,unknown,,rekt,Clober Dex,2024-12-10,2026-09-29T18:28:47,https://rekt.news/cloberdex-rekt
ETH,0x7760d838192f6E526721a0f6b160627baE989a3e,unknown,,rekt,Clober Dex,2024-12-10,2026-09-29T18:28:47,https://rekt.news/cloberdex-rekt
ETH,0xFDd9b0A7e7e16b5Fd48a3D1e242aF362bC81bCaa,unknown,,rekt,GemPad,2024-12-17,2026-09-29T18:26:26,https://rekt.news/gempad-rekt
ETH,0x8e18Fb32061600A82225CAbD7fecF5b1be477c43,unknown,,rekt,GemPad,2024-12-17,2026-09-29T18:26:26,https://rekt.news/gempad-rekt
ETH,0xe546480138d50bb841b204691c39cc514858d101,unknown,,rekt,The Idols NFT,2025-01-14,2026-09-29T18:10:18,https://rekt.news/theidolsnft-rekt
ETH,0x9E34d89C013Da3BF65fc02b59B6F27D710850430,unknown,,rekt,Ionic Money,2025-02-04,2026-09-29T18:03:35,https://rekt.news/ionic-money-rekt
ETH,0x964dd444e3192f636322229080a576077b06fba3,unknown,,rekt,Ionic Money,2025-02-04,2026-09-29T18:03:35,https://rekt.news/ionic-money-rekt
ETH,0x15Ed470607601274df6ED71172614B67001901Eb,unknown,,rekt,Ionic Money,2025-02-04,2026-09-29T18:03:35,https://rekt.news/ionic-money-rekt
ETH,0x645c77833833A6654F7EdaA977eBEaBc680a9109,unknown,,rekt,zkLend,2025-02-11,2026-09-29T18:00:33,https://rekt.news/zklend-rekt
ETH,0xCf677c7520E02acA89BC70431eAC891e94273E8a,unknown,,rekt,zkLend,2025-02-11,2026-09-29T18:00:33,https://rekt.news/zklend-rekt
ETH,0x0B7D061D91018AaB823A755020e625FfE8B93074,unknown,,rekt,zkLend,2025-02-11,2026-09-29T18:00:33,https://rekt.news/zklend-rekt
ETH,0xcd1c290198E12c4c1809271e683572FBF977Bb63,unknown,,rekt,zkLend,2025-02-11,2026-09-29T18:00:33,https://rekt.news/zklend-rekt
ETH,0xd95b3c1e638ce3cdc070ad6d4f385c61e2ee8662,unknown,,rekt,zkLend,2025-02-11,2026-09-29T18:00:33,https://rekt.news/zklend-rekt
ETH,0x93920786e0fda8496248c4447e2e082da69b6c40,unknown,,rekt,zkLend,2025-02-11,2026-09-29T18:00:33,https://rekt.news/zklend-rekt
ETH,0x34e5dc779cb705200e951239b6a89aaf5c7dbfc1,unknown,,rekt,zkLend,2025-02-11,2026-09-29T18:00:33,https://rekt.news/zklend-rekt
ETH,0x47666Fab8bd0Ac7003bce3f5C3585383F09486E2,unknown,,rekt,ByBit,2025-02-21,2026-09-29T17:57:48,https://rekt.news/bybit-rekt
ETH,0x1Db92e2EeBC8E0c075a02BeA49a2935BcD2dFCF4,unknown,,rekt,ByBit,2025-02-21,2026-09-29T17:57:48,https://rekt.news/bybit-rekt
ETH,0x218C572b1Ab6065D74bEbcB708a3f523D14F7719,unknown,,rekt,ZeroLend,2025-02-23,2026-09-29T17:56:31,https://rekt.news/zero-to-lend
ETH,0x0f2876396a71fe09a175d97f83744377be9b6363,unknown,,rekt,ZeroLend,2025-02-23,2026-09-29T17:56:31,https://rekt.news/zero-to-lend
ETH,0xa7264a43a57ca17012148c46adbc15a5f951766e,unknown,,rekt,1Inch,2025-03-05,2026-09-29T17:52:55,https://rekt.news/1inch-rekt
ETH,0x019bfc71d43c3492926d4a9a6c781f36706970c9,unknown,,rekt,1Inch,2025-03-05,2026-09-29T17:52:55,https://rekt.news/1inch-rekt
ETH,0xbbb587e59251d219a7a05ce989ec1969c01522c0,unknown,,rekt,1Inch,2025-03-05,2026-09-29T17:52:55,https://rekt.news/1inch-rekt
ETH,0xb02f39e382c90160eb816de5e0e428ac771d77b5,unknown,,rekt,1Inch,2025-03-05,2026-09-29T17:52:55,https://rekt.news/1inch-rekt
ETH,0xa88800cd213da5ae406ce248380802bd53b47647,unknown,,rekt,1Inch,2025-03-05,2026-09-29T17:52:55,https://rekt.news/1inch-rekt
ETH,0x3b33c5Cd948Be5863b72cB3D6e9C0b36E67d01E5,unknown,,rekt,Zoth,2025-03-21,2026-09-29T17:47:15,https://rekt.news/zoth-rekt
ETH,0x82f3a0392F58C50fa90542519832471BaE93e43e,unknown,,rekt,Zoth,2025-03-21,2026-09-29T17:47:15,https://rekt.news/zoth-rekt
ETH,0x7b0cd0D83565aDbB57585d0265b7D15d6D9f60cf,unknown,,rekt,Zoth,2025-03-21,2026-09-29T17:47:15,https://rekt.news/zoth-rekt
ETH,0x27defcfa6498f957918f407ed8a58eba2884768c,unknown,,rekt,SIR Trading,2025-03-30,2026-09-29T17:44:25,https://rekt.news/sirtrading-rekt
ETH,0xb91ae2c8365fd45030aba84a4666c4db074e53e7,unknown,,rekt,SIR Trading,2025-03-30,2026-09-29T17:44:25,https://rekt.news/sirtrading-rekt
ETH,0x49e27d11379f5208cbb2a4963b903fd65c95de09,unknown,,slowmist,MEV Bot,2025-04-08,2026-09-29T17:42:21,https://x.com/SlowMist_Team/status/1909459139715023097
ETH,0x00fac92881556a90fdb19eae9f23640b95b4bcbd,unknown,,rekt,KiloEx,2025-04-14,2026-09-29T17:41:19,https://rekt.news/kiloex-rekt
ETH,0xd43b395efad4877e94e06b980f4ed05367484bf3,unknown,,rekt,KiloEx,2025-04-14,2026-09-29T17:41:19,https://rekt.news/kiloex-rekt
ETH,0x551f3110f12c763D1611d5A63B5F015d1c1a954C,unknown,,rekt,KiloEx,2025-04-14,2026-09-29T17:41:19,https://rekt.news/kiloex-rekt
ETH,0xe9b2B067eE106A6E518fB0552F3296d22b82b32B,unknown,,rekt,Zunami Protocol,2025-05-14,2026-09-29T17:29:24,https://rekt.news/zunami-protocol-rekt2
ETH,0x051370419b871f7c05dee8f7134401530832e250,unknown,,rekt,Zunami Protocol,2025-05-14,2026-09-29T17:29:24,https://rekt.news/zunami-protocol-rekt2
ETH,0x89012a55cd6b88e407c9d4ae9b3425f55924919b,unknown,,rekt,Cetus,2025-05-22,2026-09-29T17:27:02,https://rekt.news/cetus-rekt
ETH,0x0251536BfcF144B88e1aFa8fe60184Ffdb4cAF16,unknown,,rekt,Cetus,2025-05-22,2026-09-29T17:27:02,https://rekt.news/cetus-rekt
Ethereum,0xea6f30e360192bae715599e15e2f765b49e4da98,attacker,Attacker,defihacklabs,Corkprotocol,2025-05-28,2026-09-29T17:24:05,https://github.com/SunWeb3Sec/DeFiHackLabs/blob/main/src/test/2025-05/Corkprotocol_exp.sol
Ethereum,0x9af3dce0813fd7428c47f57a39da2f6dd7c9bb09,unknown,Attack Contract,defihacklabs,Corkprotocol,2025-05-28,2026-09-29T17:24:05,https://github.com/SunWeb3Sec/DeFiHackLabs/blob/main/src/test/2025-05/Corkprotocol_exp.sol
Ethereum,0xfd89cdd0be468a564dd525b222b728386d7c6780,unknown,Attack Txs,defihacklabs,Corkprotocol,2025-05-28,2026-09-29T17:24:05,https://github.com/SunWeb3Sec/DeFiHackLabs/blob/main/src/test/2025-05/Corkprotocol_exp.sol
ETH,0xea6f30e360192bae715599e15e2f765b49e4da98,unknown,,defihacklabs,Corkprotocol,2025-05-28,2026-09-29T17:24:05,https://github.com/SunWeb3Sec/DeFiHackLabs/blob/main/src/test/2025-05/Corkprotocol_exp.sol
ETH,0x9af3dce0813fd7428c47f57a39da2f6dd7c9bb09,unknown,,defihacklabs,Corkprotocol,2025-05-28,2026-09-29T17:24:05,https://github.com/SunWeb3Sec/DeFiHackLabs/blob/main/src/test/2025-05/Corkprotocol_exp.sol
ETH,0x47713cb34fabd63b39d7c5c6f675dca39d22762b,unknown,,rekt,Cork Protocol,2025-05-28,2026-09-29T17:23:34,https://rekt.news/cork-protocol-rekt
ETH,0xEA6f30e360192bae715599E15e2F765B49E4da98,unknown,,rekt,Cork Protocol,2025-05-28,2026-09-29T17:23:34,https://rekt.news/cork-protocol-rekt
ETH,0x9Af3dCE0813FD7428c47F57A39da2F6Dd7C9bb09,unknown,,rekt,Cork Protocol,2025-05-28,2026-09-29T17:23:34,https://rekt.news/cork-protocol-rekt
ETH,0xccd90f6435dd78c4ecced1fa4db0d7242548a2a9,unknown,,rekt,Cork Protocol,2025-05-28,2026-09-29T17:23:34,https://rekt.news/cork-protocol-rekt
ETH,0x2FA1789B009A05921eB64F10B8F0d30684661d2d,unknown,,rekt,Hacken,2025-06-20,2026-09-29T17:15:30,https://rekt.news/hacken-rekt
ETH,0xf90da523a7c19a0a3d8d4606242c46f1ee459dc7,unknown,,rekt,ResupplyFi,2025-06-25,2026-09-29T17:13:22,https://rekt.news/resupplyfi-rekt
ETH,0x151aa63dbb7c605e7b0a173ab7375e1450e79238,unknown,,rekt,ResupplyFi,2025-06-25,2026-09-29T17:13:22,https://rekt.news/resupplyfi-rekt
ETH,0x6D9f6E900ac2CE6770Fd9f04f98B7B0fc355E2EA,unknown,,rekt,ResupplyFi,2025-06-25,2026-09-29T17:13:22,https://rekt.news/resupplyfi-rekt
ETH,0x31129a5c13306A48E827e851D44E19Ca07d4928A,unknown,,rekt,ResupplyFi,2025-06-25,2026-09-29T17:13:22,https://rekt.news/resupplyfi-rekt
ETH,0x886f786618623ffFB2be59830A47661Ae6492E16,unknown,,rekt,ResupplyFi,2025-06-25,2026-09-29T17:13:22,https://rekt.news/resupplyfi-rekt
ETH,0x6e90c85a495d54c6d7e1f3400fef1f6e59f86bd6,unknown,,rekt,ResupplyFi,2025-06-25,2026-09-29T17:13:22,https://rekt.news/resupplyfi-rekt
ETH,0x7BF716167B48CF527725722C6d79494b45B3BDCa,unknown,,rekt,Summer Finance,2025-07-06,2026-09-29T17:09:15,https://rekt.news/summer-finance-rekt
ETH,0x0514F827C129C16418a0933E03C99A6AF982FC61,unknown,,rekt,Summer Finance,2025-07-06,2026-09-29T17:09:15,https://rekt.news/summer-finance-rekt
ETH,0x46E09c4D4d20C0474598b4d2fFDd08bdf416eBa7,unknown,,rekt,Summer Finance,2025-07-06,2026-09-29T17:09:15,https://rekt.news/summer-finance-rekt
ETH,0x98C49e13bf99D7CAd8069faa2A370933EC9EcF17,unknown,,rekt,Summer Finance,2025-07-06,2026-09-29T17:09:15,https://rekt.news/summer-finance-rekt
ETH,0xE9cDA459bED6dcfb8AC61CD8cE08E2D52370cB06,unknown,,rekt,Summer Finance,2025-07-06,2026-09-29T17:09:15,https://rekt.news/summer-finance-rekt
ETH,0xF321683831Be16eeD74dfA58b02a37483cEC662e,unknown,,rekt,Credix,2025-08-04,2026-09-29T16:57:09,https://rekt.news/credix-rekt
ETH,0xea39a99090d7f8f7f8f9a88dd730c452dcd6dbba,unknown,,rekt,Credix,2025-08-04,2026-09-29T16:57:09,https://rekt.news/credix-rekt
ETH,0xc4662b3313333d18a3f49aee24972185114150b6,unknown,,rekt,Credix,2025-08-04,2026-09-29T16:57:09,https://rekt.news/credix-rekt
ETH,0x14C49c7C3992F3dD4bb001aAe5eaE52972eD7aC7,unknown,,rekt,Credix,2025-08-04,2026-09-29T16:57:09,https://rekt.news/credix-rekt
ETH,0x382ffce2287252f930e1c8dc9328dac5bf282ba1,unknown,,rekt,Coinbase,2025-08-13,2026-09-29T16:53:25,https://rekt.news/drained-by-design
ETH,0x17f79e70ae89c6e32a9244d3d57b7aa648246468,unknown,,rekt,Coinbase,2025-08-13,2026-09-29T16:53:25,https://rekt.news/drained-by-design
ETH,0xac13439d598cd1a60c14c965ed0fa7c46cb0d89d,unknown,,rekt,Coinbase,2025-08-13,2026-09-29T16:53:25,https://rekt.news/drained-by-design
ETH,0x48c9f537f3f1a2c95c46891332E05dA0D268869B,unknown,,rekt,BetterBank,2025-08-26,2026-09-29T16:47:59,https://rekt.news/betterbank-rekt
ETH,0x767C5a70CDa0D9469ccE3a56653E1d170D9849c3,unknown,,rekt,BetterBank,2025-08-26,2026-09-29T16:47:59,https://rekt.news/betterbank-rekt
ETH,0x792CDc4adcF6b33880865a200319ecbc496e98f8,unknown,,rekt,BetterBank,2025-08-26,2026-09-29T16:47:59,https://rekt.news/betterbank-rekt
ETH,0x18Dd9E3F039F319c854c389fC87b5295d3cb7f94,unknown,,rekt,BetterBank,2025-08-26,2026-09-29T16:47:59,https://rekt.news/betterbank-rekt
ETH,0x0C3d8fA7762Ca5225260039ab2d3990C035B458D,unknown,,rekt,Bunnie,2025-09-01,2026-09-29T16:46:07,https://rekt.news/bunni-rekt
ETH,0x657D8BcCDD9C6e1Da8DA1e7d331CFdeA8357AdBc,unknown,,rekt,Bunnie,2025-09-01,2026-09-29T16:46:07,https://rekt.news/bunni-rekt
ETH,0x6F559f75ba08d7f45a344E12ECBe8BC15A700DdA,unknown,,rekt,Bunnie,2025-09-01,2026-09-29T16:46:07,https://rekt.news/bunni-rekt
ETH,0xe04efd87f410e260cf940a3bcb8bc61f33464f2b,unknown,,rekt,Bunnie,2025-09-01,2026-09-29T16:46:07,https://rekt.news/bunni-rekt
ETH,0x18a0Aa63C07534f69aD626E6F72f20Cbe5969263,unknown,,rekt,Bunnie,2025-09-01,2026-09-29T16:46:07,https://rekt.news/bunni-rekt
ETH,0x999E025a2a0558c07DBf7F021b2C9852B367e80A,unknown,,rekt,Shibarium,2025-09-12,2026-09-29T16:44:07,https://rekt.news/shibarium-rekt
ETH,0x2EF43c1D0c88C071d242B6c2D0430e1751607B87,unknown,,rekt,UXLink,2025-09-22,2026-09-29T16:42:28,https://rekt.news/uxlink-rekt
ETH,0x6385eb73faE34bF90Ed4c3d4c8aFBC957FF4121C,unknown,,rekt,UXLink,2025-09-22,2026-09-29T16:42:28,https://rekt.news/uxlink-rekt
ETH,0xaC77B44A5F3acC54E3844A609fffd64F182ef931,unknown,,rekt,UXLink,2025-09-22,2026-09-29T16:42:28,https://rekt.news/uxlink-rekt
ETH,0xb819e6ae5a6668bb0ce02d64d130deca9ff83691,unknown,,rekt,UXLink,2025-09-22,2026-09-29T16:42:28,https://rekt.news/uxlink-rekt
ETH,0x64ab9377a2b3bbb61dd79f8997e7f8c1cc1a4de8,unknown,,rekt,UXLink,2025-09-22,2026-09-29T16:42:28,https://rekt.news/uxlink-rekt
ETH,0x7277c705b5b1963b602cb4e3ab8e188d925bed00,unknown,,rekt,UXLink,2025-09-22,2026-09-29T16:42:28,https://rekt.news/uxlink-rekt
ETH,0xf35dde49a1bbe7a8883a8f35d48fb33c20a69b39,unknown,,rekt,UXLink,2025-09-22,2026-09-29T16:42:28,https://rekt.news/uxlink-rekt
ETH,0x7e1f34418e2da204a8eabdb29eddf7c09a494a3f,unknown,,rekt,UXLink,2025-09-22,2026-09-29T16:42:28,https://rekt.news/uxlink-rekt
ETH,0x5210bfdf0cfe6471322d597d16cf440f5ac59309,unknown,,rekt,UXLink,2025-09-22,2026-09-29T16:42:28,https://rekt.news/uxlink-rekt
ETH,0xd7aa2bd9e9407f682a379bed346088b0849b6434,unknown,,rekt,UXLink,2025-09-22,2026-09-29T16:42:28,https://rekt.news/uxlink-rekt
ETH,0x714dda349ef43326791f923e8389a21d11378c67,unknown,,rekt,UXLink,2025-09-22,2026-09-29T16:42:28,https://rekt.news/uxlink-rekt
ETH,0xa3ce95ac672b62ed75afbe6f50285c28ef717a44,unknown,,rekt,UXLink,2025-09-22,2026-09-29T16:42:28,https://rekt.news/uxlink-rekt
ETH,0xaade027d63ea859a4993961a8a8cc5aae3f020f3,unknown,,rekt,UXLink,2025-09-22,2026-09-29T16:42:28,https://rekt.news/uxlink-rekt
ETH,0x1AaaDe3e9062d124B7DeB0eD6DDC7055EFA7354d,unknown,,rekt,Abracadabra,2025-10-04,2026-09-29T16:38:06,https://rekt.news/abracadabra-rekt3
ETH,0x46f54d434063e5F1a2b2CC6d9AAa657b1B9ff82c,unknown,,rekt,Abracadabra,2025-10-04,2026-09-29T16:38:06,https://rekt.news/abracadabra-rekt3
ETH,0x289424aDD4A1A503870EB475FD8bF1D586b134ED,unknown,,rekt,Abracadabra,2025-10-04,2026-09-29T16:38:06,https://rekt.news/abracadabra-rekt3
ETH,0xce450a23378859fB5157F4C4cCCAf48faA30865B,unknown,,rekt,Abracadabra,2025-10-04,2026-09-29T16:38:06,https://rekt.news/abracadabra-rekt3
ETH,0x40d95C4b34127CF43438a963e7C066156C5b87a3,unknown,,rekt,Abracadabra,2025-10-04,2026-09-29T16:38:06,https://rekt.news/abracadabra-rekt3
ETH,0x6bcd99D6009ac1666b58CB68fB4A50385945CDA2,unknown,,rekt,Abracadabra,2025-10-04,2026-09-29T16:38:06,https://rekt.news/abracadabra-rekt3
ETH,0xC6D3b82f9774Db8F92095b5e4352a8bB8B0dC20d,unknown,,rekt,Abracadabra,2025-10-04,2026-09-29T16:38:06,https://rekt.news/abracadabra-rekt3
ETH,0x1FF8Ea9b29aa10713774b60134D53529301Ca9C5,unknown,,rekt,Abracadabra,2025-10-04,2026-09-29T16:38:06,https://rekt.news/abracadabra-rekt3
ETH,0xB8e0A4758Df2954063Ca4ba3d094f2d6EdA9B993,unknown,,rekt,Abracadabra,2025-10-04,2026-09-29T16:38:06,https://rekt.news/abracadabra-rekt3
ETH,0xd96f48665a1410c0cd669a88898eca36b9fc2cce,unknown,,rekt,Abracadabra,2025-10-04,2026-09-29T16:38:06,https://rekt.news/abracadabra-rekt3
ETH,0xa80D3F2022F6Bfd0B260bF16D72CaD025440C822,unknown,,rekt,Yearn,2025-11-30,2026-09-29T16:25:31,https://rekt.news/yearn-rekt3
ETH,0xFb63aa935Cf0a003335dCE9Cca03c4F9c0fa4779,unknown,,rekt,Yearn,2025-11-30,2026-09-29T16:25:31,https://rekt.news/yearn-rekt3
ETH,0xB8e0A4758Df2954063Ca4ba3d094f2d6EdA9B993,unknown,,rekt,Yearn,2025-11-30,2026-09-29T16:25:31,https://rekt.news/yearn-rekt3
ETH,0xbb2789b418fA18f9526bA79fa7038d4e6d753f73,unknown,,rekt,Yearn,2025-11-30,2026-09-29T16:25:31,https://rekt.news/yearn-rekt3
ETH,0x69accb968b19a53790f43e57558f5e443a91af22,unknown,,rekt,Yearn,2025-11-30,2026-09-29T16:25:31,https://rekt.news/yearn-rekt3
ETH,0x3e8e7533dcf69c698Cf806C3DB22f7f10B9B0b97,unknown,,rekt,Yearn,2025-11-30,2026-09-29T16:25:31,https://rekt.news/yearn-rekt3
ETH,0x7C97313f349608f59A07C23b18Ce523A33219d83,unknown,,rekt,USPD,2025-12-04,2026-09-29T16:23:40,https://rekt.news/uspd-rekt
ETH,0x083379BDAC3E138cb0C7210e0282fbC466A3215A,unknown,,rekt,USPD,2025-12-04,2026-09-29T16:23:40,https://rekt.news/uspd-rekt
ETH,0x764C64b2A09b09Acb100B80d8c505Aa6a0302EF2,unknown,,rekt,Truebit,2026-01-08,2026-09-29T16:14:22,https://rekt.news/truebit-rekt
ETH,0x6c8ec8f14be7c01672d31cfa5f2cefeab2562b50,unknown,,rekt,Truebit,2026-01-08,2026-09-29T16:14:22,https://rekt.news/truebit-rekt
ETH,0x1de399967b206e446b4e9aeeb3cb0a0991bf11b8,unknown,,rekt,Truebit,2026-01-08,2026-09-29T16:14:22,https://rekt.news/truebit-rekt
ETH,0x273589ca3713e7becf42069f9fb3f0c164ce850a,unknown,,rekt,Truebit,2026-01-08,2026-09-29T16:14:22,https://rekt.news/truebit-rekt
ETH,0x3b58192943ee6f9ae92d54dd1ef378cfd519862a,unknown,,rekt,Truebit,2026-01-08,2026-09-29T16:14:22,https://rekt.news/truebit-rekt
ETH,0x62afdd1bd84f6b152572404be90679ae58eb4862,unknown,,rekt,Truebit,2026-01-08,2026-09-29T16:14:22,https://rekt.news/truebit-rekt
ETH,0xD12f6E0fa7FBF4e3A1c7996E3F0Dd26AB9031a60,unknown,,rekt,Truebit,2026-01-08,2026-09-29T16:14:22,https://rekt.news/truebit-rekt
ETH,0xD841C52B68c5dB133078ABa039bd9EAF19b0b135,unknown,,rekt,Truebit,2026-01-08,2026-09-29T16:14:22,https://rekt.news/truebit-rekt
ETH,0xc0454E545a7A715c6D3627f77bEd376a05182FBc,unknown,,rekt,Truebit,2026-01-08,2026-09-29T16:14:22,https://rekt.news/truebit-rekt
ETH,0x2F934B0Fd5c4f99BAb37d47604a3a1AEADEF1CCc,unknown,,rekt,Makina,2026-01-20,2026-09-29T16:10:58,https://rekt.news/makina-rekt
ETH,0x935bfb495E33f74d2E9735DF1DA66acE442ede48,unknown,,rekt,Makina,2026-01-20,2026-09-29T16:10:58,https://rekt.news/makina-rekt
ETH,0xbed26250Db2097318386F540fD546acEDf7bdE25,unknown,,rekt,Makina,2026-01-20,2026-09-29T16:10:58,https://rekt.news/makina-rekt
ETH,0x573Db3Aed219EfD4D2cDABC0D00366E7B80F910E,unknown,,rekt,Makina,2026-01-20,2026-09-29T16:10:58,https://rekt.news/makina-rekt
ETH,0x454d03b2a1D52F5F7AabA8E352225335a1b724E8,unknown,,rekt,Makina,2026-01-20,2026-09-29T16:10:58,https://rekt.news/makina-rekt
ETH,0x32E616F4f17d43f9A5cd9Be0e294727187064cb3,unknown,,rekt,Makina,2026-01-20,2026-09-29T16:10:58,https://rekt.news/makina-rekt
ETH,0x06147e073B854521c7B778280E7d7dBAfB2D4898,unknown,,rekt,Makina,2026-01-20,2026-09-29T16:10:58,https://rekt.news/makina-rekt
ETH,0xa6c248384C5DDd934B83D0926D2E2A1dDF008387,unknown,,rekt,Makina,2026-01-20,2026-09-29T16:10:58,https://rekt.news/makina-rekt
ETH,0x3b6fc5cc2feefc357212617930aedac9493288af,unknown,,rekt,Makina,2026-01-20,2026-09-29T16:10:58,https://rekt.news/makina-rekt
ETH,0x62244C74e1d09b3D86EF7342d354b5D7770bDE10,unknown,,rekt,Makina,2026-01-20,2026-09-29T16:10:58,https://rekt.news/makina-rekt
ETH,0x7D69E4376535cf8c1E367418919209f70358581E,unknown,,rekt,Saga,2026-01-21,2026-09-29T16:10:26,https://rekt.news/saga-rekt
ETH,0x2044697623afa31459642708c83f04ecef8c6ecb,unknown,,rekt,Saga,2026-01-21,2026-09-29T16:10:26,https://rekt.news/saga-rekt
ETH,0xf891de97fa96839329381743f0d6180fcefe3f64,unknown,,rekt,Saga,2026-01-21,2026-09-29T16:10:26,https://rekt.news/saga-rekt
SOL,LEP1uHXcWbFEPwQgkeFzdhW2ykgZY6e9Dz8Yro6SdNu,unknown,,rekt,Step Finance,2026-01-31,2026-09-29T16:05:13,https://rekt.news/step-finance-rekt
SOL,7raxiejD8hDUH1wyYWFDPrEuHiLUjJ4RiZi2z1u2udNh,unknown,,rekt,Step Finance,2026-01-31,2026-09-29T16:05:13,https://rekt.news/step-finance-rekt
ETH,0xE69f6d77DB6Ff493FDD15D8A0B390c36E18E5b21,unknown,,rekt,Yieldblox,2026-02-22,2026-09-29T16:00:49,https://rekt.news/yieldblox-rekt
ETH,0x2D1CE29b4aF15fb6E76Ba9995BbE1421E8546482,unknown,,rekt,Yieldblox,2026-02-22,2026-09-29T16:00:49,https://rekt.news/yieldblox-rekt
ETH,0x0b2B16E1a9E2e9b15027AE46Fa5eC547f5ef3eC6,unknown,,rekt,Yieldblox,2026-02-22,2026-09-29T16:00:49,https://rekt.news/yieldblox-rekt
ETH,0xFC51b5cD07E73020bE902A5b00902f329b083eaB,unknown,,rekt,Yieldblox,2026-02-22,2026-09-29T16:00:49,https://rekt.news/yieldblox-rekt
ETH,0xd7e42d9502fbd66d90750e544e05c2b3ca7cbd22,unknown,,rekt,Yieldblox,2026-02-22,2026-09-29T16:00:49,https://rekt.news/yieldblox-rekt
ETH,0x456c2F5F3536b1D9238F4654D5242B0dF8f978AF,unknown,,rekt,Yieldblox,2026-02-22,2026-09-29T16:00:49,https://rekt.news/yieldblox-rekt
ETH,0x014e6F6ba7a9f4C9a51a0Aa3189B5c0a21006869,unknown,,rekt,Solv,2026-03-05,2026-09-29T15:57:41,https://rekt.news/solv-rekt
ETH,0x1E6101728fD9920465dfA1562c5e371850103da2,unknown,,rekt,Solv,2026-03-05,2026-09-29T15:57:41,https://rekt.news/solv-rekt
ETH,0xa407fe273db74184898cb56d2cb685615e1c0d6e,unknown,,rekt,Solv,2026-03-05,2026-09-29T15:57:41,https://rekt.news/solv-rekt
ETH,0x9f7a6b16d0d9824197651f33506e3a2bb2f6f432,unknown,,rekt,Solv,2026-03-05,2026-09-29T15:57:41,https://rekt.news/solv-rekt
ETH,0xd17ddd34c414f666fc51e9fe04d32cf60eda78fe,unknown,,rekt,Solv,2026-03-05,2026-09-29T15:57:41,https://rekt.news/solv-rekt
ETH,0x15CAd41e6BdCaDc7121ce65080489C92CF6de398,unknown,,rekt,Resolv Labs,2026-03-22,2026-09-29T15:50:47,https://rekt.news/resolv-labs-rekt
ETH,0x04A288a7789DD6Ade935361a4fB1Ec5db513caEd,unknown,,rekt,Resolv Labs,2026-03-22,2026-09-29T15:50:47,https://rekt.news/resolv-labs-rekt
ETH,0xb945ec1be1f42777f3aa7d683562800b4cdd3890,unknown,,rekt,Resolv Labs,2026-03-22,2026-09-29T15:50:47,https://rekt.news/resolv-labs-rekt
ETH,0x9feeeaec113e6d2dcd5ac997d5358eee41836e5f,unknown,,rekt,Resolv Labs,2026-03-22,2026-09-29T15:50:47,https://rekt.news/resolv-labs-rekt
ETH,0x8ED8cF0C1c531C1b20848E78f1CB32fa5B99b81C,unknown,,rekt,Resolv Labs,2026-03-22,2026-09-29T15:50:47,https://rekt.news/resolv-labs-rekt
ETH,0x6952d9246e9aFE8B887B2877225163436F78E97F,unknown,,rekt,Aztec Connect,2026-06-17,2026-09-29T15:33:55,https://rekt.news/aztec-bridge-rekt
ETH,0x737901bea3eeb88459df9ef1BE8fF3Ae1B42A2ba,unknown,,rekt,Aztec Connect,2026-06-17,2026-09-29T15:33:55,https://rekt.news/aztec-bridge-rekt
ETH,0x15930a0fef3421f48c6553b5691682cc1b22edb3,unknown,,rekt,Aztec Connect,2026-06-17,2026-09-29T15:33:55,https://rekt.news/aztec-bridge-rekt
ETH,0x33d6a0d9bc210e823e043d604179cd844eb467df,unknown,,rekt,Aztec Connect,2026-06-17,2026-09-29T15:33:55,https://rekt.news/aztec-bridge-rekt
ETH,0xb6f89d12Ff9A9e394f40B701Ac46428DE0d1bEa5,unknown,,rekt,Aztec Connect,2026-06-17,2026-09-29T15:33:55,https://rekt.news/aztec-bridge-rekt
Ethereum,0x09d6e34ce24d54890ff0bc6a090b5f880f8c729f,unknown,PROCESSOR_ROLE,defihacklabs,Saturn Protocol,2026-04-14,2026-09-29T15:14:28,https://github.com/SunWeb3Sec/DeFiHackLabs/blob/main/src/test/2026-04/SaturnProtocol_exp.sol
Ethereum,0xD166337499E176bbC38a1FBd113Ab144e5bd2Df7,unknown,sUSDat Proxy,defihacklabs,Saturn Protocol,2026-04-14,2026-09-29T15:14:28,https://github.com/SunWeb3Sec/DeFiHackLabs/blob/main/src/test/2026-04/SaturnProtocol_exp.sol
Ethereum,0x2005e0ca201a37694125ff267ae57872bea0a0ce,unknown,sUSDat Impl,defihacklabs,Saturn Protocol,2026-04-14,2026-09-29T15:14:28,https://github.com/SunWeb3Sec/DeFiHackLabs/blob/main/src/test/2026-04/SaturnProtocol_exp.sol
Ethereum,0xB6807116b3B1B321a390594e31ECD6e0076f6278,unknown,SwapFacility,defihacklabs,Saturn Protocol,2026-04-14,2026-09-29T15:14:28,https://github.com/SunWeb3Sec/DeFiHackLabs/blob/main/src/test/2026-04/SaturnProtocol_exp.sol
Ethereum,0x23238f20b894f29041f48D88eE91131C395Aaa71,unknown,USDat,defihacklabs,Saturn Protocol,2026-04-14,2026-09-29T15:14:28,https://github.com/SunWeb3Sec/DeFiHackLabs/blob/main/src/test/2026-04/SaturnProtocol_exp.sol
Ethereum,0x4Bc9FEC04F0F95e9b42a3EF18F3C96fB57923D2e,unknown,WithdrawQueue,defihacklabs,Saturn Protocol,2026-04-14,2026-09-29T15:14:28,https://github.com/SunWeb3Sec/DeFiHackLabs/blob/main/src/test/2026-04/SaturnProtocol_exp.sol
ETH,0x09d6e34ce24d54890ff0bc6a090b5f880f8c729f,unknown,,defihacklabs,Saturn Protocol,2026-04-14,2026-09-29T15:14:28,https://github.com/SunWeb3Sec/DeFiHackLabs/blob/main/src/test/2026-04/SaturnProtocol_exp.sol
ETH,0xD166337499E176bbC38a1FBd113Ab144e5bd2Df7,unknown,,defihacklabs,Saturn Protocol,2026-04-14,2026-09-29T15:14:28,https://github.com/SunWeb3Sec/DeFiHackLabs/blob/main/src/test/2026-04/SaturnProtocol_exp.sol
ETH,0x2005e0ca201a37694125ff267ae57872bea0a0ce,unknown,,defihacklabs,Saturn Protocol,2026-04-14,2026-09-29T15:14:28,https://github.com/SunWeb3Sec/DeFiHackLabs/blob/main/src/test/2026-04/SaturnProtocol_exp.sol
ETH,0xB6807116b3B1B321a390594e31ECD6e0076f6278,unknown,,defihacklabs,Saturn Protocol,2026-04-14,2026-09-29T15:14:28,https://github.com/SunWeb3Sec/DeFiHackLabs/blob/main/src/test/2026-04/SaturnProtocol_exp.sol
ETH,0x23238f20b894f29041f48D88eE91131C395Aaa71,unknown,,defihacklabs,Saturn Protocol,2026-04-14,2026-09-29T15:14:28,https://github.com/SunWeb3Sec/DeFiHackLabs/blob/main/src/test/2026-04/SaturnProtocol_exp.sol
ETH,0x4Bc9FEC04F0F95e9b42a3EF18F3C96fB57923D2e,unknown,,defihacklabs,Saturn Protocol,2026-04-14,2026-09-29T15:14:28,https://github.com/SunWeb3Sec/DeFiHackLabs/blob/main/src/test/2026-04/SaturnProtocol_exp.sol
ETH,0xbb5fa936469cadb8907f3aef80f5b53f55bc11f6,unknown,,rekt,Rhea Finance,2026-04-16,2026-09-29T15:13:22,https://rekt.news/rhea-finance-rekt
ETH,0x0FF50710e37C0Fb6AA9B4EeeCcAa1437562Af1ca,unknown,,rekt,Volo,2026-04-21,2026-09-29T15:09:47,https://rekt.news/volo-rekt
SOL,7pTrudZb57z2acJFvC2CnBCuaU6RA1UpU9auDZQEESit,unknown,,rekt,Volo,2026-04-21,2026-09-29T15:09:47,https://rekt.news/volo-rekt
SOL,AQw9wMFfxSpDoF6YAfDhPLvKbdGSkxbGkc1DnZb43RUS,unknown,,rekt,Volo,2026-04-21,2026-09-29T15:09:47,https://rekt.news/volo-rekt
ETH,0x5c629f8c0b5368f523c85bfe79d2a8efb64fb0c8,unknown,,rekt,Private Key Leak,2026-04-30,2026-09-29T15:04:47,https://rekt.news/wasabi-protocol-rekt
ETH,0x02228b0afcdbEdf8180D96Fc181Da3AF5DD1d1ab,unknown,,rekt,Private Key Leak,2026-04-30,2026-09-29T15:04:47,https://rekt.news/wasabi-protocol-rekt
ETH,0x878E94142409DAFCC5CC83D5cD2e9DA2Bf0BF3bF,unknown,,rekt,Private Key Leak,2026-04-30,2026-09-29T15:04:47,https://rekt.news/wasabi-protocol-rekt
ETH,0xb8Bb8aDDd6b283be57b4635Bf913B34824ca70dB,unknown,,rekt,Private Key Leak,2026-04-30,2026-09-29T15:04:47,https://rekt.news/wasabi-protocol-rekt
ETH,0x6244117E1B30101F2De25442211F6A92833Cf906,unknown,,rekt,Private Key Leak,2026-04-30,2026-09-29T15:04:47,https://rekt.news/wasabi-protocol-rekt
ETH,0x6ee7CF87647ea512Efb7516c2912f2ea65e6C305,unknown,,rekt,Private Key Leak,2026-04-30,2026-09-29T15:04:47,https://rekt.news/wasabi-protocol-rekt
ETH,0x663e3250548A950b7c73AD4e6ae912d48cc4257F,unknown,,rekt,Private Key Leak,2026-04-30,2026-09-29T15:04:47,https://rekt.news/wasabi-protocol-rekt
ETH,0x3015789366465d4C18654914E2133180b4bF2D7b,unknown,,rekt,Private Key Leak,2026-04-30,2026-09-29T15:04:47,https://rekt.news/wasabi-protocol-rekt
ETH,0x8bF50116AAA2876E1242591B1EdC5643CC281208,unknown,,rekt,Private Key Leak,2026-04-30,2026-09-29T15:04:47,https://rekt.news/wasabi-protocol-rekt
ETH,0x1A5B4A0bd3f572328AC7a8d7a3A96955F7ed2d95,unknown,,rekt,Private Key Leak,2026-04-30,2026-09-29T15:04:47,https://rekt.news/wasabi-protocol-rekt
ETH,0x64239C20EA8e1b45F08c801CC66aE69AE94D51D9,unknown,,rekt,Private Key Leak,2026-04-30,2026-09-29T15:04:47,https://rekt.news/wasabi-protocol-rekt
ETH,0x621a7fD3010080db25bC951AD9E3B314e6Ed0fbc,unknown,,rekt,Private Key Leak,2026-04-30,2026-09-29T15:04:47,https://rekt.news/wasabi-protocol-rekt
ETH,0x62ee357dd9170d85da8396765534f1bb01e13d86,unknown,,rekt,Private Key Leak,2026-04-30,2026-09-29T15:04:47,https://rekt.news/wasabi-protocol-rekt
ETH,0xc84F0FA1c2bE91DF6800cc37a70d89e5694f6dd4,unknown,,rekt,Private Key Leak,2026-04-30,2026-09-29T15:04:47,https://rekt.news/wasabi-protocol-rekt
ETH,0xFe4fD63467683D71c1B05FEC4F94c3b0599290E9,unknown,,rekt,Private Key Leak,2026-04-30,2026-09-29T15:04:47,https://rekt.news/wasabi-protocol-rekt
ETH,0xd48180d4697ce4b45a8056b0f3d716d10018ed03,unknown,,rekt,Private Key Leak,2026-04-30,2026-09-29T15:04:47,https://rekt.news/wasabi-protocol-rekt
ETH,0x65Cb8b128Bf6e690761044CCECA422bb239C25F9,unknown,,slowmist,Verus-Ethereum Bridge,2026-05-18,2026-09-29T14:56:54,https://x.com/MetaEraHK/status/2056192367716380711
ETH,0x7B582033061b96cC3F9421e73a749ED7C62da1F9,unknown,,rekt,Gravity Bridge,2026-05-29,2026-09-29T14:49:19,https://rekt.news/gravity-bridge-rekt
ETH,0x4d3ca32e687e871a58b78AcAc73bE59AC37C7A47,unknown,,rekt,Gravity Bridge,2026-05-29,2026-09-29T14:49:19,https://rekt.news/gravity-bridge-rekt
ETH,0xa4108aa1ec4967f8b52220a4f7e94a8201f2d906,unknown,,rekt,Gravity Bridge,2026-05-29,2026-09-29T14:49:19,https://rekt.news/gravity-bridge-rekt
ETH,0x91B52e07132a49DAD1B7a3939a51547f79468Ec7,unknown,,rekt,Gravity Bridge,2026-05-29,2026-09-29T14:49:19,https://rekt.news/gravity-bridge-rekt
ETH,0x73E95aE5f3b87e02D4547AFE86d0d466e9450d6B,unknown,,rekt,Gravity Bridge,2026-05-29,2026-09-29T14:49:19,https://rekt.news/gravity-bridge-rekt
ETH,0xA0b86991c6218b36c1d19D4a2e9Eb0cE3606eB48,unknown,,rekt,Gravity Bridge,2026-05-29,2026-09-29T14:49:19,https://rekt.news/gravity-bridge-rekt
ETH,0xc8c71ae4261e55a66d9967f2ac252be4e669f562,unknown,,rekt,Gravity Bridge,2026-05-29,2026-09-29T14:49:19,https://rekt.news/gravity-bridge-rekt
ETH,0xDaf38ad7f8F7431978d6bFffa78A23e4c5f010c6,unknown,,rekt,Gravity Bridge,2026-05-29,2026-09-29T14:49:19,https://rekt.news/gravity-bridge-rekt
ETH,0x9e995952eF7665B243eeEF0693acD7FEd7150504,unknown,,rekt,Humanity Protocol,2026-06-08,2026-09-29T14:42:34,https://rekt.news/humanity-protocol-rekt
ETH,0xf3599f3C7dD37FF42B043A2945E90E98B4Fc9734,unknown,,rekt,Humanity Protocol,2026-06-08,2026-09-29T14:42:34,https://rekt.news/humanity-protocol-rekt
ETH,0x365e14eDFC2D4F582c814C40162f3846aCbce672,unknown,,rekt,Humanity Protocol,2026-06-08,2026-09-29T14:42:34,https://rekt.news/humanity-protocol-rekt
ETH,0x91844A3C6BDA5B1c1f663e2280F99896efe06F42,unknown,,rekt,Humanity Protocol,2026-06-08,2026-09-29T14:42:34,https://rekt.news/humanity-protocol-rekt
ETH,0x686d1d7B04e453dcdA68e6C003271ce20E01BE37,unknown,,rekt,Humanity Protocol,2026-06-08,2026-09-29T14:42:34,https://rekt.news/humanity-protocol-rekt
ETH,0xD1ea823D421E0c829ee11F772AF487fd352678EA,unknown,,rekt,Humanity Protocol,2026-06-08,2026-09-29T14:42:34,https://rekt.news/humanity-protocol-rekt
ETH,0x6E6a9fCC3A26aB1F85BF87fb8c544Af42699ce5b,unknown,,rekt,Humanity Protocol,2026-06-08,2026-09-29T14:42:34,https://rekt.news/humanity-protocol-rekt
ETH,0x0E0e9fE6B97c9d4EaF040A7365c78F431064D1E0,unknown,,rekt,Humanity Protocol,2026-06-08,2026-09-29T14:42:34,https://rekt.news/humanity-protocol-rekt
ETH,0x3dB75DF4104255528674f798DeC42Ff3977740bd,unknown,,rekt,Humanity Protocol,2026-06-08,2026-09-29T14:42:34,https://rekt.news/humanity-protocol-rekt
ETH,0xbaAb7211438F33bE0344d57978C7571f2d797ab2,unknown,,rekt,Humanity Protocol,2026-06-08,2026-09-29T14:42:34,https://rekt.news/humanity-protocol-rekt
ETH,0x943839Ff3D418C1435d4458e533FD90696D65238,unknown,,rekt,Humanity Protocol,2026-06-08,2026-09-29T14:42:34,https://rekt.news/humanity-protocol-rekt
ETH,0xE76c5b78f93909d34404E9eb4C1f19e7582a5dE1,unknown,,rekt,Humanity Protocol,2026-06-08,2026-09-29T14:42:34,https://rekt.news/humanity-protocol-rekt
ETH,0x0F18D8b44a740272f0be4d08338d2b165b7EdD17,unknown,,rekt,Aztec Connect,2026-06-14,2026-09-29T14:38:39,https://rekt.news/aztec-connect-rekt
ETH,0xFF1F2B4ADb9dF6FC8eAFecDcbF96A2B351680455,unknown,,rekt,Aztec Connect,2026-06-14,2026-09-29T14:38:39,https://rekt.news/aztec-connect-rekt
ETH,0x7d657Ddcf7e2A5fD118dC8A6dDc3dC308AdC2728,unknown,,rekt,Aztec Connect,2026-06-14,2026-09-29T14:38:39,https://rekt.news/aztec-connect-rekt
ETH,0x06f585F74e0DA633Ae813A0f23Fb9900B61d0fcD,unknown,,rekt,Aztec Connect,2026-06-14,2026-09-29T14:38:39,https://rekt.news/aztec-connect-rekt
ETH,0xE810F602aa8B45Cc565f93E2141e740F0a640BCE,unknown,,rekt,Aztec Connect,2026-06-14,2026-09-29T14:38:39,https://rekt.news/aztec-connect-rekt
ETH,0xd10916A49e09321C983f0dFD8a546aE83Fb0E0f8,unknown,,rekt,Aztec Connect,2026-06-14,2026-09-29T14:38:39,https://rekt.news/aztec-connect-rekt
ETH,0x276E972ffD99bD8dF705dB3F735a95F655CcF6eC,unknown,,rekt,Aztec Connect,2026-06-14,2026-09-29T14:38:39,https://rekt.news/aztec-connect-rekt
ETH,0x7ec9F769d932D3f716949E7ca3E079b7817d06DB,unknown,,rekt,Aztec Connect,2026-06-14,2026-09-29T14:38:39,https://rekt.news/aztec-connect-rekt
ETH,0xC431a54943821339642f1073BBa884170Ba8C1f5,unknown,,rekt,Aztec Connect,2026-06-14,2026-09-29T14:38:39,https://rekt.news/aztec-connect-rekt
ETH,0x0af71cd94A0305289ab2b337a1Da5D8e6CEf9912,unknown,,rekt,Aztec Connect,2026-06-14,2026-09-29T14:38:39,https://rekt.news/aztec-connect-rekt
Ethereum,0x737901bea3eeb88459df9ef1BE8fF3Ae1B42A2ba,victim,Vulnerable Contract,defihacklabs,Aztec Escape Hatch,2026-06-22,2026-09-29T14:31:56,https://github.com/SunWeb3Sec/DeFiHackLabs/blob/main/src/test/2026-06/AztecEscapeHatch_exp2.sol
ETH,0x737901bea3eeb88459df9ef1BE8fF3Ae1B42A2ba,unknown,,defihacklabs,Aztec Escape Hatch,2026-06-22,2026-09-29T14:31:56,https://github.com/SunWeb3Sec/DeFiHackLabs/blob/main/src/test/2026-06/AztecEscapeHatch_exp2.sol
ETH,0x9a4966152f6e10b33cb7a37975e8619816d6a494,unknown,,rekt,Bonzo Finance,2026-07-11,2026-09-29T14:24:15,https://rekt.news/bonzo-finance-rekt
ETH,0xaf20D792A19fD42dCf697ceBa6100291D96dD93e,unknown,,rekt,Bonzo Finance,2026-07-11,2026-09-29T14:24:15,https://rekt.news/bonzo-finance-rekt
ETH,0x913BDd807608DEA920C689a7c3222E94e07551cC,unknown,,rekt,Bonzo Finance,2026-07-11,2026-09-29T14:24:15,https://rekt.news/bonzo-finance-rekt
ETH,0x54e03a1682fd0bb065b669f6296f97028dcfd4ce,unknown,,rekt,VerusCoin,2026-07-22,2026-09-29T14:17:37,https://rekt.news/veruscoin-rekt
ETH,0x71518580f36feceffe0721f06ba4703218cd7f63,unknown,,rekt,VerusCoin,2026-07-22,2026-09-29T14:17:37,https://rekt.news/veruscoin-rekt
ETH,0xbda71b58cec0b1c20a8f87ccd52fa0679747855c,unknown,,rekt,VerusCoin,2026-07-22,2026-09-29T14:17:37,https://rekt.news/veruscoin-rekt
ETH,0xcfd0a20703cd11e0b9f665e1c3f1ef989c142d54,unknown,,rekt,VerusCoin,2026-07-22,2026-09-29T14:17:37,https://rekt.news/veruscoin-rekt
ETH,0x7c687f775a3b73bbab0e15832f24caab5d53bdde,unknown,,slowmist,Arrakis V1,2026-08-23,2026-09-29T14:01:35,https://x.com/exvulsec/status/2091521539585999337
Ethereum,0xDaCC235a494750193695A111D715c2ca12b5Ce38,attacker,Attacker EOA,defihacklabs,NotionalFinance,2026-09-03,2026-09-29T13:55:42,https://github.com/SunWeb3Sec/DeFiHackLabs/blob/main/src/test/2026-09/NotionalFinance_exp.sol
Ethereum,0x8aaf01B6F9AcC973274B8718BE4D1C1be10E3be6,unknown,(helpers 0x8aaf01B6F9AcC973274B8718BE4D1C1be10E3be6 and,defihacklabs,NotionalFinance,2026-09-03,2026-09-29T13:55:42,https://github.com/SunWeb3Sec/DeFiHackLabs/blob/main/src/test/2026-09/NotionalFinance_exp.sol
Ethereum,0xC95496c917A41a394EfdAC3e0882F5903D24De69,unknown,0xC95496c917A41a394EfdAC3e0882F5903D24De69 funded gas in the,defihacklabs,NotionalFinance,2026-09-03,2026-09-29T13:55:42,https://github.com/SunWeb3Sec/DeFiHackLabs/blob/main/src/test/2026-09/NotionalFinance_exp.sol
Ethereum,0xe1589a19fe742f0d553889214abade69551fe944,unknown,TX1 0xe1589a19fe742f0d553889214abade69551fe944acffac014c28cc,defihacklabs,NotionalFinance,2026-09-03,2026-09-29T13:55:42,https://github.com/SunWeb3Sec/DeFiHackLabs/blob/main/src/test/2026-09/NotionalFinance_exp.sol
Ethereum,0xc3f3e318f7ab2d0daaba59e6ec901d25d1fe8a89,unknown,TX2 0xc3f3e318f7ab2d0daaba59e6ec901d25d1fe8a89aafe2b2b62e3b9,defihacklabs,NotionalFinance,2026-09-03,2026-09-29T13:55:42,https://github.com/SunWeb3Sec/DeFiHackLabs/blob/main/src/test/2026-09/NotionalFinance_exp.sol
ETH,0xDaCC235a494750193695A111D715c2ca12b5Ce38,unknown,,defihacklabs,NotionalFinance,2026-09-03,2026-09-29T13:55:42,https://github.com/SunWeb3Sec/DeFiHackLabs/blob/main/src/test/2026-09/NotionalFinance_exp.sol
ETH,0x8aaf01B6F9AcC973274B8718BE4D1C1be10E3be6,unknown,,defihacklabs,NotionalFinance,2026-09-03,2026-09-29T13:55:42,https://github.com/SunWeb3Sec/DeFiHackLabs/blob/main/src/test/2026-09/NotionalFinance_exp.sol
ETH,0xC95496c917A41a394EfdAC3e0882F5903D24De69,unknown,,defihacklabs,NotionalFinance,2026-09-03,2026-09-29T13:55:42,https://github.com/SunWeb3Sec/DeFiHackLabs/blob/main/src/test/2026-09/NotionalFinance_exp.sol
Ethereum,0xcd6159860783d8d481cc4bf4dceddc88acdca6bb,unknown,0xcd6159860783d8d481cc4bf4dceddc88acdca6bb08f6445525b2904cfd,defihacklabs,SecuredFi,2026-09-05,2026-09-29T13:54:09,https://github.com/SunWeb3Sec/DeFiHackLabs/blob/main/src/test/2026-09/SecuredFi_exp.sol
Ethereum,0xb74749b2213916b1da3b869e41c7c57f1db69393,victim,TokenVault (victim pool),defihacklabs,SecuredFi,2026-09-05,2026-09-29T13:54:09,https://github.com/SunWeb3Sec/DeFiHackLabs/blob/main/src/test/2026-09/SecuredFi_exp.sol
Ethereum,0x35e9D8e0223A75E51a67aa731127C91Ea0779Fe2,unknown,LendingMarketController,defihacklabs,SecuredFi,2026-09-05,2026-09-29T13:54:09,https://github.com/SunWeb3Sec/DeFiHackLabs/blob/main/src/test/2026-09/SecuredFi_exp.sol
Ethereum,0x2260FAC5E5542a773Aa44fBCfeDf7C193bc2C599,unknown,WBTC,defihacklabs,SecuredFi,2026-09-05,2026-09-29T13:54:09,https://github.com/SunWeb3Sec/DeFiHackLabs/blob/main/src/test/2026-09/SecuredFi_exp.sol
Ethereum,0xBA12222222228d8Ba445958a75a0704d566BF2C8,unknown,Balancer V2 Vault,defihacklabs,SecuredFi,2026-09-05,2026-09-29T13:54:09,https://github.com/SunWeb3Sec/DeFiHackLabs/blob/main/src/test/2026-09/SecuredFi_exp.sol
ETH,0xb74749b2213916b1da3b869e41c7c57f1db69393,unknown,,defihacklabs,SecuredFi,2026-09-05,2026-09-29T13:54:09,https://github.com/SunWeb3Sec/DeFiHackLabs/blob/main/src/test/2026-09/SecuredFi_exp.sol
ETH,0x35e9D8e0223A75E51a67aa731127C91Ea0779Fe2,unknown,,defihacklabs,SecuredFi,2026-09-05,2026-09-29T13:54:09,https://github.com/SunWeb3Sec/DeFiHackLabs/blob/main/src/test/2026-09/SecuredFi_exp.sol
ETH,0x2260FAC5E5542a773Aa44fBCfeDf7C193bc2C599,unknown,,defihacklabs,SecuredFi,2026-09-05,2026-09-29T13:54:09,https://github.com/SunWeb3Sec/DeFiHackLabs/blob/main/src/test/2026-09/SecuredFi_exp.sol
ETH,0xBA12222222228d8Ba445958a75a0704d566BF2C8,unknown,,defihacklabs,SecuredFi,2026-09-05,2026-09-29T13:54:09,https://github.com/SunWeb3Sec/DeFiHackLabs/blob/main/src/test/2026-09/SecuredFi_exp.sol
ETH,0x5cF6bf4197c13b9C0Ae4AECC6Eb10Ef61bC6bEB0,attacker,Attacker,defihacklabs,DAOstack,2026-09-26,2026-09-29T13:48:07,https://github.com/SunWeb3Sec/DeFiHackLabs/blob/main/src/test/2026-09/DAOstack_exp.sol
ETH,0xD5bEe5D9Ae589094c51e533f35656963fdA87305,unknown,"UController (shared DAOstack controller, owns the Reputation",defihacklabs,DAOstack,2026-09-26,2026-09-29T13:48:07,https://github.com/SunWeb3Sec/DeFiHackLabs/blob/main/src/test/2026-09/DAOstack_exp.sol
ETH,0x7b11dFb29504abc8C0DFa60DC7E0Aa2AAe836DB0,victim,Genesis Alpha DAO Avatar / treasury (victim),defihacklabs,DAOstack,2026-09-26,2026-09-29T13:48:07,https://github.com/SunWeb3Sec/DeFiHackLabs/blob/main/src/test/2026-09/DAOstack_exp.sol
ETH,0x6256294145fb529dB7B248Eb86b4E6ef30F55BF9,unknown,"Reputation (voting weight, Ownable by the UController)",defihacklabs,DAOstack,2026-09-26,2026-09-29T13:48:07,https://github.com/SunWeb3Sec/DeFiHackLabs/blob/main/src/test/2026-09/DAOstack_exp.sol
ETH,0xe30a71938b743d126E977A2b3F7450484F209a34,unknown,Native token GDT (Ownable by the UController),defihacklabs,DAOstack,2026-09-26,2026-09-29T13:48:07,https://github.com/SunWeb3Sec/DeFiHackLabs/blob/main/src/test/2026-09/DAOstack_exp.sol
ETH,0x781f48F300f9c2f4862347537927FC9Dc48415E0,unknown,SchemeRegistrar,defihacklabs,DAOstack,2026-09-26,2026-09-29T13:48:07,https://github.com/SunWeb3Sec/DeFiHackLabs/blob/main/src/test/2026-09/DAOstack_exp.sol
ETH,0xFBaEf31bdEaCFA0a7902123005288784Dcc1EEba,unknown,GenesisProtocol voting machine,defihacklabs,DAOstack,2026-09-26,2026-09-29T13:48:07,https://github.com/SunWeb3Sec/DeFiHackLabs/blob/main/src/test/2026-09/DAOstack_exp.sol
ETH,0x0b283b107f70d23250f882fbfe7216c38abbd7ca,unknown,,slowmist,Compounder.Finance,2020-12-01,2026-09-29T13:41:52,https://www.jinse.com/lives/209456.html
ETH,0xAd0C834315Abfa7A800bBBB5d776A0B07b672614,unknown,,slowmist,InuSaitama,2022-03-26,2026-09-29T13:41:49,https://twitter.com/Saitamaguru1/status/1507771365381840900
ETH,0x00480b0abBd14F2d61Aa2E801d483132e917C18B,unknown,,slowmist,InuSaitama,2022-03-26,2026-09-29T13:41:49,https://twitter.com/Saitamaguru1/status/1507771365381840900
ETH,0x63493e679155c2f0aAd5Bf96d65725AD6427faC4,unknown,,slowmist,InuSaitama,2022-03-26,2026-09-29T13:41:49,https://twitter.com/Saitamaguru1/status/1507771365381840900
ETH,0xcf18022d77d67134dbf462b7484eb3788d56561c,unknown,,slowmist,DMAN,2023-05-09,2026-09-29T13:41:45,https://etherscan.io/address/0xcf18022d77d67134dbf462b7484eb3788d56561c
ETH,0x5d0d79b541f50cf26c31428953be44205da8b675,unknown,,slowmist,Fake Oasis AI,2024-04-10,2026-09-29T13:41:40,https://www.dextools.io/app/cn/ether/pair-explorer/0x5d0d79b541f50cf26c31428953be44205da8b675?t=1713102750687
ETH,0xce1f4b4f17224ec6df16eeb1e3e5321c54ff6ede,unknown,,rekt,Cream,2021-08-30,2026-09-29T13:40:44,https://rekt.news/cream-rekt
ETH,0xdb2d590aCe7cAe51DF1fB3312738038Ec032Bf33,unknown,,rekt,Eleven Finance,2021-06-22,2026-09-29T13:40:44,https://rekt.news/11-rekt
ETH,0x044b75f554b886A065b9567891e45c79542d7357,unknown,,rekt,SushiSwap,2023-04-09,2026-09-29T13:40:43,https://rekt.news/sushi-yoink-rekt
ETH,0x3dabf5e36df28f6064a7c5638d0c4e01539e35f1,unknown,,rekt,Orion Protocol,2023-02-02,2026-09-29T13:40:43,https://rekt.news/orion-protocol-rekt
ETH,0x837962b686fd5a407fb4e5f92e8be86a230484bd,unknown,,rekt,Orion Protocol,2023-02-02,2026-09-29T13:40:43,https://rekt.news/orion-protocol-rekt
ETH,0xc92ebecda030234c10e149beead6bba61197531a,unknown,,rekt,Sovryn,2022-10-04,2026-09-29T13:40:43,https://rekt.news/sovryn-rekt
ETH,0xdb1D74467c9042517A354304256E0d658D8AEC83,unknown,,rekt,HTX,2023-09-24,2026-09-29T13:40:42,https://rekt.news/htx-huobi-rekt
ETH,0x799982b75Ba538F211871cBa50Fa1A42ADa9ab5E,unknown,,rekt,HTX,2023-09-24,2026-09-29T13:40:42,https://rekt.news/htx-huobi-rekt
ETH,0x9A79f4105A4e1A050Ba0b42F25351D394fA7E1DC,unknown,,rekt,Infini,2024-02-24,2026-09-29T13:40:41,https://rekt.news/infini-rekt
ETH,0xc49b5e5b9da66b9126c1a62e9761e6b2147de3e1,unknown,,rekt,Infini,2024-02-24,2026-09-29T13:40:41,https://rekt.news/infini-rekt
ETH,0xfcC8Ad911976d752890f2140D9F4edd2c64a6e49,unknown,,rekt,Infini,2024-02-24,2026-09-29T13:40:41,https://rekt.news/infini-rekt
ETH,0x0e7a96227fcf09f53d644ba6462d8c73993ef246,unknown,,rekt,Kiichain - Rekt,,2026-09-29T13:40:39,https://rekt.news/kiichain-rekt
ETH,0x8F37701914d60CeE95CcAa39AF959561045CF9E8,unknown,,rekt,Kiichain - Rekt,,2026-09-29T13:40:39,https://rekt.news/kiichain-rekt
ETH,0x77308955c6cbc4cdef2e53defc7d78a007f29739,unknown,,rekt,Kiichain - Rekt,,2026-09-29T13:40:39,https://rekt.news/kiichain-rekt
ETH,0x8cdab0fa359ac467c80c19de3fee5a543e258365,unknown,,rekt,Kiichain - Rekt,,2026-09-29T13:40:39,https://rekt.news/kiichain-rekt
ETH,0xED191cf73DE21b78b2D4F4ff7380e6c73c2ae9Cf,unknown,,rekt,Kiichain - Rekt,,2026-09-29T13:40:39,https://rekt.news/kiichain-rekt
ETH,0xecb0af97644d2c28c58369c663007a1b77c77c84,unknown,,rekt,TAC - Rekt,,2026-09-29T13:40:39,https://rekt.news/tac-rekt
ETH,0xa908b3472d76e7744bab0a5911768a4a6300612b,unknown,,rekt,Term Labs - Rekt,,2026-09-29T13:40:39,https://rekt.news/term-labs-rekt
ETH,0x686457a7468b9b31c5dba43b1b16077b48520691,unknown,,rekt,Term Labs - Rekt,,2026-09-29T13:40:39,https://rekt.news/term-labs-rekt
ETH,0xD5183d8BfC65a50863C62aF2538198A8288FFc13,unknown,,rekt,Term Labs - Rekt,,2026-09-29T13:40:39,https://rekt.news/term-labs-rekt
ETH,0xC14007663A5bb9F13d4d2AEE8c6FE9075eF1d83e,unknown,,rekt,Term Labs - Rekt,,2026-09-29T13:40:39,https://rekt.news/term-labs-rekt
BSC,0x9fe19093a62a7037d04617b3ac4fbf5cb2d75d8c,unknown,https,defihacklabs,- BIGFI,2023-03-22,2026-09-29T10:48:07,https://github.com/SunWeb3Sec/DeFiHackLabs/blob/main/src/test/2023-03/BIGFI_exp.sol
Base,0x5F7cE6395818857aC20730dc990F614356D1Ec68,attacker,Attacker,defihacklabs,InternetToken,2026-09-21,2026-09-28T10:17:46,https://github.com/SunWeb3Sec/DeFiHackLabs/blob/main/src/test/2026-09/InternetToken_exp.sol
Base,0x968D6A288d7B024D5012c0B25d67A889E4E3eC19,unknown,RewardToken (INT),defihacklabs,InternetToken,2026-09-21,2026-09-28T10:17:46,https://github.com/SunWeb3Sec/DeFiHackLabs/blob/main/src/test/2026-09/InternetToken_exp.sol
Base,0x837DBAbc4f5FA78BAF177597edbDa09645822032,unknown,LiquidityUnifier,defihacklabs,InternetToken,2026-09-21,2026-09-28T10:17:46,https://github.com/SunWeb3Sec/DeFiHackLabs/blob/main/src/test/2026-09/InternetToken_exp.sol
Base,0x6b82fDFC0344Bd76d5Cb58BC24D0FfE947975516,unknown,Convertor,defihacklabs,InternetToken,2026-09-21,2026-09-28T10:17:46,https://github.com/SunWeb3Sec/DeFiHackLabs/blob/main/src/test/2026-09/InternetToken_exp.sol
Base,0x1D34e08120dbD1Ea9BDBcD90C2dC919b50Ddff4C,unknown,OptimismMintableERC20,defihacklabs,InternetToken,2026-09-21,2026-09-28T10:17:46,https://github.com/SunWeb3Sec/DeFiHackLabs/blob/main/src/test/2026-09/InternetToken_exp.sol
Base,0xDEc6EadbD8eD3F655CBA4Bb4eeFF6fB43B16969d,unknown,Real INT/WETH Uniswap V3,defihacklabs,InternetToken,2026-09-21,2026-09-28T10:17:46,https://github.com/SunWeb3Sec/DeFiHackLabs/blob/main/src/test/2026-09/InternetToken_exp.sol
Base,0x4200000000000000000000000000000000000006,unknown,WETH,defihacklabs,InternetToken,2026-09-21,2026-09-28T10:17:46,https://github.com/SunWeb3Sec/DeFiHackLabs/blob/main/src/test/2026-09/InternetToken_exp.sol
BASE,0x5F7cE6395818857aC20730dc990F614356D1Ec68,attacker,Attacker EOA,defihacklabs,InternetToken,2026-09-21,2026-09-28T10:17:46,https://github.com/SunWeb3Sec/DeFiHackLabs/blob/main/src/test/2026-09/InternetToken_exp.sol
BASE,0x968D6A288d7B024D5012c0B25d67A889E4E3eC19,victim,RewardToken (INT) contract,defihacklabs,InternetToken,2026-09-21,2026-09-28T10:17:46,https://github.com/SunWeb3Sec/DeFiHackLabs/blob/main/src/test/2026-09/InternetToken_exp.sol
BASE,0x837DBAbc4f5FA78BAF177597edbDa09645822032,victim,LiquidityUnifier contract (holds INT minter role),defihacklabs,InternetToken,2026-09-21,2026-09-28T10:17:46,https://github.com/SunWeb3Sec/DeFiHackLabs/blob/main/src/test/2026-09/InternetToken_exp.sol
BASE,0x6b82fDFC0344Bd76d5Cb58BC24D0FfE947975516,victim,Convertor contract (INT ↔ bridged token),defihacklabs,InternetToken,2026-09-21,2026-09-28T10:17:46,https://github.com/SunWeb3Sec/DeFiHackLabs/blob/main/src/test/2026-09/InternetToken_exp.sol
BASE,0x1D34e08120dbD1Ea9BDBcD90C2dC919b50Ddff4C,victim,OptimismMintableERC20 contract,defihacklabs,InternetToken,2026-09-21,2026-09-28T10:17:46,https://github.com/SunWeb3Sec/DeFiHackLabs/blob/main/src/test/2026-09/InternetToken_exp.sol
BASE,0xDEc6EadbD8eD3F655CBA4Bb4eeFF6fB43B16969d,victim,Real INT/WETH Uniswap V3 pool,defihacklabs,InternetToken,2026-09-21,2026-09-28T10:17:46,https://github.com/SunWeb3Sec/DeFiHackLabs/blob/main/src/test/2026-09/InternetToken_exp.sol
BASE,0x4200000000000000000000000000000000000006,unknown,WETH token on Base,defihacklabs,InternetToken,2026-09-21,2026-09-28T10:17:46,https://github.com/SunWeb3Sec/DeFiHackLabs/blob/main/src/test/2026-09/InternetToken_exp.sol
Polygon,0x46f54C1A86575679FC3d29666C1717E9786279Aa,attacker,Attacker,defihacklabs,GaslessReservoirEnabler,2026-09-21,2026-09-28T10:17:46,https://github.com/SunWeb3Sec/DeFiHackLabs/blob/main/src/test/2026-09/GaslessReservoirEnabler_exp.sol
Polygon,0x9B58fDAdc16E30fBA313E044bf9e88689C3F163e,unknown,Enabler,defihacklabs,GaslessReservoirEnabler,2026-09-21,2026-09-28T10:17:46,https://github.com/SunWeb3Sec/DeFiHackLabs/blob/main/src/test/2026-09/GaslessReservoirEnabler_exp.sol
Polygon,0x7ceB23fD6bC0adD59E62ac25578270cFf1b9f619,unknown,Token,defihacklabs,GaslessReservoirEnabler,2026-09-21,2026-09-28T10:17:46,https://github.com/SunWeb3Sec/DeFiHackLabs/blob/main/src/test/2026-09/GaslessReservoirEnabler_exp.sol
Polygon,0xb8C717239BCACE558c3a8Dc471c16E07bF57a1Eb,attacker,Attacker,defihacklabs,DoinGud,2026-09-21,2026-09-28T10:17:46,https://github.com/SunWeb3Sec/DeFiHackLabs/blob/main/src/test/2026-09/DoinGud_exp.sol
Polygon,0xe588834AA3161a0720E8F6bf223748D6098a4B76,unknown,contract 0xe588834AA3161a0720E8F6bf223748D6098a4B76 (the tx ,defihacklabs,DoinGud,2026-09-21,2026-09-28T10:17:46,https://github.com/SunWeb3Sec/DeFiHackLabs/blob/main/src/test/2026-09/DoinGud_exp.sol
Polygon,0xE3A161EdD679fC5ce2dB2316a4B6f7ab33a8eD6A,unknown,"DoinGud marketplace (EIP-2535 Diamond, holds the escrow)",defihacklabs,DoinGud,2026-09-21,2026-09-28T10:17:46,https://github.com/SunWeb3Sec/DeFiHackLabs/blob/main/src/test/2026-09/DoinGud_exp.sol
Polygon,0x123aAFC8D0a07CE1A146E53aA899e77f21A2DDe1,victim,"Marketplace facet (the vulnerable impl, delegatecalled)",defihacklabs,DoinGud,2026-09-21,2026-09-28T10:17:46,https://github.com/SunWeb3Sec/DeFiHackLabs/blob/main/src/test/2026-09/DoinGud_exp.sol
Polygon,0x2791Bca1f2de4661ED88A30C99A7a9449Aa84174,unknown,USDC (PoS),defihacklabs,DoinGud,2026-09-21,2026-09-28T10:17:46,https://github.com/SunWeb3Sec/DeFiHackLabs/blob/main/src/test/2026-09/DoinGud_exp.sol
Polygon,0x160532D2536175d65C03B97b0630A9802c274daD,unknown,UniswapV2-style USDC/miMATIC pair (flash-swap source),defihacklabs,DoinGud,2026-09-21,2026-09-28T10:17:46,https://github.com/SunWeb3Sec/DeFiHackLabs/blob/main/src/test/2026-09/DoinGud_exp.sol
ETH,0xab424a430cc09864fa1277a38193111705adf3a3,victim,Ethereum bridge converter contract that held FET and was drained,rekt,SingularityNET,2026-09-19,2026-09-28T10:17:46,https://rekt.news/singularitynet-rekt
ETH,0x69e5446b07b23de0a76730062c3252152216c85c,attacker,authorizer address whose signature approved the FET drain (compromised),rekt,SingularityNET,2026-09-19,2026-09-28T10:17:46,https://rekt.news/singularitynet-rekt
ETH,0xA7A31d206042B8A3E81aa4cf8c68c1B76856eE48,attacker,SingularityNET deployer address used for AGIX mint calls,rekt,SingularityNET,2026-09-19,2026-09-28T10:17:46,https://rekt.news/singularitynet-rekt
ETH,0x2dcc1085fdcf418b421e45e86e4e54637cc21dfe,attacker,main hub wallet receiving drained FET and early minted tokens,rekt,SingularityNET,2026-09-19,2026-09-28T10:17:46,https://rekt.news/singularitynet-rekt
ETH,0x83f4424a401a9bb75f90314f21adaea6a9ce09c5,attacker,second hub wallet receiving later minted tokens and USDC payout,rekt,SingularityNET,2026-09-19,2026-09-28T10:17:46,https://rekt.news/singularitynet-rekt
ETH,0x2fD3285C93437077EF5FA6cecc367FD24d0fF726,unknown,unknown recipient of 93.70 ETH,rekt,SingularityNET,2026-09-19,2026-09-28T10:17:46,https://rekt.news/singularitynet-rekt
ETH,0xa059aaab82773caf622de9d9a0f2dbf9aa7f3c37,laundering,Ethereum wallet consolidating funds after NEAR Intents,rekt,Nostra,2026-09-17,2026-09-28T10:17:46,https://rekt.news/nostra-rekt
ETH,0x770b10b273fC44Fe9197D6bF20F145c2e98463Ee,attacker,Attacker address that received stolen ETH and redistributed across multiple EVM chains,trm,Bitget,2026-09-24,2026-09-28T10:06:39,https://www.trmlabs.com/resources/blog/bitget-loses-usd-3516-million-in-hot-wallet-breach-in-likely-north-korea-attack
ETH,0xa6dd3f218b65e32ccc37be30f74884133c655545,attacker,Second attacker address that distributed funds to round‑size wallets,trm,Bitget,2026-09-24,2026-09-28T10:06:39,https://www.trmlabs.com/resources/blog/bitget-loses-usd-3516-million-in-hot-wallet-breach-in-likely-north-korea-attack
ETH,0x26881EacC00Bcccd7c4ebE14BD7840dD989Bf982,attacker,Attacker EOA,defihacklabs,YamFinance,2026-09-12,2026-09-21T18:45:24,https://github.com/SunWeb3Sec/DeFiHackLabs/blob/main/src/test/2026-09/YamFinance_exp.sol
ETH,0x2DA253835967D6E721C6c077157F9c9742934aeA,victim,YamGovernorAlpha,defihacklabs,YamFinance,2026-09-12,2026-09-21T18:45:24,https://github.com/SunWeb3Sec/DeFiHackLabs/blob/main/src/test/2026-09/YamFinance_exp.sol
ETH,0x8b4f1616751117C38a0f84F9A146cca191ea3EC5,victim,YAM Timelock,defihacklabs,YamFinance,2026-09-12,2026-09-21T18:45:24,https://github.com/SunWeb3Sec/DeFiHackLabs/blob/main/src/test/2026-09/YamFinance_exp.sol
ETH,0x0AaCfbeC6a24756c20D41914F2caba817C0d8521,victim,YAM token (votes),defihacklabs,YamFinance,2026-09-12,2026-09-21T18:45:24,https://github.com/SunWeb3Sec/DeFiHackLabs/blob/main/src/test/2026-09/YamFinance_exp.sol
ETH,0xffb607418dBEaB7A888e079A34Be28A30d8E1DE2,victim,UMAFarmingMar (uGAS-MAR21),defihacklabs,YamFinance,2026-09-12,2026-09-21T18:45:24,https://github.com/SunWeb3Sec/DeFiHackLabs/blob/main/src/test/2026-09/YamFinance_exp.sol
ETH,0xc0AE1e1e172ECD4C56fD8043FD5Afe5a473E9835,victim,UMAFarmingFeb (uGAS-FEB21),defihacklabs,YamFinance,2026-09-12,2026-09-21T18:45:24,https://github.com/SunWeb3Sec/DeFiHackLabs/blob/main/src/test/2026-09/YamFinance_exp.sol
OSMOSIS,osmo1wq76r2mhqsa9yaygghuwyq4wy6dcsgf8vtzltn,victim,Osmosis address holding frozen allBTC,rekt,Osmosis,2026-06-25,2026-09-21T15:36:29,https://rekt.news/nomic-rekt
NOMIC,nomic1kq2rzz6fq2q7fsu75a9g7cpzjeanmk685ak9g7,unknown,Sender of all 25 outbound IBC packet transfers to Osmosis,rekt,Osmosis,2026-06-25,2026-09-21T15:36:29,https://rekt.news/nomic-rekt
NOMIC,nomic1wq76r2mhqsa9yaygghuwyq4wy6dcsgf8cgz4wt,unknown,Transaction signer for IBC packets,rekt,Osmosis,2026-06-25,2026-09-21T15:36:29,https://rekt.news/nomic-rekt
NOBLE,noble1wq76r2mhqsa9yaygghuwyq4wy6dcsgf8vny890,laundering,Receiver of USDC from Osmosis via IBC,rekt,Osmosis,2026-06-25,2026-09-21T15:36:29,https://rekt.news/nomic-rekt
AXELAR,axelar1wq76r2mhqsa9yaygghuwyq4wy6dcsgf8q788kq,unknown,Axelar address involved in IBC routing,rekt,Osmosis,2026-06-25,2026-09-21T15:36:29,https://rekt.news/nomic-rekt
ETH,0x8f36fd9ffc0a8ca373aa7a4787292536a489d2b5,attacker,"Ethereum beneficiary of proceeds, also Tornado Cash router",rekt,Osmosis,2026-06-25,2026-09-21T15:36:29,https://rekt.news/nomic-rekt
NOMIC,nomic1rk07saqmvfle50h4h9hul00g67xzrcc5ytfxjm,attacker,"Address circulated as ""the exploiter""",rekt,Osmosis,2026-06-25,2026-09-21T15:36:29,https://rekt.news/nomic-rekt
Polygon,0x2258491525C21f334c5a2dc22CE55e55023FC45D,attacker,Attacker,defihacklabs,Nimiq,2026-09-16,2026-09-21T13:02:41,https://github.com/SunWeb3Sec/DeFiHackLabs/blob/main/src/test/2026-09/Nimiq_exp.sol
Polygon,0x24Cb173Ae221AeA93369f34bdcF0Ddb35b436773,victim,Victim,defihacklabs,Nimiq,2026-09-16,2026-09-21T13:02:41,https://github.com/SunWeb3Sec/DeFiHackLabs/blob/main/src/test/2026-09/Nimiq_exp.sol
Polygon,0x0cFD862bE942846Cebad797d7c1BC6e47714959b,unknown,HTLC handler #1 (USDC)       0x0cFD862bE942846Cebad797d7c1BC,defihacklabs,Nimiq,2026-09-16,2026-09-21T13:02:41,https://github.com/SunWeb3Sec/DeFiHackLabs/blob/main/src/test/2026-09/Nimiq_exp.sol
Polygon,0xF615bD7EA00C4Cc7F39Faad0895dB5f40891359f,unknown,HTLC handler #2 (USDT0/USDCe)0xF615bD7EA00C4Cc7F39Faad0895dB,defihacklabs,Nimiq,2026-09-16,2026-09-21T13:02:41,https://github.com/SunWeb3Sec/DeFiHackLabs/blob/main/src/test/2026-09/Nimiq_exp.sol
Polygon,0x6C28AfC105e65782D9Ea6F2cA68df84C9e7d750d,unknown,OpenGSN RelayHub  v2.2.0     0x6C28AfC105e65782D9Ea6F2cA68df,defihacklabs,Nimiq,2026-09-16,2026-09-21T13:02:41,https://github.com/SunWeb3Sec/DeFiHackLabs/blob/main/src/test/2026-09/Nimiq_exp.sol
Polygon,0x15C7B7CE10f3A9AE63554bCE7C54d0a818E967C7,unknown,OpenGSN StakeManager         0x15C7B7CE10f3A9AE63554bCE7C54d,defihacklabs,Nimiq,2026-09-16,2026-09-21T13:02:41,https://github.com/SunWeb3Sec/DeFiHackLabs/blob/main/src/test/2026-09/Nimiq_exp.sol
Polygon,0x3c499c542cEF5E3811e1192ce70d8cC03d5c3359,unknown,"USDC   (native, 6dp)         0x3c499c542cEF5E3811e1192ce70d8",defihacklabs,Nimiq,2026-09-16,2026-09-21T13:02:41,https://github.com/SunWeb3Sec/DeFiHackLabs/blob/main/src/test/2026-09/Nimiq_exp.sol
Polygon,0xc2132D05D31c914a87C6611C10748AEb04B58e8F,unknown,USDT0  (6dp)                 0xc2132D05D31c914a87C6611C10748,defihacklabs,Nimiq,2026-09-16,2026-09-21T13:02:41,https://github.com/SunWeb3Sec/DeFiHackLabs/blob/main/src/test/2026-09/Nimiq_exp.sol
Polygon,0x2791Bca1f2de4661ED88A30C99A7a9449Aa84174,unknown,USDC.e (6dp)                 0x2791Bca1f2de4661ED88A30C99A7a,defihacklabs,Nimiq,2026-09-16,2026-09-21T13:02:41,https://github.com/SunWeb3Sec/DeFiHackLabs/blob/main/src/test/2026-09/Nimiq_exp.sol
ETH,0x901DafdE7057BC2478d1eF640fb5515EA4757AAB,attacker,attacker,defihacklabs,Startale,2026-09-16,2026-09-21T13:02:41,https://github.com/SunWeb3Sec/DeFiHackLabs/blob/main/src/test/2026-09/Startale_exp.sol
ETH,0xe2719E3b28EeF69bf3C4A9D7FC7280c5a015EcdE,unknown,collector (funds recipient in the real tx),defihacklabs,Startale,2026-09-16,2026-09-21T13:02:41,https://github.com/SunWeb3Sec/DeFiHackLabs/blob/main/src/test/2026-09/Startale_exp.sol
ETH,0x000000b8f5f723A680d3D7EE624Fe0bC84a6E05A,unknown,StartaleSmartAccount (impl),defihacklabs,Startale,2026-09-16,2026-09-21T13:02:41,https://github.com/SunWeb3Sec/DeFiHackLabs/blob/main/src/test/2026-09/Startale_exp.sol
ETH,0x0000003B3E7b530b4f981aE80d9350392Defef90,unknown,StartaleAccountFactory,defihacklabs,Startale,2026-09-16,2026-09-21T13:02:41,https://github.com/SunWeb3Sec/DeFiHackLabs/blob/main/src/test/2026-09/Startale_exp.sol
ETH,0x00000072F286204Bb934eD49D8969E86F7dEC7b1,unknown,ECDSAValidator (default val.),defihacklabs,Startale,2026-09-16,2026-09-21T13:02:41,https://github.com/SunWeb3Sec/DeFiHackLabs/blob/main/src/test/2026-09/Startale_exp.sol
ETH,0xA0b86991c6218b36c1d19D4a2e9Eb0cE3606eB48,unknown,Token drained in this tx,defihacklabs,Startale,2026-09-16,2026-09-21T13:02:41,https://github.com/SunWeb3Sec/DeFiHackLabs/blob/main/src/test/2026-09/Startale_exp.sol
Cronos,0x4266a0e6a0f0ef90abcff3bb089932ca0cce3652,attacker,Operator wallet,rekt,Tectonic,2026-08-30,2026-09-21T11:53:19,https://rekt.news/tectonic-rekt
Cronos,0x7d4e7e5dcb0ccc66b4f0f8b0f30da5078ad4f2dc,attacker,Stablecoin-recipient wallet / VVS LP holder,rekt,Tectonic,2026-08-30,2026-09-21T11:53:19,https://rekt.news/tectonic-rekt
Cronos,0x085f3115ca368aa262246d22f9476e1e2c87e8be,attacker,Holding contract,rekt,Tectonic,2026-08-30,2026-09-21T11:53:19,https://rekt.news/tectonic-rekt
Cronos,0xfdb11781ee3818135eebd2acd2247c263e266652,laundering,Bridge Exit Wallet,rekt,Tectonic,2026-08-30,2026-09-21T11:53:19,https://rekt.news/tectonic-rekt
ETH,0xc404160b79bd8905061a1caecbeca2eeab3f72dd,laundering,Ethereum Receiving Wallet,rekt,Tectonic,2026-08-30,2026-09-21T11:53:19,https://rekt.news/tectonic-rekt
Cronos,0x215adfc84332d8dfdd5afc77af69cceec0bcd3fc,laundering,Ethereum Intermediary Wallet,rekt,Tectonic,2026-08-30,2026-09-21T11:53:19,https://rekt.news/tectonic-rekt
ETH,0x86616ce5d1829beb030742e65bd3c1fbee8f082e,laundering,Relay-Hop Address,rekt,Tectonic,2026-08-30,2026-09-21T11:53:19,https://rekt.news/tectonic-rekt
ETH,0x9ea6b75940de7c57bd1827001536e33ed667b55d,laundering,Side-Pocket Address,rekt,Tectonic,2026-08-30,2026-09-21T11:53:19,https://rekt.news/tectonic-rekt
BSC,0xd8B49172B1A33e77C2619a78e08471FaCFf5dAd3,attacker,Attacker EOA,defihacklabs,ORB,2026-09-11,2026-09-21T11:53:19,https://github.com/SunWeb3Sec/DeFiHackLabs/blob/main/src/test/2026-09/ORB_exp.sol
BSC,0x4f33733a40FAE6C19c3A4Faf9BC08cE9a1806831,attacker,Attack contract,defihacklabs,ORB,2026-09-11,2026-09-21T11:53:19,https://github.com/SunWeb3Sec/DeFiHackLabs/blob/main/src/test/2026-09/ORB_exp.sol
BSC,0xC4D27261C06407053Cad16Cb825ecc0eEE7ee7d7,victim,ORBToken,defihacklabs,ORB,2026-09-11,2026-09-21T11:53:19,https://github.com/SunWeb3Sec/DeFiHackLabs/blob/main/src/test/2026-09/ORB_exp.sol
BSC,0x24B6308AB84B182d0598b73d21a42f4C2bb33C18,victim,ORBCore,defihacklabs,ORB,2026-09-11,2026-09-21T11:53:19,https://github.com/SunWeb3Sec/DeFiHackLabs/blob/main/src/test/2026-09/ORB_exp.sol
BSC,0x64fad72e5dde70B2960497744B348FD64Cb4788c,victim,Pair ORB/WBNB,defihacklabs,ORB,2026-09-11,2026-09-21T11:53:19,https://github.com/SunWeb3Sec/DeFiHackLabs/blob/main/src/test/2026-09/ORB_exp.sol
BSC,0x8f73b65b4caaf64fba2af91cc5d4a2a1318e5d8c,unknown,Moolah pool,defihacklabs,ORB,2026-09-11,2026-09-21T11:53:19,https://github.com/SunWeb3Sec/DeFiHackLabs/blob/main/src/test/2026-09/ORB_exp.sol
BSC,0xA07c5b74C9B40447a954e1466938b865b6BBea36,unknown,Venus VBNB,defihacklabs,ORB,2026-09-11,2026-09-21T11:53:19,https://github.com/SunWeb3Sec/DeFiHackLabs/blob/main/src/test/2026-09/ORB_exp.sol
BSC,0x882C173bC7Ff3b7786CA16dfeD3DFFfb9Ee7847B,unknown,Venus VBTCB,defihacklabs,ORB,2026-09-11,2026-09-21T11:53:19,https://github.com/SunWeb3Sec/DeFiHackLabs/blob/main/src/test/2026-09/ORB_exp.sol
BSC,0xfD36E2c2a6789Db23113685031d7F16329158384,unknown,Comptroller,defihacklabs,ORB,2026-09-11,2026-09-21T11:53:19,https://github.com/SunWeb3Sec/DeFiHackLabs/blob/main/src/test/2026-09/ORB_exp.sol
BSC,0x10ED43C718714eb63d5aA57B78B54704E256024E,unknown,Router,defihacklabs,ORB,2026-09-11,2026-09-21T11:53:19,https://github.com/SunWeb3Sec/DeFiHackLabs/blob/main/src/test/2026-09/ORB_exp.sol
BSC,0xe327b58233DE729D58d35e36E4B6D45c8e00cDbb,attacker,공격자 EOA,defihacklabs,GDC,2026-09-11,2026-09-21T11:53:19,https://github.com/SunWeb3Sec/DeFiHackLabs/blob/main/src/test/2026-09/GDC_exp.sol
BSC,0x5fe1deb9d9a58e9424b7fafc77494ff782b7dc14,attacker,익스플로잇 컨트랙트 생성 트랜잭션/배포 주소,defihacklabs,GDC,2026-09-11,2026-09-21T11:53:19,https://github.com/SunWeb3Sec/DeFiHackLabs/blob/main/src/test/2026-09/GDC_exp.sol
BSC,0xe3342358e7ccbaebdd1139ad0274c53c5b3ef822,victim,GDC 토큰 컨트랙트,defihacklabs,GDC,2026-09-11,2026-09-21T11:53:19,https://github.com/SunWeb3Sec/DeFiHackLabs/blob/main/src/test/2026-09/GDC_exp.sol
BSC,0x9cd8d04c30ed78afef7ed00ab1a2a028d476331c,victim,PancakeSwap V2 GDC/WBNB 페어,defihacklabs,GDC,2026-09-11,2026-09-21T11:53:19,https://github.com/SunWeb3Sec/DeFiHackLabs/blob/main/src/test/2026-09/GDC_exp.sol
BSC,0x8f73b65b4caaf64fba2af91cc5d4a2a1318e5d8c,unknown,플래시론 제공 Moolah 풀,defihacklabs,GDC,2026-09-11,2026-09-21T11:53:19,https://github.com/SunWeb3Sec/DeFiHackLabs/blob/main/src/test/2026-09/GDC_exp.sol
BSC,0xbb4CdB9CBd36B01bD1cBaEBF2De08d9173bc095c,unknown,WBNB 컨트랙트,defihacklabs,GDC,2026-09-11,2026-09-21T11:53:19,https://github.com/SunWeb3Sec/DeFiHackLabs/blob/main/src/test/2026-09/GDC_exp.sol
ETH,0xa5CC6e490Bce9185fA47b421f2EaC677A83B64Ea,attacker,Attacker EOA,defihacklabs,EtherFiAtomicQueue,2026-09-09,2026-09-21T11:53:19,https://github.com/SunWeb3Sec/DeFiHackLabs/blob/main/src/test/2026-09/EtherFiAtomicQueue_exp.sol
ETH,0x679c53fF03c5c60aAC538a019cA9d69C5DFa663E,attacker,Exploit (on-chain),defihacklabs,EtherFiAtomicQueue,2026-09-09,2026-09-21T11:53:19,https://github.com/SunWeb3Sec/DeFiHackLabs/blob/main/src/test/2026-09/EtherFiAtomicQueue_exp.sol
ETH,0xD45884B592E316eB816199615A95C182F75dea07,victim,AtomicQueue,defihacklabs,EtherFiAtomicQueue,2026-09-09,2026-09-21T11:53:19,https://github.com/SunWeb3Sec/DeFiHackLabs/blob/main/src/test/2026-09/EtherFiAtomicQueue_exp.sol
ETH,0xf0bb20865277aBd641a307eCe5Ee04E79073416C,unknown,want drained,defihacklabs,EtherFiAtomicQueue,2026-09-09,2026-09-21T11:53:19,https://github.com/SunWeb3Sec/DeFiHackLabs/blob/main/src/test/2026-09/EtherFiAtomicQueue_exp.sol
ETH,0x000000000004444c5dc75cB358380D2e3dE08A90,unknown,V4 PoolManager,defihacklabs,EtherFiAtomicQueue,2026-09-09,2026-09-21T11:53:19,https://github.com/SunWeb3Sec/DeFiHackLabs/blob/main/src/test/2026-09/EtherFiAtomicQueue_exp.sol
ETH,0xFB26db4EAb18Cb50d29Ff431888dD643A7e9C9f8,attacker,Attacker EOA,defihacklabs,OMNI404,2026-09-09,2026-09-21T11:53:19,https://github.com/SunWeb3Sec/DeFiHackLabs/blob/main/src/test/2026-09/OMNI404_exp.sol
ETH,0x505B2EBea0EC6e30D02768f1de8DdE8Dd9122aD4,attacker,Exploit (on-chain),defihacklabs,OMNI404,2026-09-09,2026-09-21T11:53:19,https://github.com/SunWeb3Sec/DeFiHackLabs/blob/main/src/test/2026-09/OMNI404_exp.sol
ETH,0xd5C02bB3e40494D4674778306Da43a56138A383E,victim,O404 token,defihacklabs,OMNI404,2026-09-09,2026-09-21T11:53:19,https://github.com/SunWeb3Sec/DeFiHackLabs/blob/main/src/test/2026-09/OMNI404_exp.sol
ETH,0xB3f613b9Bc84ddB29D78fA4685b01d98412BBa0b,victim,Pool,defihacklabs,OMNI404,2026-09-09,2026-09-21T11:53:19,https://github.com/SunWeb3Sec/DeFiHackLabs/blob/main/src/test/2026-09/OMNI404_exp.sol
ETH,0xBA12222222228d8Ba445958a75a0704d566BF2C8,unknown,Balancer Vault,defihacklabs,OMNI404,2026-09-09,2026-09-21T11:53:19,https://github.com/SunWeb3Sec/DeFiHackLabs/blob/main/src/test/2026-09/OMNI404_exp.sol
ETH,0xC02aaA39b223FE8D0A0e5C4F27eAD9083C756Cc2,unknown,WETH,defihacklabs,OMNI404,2026-09-09,2026-09-21T11:53:19,https://github.com/SunWeb3Sec/DeFiHackLabs/blob/main/src/test/2026-09/OMNI404_exp.sol
BSC,0xB78E77dEdDaf20f238e1D8f9d1De7606c23Cdd81,attacker,공격자 EOA,defihacklabs,UnifiProtocol,2026-09-09,2026-09-21T11:53:19,https://github.com/SunWeb3Sec/DeFiHackLabs/blob/main/src/test/2026-09/UnifiProtocol_exp.sol
BSC,0xf6BA170f3d50a21fAD30f2D02972ffd295F04e8C,attacker,익스플로잇 배포 컨트랙트,defihacklabs,UnifiProtocol,2026-09-09,2026-09-21T11:53:19,https://github.com/SunWeb3Sec/DeFiHackLabs/blob/main/src/test/2026-09/UnifiProtocol_exp.sol
BSC,0x44ED72d81a32A284f3fb50f9c6E6f2EF739bb324,unknown,공격에 사용된 내부 가짜 풀 워커 컨트랙트 · 컨트랙트(풀(LP)),defihacklabs,UnifiProtocol,2026-09-09,2026-09-21T11:53:19,https://github.com/SunWeb3Sec/DeFiHackLabs/blob/main/src/test/2026-09/UnifiProtocol_exp.sol
BSC,0x5D8aA15505aFEc01Bab0dE21F9377673B5246EAE,victim,취약점이 악용된 보상 매니저 컨트랙트,defihacklabs,UnifiProtocol,2026-09-09,2026-09-21T11:53:19,https://github.com/SunWeb3Sec/DeFiHackLabs/blob/main/src/test/2026-09/UnifiProtocol_exp.sol
BSC,0x36F20660b9947929Ab3edd8727B5Af60260333A7,victim,UP 토큰 컨트랙트,defihacklabs,UnifiProtocol,2026-09-09,2026-09-21T11:53:19,https://github.com/SunWeb3Sec/DeFiHackLabs/blob/main/src/test/2026-09/UnifiProtocol_exp.sol
BSC,0x1b8c6808b48C7A9b6997b6dAEF6401307B2B419A,victim,UPRedeemer 컨트랙트,defihacklabs,UnifiProtocol,2026-09-09,2026-09-21T11:53:19,https://github.com/SunWeb3Sec/DeFiHackLabs/blob/main/src/test/2026-09/UnifiProtocol_exp.sol
BSC,0xbb4CdB9CBd36B01bD1cBaEBF2De08d9173bc095c,unknown,WBNB 토큰 컨트랙트,defihacklabs,UnifiProtocol,2026-09-09,2026-09-21T11:53:19,https://github.com/SunWeb3Sec/DeFiHackLabs/blob/main/src/test/2026-09/UnifiProtocol_exp.sol
BSC,0x58F876857a02D6762E0101bb5C46A8c1ED44Dc16,unknown,플래시 스왑에 사용된 PancakeV2 WBNB/BUSD 페어,defihacklabs,UnifiProtocol,2026-09-09,2026-09-21T11:53:19,https://github.com/SunWeb3Sec/DeFiHackLabs/blob/main/src/test/2026-09/UnifiProtocol_exp.sol
BSC,0x67B2f08683A735cfE6f6E57fA86909b62218C2a1,attacker,Attacker EOA,defihacklabs,BeatXswap,2026-09-09,2026-09-21T11:53:19,https://github.com/SunWeb3Sec/DeFiHackLabs/blob/main/src/test/2026-09/BeatXswap_exp.sol
BSC,0xaff5A574941981cF7F994f2820F7fA26FE031DEd,attacker,Exploit contract,defihacklabs,BeatXswap,2026-09-09,2026-09-21T11:53:19,https://github.com/SunWeb3Sec/DeFiHackLabs/blob/main/src/test/2026-09/BeatXswap_exp.sol
BSC,0x1e647FAADb05f2124BFCcFC003EDc06D1A90bf5D,victim,Victim #1 (LiquidityVestingConvert),defihacklabs,BeatXswap,2026-09-09,2026-09-21T11:53:19,https://github.com/SunWeb3Sec/DeFiHackLabs/blob/main/src/test/2026-09/BeatXswap_exp.sol
BSC,0x9a7A92240FBAc4030b65A6E61239928d6Bcc716F,victim,Victim #2 (LiquidityVestingConvertOnce),defihacklabs,BeatXswap,2026-09-09,2026-09-21T11:53:19,https://github.com/SunWeb3Sec/DeFiHackLabs/blob/main/src/test/2026-09/BeatXswap_exp.sol
BSC,0xA5Db84d7BCcb799fb31bd3c417D04d5bC29Da96D,victim,Target pool (PancakeSwap V3 USDT/BTX),defihacklabs,BeatXswap,2026-09-09,2026-09-21T11:53:19,https://github.com/SunWeb3Sec/DeFiHackLabs/blob/main/src/test/2026-09/BeatXswap_exp.sol
BSC,0xAa242a47F4cC074E59cbC7D65309B1F21202AaA3,unknown,BTX token,defihacklabs,BeatXswap,2026-09-09,2026-09-21T11:53:19,https://github.com/SunWeb3Sec/DeFiHackLabs/blob/main/src/test/2026-09/BeatXswap_exp.sol
BSC,0x55d398326f99059fF775485246999027B3197955,unknown,USDT token,defihacklabs,BeatXswap,2026-09-09,2026-09-21T11:53:19,https://github.com/SunWeb3Sec/DeFiHackLabs/blob/main/src/test/2026-09/BeatXswap_exp.sol
ETH,0x3196398321D77a2511d369DCB6eCa9d2aD87b73A,attacker,Attacker,defihacklabs,EnsoFinance,2026-09-09,2026-09-21T11:53:19,https://github.com/SunWeb3Sec/DeFiHackLabs/blob/main/src/test/2026-09/EnsoFinance_exp.sol
ETH,0x890ed1ee6d435a35d51081ded97ff7ce53be5942,victim,Strategy,defihacklabs,EnsoFinance,2026-09-09,2026-09-21T11:53:19,https://github.com/SunWeb3Sec/DeFiHackLabs/blob/main/src/test/2026-09/EnsoFinance_exp.sol
ETH,0x173cae63801b32752271e32147d0d2e3a77bebe8,victim,Controller,defihacklabs,EnsoFinance,2026-09-09,2026-09-21T11:53:19,https://github.com/SunWeb3Sec/DeFiHackLabs/blob/main/src/test/2026-09/EnsoFinance_exp.sol
ETH,0x90480ce80186dcafb0f3f27df62caa47ef4c4a52,victim,Router,defihacklabs,EnsoFinance,2026-09-09,2026-09-21T11:53:19,https://github.com/SunWeb3Sec/DeFiHackLabs/blob/main/src/test/2026-09/EnsoFinance_exp.sol
ETH,0xAb7505eB360cE0D63e8E88f7853677EcD5537DC0,victim,Oracle,defihacklabs,EnsoFinance,2026-09-09,2026-09-21T11:53:19,https://github.com/SunWeb3Sec/DeFiHackLabs/blob/main/src/test/2026-09/EnsoFinance_exp.sol
ETH,0x77071d2bbd8f3c296c8cd7d0abd21bc172420cda,attacker,Attacker,defihacklabs,OrderFactory,2026-09-08,2026-09-21T11:53:19,https://github.com/SunWeb3Sec/DeFiHackLabs/blob/main/src/test/2026-09/OrderFactory_exp.sol
ETH,0xa27bcd590195b2a9bdc29379de4f040b2d8066e0,victim,Factory,defihacklabs,OrderFactory,2026-09-08,2026-09-21T11:53:19,https://github.com/SunWeb3Sec/DeFiHackLabs/blob/main/src/test/2026-09/OrderFactory_exp.sol
ETH,0xfcf3d97c6db4c3bf6020a2b99af074b595bda163,victim,Account,defihacklabs,OrderFactory,2026-09-08,2026-09-21T11:53:19,https://github.com/SunWeb3Sec/DeFiHackLabs/blob/main/src/test/2026-09/OrderFactory_exp.sol
ETH,0xdd3068d772764443e4c4b18b8c96aee153d83056,unknown,Deployer,defihacklabs,OrderFactory,2026-09-08,2026-09-21T11:53:19,https://github.com/SunWeb3Sec/DeFiHackLabs/blob/main/src/test/2026-09/OrderFactory_exp.sol
BSC,0x2B5bF7D9D9Dc1EEc68f40C6B7a8f197e65f9731a,attacker,Attacker EOA,defihacklabs,BonfireSwap,2026-09-15,2026-09-21T11:53:19,https://github.com/SunWeb3Sec/DeFiHackLabs/blob/main/src/test/2026-09/BonfireSwap_exp.sol
BSC,0x28E976Ea7b83553d6D1D45CE81334156A2632127,attacker,Attack contract,defihacklabs,BonfireSwap,2026-09-15,2026-09-21T11:53:19,https://github.com/SunWeb3Sec/DeFiHackLabs/blob/main/src/test/2026-09/BonfireSwap_exp.sol
BSC,0x17e801E17CeFC6334059189c178D4783830E03D3,victim,BonfireSwap router,defihacklabs,BonfireSwap,2026-09-15,2026-09-21T11:53:19,https://github.com/SunWeb3Sec/DeFiHackLabs/blob/main/src/test/2026-09/BonfireSwap_exp.sol
BSC,0x5e90253fbae4Dab78aa351f4E6fed08A64AB5590,victim,BONFIRE token,defihacklabs,BonfireSwap,2026-09-15,2026-09-21T11:53:19,https://github.com/SunWeb3Sec/DeFiHackLabs/blob/main/src/test/2026-09/BonfireSwap_exp.sol
BSC,0xD3F478F0d5E98b01f757bc6cB54Db4C00b9838f2,victim,Pancake pair,defihacklabs,BonfireSwap,2026-09-15,2026-09-21T11:53:19,https://github.com/SunWeb3Sec/DeFiHackLabs/blob/main/src/test/2026-09/BonfireSwap_exp.sol
BSC,0xbb4CdB9CBd36B01bD1cBaEBF2De08d9173bc095c,victim,WBNB token,defihacklabs,BonfireSwap,2026-09-15,2026-09-21T11:53:19,https://github.com/SunWeb3Sec/DeFiHackLabs/blob/main/src/test/2026-09/BonfireSwap_exp.sol
ETH,0x40E93a52F6Af9fCD3b476aeDADD7FeABD9f7AbA8,victim,Victim Safe (whale)      0x40E93a52F6Af9fCD3b476aeDADD7FeABD,defihacklabs,RsETHSafeModule,2026-09-15,2026-09-21T11:53:19,https://github.com/SunWeb3Sec/DeFiHackLabs/blob/main/src/test/2026-09/RsETHSafeModule_exp.sol
ETH,0x4f0055926c839D1d960a82CBF84E2eE933958ebC,victim,Vulnerable Router        0x4f0055926c839D1d960a82CBF84E2eE93,defihacklabs,RsETHSafeModule,2026-09-15,2026-09-21T11:53:19,https://github.com/SunWeb3Sec/DeFiHackLabs/blob/main/src/test/2026-09/RsETHSafeModule_exp.sol
ETH,0xeA18B13d11f705a68F0954f637949e1eaA7AC4ca,unknown,Enabled Safe module      0xeA18B13d11f705a68F0954f637949e1ea,defihacklabs,RsETHSafeModule,2026-09-15,2026-09-21T11:53:19,https://github.com/SunWeb3Sec/DeFiHackLabs/blob/main/src/test/2026-09/RsETHSafeModule_exp.sol
ETH,0xcb14a7ace59b7a7b19ba3fee0f3a37d23fa62157,unknown,RecipeExecutor           0xcb14a7ace59b7a7b19ba3fee0f3a37d23,defihacklabs,RsETHSafeModule,2026-09-15,2026-09-21T11:53:19,https://github.com/SunWeb3Sec/DeFiHackLabs/blob/main/src/test/2026-09/RsETHSafeModule_exp.sol
ETH,0x2D62109243b87C4bA3EE7bA1D91B0dD0A074d7b1,unknown,Aave rsETH aToken        0x2D62109243b87C4bA3EE7bA1D91B0dD0A,defihacklabs,RsETHSafeModule,2026-09-15,2026-09-21T11:53:19,https://github.com/SunWeb3Sec/DeFiHackLabs/blob/main/src/test/2026-09/RsETHSafeModule_exp.sol
ETH,0xA1290d69c65A6Fe4DF752f95823fae25cB99e5A7,unknown,rsETH                    0xA1290d69c65A6Fe4DF752f95823fae25c,defihacklabs,RsETHSafeModule,2026-09-15,2026-09-21T11:53:19,https://github.com/SunWeb3Sec/DeFiHackLabs/blob/main/src/test/2026-09/RsETHSafeModule_exp.sol
ETH,0xFDe0d1575Ed8E06FBf36256bcdfA1F359281455A,unknown,"MEV ""yoink"" frontrunner  0xFDe0d1575Ed8E06FBf36256bcdfA1F359",defihacklabs,RsETHSafeModule,2026-09-15,2026-09-21T11:53:19,https://github.com/SunWeb3Sec/DeFiHackLabs/blob/main/src/test/2026-09/RsETHSafeModule_exp.sol
ETH,0x0dC2c5D6b05A317076CF501f7E7be36a5dfe9b66,attacker,"""original exploiter(s)""  0x0dC2c5D6b05A317076CF501f7E7be36a5",defihacklabs,RsETHSafeModule,2026-09-15,2026-09-21T11:53:19,https://github.com/SunWeb3Sec/DeFiHackLabs/blob/main/src/test/2026-09/RsETHSafeModule_exp.sol
ETH,0x2f7e143e27F2fa26Ef3B8AC72698F1D321422f67,attacker,"""original exploiter(s)""  0x0dC2c5D6b05A317076CF501f7E7be36a5",defihacklabs,RsETHSafeModule,2026-09-15,2026-09-21T11:53:19,https://github.com/SunWeb3Sec/DeFiHackLabs/blob/main/src/test/2026-09/RsETHSafeModule_exp.sol
BSC,0x90bde1e0Bb16B3DEEb9d638aCf8D01F19fD2F31e,attacker,attacker EOA,defihacklabs,Likwid,2026-09-18,2026-09-21T11:53:19,https://github.com/SunWeb3Sec/DeFiHackLabs/blob/main/src/test/2026-09/Likwid_exp.sol
BSC,0xC63FB27F52ed8d06673c60c3075B2D3bD26Cf4AA,attacker,attacker contract (pre‑held 218.58M TOKEN),defihacklabs,Likwid,2026-09-18,2026-09-21T11:53:19,https://github.com/SunWeb3Sec/DeFiHackLabs/blob/main/src/test/2026-09/Likwid_exp.sol
BSC,0x6bec0c1dc4898484b7f094566ddf8bc82ed7abe8,victim,LikwidMarginPosition (vulnerable contract),defihacklabs,Likwid,2026-09-18,2026-09-21T11:53:19,https://github.com/SunWeb3Sec/DeFiHackLabs/blob/main/src/test/2026-09/Likwid_exp.sol
BSC,0x065d449ec9D139740343990B7E1CF05fA830e4Ba,victim,LikwidVault (holds BNB victim contract),defihacklabs,Likwid,2026-09-18,2026-09-21T11:53:19,https://github.com/SunWeb3Sec/DeFiHackLabs/blob/main/src/test/2026-09/Likwid_exp.sol
BSC,0x0f12d5048a6bed7ECc572fa7805D03Af7B5FB9d2,unknown,TOKEN proxy contract (currency1),defihacklabs,Likwid,2026-09-18,2026-09-21T11:53:19,https://github.com/SunWeb3Sec/DeFiHackLabs/blob/main/src/test/2026-09/Likwid_exp.sol
ETH,0x83381e7F7232775735169d72D237B858fFc36871,attacker,Attacker EOA,defihacklabs,Flamincome,2026-09-16,2026-09-21T11:53:19,https://github.com/SunWeb3Sec/DeFiHackLabs/blob/main/src/test/2026-09/Flamincome_exp.sol
HyperEVM,0x19bc1c7fD4Aa93F540498499b8f5B4FC3DDE5A52,attacker,attacker EOA,defihacklabs,PrimeFinance,2026-09-16,2026-09-21T11:53:19,https://github.com/SunWeb3Sec/DeFiHackLabs/blob/main/src/test/2026-09/PrimeFinance_exp.sol
HyperEVM,0x04EDBF3904789d80B0C991e0B66577F2208A2bE6,unknown,DataStreamConsumer (oracle),defihacklabs,PrimeFinance,2026-09-16,2026-09-21T11:53:19,https://github.com/SunWeb3Sec/DeFiHackLabs/blob/main/src/test/2026-09/PrimeFinance_exp.sol
HyperEVM,0x60faa7fac949af392dfc858f5d97e3eefa07e9eb,unknown,Chainlink Verifier proxy,defihacklabs,PrimeFinance,2026-09-16,2026-09-21T11:53:19,https://github.com/SunWeb3Sec/DeFiHackLabs/blob/main/src/test/2026-09/PrimeFinance_exp.sol
HyperEVM,0xf45d6dba93d0db2c849c280f45e60d6e11b3c4dd,unknown,Chainlink Verifier,defihacklabs,PrimeFinance,2026-09-16,2026-09-21T11:53:19,https://github.com/SunWeb3Sec/DeFiHackLabs/blob/main/src/test/2026-09/PrimeFinance_exp.sol
HyperEVM,0xb339448E13E273f6F46e3390e0932Ab7fF9F113F,victim,"Lending pool (victim, Aave-fork)",defihacklabs,PrimeFinance,2026-09-16,2026-09-21T11:53:19,https://github.com/SunWeb3Sec/DeFiHackLabs/blob/main/src/test/2026-09/PrimeFinance_exp.sol
HyperEVM,0xCF4642EF89683D0299B59738b1Cc3AC0177348Ba,unknown,aWHYPE (WHYPE reserve holder),defihacklabs,PrimeFinance,2026-09-16,2026-09-21T11:53:19,https://github.com/SunWeb3Sec/DeFiHackLabs/blob/main/src/test/2026-09/PrimeFinance_exp.sol
HyperEVM,0x68e37dE8d93d3496ae143F2E900490f6280C57cD,unknown,Morpho Blue (flash source),defihacklabs,PrimeFinance,2026-09-16,2026-09-21T11:53:19,https://github.com/SunWeb3Sec/DeFiHackLabs/blob/main/src/test/2026-09/PrimeFinance_exp.sol
HyperEVM,0x981F145a71Da6DF4A7cBe892807782c9CC9a5515,unknown,WHYPE/PRFI UniV2 pool,defihacklabs,PrimeFinance,2026-09-16,2026-09-21T11:53:19,https://github.com/SunWeb3Sec/DeFiHackLabs/blob/main/src/test/2026-09/PrimeFinance_exp.sol
HyperEVM,0x5555555555555555555555555555555555555555,unknown,WHYPE,defihacklabs,PrimeFinance,2026-09-16,2026-09-21T11:53:19,https://github.com/SunWeb3Sec/DeFiHackLabs/blob/main/src/test/2026-09/PrimeFinance_exp.sol
HyperEVM,0x7BBCf1B600565AE023a1806ef637Af4739dE3255,unknown,PRFI,defihacklabs,PrimeFinance,2026-09-16,2026-09-21T11:53:19,https://github.com/SunWeb3Sec/DeFiHackLabs/blob/main/src/test/2026-09/PrimeFinance_exp.sol
ETH,0x859e69a29244a10800a34ee66919426c02afa2f0,attacker,Attacker EOA,defihacklabs,SpiralHookV2,2026-09-12,2026-09-21T11:43:28,https://github.com/SunWeb3Sec/DeFiHackLabs/blob/main/src/test/2026-09/SpiralHookV2_exp.sol
ETH,0x0C23C8BC3b7C565f3f9F4aC691A4Dc4275086F86,unknown,Attack contract,defihacklabs,SpiralHookV2,2026-09-12,2026-09-21T11:43:28,https://github.com/SunWeb3Sec/DeFiHackLabs/blob/main/src/test/2026-09/SpiralHookV2_exp.sol
ETH,0x1725577dC9B1ee2D95dB49c2193226471594aacc,unknown,SpiralHookV2,defihacklabs,SpiralHookV2,2026-09-12,2026-09-21T11:43:28,https://github.com/SunWeb3Sec/DeFiHackLabs/blob/main/src/test/2026-09/SpiralHookV2_exp.sol
ETH,0x6a77E39240dA69Ea788e4cF93663D2c41EA4b12b,unknown,SPIRAL token,defihacklabs,SpiralHookV2,2026-09-12,2026-09-21T11:43:28,https://github.com/SunWeb3Sec/DeFiHackLabs/blob/main/src/test/2026-09/SpiralHookV2_exp.sol
ETH,0x000000000004444c5dc75cB358380D2e3dE08A90,unknown,V4 PoolManager,defihacklabs,SpiralHookV2,2026-09-12,2026-09-21T11:43:28,https://github.com/SunWeb3Sec/DeFiHackLabs/blob/main/src/test/2026-09/SpiralHookV2_exp.sol
BTC,bc1ql4mfu6aundtkksxklfajs2h3t9nzcd6gyqjlte,attacker,actor-controlled consolidation and on-chain-messaging address; received ~598.5 BTC,rekt,Liquid Network,2026-09-06,2026-09-16T22:02:54,https://rekt.news/liquid-network-rekt
BTC,bc1qdlld6antmv4xug242ed83q7k4rqw50cwfns38szx4qu2f4jwaxxsuhwxxr,victim,"Liquid Federation peg wallet; received 3,400 BTC returned",rekt,Liquid Network,2026-09-06,2026-09-16T22:02:54,https://rekt.news/liquid-network-rekt
BTC,Bc1ql4mfu6aundtkksxklfajs2h3t9nzcd6gyqjlte,unknown,,rekt,Liquid Network,2026-09-06,2026-09-16T22:02:54,https://rekt.news/liquid-network-rekt
TRX,TW5tokvhEfrb77z98Rc8HqbkzQJ6sxYtGX,sanctioned,OFAC SDN XINBI GUARANTEE [TCO],ofac,Xinbi Guarantee,2026-09-09,2026-09-15T15:14:52,https://ofac.treasury.gov/recent-actions/20260909
TRX,TBKpozurdWLrbKkxtDqkveeq1dSB8Axj3V,sanctioned,OFAC SDN XINBI GUARANTEE [TCO],ofac,Xinbi Guarantee,2026-09-09,2026-09-15T15:14:52,https://ofac.treasury.gov/recent-actions/20260909
TRX,TWqcMjV7Wq2RHe2CSiKQHpkn6A7B2AWUPe,sanctioned,OFAC SDN XINBI GUARANTEE [TCO],ofac,Xinbi Guarantee,2026-09-09,2026-09-15T15:14:52,https://ofac.treasury.gov/recent-actions/20260909
TRX,TG83Fk56S2mycAUMYHZyZp9wMg6DCf4bUn,sanctioned,OFAC SDN XINBI GUARANTEE [TCO],ofac,Xinbi Guarantee,2026-09-09,2026-09-15T15:14:52,https://ofac.treasury.gov/recent-actions/20260909
TRX,TYkE8VwX1SGHM3Q2CA29nka5U2F2khKAj5,sanctioned,OFAC SDN XINBI GUARANTEE [TCO],ofac,Xinbi Guarantee,2026-09-09,2026-09-15T15:14:52,https://ofac.treasury.gov/recent-actions/20260909
TRX,TEECjwHqVG8sDmM3VtscjuCaRe5p351MU7,sanctioned,OFAC SDN XINBI GUARANTEE [TCO],ofac,Xinbi Guarantee,2026-09-09,2026-09-15T15:14:52,https://ofac.treasury.gov/recent-actions/20260909
TRX,TDU61o35UEe5hdB3R16c116DrPSV4kiyKz,sanctioned,OFAC SDN XINBI GUARANTEE [TCO],ofac,Xinbi Guarantee,2026-09-09,2026-09-15T15:14:52,https://ofac.treasury.gov/recent-actions/20260909
TRX,TKRNCETxbiMmyyMraCkgdXKdLr1ZkmKxV5,sanctioned,OFAC SDN XINBI GUARANTEE [TCO],ofac,Xinbi Guarantee,2026-09-09,2026-09-15T15:14:52,https://ofac.treasury.gov/recent-actions/20260909
TRX,TTWRf2MD6zJ26bS4uKCNrcp84aAr7AmTjm,sanctioned,OFAC SDN XINBI GUARANTEE [TCO],ofac,Xinbi Guarantee,2026-09-09,2026-09-15T15:14:52,https://ofac.treasury.gov/recent-actions/20260909
TRX,TYvjt4ZKfsipHjA52nzgjUjDBF622SLCih,sanctioned,OFAC SDN XINBI GUARANTEE [TCO],ofac,Xinbi Guarantee,2026-09-09,2026-09-15T15:14:52,https://ofac.treasury.gov/recent-actions/20260909
TRX,TXHX2NUvcgft4zs6MkkUtdNVERPTavHDWN,sanctioned,OFAC SDN XINBI GUARANTEE [TCO],ofac,Xinbi Guarantee,2026-09-09,2026-09-15T15:14:52,https://ofac.treasury.gov/recent-actions/20260909
TRX,TWPma8xH48AEN93x2krdukV9e1j6sPsBeS,sanctioned,OFAC SDN XINBI GUARANTEE [TCO],ofac,Xinbi Guarantee,2026-09-09,2026-09-15T15:14:52,https://ofac.treasury.gov/recent-actions/20260909
TRX,TK3n8pGHvDTcK53mpfeDAMzdwjb22qvFU3,sanctioned,OFAC SDN XINBI GUARANTEE [TCO],ofac,Xinbi Guarantee,2026-09-09,2026-09-15T15:14:52,https://ofac.treasury.gov/recent-actions/20260909
TRX,TGSGw4aUeAMNCfD8WqLRLe8ErQiJ1vqghj,sanctioned,OFAC SDN XINBI GUARANTEE [TCO],ofac,Xinbi Guarantee,2026-09-09,2026-09-15T15:14:52,https://ofac.treasury.gov/recent-actions/20260909
TRX,TBNjCi1d5Ns6ec5aMp28LpfKcX7xTpykAN,sanctioned,OFAC SDN XINBI GUARANTEE [TCO],ofac,Xinbi Guarantee,2026-09-09,2026-09-15T15:14:52,https://ofac.treasury.gov/recent-actions/20260909
TRX,THH9JJNbLDN7qs1CyTxJQEjhC9y5FnZUhU,sanctioned,OFAC SDN XINBI GUARANTEE [TCO],ofac,Xinbi Guarantee,2026-09-09,2026-09-15T15:14:52,https://ofac.treasury.gov/recent-actions/20260909
TRX,TQhT3QWAbFiy6GEYuBrbK97uP3XVmTpRD8,sanctioned,OFAC SDN XINBI GUARANTEE [TCO],ofac,Xinbi Guarantee,2026-09-09,2026-09-15T15:14:52,https://ofac.treasury.gov/recent-actions/20260909
TRX,TXka5xc6mEkcoVXR7F2TFDKernyLt3XyW4,sanctioned,OFAC SDN XINBI GUARANTEE [TCO],ofac,Xinbi Guarantee,2026-09-09,2026-09-15T15:14:52,https://ofac.treasury.gov/recent-actions/20260909
TRX,TH1yknksde3pBY3oWVhUxVTbWbLqdafqYT,sanctioned,OFAC SDN XINBI GUARANTEE [TCO],ofac,Xinbi Guarantee,2026-09-09,2026-09-15T15:14:52,https://ofac.treasury.gov/recent-actions/20260909
TRX,TLHWeZcDmXk6idnaGwsQ9CEmK24KpoGgRM,sanctioned,OFAC SDN XINBI GUARANTEE [TCO],ofac,Xinbi Guarantee,2026-09-09,2026-09-15T15:14:52,https://ofac.treasury.gov/recent-actions/20260909
TRX,TTmvr41Fa9LeWJQ8NKQ5t4wFUspgEA1mJF,sanctioned,OFAC SDN XINBI GUARANTEE [TCO],ofac,Xinbi Guarantee,2026-09-09,2026-09-15T15:14:52,https://ofac.treasury.gov/recent-actions/20260909
TRX,THifikwE6RtxYNWdcP9CWUjXS8Gh1xBCoa,sanctioned,OFAC SDN XINBI GUARANTEE [TCO],ofac,Xinbi Guarantee,2026-09-09,2026-09-15T15:14:52,https://ofac.treasury.gov/recent-actions/20260909
TRX,TR983hNyUNgrNSB1xncG9thZNhgYpbNvSh,sanctioned,OFAC SDN XINBI GUARANTEE [TCO],ofac,Xinbi Guarantee,2026-09-09,2026-09-15T15:14:52,https://ofac.treasury.gov/recent-actions/20260909
TRX,TNwe3WoEX6XrQ5NPAeWPkvpTtdaf27XYxK,sanctioned,OFAC SDN XINBI GUARANTEE [TCO],ofac,Xinbi Guarantee,2026-09-09,2026-09-15T15:14:52,https://ofac.treasury.gov/recent-actions/20260909
TRX,TGcewGsDLy7Fzc66kXXEB8Kh2b6u2XCvnV,sanctioned,OFAC SDN XINBI GUARANTEE [TCO],ofac,Xinbi Guarantee,2026-09-09,2026-09-15T15:14:52,https://ofac.treasury.gov/recent-actions/20260909
TRX,TYq3iRujcBELXX89i9JY32UmLxcyZAJe7E,sanctioned,OFAC SDN XINBI GUARANTEE [TCO],ofac,Xinbi Guarantee,2026-09-09,2026-09-15T15:14:52,https://ofac.treasury.gov/recent-actions/20260909
TRX,TRyQivSkQChryfnYnE1bUmJhnL3TvKUpvS,sanctioned,OFAC SDN XINBI GUARANTEE [TCO],ofac,Xinbi Guarantee,2026-09-09,2026-09-15T15:14:52,https://ofac.treasury.gov/recent-actions/20260909
TRX,TGjYoJLhfAiD2BRV9hwCeuHhZ54D3gLKTd,sanctioned,OFAC SDN XINBI GUARANTEE [TCO],ofac,Xinbi Guarantee,2026-09-09,2026-09-15T15:14:52,https://ofac.treasury.gov/recent-actions/20260909
TRX,TXT9atp8qBMXKbFYnRyWkM88UXYyobQNLP,sanctioned,OFAC SDN XINBI GUARANTEE [TCO],ofac,Xinbi Guarantee,2026-09-09,2026-09-15T15:14:52,https://ofac.treasury.gov/recent-actions/20260909
TRX,TThRMUSidD4gQeCnu56cFfCmqS421Nmbu7,sanctioned,OFAC SDN XINBI GUARANTEE [TCO],ofac,Xinbi Guarantee,2026-09-09,2026-09-15T15:14:52,https://ofac.treasury.gov/recent-actions/20260909
TRX,TAkpWPt2JZdiLSkG7ZX2VAQkZQsnGZ1nqh,sanctioned,OFAC SDN XINBI GUARANTEE [TCO],ofac,Xinbi Guarantee,2026-09-09,2026-09-15T15:14:52,https://ofac.treasury.gov/recent-actions/20260909
TRX,TZ8zsUe9M9tkhrFtfE7vMMmEwgVEF3n2UN,sanctioned,OFAC SDN XINBI GUARANTEE [TCO],ofac,Xinbi Guarantee,2026-09-09,2026-09-15T15:14:52,https://ofac.treasury.gov/recent-actions/20260909
TRX,TM9c5uR2UKwd5fMySgaoYSjphRyi3AjAtc,sanctioned,OFAC SDN XINBI GUARANTEE [TCO],ofac,Xinbi Guarantee,2026-09-09,2026-09-15T15:14:52,https://ofac.treasury.gov/recent-actions/20260909
TRX,TTjHn8qNVxazB3UroiekGRPuM2w2GwvNbn,sanctioned,OFAC SDN XINBI GUARANTEE [TCO],ofac,Xinbi Guarantee,2026-09-09,2026-09-15T15:14:52,https://ofac.treasury.gov/recent-actions/20260909
TRX,TWHwre81Mv4hvupNdHnsYX9FPocm29dQQQ,sanctioned,OFAC SDN XINBI GUARANTEE [TCO],ofac,Xinbi Guarantee,2026-09-09,2026-09-15T15:14:52,https://ofac.treasury.gov/recent-actions/20260909
TRX,TT4WKPQscK7fkxrPj1E9PjZp1HTVBUpoTm,sanctioned,OFAC SDN XINBI GUARANTEE [TCO],ofac,Xinbi Guarantee,2026-09-09,2026-09-15T15:14:52,https://ofac.treasury.gov/recent-actions/20260909
TRX,TYZKYK2fbvw3EAPES2daFvoV4DqPna43Jd,sanctioned,OFAC SDN XINBI GUARANTEE [TCO],ofac,Xinbi Guarantee,2026-09-09,2026-09-15T15:14:52,https://ofac.treasury.gov/recent-actions/20260909
TRX,TF7LUSoZQyDFxTFzCL11saBHAqMAyPh8dK,sanctioned,OFAC SDN XINBI GUARANTEE [TCO],ofac,Xinbi Guarantee,2026-09-09,2026-09-15T15:14:52,https://ofac.treasury.gov/recent-actions/20260909
TRX,TSmcHwvTR27Ao4NN8HhPFCVcPU5aTEqLDt,sanctioned,OFAC SDN XINBI GUARANTEE [TCO],ofac,Xinbi Guarantee,2026-09-09,2026-09-15T15:14:52,https://ofac.treasury.gov/recent-actions/20260909
TRX,TJ6NznpBV5uUpp5uZGDub9zD1999999999,sanctioned,OFAC SDN XINBI GUARANTEE [TCO],ofac,Xinbi Guarantee,2026-09-09,2026-09-15T15:14:52,https://ofac.treasury.gov/recent-actions/20260909
TRX,TPD4pmojFA2f2RvgnSDa7YCuGJ4BeS9yK2,sanctioned,OFAC SDN XINBI GUARANTEE [TCO],ofac,Xinbi Guarantee,2026-09-09,2026-09-15T15:14:52,https://ofac.treasury.gov/recent-actions/20260909
TRX,TXtH3iUipk6DZnYNu3kgjDsnSSLHLz8ZZU,sanctioned,OFAC SDN XINBI GUARANTEE [TCO],ofac,Xinbi Guarantee,2026-09-09,2026-09-15T15:14:52,https://ofac.treasury.gov/recent-actions/20260909
TRX,TBEqQGTxXRWXXeqe7ZwmSB6hc5MMMMMMMM,sanctioned,OFAC SDN XINBI GUARANTEE [TCO],ofac,Xinbi Guarantee,2026-09-09,2026-09-15T15:14:52,https://ofac.treasury.gov/recent-actions/20260909
TRX,TTYf9kcvABTSizXsdbC2E5co6jx9jvJ111,sanctioned,OFAC SDN XINBI GUARANTEE [TCO],ofac,Xinbi Guarantee,2026-09-09,2026-09-15T15:14:52,https://ofac.treasury.gov/recent-actions/20260909
TRX,TTrHak4biV5ZtNwN1K8oi7916CjmeVVeH8,sanctioned,OFAC SDN XINBI GUARANTEE [TCO],ofac,Xinbi Guarantee,2026-09-09,2026-09-15T15:14:52,https://ofac.treasury.gov/recent-actions/20260909
TRX,TCoKgVdQbSyPnJnf9oNUNQn3dWMDD9wbQL,sanctioned,OFAC SDN XINBI GUARANTEE [TCO],ofac,Xinbi Guarantee,2026-09-09,2026-09-15T15:14:52,https://ofac.treasury.gov/recent-actions/20260909
TRX,TNUQ2rZSRjZaGhtbwaFZEvuaemMj5z5Fnm,sanctioned,OFAC SDN XINBI GUARANTEE [TCO],ofac,Xinbi Guarantee,2026-09-09,2026-09-15T15:14:52,https://ofac.treasury.gov/recent-actions/20260909
TRX,TTWBrNgoooSs9HQQKMty3ZQDbS9LzgjNiH,sanctioned,OFAC SDN XINBI GUARANTEE [TCO],ofac,Xinbi Guarantee,2026-09-09,2026-09-15T15:14:52,https://ofac.treasury.gov/recent-actions/20260909
TRX,TGu8xk3u1QcA9FNCQZ4RUTvniiCjNkjXkA,sanctioned,OFAC SDN XINBI GUARANTEE [TCO],ofac,Xinbi Guarantee,2026-09-09,2026-09-15T15:14:52,https://ofac.treasury.gov/recent-actions/20260909
TRX,TAQPzv9941nVuTj4ng2vd6L11Re57r42pW,sanctioned,OFAC SDN XINBI GUARANTEE [TCO],ofac,Xinbi Guarantee,2026-09-09,2026-09-15T15:14:52,https://ofac.treasury.gov/recent-actions/20260909
TRX,TMdZfVVAsxKsbXGmV3kBnEgM69z3QHH3kz,sanctioned,OFAC SDN XINBI GUARANTEE [TCO],ofac,Xinbi Guarantee,2026-09-09,2026-09-15T15:14:52,https://ofac.treasury.gov/recent-actions/20260909
TRX,TZ42sU5kQ2n5rLZ6PhEGkmfLtmHjoi2vpr,sanctioned,OFAC SDN XINBI GUARANTEE [TCO],ofac,Xinbi Guarantee,2026-09-09,2026-09-15T15:14:52,https://ofac.treasury.gov/recent-actions/20260909
XMR,44dZUJ7w1T3fKAvFW8XyXUVoAGSbFvXef2wcbnsjNKGWYorpLJBjth5VKSFhLGkpYKJb2J341tdZHBnbpv72WL7e8zuxfR2,sanctioned,OFAC SDN ISIL KHORASAN (변경) [FTO] [SDGT],ofac,Xinbi Guarantee,2026-09-09,2026-09-15T15:14:52,https://ofac.treasury.gov/recent-actions/20260909
XMR,45ezvPejNsKYntjhyyeb7fbfzi1sxYQozc5Ffseh8jPGW4JZQQVXykNTfK5uGFiij7Hp3qPv3T5HCR7F3Fnmz2mzE1aKQwo,sanctioned,OFAC SDN ISIL KHORASAN (변경) [FTO] [SDGT],ofac,Xinbi Guarantee,2026-09-09,2026-09-15T15:14:52,https://ofac.treasury.gov/recent-actions/20260909
XMR,47FVhkRkWgnLs81UBqgY8ui6axAB1627HJjkY2qPnWxMbGfx7387kcY6RzScHgGMQAaH6CBxKXAS4862tS2fhs9BRdmuyav,sanctioned,OFAC SDN ISIL KHORASAN (변경) [FTO] [SDGT],ofac,Xinbi Guarantee,2026-09-09,2026-09-15T15:14:52,https://ofac.treasury.gov/recent-actions/20260909
TRX,TUoixKFaWVsHxGWgnYyMzpkrT22YqU7VvH,sanctioned,OFAC SDN ISIL KHORASAN (변경) [FTO] [SDGT],ofac,Xinbi Guarantee,2026-09-09,2026-09-15T15:14:52,https://ofac.treasury.gov/recent-actions/20260909
TRX,TBtRqkiFzyuwe8nSAGQghxygAfwAF5eERq,sanctioned,OFAC SDN ISIL KHORASAN (변경) [FTO] [SDGT],ofac,Xinbi Guarantee,2026-09-09,2026-09-15T15:14:52,https://ofac.treasury.gov/recent-actions/20260909
TRX,TTs7KRq39547ruAsxb9brAPuTLy7h3U6H1,sanctioned,OFAC SDN ISIL KHORASAN (변경) [FTO] [SDGT],ofac,Xinbi Guarantee,2026-09-09,2026-09-15T15:14:52,https://ofac.treasury.gov/recent-actions/20260909
TRX,TVttWTHTCU9kULP51m9BaHpmCW8H1BJJNQ,sanctioned,OFAC SDN ISIL KHORASAN (변경) [FTO] [SDGT],ofac,Xinbi Guarantee,2026-09-09,2026-09-15T15:14:52,https://ofac.treasury.gov/recent-actions/20260909
TRX,TCqKhk7MpPnGH3UfygE1TRzUo92a5tuVy6,sanctioned,OFAC SDN ISIL KHORASAN (변경) [FTO] [SDGT],ofac,Xinbi Guarantee,2026-09-09,2026-09-15T15:14:52,https://ofac.treasury.gov/recent-actions/20260909
TRX,TSbGiFzG9xFXUYgGA6RwbS3jvKNpeA4c3R,sanctioned,OFAC SDN ISIL KHORASAN (변경) [FTO] [SDGT],ofac,Xinbi Guarantee,2026-09-09,2026-09-15T15:14:52,https://ofac.treasury.gov/recent-actions/20260909
TRX,TVXHp8bMrpRd5HGy3w1yu9f87qwRrMHFp8,sanctioned,OFAC SDN ISIL KHORASAN (변경) [FTO] [SDGT],ofac,Xinbi Guarantee,2026-09-09,2026-09-15T15:14:52,https://ofac.treasury.gov/recent-actions/20260909
TRX,TQ8a74SiDig3EDSC14tosLACWLbvaNYwCJ,sanctioned,OFAC SDN ISIL KHORASAN (변경) [FTO] [SDGT],ofac,Xinbi Guarantee,2026-09-09,2026-09-15T15:14:52,https://ofac.treasury.gov/recent-actions/20260909
TRX,TWdqVcA3NyrNv71NgbMwKv3C5XMxj4XjSp,sanctioned,OFAC SDN ISIL KHORASAN (변경) [FTO] [SDGT],ofac,Xinbi Guarantee,2026-09-09,2026-09-15T15:14:52,https://ofac.treasury.gov/recent-actions/20260909
TRX,TX1zyMrYZNbtQx7yPZp4adZV5NbToGNrkS,sanctioned,OFAC SDN ISIL KHORASAN (변경) [FTO] [SDGT],ofac,Xinbi Guarantee,2026-09-09,2026-09-15T15:14:52,https://ofac.treasury.gov/recent-actions/20260909
TRX,TSSQDgExKUELagzAKTAcoLMviq4SZ1eTFm,sanctioned,OFAC SDN ISIL KHORASAN (변경) [FTO] [SDGT],ofac,Xinbi Guarantee,2026-09-09,2026-09-15T15:14:52,https://ofac.treasury.gov/recent-actions/20260909
TRX,TUfq9hfP7qUDMoJbzkjG4GPtNxhZewqk8Z,sanctioned,OFAC SDN ISIL KHORASAN (변경) [FTO] [SDGT],ofac,Xinbi Guarantee,2026-09-09,2026-09-15T15:14:52,https://ofac.treasury.gov/recent-actions/20260909
TRX,TCEe3McjK9FWby8YsNmtRDwJt1x2s5dFTL,sanctioned,OFAC SDN ISIL KHORASAN (변경) [FTO] [SDGT],ofac,Xinbi Guarantee,2026-09-09,2026-09-15T15:14:52,https://ofac.treasury.gov/recent-actions/20260909
TRX,TBJqexr1FfGxVKhDsKeou6FVLBW1aS1Ny7,sanctioned,OFAC SDN ISIL KHORASAN (변경) [FTO] [SDGT],ofac,Xinbi Guarantee,2026-09-09,2026-09-15T15:14:52,https://ofac.treasury.gov/recent-actions/20260909
TRX,TV6cvFEMcfxGsWqgxpBrXZ35MkhdtdhT3G,sanctioned,OFAC SDN ISIL KHORASAN (변경) [FTO] [SDGT],ofac,Xinbi Guarantee,2026-09-09,2026-09-15T15:14:52,https://ofac.treasury.gov/recent-actions/20260909
TRX,THfLaNMBAMz7xXnHoz5BkRMmrwuHKqfAfR,sanctioned,OFAC SDN ISIL KHORASAN (변경) [FTO] [SDGT],ofac,Xinbi Guarantee,2026-09-09,2026-09-15T15:14:52,https://ofac.treasury.gov/recent-actions/20260909
TRX,TCudJgJ14kk3Ss2PEgsT15frztKpyG7HEh,sanctioned,OFAC SDN ISIL KHORASAN (변경) [FTO] [SDGT],ofac,Xinbi Guarantee,2026-09-09,2026-09-15T15:14:52,https://ofac.treasury.gov/recent-actions/20260909
TRX,TCk1g37N3x6PDda63waydNQwqTUzFNpsrR,sanctioned,OFAC SDN ISIL KHORASAN (변경) [FTO] [SDGT],ofac,Xinbi Guarantee,2026-09-09,2026-09-15T15:14:52,https://ofac.treasury.gov/recent-actions/20260909
TRX,TU8hJXgHdxWuj4DaaBKQFUwDeB8B5Xacke,sanctioned,OFAC SDN ISIL KHORASAN (변경) [FTO] [SDGT],ofac,Xinbi Guarantee,2026-09-09,2026-09-15T15:14:52,https://ofac.treasury.gov/recent-actions/20260909
TRX,TL5WqcFX7XkhVLLwaXrdr57gnjC4stBeSG,sanctioned,OFAC SDN ISIL KHORASAN (변경) [FTO] [SDGT],ofac,Xinbi Guarantee,2026-09-09,2026-09-15T15:14:52,https://ofac.treasury.gov/recent-actions/20260909
TRX,TSFCGGbR57b56c4MXdiW5gzpD8j6cmimgo,sanctioned,OFAC SDN ISIL KHORASAN (변경) [FTO] [SDGT],ofac,Xinbi Guarantee,2026-09-09,2026-09-15T15:14:52,https://ofac.treasury.gov/recent-actions/20260909
TRX,TXHb3BkGgYmygyS14MJKX8kTcFGT7dXN4r,sanctioned,OFAC SDN ISIL KHORASAN (변경) [FTO] [SDGT],ofac,Xinbi Guarantee,2026-09-09,2026-09-15T15:14:52,https://ofac.treasury.gov/recent-actions/20260909
TRX,TN56YaCBymut2xoiRvy3v2qZ2pYgmBAtSo,sanctioned,OFAC SDN ISIL KHORASAN (변경) [FTO] [SDGT],ofac,Xinbi Guarantee,2026-09-09,2026-09-15T15:14:52,https://ofac.treasury.gov/recent-actions/20260909
TRX,TPnUDsrLYZg1UXGkpXSmhFEY5J5etfzE9S,sanctioned,OFAC SDN ISIL KHORASAN (변경) [FTO] [SDGT],ofac,Xinbi Guarantee,2026-09-09,2026-09-15T15:14:52,https://ofac.treasury.gov/recent-actions/20260909
TRX,TVXP7Aj5KFUPKMQUrsU6F3wUsyiLiUaUje,sanctioned,OFAC SDN ISIL KHORASAN (변경) [FTO] [SDGT],ofac,Xinbi Guarantee,2026-09-09,2026-09-15T15:14:52,https://ofac.treasury.gov/recent-actions/20260909
TRX,TDxXXmCELgrb5VwYobDMyTKVTTdY9LjEjx,sanctioned,OFAC SDN ISIL KHORASAN (변경) [FTO] [SDGT],ofac,Xinbi Guarantee,2026-09-09,2026-09-15T15:14:52,https://ofac.treasury.gov/recent-actions/20260909
TRX,TXoVNrqm11FFVKcF1vEND64gibVkr1HwAR,sanctioned,OFAC SDN ISIL KHORASAN (변경) [FTO] [SDGT],ofac,Xinbi Guarantee,2026-09-09,2026-09-15T15:14:52,https://ofac.treasury.gov/recent-actions/20260909
TRX,TEKeY9i4CcVySJMmhuh2AxZhtgTmugYUMW,sanctioned,OFAC SDN ISIL KHORASAN (변경) [FTO] [SDGT],ofac,Xinbi Guarantee,2026-09-09,2026-09-15T15:14:52,https://ofac.treasury.gov/recent-actions/20260909
TRX,TW9mABkenngQyJBqce5khR9fNCBF5gsBFQ,sanctioned,OFAC SDN ISIL KHORASAN (변경) [FTO] [SDGT],ofac,Xinbi Guarantee,2026-09-09,2026-09-15T15:14:52,https://ofac.treasury.gov/recent-actions/20260909
TRX,TWumrtaEaPCv8Bs9mXqKkhY5sZVd78QAdS,sanctioned,OFAC SDN ISIL KHORASAN (변경) [FTO] [SDGT],ofac,Xinbi Guarantee,2026-09-09,2026-09-15T15:14:52,https://ofac.treasury.gov/recent-actions/20260909
TRX,TD7TXyvmjPfJkfhJuQ58NXA9dX9q81mqAp,sanctioned,OFAC SDN ISIL KHORASAN (변경) [FTO] [SDGT],ofac,Xinbi Guarantee,2026-09-09,2026-09-15T15:14:52,https://ofac.treasury.gov/recent-actions/20260909
TRX,TEtLieZwyjJTth7S5EJqUNjtSbM1ui9toK,sanctioned,OFAC SDN ISIL KHORASAN (변경) [FTO] [SDGT],ofac,Xinbi Guarantee,2026-09-09,2026-09-15T15:14:52,https://ofac.treasury.gov/recent-actions/20260909
TRX,TS729BUXeZWBhJGPKCdK75q7VU4nhkJkYT,sanctioned,OFAC SDN ISIL KHORASAN (변경) [FTO] [SDGT],ofac,Xinbi Guarantee,2026-09-09,2026-09-15T15:14:52,https://ofac.treasury.gov/recent-actions/20260909
TRX,TER8k4zWt3byuHyvyBkLstz3QVUUuBs9pt,sanctioned,OFAC SDN ISIL KHORASAN (변경) [FTO] [SDGT],ofac,Xinbi Guarantee,2026-09-09,2026-09-15T15:14:52,https://ofac.treasury.gov/recent-actions/20260909
TRX,TByksCkUtMaYwHCSaetmAGufpeyfdXBrJk,sanctioned,OFAC SDN ISIL KHORASAN (변경) [FTO] [SDGT],ofac,Xinbi Guarantee,2026-09-09,2026-09-15T15:14:52,https://ofac.treasury.gov/recent-actions/20260909
TRX,TNmKrdYLPtFwPNWJUjrXdkQw4gSwpszUJd,sanctioned,OFAC SDN ISIL KHORASAN (변경) [FTO] [SDGT],ofac,Xinbi Guarantee,2026-09-09,2026-09-15T15:14:52,https://ofac.treasury.gov/recent-actions/20260909
TRX,TTuDmNhu8A6koPJRUd8Q5RnsT1FMfrZnoj,sanctioned,OFAC SDN ISIL KHORASAN (변경) [FTO] [SDGT],ofac,Xinbi Guarantee,2026-09-09,2026-09-15T15:14:52,https://ofac.treasury.gov/recent-actions/20260909
TRX,TGLrjZc9c48iMFB4ZmDnSjSRMq27MXPg2k,sanctioned,OFAC SDN ISIL KHORASAN (변경) [FTO] [SDGT],ofac,Xinbi Guarantee,2026-09-09,2026-09-15T15:14:52,https://ofac.treasury.gov/recent-actions/20260909
TRX,TVgJTK9qPg7wGTyeTG2MYF8aKMEx883xYU,sanctioned,OFAC SDN ISIL KHORASAN (변경) [FTO] [SDGT],ofac,Xinbi Guarantee,2026-09-09,2026-09-15T15:14:52,https://ofac.treasury.gov/recent-actions/20260909
TRX,TPkNp2Z5KiA1sLWpPMWsfNErVo2dHxc4iy,sanctioned,OFAC SDN ISIL KHORASAN (변경) [FTO] [SDGT],ofac,Xinbi Guarantee,2026-09-09,2026-09-15T15:14:52,https://ofac.treasury.gov/recent-actions/20260909
TRX,TDSGtCciE9yFKYzDj1kBBc3F7gosguDqwC,sanctioned,OFAC SDN ISIL KHORASAN (변경) [FTO] [SDGT],ofac,Xinbi Guarantee,2026-09-09,2026-09-15T15:14:52,https://ofac.treasury.gov/recent-actions/20260909
TRX,TNVbVXAgUT83Sv7E9oZwWutXqzs13sr6xN,sanctioned,OFAC SDN ISIL KHORASAN (변경) [FTO] [SDGT],ofac,Xinbi Guarantee,2026-09-09,2026-09-15T15:14:52,https://ofac.treasury.gov/recent-actions/20260909
TRX,TAwNQN5tmzJJ694PPuoFUxQY13quBs8YgA,sanctioned,OFAC SDN ISIL KHORASAN (변경) [FTO] [SDGT],ofac,Xinbi Guarantee,2026-09-09,2026-09-15T15:14:52,https://ofac.treasury.gov/recent-actions/20260909
TRX,TGNwKzHjYvYP2SwsrmCYrRRvCRdxQgLq1w,sanctioned,OFAC SDN ISIL KHORASAN (변경) [FTO] [SDGT],ofac,Xinbi Guarantee,2026-09-09,2026-09-15T15:14:52,https://ofac.treasury.gov/recent-actions/20260909
TRX,TA3rH2A7iHnm6pKH8gr9cK1EZnShnmZdFg,sanctioned,OFAC SDN ISIL KHORASAN (변경) [FTO] [SDGT],ofac,Xinbi Guarantee,2026-09-09,2026-09-15T15:14:52,https://ofac.treasury.gov/recent-actions/20260909
TRX,TLj5ZRvem4DAdbZLTGU3qAbAdLQug57JVo,sanctioned,OFAC SDN ISIL KHORASAN (변경) [FTO] [SDGT],ofac,Xinbi Guarantee,2026-09-09,2026-09-15T15:14:52,https://ofac.treasury.gov/recent-actions/20260909
TRX,TMRxAJt87MVYnadWne53AxZFG1FPKGfoGz,sanctioned,OFAC SDN ISIL KHORASAN (변경) [FTO] [SDGT],ofac,Xinbi Guarantee,2026-09-09,2026-09-15T15:14:52,https://ofac.treasury.gov/recent-actions/20260909
TRX,TRmrnQiUY1ofMcTQUXvgeauKcZPnmwUeUR,sanctioned,OFAC SDN ISIL KHORASAN (변경) [FTO] [SDGT],ofac,Xinbi Guarantee,2026-09-09,2026-09-15T15:14:52,https://ofac.treasury.gov/recent-actions/20260909
TRX,TBKq3SzXigsGhQNzdCYocpt8RzoMh3uxAr,sanctioned,OFAC SDN ISIL KHORASAN (변경) [FTO] [SDGT],ofac,Xinbi Guarantee,2026-09-09,2026-09-15T15:14:52,https://ofac.treasury.gov/recent-actions/20260909
TRX,TYAiWf2KhXrGuWxmCPaJgC6zNYwFuKtioi,sanctioned,OFAC SDN ISIL KHORASAN (변경) [FTO] [SDGT],ofac,Xinbi Guarantee,2026-09-09,2026-09-15T15:14:52,https://ofac.treasury.gov/recent-actions/20260909
TRX,TYVveapkRkm5RHcDNPU9QnPk8N5RdsS4iY,sanctioned,OFAC SDN ISIL KHORASAN (변경) [FTO] [SDGT],ofac,Xinbi Guarantee,2026-09-09,2026-09-15T15:14:52,https://ofac.treasury.gov/recent-actions/20260909
TRX,TK7HUNru8YLMz7vv8kzWRPrE2ZSgZeCaHV,sanctioned,OFAC SDN ISIL KHORASAN (변경) [FTO] [SDGT],ofac,Xinbi Guarantee,2026-09-09,2026-09-15T15:14:52,https://ofac.treasury.gov/recent-actions/20260909
TRX,TAyyw6ZoTZexvTcN7WRR9t79JUFgSAvkL8,sanctioned,OFAC SDN ISIL KHORASAN (변경) [FTO] [SDGT],ofac,Xinbi Guarantee,2026-09-09,2026-09-15T15:14:52,https://ofac.treasury.gov/recent-actions/20260909
TRX,TJGVHmHVNuU1vsXGGALLoirPwoRZoMUuhg,sanctioned,OFAC SDN ISIL KHORASAN (변경) [FTO] [SDGT],ofac,Xinbi Guarantee,2026-09-09,2026-09-15T15:14:52,https://ofac.treasury.gov/recent-actions/20260909
TRX,TB1Bcv3x8mg7PVV4nVM48pgHJKcYboTypU,sanctioned,OFAC SDN ISIL KHORASAN (변경) [FTO] [SDGT],ofac,Xinbi Guarantee,2026-09-09,2026-09-15T15:14:52,https://ofac.treasury.gov/recent-actions/20260909
TRX,TWxoDF6qvjMUeTYRimaiARGsJTUnjrzZn3,sanctioned,OFAC SDN ISIL KHORASAN (변경) [FTO] [SDGT],ofac,Xinbi Guarantee,2026-09-09,2026-09-15T15:14:52,https://ofac.treasury.gov/recent-actions/20260909
TRX,TCXihiScsAodR942Xq45df9qQAdr5nhkjQ,sanctioned,OFAC SDN ISIL KHORASAN (변경) [FTO] [SDGT],ofac,Xinbi Guarantee,2026-09-09,2026-09-15T15:14:52,https://ofac.treasury.gov/recent-actions/20260909
TRX,TDhtVUnmYwWfzWVrnzryr3fbQo8VTvj4ji,sanctioned,OFAC SDN ISIL KHORASAN (변경) [FTO] [SDGT],ofac,Xinbi Guarantee,2026-09-09,2026-09-15T15:14:52,https://ofac.treasury.gov/recent-actions/20260909
TRX,TE6VgR7rAuY4kuzCjdSVCZFXPjjzSQYY7X,sanctioned,OFAC SDN ISIL KHORASAN (변경) [FTO] [SDGT],ofac,Xinbi Guarantee,2026-09-09,2026-09-15T15:14:52,https://ofac.treasury.gov/recent-actions/20260909
TRX,TV62LkiP1GiNdFCJEdY3xf6GdNLCCi6mfu,sanctioned,OFAC SDN ISIL KHORASAN (변경) [FTO] [SDGT],ofac,Xinbi Guarantee,2026-09-09,2026-09-15T15:14:52,https://ofac.treasury.gov/recent-actions/20260909
TRX,TWBqpQLDPCrXgRW1X9yFqR8NFfjyFSq5k4,sanctioned,OFAC SDN ISIL KHORASAN (변경) [FTO] [SDGT],ofac,Xinbi Guarantee,2026-09-09,2026-09-15T15:14:52,https://ofac.treasury.gov/recent-actions/20260909
TRX,TQetJ6xMqvv2Fu4ftD9UdBhuaKem5HbMou,sanctioned,OFAC SDN ISIL KHORASAN (변경) [FTO] [SDGT],ofac,Xinbi Guarantee,2026-09-09,2026-09-15T15:14:52,https://ofac.treasury.gov/recent-actions/20260909
TRX,TWAfC6htS1FyFv1r3aKENuD8DQGMzBbP8L,sanctioned,OFAC SDN ISIL KHORASAN (변경) [FTO] [SDGT],ofac,Xinbi Guarantee,2026-09-09,2026-09-15T15:14:52,https://ofac.treasury.gov/recent-actions/20260909
TRX,TMfDhpUqW5W6HcMPXFaJfaiY271CYa51Hs,sanctioned,OFAC SDN ISIL KHORASAN (변경) [FTO] [SDGT],ofac,Xinbi Guarantee,2026-09-09,2026-09-15T15:14:52,https://ofac.treasury.gov/recent-actions/20260909
TRX,TB5J8W166YTUmtpUsy4XnNTKLVtesuE9eV,sanctioned,OFAC SDN ISIL KHORASAN (변경) [FTO] [SDGT],ofac,Xinbi Guarantee,2026-09-09,2026-09-15T15:14:52,https://ofac.treasury.gov/recent-actions/20260909
TRX,TSE5NWTJckiN8hJCUzwB3RgsMbdF4uCrmr,sanctioned,OFAC SDN ISIL KHORASAN (변경) [FTO] [SDGT],ofac,Xinbi Guarantee,2026-09-09,2026-09-15T15:14:52,https://ofac.treasury.gov/recent-actions/20260909
TRX,TDi9s3GeAtFBbUvGxqXiZnxiaH9QpqjYFn,sanctioned,OFAC SDN ISIL KHORASAN (변경) [FTO] [SDGT],ofac,Xinbi Guarantee,2026-09-09,2026-09-15T15:14:52,https://ofac.treasury.gov/recent-actions/20260909
TRX,TCUTmWspsaJb3U5JUs5AhVcGwaftyK1qtp,sanctioned,OFAC SDN ISIL KHORASAN (변경) [FTO] [SDGT],ofac,Xinbi Guarantee,2026-09-09,2026-09-15T15:14:52,https://ofac.treasury.gov/recent-actions/20260909
TRX,TYvR9x3Dqx39s9rooaSAHwVwF8psBrcFBV,sanctioned,OFAC SDN ISIL KHORASAN (변경) [FTO] [SDGT],ofac,Xinbi Guarantee,2026-09-09,2026-09-15T15:14:52,https://ofac.treasury.gov/recent-actions/20260909
TRX,TUyo1Kfnnjr2iMQdZxLWPX1U8Xiy1Wz5z5,sanctioned,OFAC SDN ISIL KHORASAN (변경) [FTO] [SDGT],ofac,Xinbi Guarantee,2026-09-09,2026-09-15T15:14:52,https://ofac.treasury.gov/recent-actions/20260909
TRX,TBhR5MLrTsNZ8FUyKgzdrCjWkYD2orYLdx,sanctioned,OFAC SDN ISIL KHORASAN (변경) [FTO] [SDGT],ofac,Xinbi Guarantee,2026-09-09,2026-09-15T15:14:52,https://ofac.treasury.gov/recent-actions/20260909
TRX,THstQuwNidzC4YeJ7uPowf55ZdVZtGcHJ5,sanctioned,OFAC SDN ISIL KHORASAN (변경) [FTO] [SDGT],ofac,Xinbi Guarantee,2026-09-09,2026-09-15T15:14:52,https://ofac.treasury.gov/recent-actions/20260909
TRX,TKX6rgpGpGrJWzf1qXUUSNL5cYHQt7Z9rY,sanctioned,OFAC SDN ISIL KHORASAN (변경) [FTO] [SDGT],ofac,Xinbi Guarantee,2026-09-09,2026-09-15T15:14:52,https://ofac.treasury.gov/recent-actions/20260909
TRX,TWoRwYzsifrD79DHDpTHC8fq787MvH9Qro,sanctioned,OFAC SDN ISIL KHORASAN (변경) [FTO] [SDGT],ofac,Xinbi Guarantee,2026-09-09,2026-09-15T15:14:52,https://ofac.treasury.gov/recent-actions/20260909
TRX,TDHJNJHosn6xNDxMecFZwXyTzE9bYGXp9L,sanctioned,OFAC SDN ISIL KHORASAN (변경) [FTO] [SDGT],ofac,Xinbi Guarantee,2026-09-09,2026-09-15T15:14:52,https://ofac.treasury.gov/recent-actions/20260909
TRX,TQVZEuLHacexyJX3nZStaPzxceS63C9bax,sanctioned,OFAC SDN ISIL KHORASAN (변경) [FTO] [SDGT],ofac,Xinbi Guarantee,2026-09-09,2026-09-15T15:14:52,https://ofac.treasury.gov/recent-actions/20260909
TRX,TQb6Pc4PmfUdUokLq5ygNioj4PnodNak9b,sanctioned,OFAC SDN ISIL KHORASAN (변경) [FTO] [SDGT],ofac,Xinbi Guarantee,2026-09-09,2026-09-15T15:14:52,https://ofac.treasury.gov/recent-actions/20260909
TRX,TR3yiEuFrbBnP8X5DKYFjRxCwbxcYyftD4,sanctioned,OFAC SDN ISIL KHORASAN (변경) [FTO] [SDGT],ofac,Xinbi Guarantee,2026-09-09,2026-09-15T15:14:52,https://ofac.treasury.gov/recent-actions/20260909
TRX,TEBHpD6iiAqhyS4w7zZFmD1rrv65a5HVTD,sanctioned,OFAC SDN ISIL KHORASAN (변경) [FTO] [SDGT],ofac,Xinbi Guarantee,2026-09-09,2026-09-15T15:14:52,https://ofac.treasury.gov/recent-actions/20260909
TRX,TMocScwSbSn2cqRCHVkzZSEar3Jk5AsXgo,sanctioned,OFAC SDN ISIL KHORASAN (변경) [FTO] [SDGT],ofac,Xinbi Guarantee,2026-09-09,2026-09-15T15:14:52,https://ofac.treasury.gov/recent-actions/20260909
TRX,TNKyDgjn2WHZwHhH2Mj5AGMnK4moBX9xQd,sanctioned,OFAC SDN ISIL KHORASAN (변경) [FTO] [SDGT],ofac,Xinbi Guarantee,2026-09-09,2026-09-15T15:14:52,https://ofac.treasury.gov/recent-actions/20260909
TRX,TPcwqbJ3ViWMUQMiKfMjDM7VTiCzdRu1cH,sanctioned,OFAC SDN ISIL KHORASAN (변경) [FTO] [SDGT],ofac,Xinbi Guarantee,2026-09-09,2026-09-15T15:14:52,https://ofac.treasury.gov/recent-actions/20260909
TRX,TVJ4B5R8c8dS65NtUXpZPMGUpCRq8BQUrC,sanctioned,OFAC SDN ISIL KHORASAN (변경) [FTO] [SDGT],ofac,Xinbi Guarantee,2026-09-09,2026-09-15T15:14:52,https://ofac.treasury.gov/recent-actions/20260909
TRX,TAgZxxuvfuKYJY5UPC1DXF8NPHbKtTzEGu,sanctioned,OFAC SDN ISIL KHORASAN (변경) [FTO] [SDGT],ofac,Xinbi Guarantee,2026-09-09,2026-09-15T15:14:52,https://ofac.treasury.gov/recent-actions/20260909
TRX,TCyAE8Lxa1rmTThhE5Z3X95PC9rgMrReMX,sanctioned,OFAC SDN ISIL KHORASAN (변경) [FTO] [SDGT],ofac,Xinbi Guarantee,2026-09-09,2026-09-15T15:14:52,https://ofac.treasury.gov/recent-actions/20260909
TRX,TSi1d66cgg3cPm9L6c2ZD8K1381XusSjkc,sanctioned,OFAC SDN ISIL KHORASAN (변경) [FTO] [SDGT],ofac,Xinbi Guarantee,2026-09-09,2026-09-15T15:14:52,https://ofac.treasury.gov/recent-actions/20260909
TRX,TR83KsDjUKeds62PcAgo7BfhPJPSpMk7Ba,sanctioned,OFAC SDN ISIL KHORASAN (변경) [FTO] [SDGT],ofac,Xinbi Guarantee,2026-09-09,2026-09-15T15:14:52,https://ofac.treasury.gov/recent-actions/20260909
TRX,TDX3dFNPvJeA9eVLLNqf1ixr4U2ktcDmoD,sanctioned,OFAC SDN ISIL KHORASAN (변경) [FTO] [SDGT],ofac,Xinbi Guarantee,2026-09-09,2026-09-15T15:14:52,https://ofac.treasury.gov/recent-actions/20260909
TRX,TJCUwt9EKeTyzDw42658h8aYxQXScLdCZR,sanctioned,OFAC SDN ISIL KHORASAN (변경) [FTO] [SDGT],ofac,Xinbi Guarantee,2026-09-09,2026-09-15T15:14:52,https://ofac.treasury.gov/recent-actions/20260909
TRX,TETfViHWf9ZNB6WJgZBRMB48pTaBFo5Rmd,sanctioned,OFAC SDN ISIL KHORASAN (변경) [FTO] [SDGT],ofac,Xinbi Guarantee,2026-09-09,2026-09-15T15:14:52,https://ofac.treasury.gov/recent-actions/20260909
TRX,TBhTMBAaEWiTtMgMdJ97ZmYotgHeY543cc,sanctioned,OFAC SDN ISIL KHORASAN (변경) [FTO] [SDGT],ofac,Xinbi Guarantee,2026-09-09,2026-09-15T15:14:52,https://ofac.treasury.gov/recent-actions/20260909
TRX,TFebC149jCDiow1MBphhfpHDLeMAKRNrqJ,sanctioned,OFAC SDN ISIL KHORASAN (변경) [FTO] [SDGT],ofac,Xinbi Guarantee,2026-09-09,2026-09-15T15:14:52,https://ofac.treasury.gov/recent-actions/20260909
TRX,TXw4d7BseHBn6sneMUzm4nEdfPVjuJGEH9,sanctioned,OFAC SDN ISIL KHORASAN (변경) [FTO] [SDGT],ofac,Xinbi Guarantee,2026-09-09,2026-09-15T15:14:52,https://ofac.treasury.gov/recent-actions/20260909
TRX,TQt3dWHiPdaKioG7nwovoTDUtxfimyuxYa,sanctioned,OFAC SDN ISIL KHORASAN (변경) [FTO] [SDGT],ofac,Xinbi Guarantee,2026-09-09,2026-09-15T15:14:52,https://ofac.treasury.gov/recent-actions/20260909
TRX,TE5R3hJ6REap6vh14YAqjXczKrYaiteTy3,sanctioned,OFAC SDN ISIL KHORASAN (변경) [FTO] [SDGT],ofac,Xinbi Guarantee,2026-09-09,2026-09-15T15:14:52,https://ofac.treasury.gov/recent-actions/20260909
TRX,TCCryMcQb5A5FSYkmcVy26Nd8J1FWHtfWh,sanctioned,OFAC SDN ISIL KHORASAN (변경) [FTO] [SDGT],ofac,Xinbi Guarantee,2026-09-09,2026-09-15T15:14:52,https://ofac.treasury.gov/recent-actions/20260909
TRX,TLC3piEQ5n4tcULKHqLTGhmYFUyHUVSxck,sanctioned,OFAC SDN ISIL KHORASAN (변경) [FTO] [SDGT],ofac,Xinbi Guarantee,2026-09-09,2026-09-15T15:14:52,https://ofac.treasury.gov/recent-actions/20260909
TRX,TLDtPq9PQsDuQunME8CSeVdYaLtRdrVgoJ,sanctioned,OFAC SDN ISIL KHORASAN (변경) [FTO] [SDGT],ofac,Xinbi Guarantee,2026-09-09,2026-09-15T15:14:52,https://ofac.treasury.gov/recent-actions/20260909
TRX,TRqbVMHWck3j2vKzA16L69v3cwuoyQSY8L,sanctioned,OFAC SDN ISIL KHORASAN (변경) [FTO] [SDGT],ofac,Xinbi Guarantee,2026-09-09,2026-09-15T15:14:52,https://ofac.treasury.gov/recent-actions/20260909
TRX,TA82wQ77kb9DieW4C8q7C4KwMfnCzfziqN,sanctioned,OFAC SDN ISIL KHORASAN (변경) [FTO] [SDGT],ofac,Xinbi Guarantee,2026-09-09,2026-09-15T15:14:52,https://ofac.treasury.gov/recent-actions/20260909
TRX,TUcjuVB6RFvsMgE352Kdc3VHvFvteti97B,sanctioned,OFAC SDN ISIL KHORASAN (변경) [FTO] [SDGT],ofac,Xinbi Guarantee,2026-09-09,2026-09-15T15:14:52,https://ofac.treasury.gov/recent-actions/20260909
TRX,TBfVDwNS6hC2Ln2qTLTRKMMPddscFEhhrU,sanctioned,OFAC SDN ISIL KHORASAN (변경) [FTO] [SDGT],ofac,Xinbi Guarantee,2026-09-09,2026-09-15T15:14:52,https://ofac.treasury.gov/recent-actions/20260909
TRX,TC7vaJsxZteEEnnm2EFm9BRSZvezvsuA86,sanctioned,OFAC SDN ISIL KHORASAN (변경) [FTO] [SDGT],ofac,Xinbi Guarantee,2026-09-09,2026-09-15T15:14:52,https://ofac.treasury.gov/recent-actions/20260909
TRX,TRWDtgCfXzTcMv8W6iJxh6umeqeF3zG7n5,sanctioned,OFAC SDN ISIL KHORASAN (변경) [FTO] [SDGT],ofac,Xinbi Guarantee,2026-09-09,2026-09-15T15:14:52,https://ofac.treasury.gov/recent-actions/20260909
TRX,TUa7BcRjT3eT7kPyNWPvHQkz4qF9v68D7A,sanctioned,OFAC SDN ISIL KHORASAN (변경) [FTO] [SDGT],ofac,Xinbi Guarantee,2026-09-09,2026-09-15T15:14:52,https://ofac.treasury.gov/recent-actions/20260909
TRX,TNHNySUf8LMzhzSiQnHCXCbgatscQbM4ZQ,sanctioned,OFAC SDN ISIL KHORASAN (변경) [FTO] [SDGT],ofac,Xinbi Guarantee,2026-09-09,2026-09-15T15:14:52,https://ofac.treasury.gov/recent-actions/20260909
TRX,TNzvDTvcQTaY9jFrv85JnqibnGcudePj1z,sanctioned,OFAC SDN ISIL KHORASAN (변경) [FTO] [SDGT],ofac,Xinbi Guarantee,2026-09-09,2026-09-15T15:14:52,https://ofac.treasury.gov/recent-actions/20260909
TRX,TUcNB6c22JmcwXbbbuv9HVPeVqv5HSiTwQ,sanctioned,OFAC SDN ISIL KHORASAN (변경) [FTO] [SDGT],ofac,Xinbi Guarantee,2026-09-09,2026-09-15T15:14:52,https://ofac.treasury.gov/recent-actions/20260909
TRX,TVUS1CVQnnzoJG8PBWkcWyf7DkLrS8yh5Z,sanctioned,OFAC SDN ISIL KHORASAN (변경) [FTO] [SDGT],ofac,Xinbi Guarantee,2026-09-09,2026-09-15T15:14:52,https://ofac.treasury.gov/recent-actions/20260909
TRX,TXR1nhqAek4c5Dq9EfjQLarcBWR9Jp6N7m,sanctioned,OFAC SDN ISIL KHORASAN (변경) [FTO] [SDGT],ofac,Xinbi Guarantee,2026-09-09,2026-09-15T15:14:52,https://ofac.treasury.gov/recent-actions/20260909
TRX,TFS2LHNcrffdAVRHpDUpNvnmCHs78cSNbz,sanctioned,OFAC SDN ISIL KHORASAN (변경) [FTO] [SDGT],ofac,Xinbi Guarantee,2026-09-09,2026-09-15T15:14:52,https://ofac.treasury.gov/recent-actions/20260909
TRX,TPTFrDhx5tntyp5mRX423DaAe8aLDMUs31,sanctioned,OFAC SDN ISIL KHORASAN (변경) [FTO] [SDGT],ofac,Xinbi Guarantee,2026-09-09,2026-09-15T15:14:52,https://ofac.treasury.gov/recent-actions/20260909
TRX,TCn9wM828B1GtsVn8kUaCvoE3RpfCAmtEB,sanctioned,OFAC SDN ISIL KHORASAN (변경) [FTO] [SDGT],ofac,Xinbi Guarantee,2026-09-09,2026-09-15T15:14:52,https://ofac.treasury.gov/recent-actions/20260909
TRX,TFtz6Ae6NNo9VvhnVrj6V1RyEFMtZQMh3r,sanctioned,OFAC SDN ISIL KHORASAN (변경) [FTO] [SDGT],ofac,Xinbi Guarantee,2026-09-09,2026-09-15T15:14:52,https://ofac.treasury.gov/recent-actions/20260909
TRX,TMoMat6oyJLKxSb6SfQWBWc7q5PSm3Gr6U,sanctioned,OFAC SDN ISIL KHORASAN (변경) [FTO] [SDGT],ofac,Xinbi Guarantee,2026-09-09,2026-09-15T15:14:52,https://ofac.treasury.gov/recent-actions/20260909
TRX,TNsMJKvAtqiWntAnrcS8jkugL37FGzoqss,sanctioned,OFAC SDN ISIL KHORASAN (변경) [FTO] [SDGT],ofac,Xinbi Guarantee,2026-09-09,2026-09-15T15:14:52,https://ofac.treasury.gov/recent-actions/20260909
TRX,TPCnxv28xNbvtAaEppddvnfkjQpaFeAkV3,sanctioned,OFAC SDN ISIL KHORASAN (변경) [FTO] [SDGT],ofac,Xinbi Guarantee,2026-09-09,2026-09-15T15:14:52,https://ofac.treasury.gov/recent-actions/20260909
TRX,TDXBEozXRJy7eBYNCoqrDMRCx5QBN4jCCt,sanctioned,OFAC SDN ISIL KHORASAN (변경) [FTO] [SDGT],ofac,Xinbi Guarantee,2026-09-09,2026-09-15T15:14:52,https://ofac.treasury.gov/recent-actions/20260909
TRX,TTrJwfL8SCSWBXWAPcZV8Pd5fZf1rznRhz,sanctioned,OFAC SDN ISIL KHORASAN (변경) [FTO] [SDGT],ofac,Xinbi Guarantee,2026-09-09,2026-09-15T15:14:52,https://ofac.treasury.gov/recent-actions/20260909
TRX,TFqo5f16FJfSKesPxtGN4VN5HNZJebqMQX,sanctioned,OFAC SDN ISIL KHORASAN (변경) [FTO] [SDGT],ofac,Xinbi Guarantee,2026-09-09,2026-09-15T15:14:52,https://ofac.treasury.gov/recent-actions/20260909
TRX,TPwjq8YuABThppKM5ppsuagBFwDhzpnY11,sanctioned,OFAC SDN ISIL KHORASAN (변경) [FTO] [SDGT],ofac,Xinbi Guarantee,2026-09-09,2026-09-15T15:14:52,https://ofac.treasury.gov/recent-actions/20260909
TRX,TXgm2Pej4dHzh6oAJvaxAVFDevgGJqfSKr,sanctioned,OFAC SDN ISIL KHORASAN (변경) [FTO] [SDGT],ofac,Xinbi Guarantee,2026-09-09,2026-09-15T15:14:52,https://ofac.treasury.gov/recent-actions/20260909
TRX,TUErmQ9GtRDGC4g4L5wjWS55Ju5hYfR3sa,sanctioned,OFAC SDN ISIL KHORASAN (변경) [FTO] [SDGT],ofac,Xinbi Guarantee,2026-09-09,2026-09-15T15:14:52,https://ofac.treasury.gov/recent-actions/20260909
TRX,THPfLwEGvHVgRzi7EMnviAFy5WG1feDH1p,sanctioned,OFAC SDN ISIL KHORASAN (변경) [FTO] [SDGT],ofac,Xinbi Guarantee,2026-09-09,2026-09-15T15:14:52,https://ofac.treasury.gov/recent-actions/20260909
TRX,TPH1ehJuNY8cRuJgWTXoGuzkVpK5ckueLF,sanctioned,OFAC SDN ISIL KHORASAN (변경) [FTO] [SDGT],ofac,Xinbi Guarantee,2026-09-09,2026-09-15T15:14:52,https://ofac.treasury.gov/recent-actions/20260909
TRX,TRZvMk2D4fmjGjtuZHRVpgw6yjk8NcjsHV,sanctioned,OFAC SDN ISIL KHORASAN (변경) [FTO] [SDGT],ofac,Xinbi Guarantee,2026-09-09,2026-09-15T15:14:52,https://ofac.treasury.gov/recent-actions/20260909
TRX,TMuBvwcgrTj6JysMmutXWaPjk1kREK2BDe,sanctioned,OFAC SDN ISIL KHORASAN (변경) [FTO] [SDGT],ofac,Xinbi Guarantee,2026-09-09,2026-09-15T15:14:52,https://ofac.treasury.gov/recent-actions/20260909
TRX,TE5paMkU1hPr8BdjkSJLvEyUBxjKKSx1H6,sanctioned,OFAC SDN ISIL KHORASAN (변경) [FTO] [SDGT],ofac,Xinbi Guarantee,2026-09-09,2026-09-15T15:14:52,https://ofac.treasury.gov/recent-actions/20260909
TRX,TBmqXsFNYTMkyw9jVGBAecGaLyLwbxFTM1,sanctioned,OFAC SDN ISIL KHORASAN (변경) [FTO] [SDGT],ofac,Xinbi Guarantee,2026-09-09,2026-09-15T15:14:52,https://ofac.treasury.gov/recent-actions/20260909
TRX,TFh7Z4qmdiT7opAYYLmNVXQJtVCkAtg7Zh,sanctioned,OFAC SDN ISIL KHORASAN (변경) [FTO] [SDGT],ofac,Xinbi Guarantee,2026-09-09,2026-09-15T15:14:52,https://ofac.treasury.gov/recent-actions/20260909
TRX,TLFqEhiG7RUSZ9x5iph99Ke5782dkgRnWf,sanctioned,OFAC SDN ISIL KHORASAN (변경) [FTO] [SDGT],ofac,Xinbi Guarantee,2026-09-09,2026-09-15T15:14:52,https://ofac.treasury.gov/recent-actions/20260909
ETH,0x9AE755D23Fc948fE94C9364A2398fd508a2AB0d2,attacker,이더리움 상 탈취 NES 수령 지갑 (bridged-NES recipient wallet),rekt,Nesa,2026-08-24,2026-09-15T15:11:29,https://rekt.news/nesa-rekt
ETH,0xB92dF70F3d25eD25265c7C341C9D2550c42Ff83A,laundering,이더리움 DEX 매도 실행 지갑 (Exit-trading wallet),rekt,Nesa,2026-08-24,2026-09-15T15:11:29,https://rekt.news/nesa-rekt
