chain,address,entity_uid,entity_name,programs,first_seen_at
TRX,TU4tDFRvcKhAZ1jdihojmBWZqvJhQCnJ4F,54566,AEZA GROUP LLC,"CYBER4,CAATSA - RUSSIA",2026-09-15T10:01:51
TRX,TNrX2FwrHKoo4XACGkmSzqeK4pdnKYn6Z7,57056,AMNOKGANG TECHNOLOGY DEVELOPMENT COMPANY,DPRK4,2026-09-15T10:01:51
TRX,TEEYCuGDyeNkuDj4u6GQRXxXo3Nh29r2vP,57056,AMNOKGANG TECHNOLOGY DEVELOPMENT COMPANY,DPRK4,2026-09-15T10:01:51
TRX,TZB4NrX7k9ZsV6PRc1GigAztLL8WHpLvwP,57056,AMNOKGANG TECHNOLOGY DEVELOPMENT COMPANY,DPRK4,2026-09-15T10:01:51
TRX,TDe2UNAvuUnTbbDo7518eMe3TXN5qJW8Ft,57056,AMNOKGANG TECHNOLOGY DEVELOPMENT COMPANY,DPRK4,2026-09-15T10:01:51
ETH,0xcB74874f1e06Fcf80A306e06e5379A44B488bA2D,57056,AMNOKGANG TECHNOLOGY DEVELOPMENT COMPANY,DPRK4,2026-09-15T10:01:51
ETH,0x0330070FD38Ec3bB94F58FA55D40368271E9e54A,57056,AMNOKGANG TECHNOLOGY DEVELOPMENT COMPANY,DPRK4,2026-09-15T10:01:51
ETH,0x9Be599d7867f5E1a2D7Ec6dB9710dF2b98A15573,57056,AMNOKGANG TECHNOLOGY DEVELOPMENT COMPANY,DPRK4,2026-09-15T10:01:51
TRX,TC4VsFHJdZ66BdwobZxkudVZBVmQZgCP65,47664,ANSARALLAH,"SDGT,FTO",2026-09-15T10:01:51
TRX,TQ5mpZPbQMSq2s1vSM3RJgiB1AsTsiTpFZ,47664,ANSARALLAH,"SDGT,FTO",2026-09-15T10:01:51
TRX,TXEaKf4rT3rMoD3Vuqnuhwr6vLq6BL5t33,47664,ANSARALLAH,"SDGT,FTO",2026-09-15T10:01:51
TRX,TGUPpmW2bAnMCLe5ih2CFisfCHk4gTFDsx,47664,ANSARALLAH,"SDGT,FTO",2026-09-15T10:01:51
TRX,TDwN1Eq62bqvVhfGAjdRRJjE46jsi5KNMV,47664,ANSARALLAH,"SDGT,FTO",2026-09-15T10:01:51
TRX,TM6Kix9wH8cYQ4rLpFifsQ4ddH3rPX3f8p,47664,ANSARALLAH,"SDGT,FTO",2026-09-15T10:01:51
TRX,TDprk9jeYPVm6khkBp1u7fwuyJcEJFrPWD,47664,ANSARALLAH,"SDGT,FTO",2026-09-15T10:01:51
TRX,TVn4q7L4fKEPbygi7UHq1CKfZxtbeuMV5q,47664,ANSARALLAH,"SDGT,FTO",2026-09-15T10:01:51
ZEC,t1MMXtBrSp1XG38Lx9cePcNUCJj5vdWfUWL,31164,ASSOCIATION FOR FREE RESEARCH AND INTERNATIONAL COOPERATION,"CYBER2,ELECTION-EO13848,UKRAINE-EO13661",2026-09-15T10:01:51
DASH,XyARKoupuArYtToA2S6yMdnoquDCDaBsaT,31164,ASSOCIATION FOR FREE RESEARCH AND INTERNATIONAL COOPERATION,"CYBER2,ELECTION-EO13848,UKRAINE-EO13661",2026-09-15T10:01:51
BTC,1H939dom7i4WDLCKyGbXUp3fs9CSTNRzgL,38419,Ahmad KHATIBI AGHADA,"CYBER2,IFSR,IRGC",2026-09-15T10:01:51
BTC,bc1q3y5v2khlyvemcz042wl98dzflywr8ghglqws6s,38419,Ahmad KHATIBI AGHADA,"CYBER2,IFSR,IRGC",2026-09-15T10:01:51
BTC,bc1qx3e2axj3wsfn0ndtvlwmkghmmgm4583nqg8ngk,38419,Ahmad KHATIBI AGHADA,"CYBER2,IFSR,IRGC",2026-09-15T10:01:51
BTC,18dLDAWi8LmrHbEq3QzDJb9SLxCf4uimXB,53994,Aleksandr Aleksandrovich VOLOSOVIK,"CAATSA - RUSSIA,CYBER4",2026-09-15T10:01:51
BCH,qpusmp64rajses77x95g9ah825mtyyv74smwwkxhx3,39585,Alex Adrianus Martinus PEIJNENBURG,ILLICIT-DRUGS-EO14059,2026-09-15T10:01:51
BTC,1DbvK8P6imBuLcwh2Vruis4xsUb8YAwJQF,39585,Alex Adrianus Martinus PEIJNENBURG,ILLICIT-DRUGS-EO14059,2026-09-15T10:01:51
BTC,1G6DuwDKNHiUWqks2Lgu44cesu7ffFbLK7,39585,Alex Adrianus Martinus PEIJNENBURG,ILLICIT-DRUGS-EO14059,2026-09-15T10:01:51
BTC,3AQSmMk5n3c6TKEg9B2WyzYAPm33gJJAA4,39585,Alex Adrianus Martinus PEIJNENBURG,ILLICIT-DRUGS-EO14059,2026-09-15T10:01:51
BTC,129zKFLoVad9JtxSmDKeJoLCsjhGR7b3vr,39585,Alex Adrianus Martinus PEIJNENBURG,ILLICIT-DRUGS-EO14059,2026-09-15T10:01:51
BTC,12YyR9EpvHxBjjKjTWqfKqeyoWnvcraxpW,39585,Alex Adrianus Martinus PEIJNENBURG,ILLICIT-DRUGS-EO14059,2026-09-15T10:01:51
BTC,1KctQENEX5QkQMpnMC3Zh9yRAzkMBLpPcr,39585,Alex Adrianus Martinus PEIJNENBURG,ILLICIT-DRUGS-EO14059,2026-09-15T10:01:51
BTC,3HqA7i3ttECLvgqvq69HNxxUP5BL7Z5YgA,39585,Alex Adrianus Martinus PEIJNENBURG,ILLICIT-DRUGS-EO14059,2026-09-15T10:01:51
BTC,1G9A8WRjGXdnYY4TNEVRrcaHsMtana4ncF,39585,Alex Adrianus Martinus PEIJNENBURG,ILLICIT-DRUGS-EO14059,2026-09-15T10:01:51
BTC,1Js6goCey2NaqPQptiLANLQGuk4d6mowjP,39585,Alex Adrianus Martinus PEIJNENBURG,ILLICIT-DRUGS-EO14059,2026-09-15T10:01:51
BTC,13RH4JaFhaCxDGPyYE9emjp2aDxdX18uBA,39585,Alex Adrianus Martinus PEIJNENBURG,ILLICIT-DRUGS-EO14059,2026-09-15T10:01:51
BTC,1FE2cuvkq8n5VGwj5hi8YYQxskwJpovPyV,39585,Alex Adrianus Martinus PEIJNENBURG,ILLICIT-DRUGS-EO14059,2026-09-15T10:01:51
BTC,1DJoEMvp95yJYWyxAZy8DDBzuvjnrTVrsN,39585,Alex Adrianus Martinus PEIJNENBURG,ILLICIT-DRUGS-EO14059,2026-09-15T10:01:51
BTC,1N6XqSf3ULpNjko9LrJmHudRoLitjwkETN,39585,Alex Adrianus Martinus PEIJNENBURG,ILLICIT-DRUGS-EO14059,2026-09-15T10:01:51
BTC,bc1qwa6zu6qhl6wqnlxp642vcf89nptsassle25ulf,39585,Alex Adrianus Martinus PEIJNENBURG,ILLICIT-DRUGS-EO14059,2026-09-15T10:01:51
BTC,386wa1UM6nA798AWNh64jdrejZyedeXgUN,39585,Alex Adrianus Martinus PEIJNENBURG,ILLICIT-DRUGS-EO14059,2026-09-15T10:01:51
BTC,15UdZbmGPa2LatD3abtGpphgkHLFWftV4R,39585,Alex Adrianus Martinus PEIJNENBURG,ILLICIT-DRUGS-EO14059,2026-09-15T10:01:51
BTC,16tByCYzxuWiN8kF9FrK9jJy6eQYLVkQ1i,39585,Alex Adrianus Martinus PEIJNENBURG,ILLICIT-DRUGS-EO14059,2026-09-15T10:01:51
BTC,1NpHuti9NSM9fVTXLkvSDU4AnhqGQ5N53d,39585,Alex Adrianus Martinus PEIJNENBURG,ILLICIT-DRUGS-EO14059,2026-09-15T10:01:51
ETH,0x83E5bC4Ffa856BB84Bb88581f5Dd62A433A25e0D,39585,Alex Adrianus Martinus PEIJNENBURG,ILLICIT-DRUGS-EO14059,2026-09-15T10:01:51
ETH,0x08b2eFdcdB8822EfE5ad0Eae55517cf5DC544251,39585,Alex Adrianus Martinus PEIJNENBURG,ILLICIT-DRUGS-EO14059,2026-09-15T10:01:51
ETH,0x04DBA1194ee10112fE6C3207C0687DEf0e78baCf,39585,Alex Adrianus Martinus PEIJNENBURG,ILLICIT-DRUGS-EO14059,2026-09-15T10:01:51
ETH,0x0Ee5067b06776A89CcC7dC8Ee369984AD7Db5e06,39585,Alex Adrianus Martinus PEIJNENBURG,ILLICIT-DRUGS-EO14059,2026-09-15T10:01:51
ETH,0x502371699497d08D5339c870851898D6D72521Dd,39585,Alex Adrianus Martinus PEIJNENBURG,ILLICIT-DRUGS-EO14059,2026-09-15T10:01:51
ETH,0x5A14E72060c11313E38738009254a90968F58f51,39585,Alex Adrianus Martinus PEIJNENBURG,ILLICIT-DRUGS-EO14059,2026-09-15T10:01:51
ETH,0xEFE301d259F525cA1ba74A7977b80D5b060B3ccA,39585,Alex Adrianus Martinus PEIJNENBURG,ILLICIT-DRUGS-EO14059,2026-09-15T10:01:51
BTC,3FfRvC3kSo2SxiQe5e7SSuNdegwgq8iusL,52832,Alexander Igorevich MISHIN,CYBER3,2026-09-15T10:01:51
BTC,149w62rY42aZBox8fGcmqNsXUzSStKeq8C,26137,Ali KHORASHADIZADEH,CYBER2,2026-09-15T10:01:51
TRX,TVacWx7F5wgMgn49L5frDf9KLgdYy8nPHL,44445,Ali SHAFIU,SDGT,2026-09-15T10:01:51
ETH,0xdb2720ebad55399117ddb4c4a4afd9a4ccada8fe,55484,Alireza DERAKHSHAN,"IFSR,SDGT",2026-09-15T10:01:51
TRX,TSxAAo67VTDgKT537EVXxdogkJtk9c6ojz,55484,Alireza DERAKHSHAN,"IFSR,SDGT",2026-09-15T10:01:51
TRX,TJCBpxZ3yC7C7oegSRZMFxBcscmUVeSA36,58409,Almpertos TSORIS,IRAN-EO13902,2026-09-15T10:01:51
BTC,bc1qsxf77cvwcd6jv6j8d8j3uhh4g0xqw4meswmwuc,38420,Amir Hossein NIKAEEN RAVARI,"CYBER2,IFSR,IRGC",2026-09-15T10:01:51
BTC,bc1q9lvynkfpaw330uhqmunzdz6gmafsvapv7y3zty,38420,Amir Hossein NIKAEEN RAVARI,"CYBER2,IFSR,IRGC",2026-09-15T10:01:51
BTC,bc1qpaly5nm7pfka9v92d6qvl4fc2l9xzee8a6ys3s,38420,Amir Hossein NIKAEEN RAVARI,"CYBER2,IFSR,IRGC",2026-09-15T10:01:51
BTC,1Fz29BQp82pE3vXXcsZoMNQ3KSHfMzfMe3,29703,Anton Nikolaeyvich ANDREYEV,"CYBER2,ELECTION-EO13848",2026-09-15T10:01:51
BTC,1AeSq93WDNdLoEJ92sex7T8xQZoYYm8BtS,29703,Anton Nikolaeyvich ANDREYEV,"CYBER2,ELECTION-EO13848",2026-09-15T10:01:51
BTC,1AoxtfiBQ22DvbhqAN9Ctb8sULMRhrdwTr,29703,Anton Nikolaeyvich ANDREYEV,"CYBER2,ELECTION-EO13848",2026-09-15T10:01:51
BTC,18Qj1THHuETfYhuRDZycXJbWwDMGw73Poa,29703,Anton Nikolaeyvich ANDREYEV,"CYBER2,ELECTION-EO13848",2026-09-15T10:01:51
BTC,1MnbhWe5wr7Ut45ReyQsm96PwnM9jD7KaH,29703,Anton Nikolaeyvich ANDREYEV,"CYBER2,ELECTION-EO13848",2026-09-15T10:01:51
BTC,1DYFJ6CuBvrxyoQSuBzVsNcetY9tvdsrag,29703,Anton Nikolaeyvich ANDREYEV,"CYBER2,ELECTION-EO13848",2026-09-15T10:01:51
BTC,15Pt4NwZaUmMUwS2bQbyyncc7mzgWShtv8,29703,Anton Nikolaeyvich ANDREYEV,"CYBER2,ELECTION-EO13848",2026-09-15T10:01:51
BTC,1PhqQpaGCrqSxQ6QDXcv14QCd1U98Zp34E,29703,Anton Nikolaeyvich ANDREYEV,"CYBER2,ELECTION-EO13848",2026-09-15T10:01:51
BTC,13YBQr2Cp1YY3xqq2qngaPb7ca1o4ugeq6,29703,Anton Nikolaeyvich ANDREYEV,"CYBER2,ELECTION-EO13848",2026-09-15T10:01:51
BTC,1KgudqxMfYaGzqAA7MS4DcsqejtMteqhix,29703,Anton Nikolaeyvich ANDREYEV,"CYBER2,ELECTION-EO13848",2026-09-15T10:01:51
BTC,1FRyL9gmFGbzfYDAB4iY9836DJe3KSnjP9,29703,Anton Nikolaeyvich ANDREYEV,"CYBER2,ELECTION-EO13848",2026-09-15T10:01:51
BTC,1DbShx4r8i2XesthoDBf5EkYWz5dsKEusV,29703,Anton Nikolaeyvich ANDREYEV,"CYBER2,ELECTION-EO13848",2026-09-15T10:01:51
ETH,0x8576acc5c05d6ce88f4e49bf65bdf0c62f91353c,29703,Anton Nikolaeyvich ANDREYEV,"CYBER2,ELECTION-EO13848",2026-09-15T10:01:51
LTC,LWnbjLYUfqeokfbWM4FcU7uk2FP2DSxuWS,29703,Anton Nikolaeyvich ANDREYEV,"CYBER2,ELECTION-EO13848",2026-09-15T10:01:51
LTC,LaYUy1DGfVSuSF5KbPhbLrm8kRotqiwUJn,29703,Anton Nikolaeyvich ANDREYEV,"CYBER2,ELECTION-EO13848",2026-09-15T10:01:51
ZEC,t1WSKwCDL1QYRRUrCCknEs5tDLhtGVYu9KM,29703,Anton Nikolaeyvich ANDREYEV,"CYBER2,ELECTION-EO13848",2026-09-15T10:01:51
BSV,12sjrrhoFEsedNRhtgwvvRqjFTh8fZTDX9,29703,Anton Nikolaeyvich ANDREYEV,"CYBER2,ELECTION-EO13848",2026-09-15T10:01:51
ETH,0xe3d35f68383732649669aa990832e017340dbca5,55502,Arash Estaki ALIVAND,"IFSR,SDGT",2026-09-15T10:01:51
ETH,0x532b77b33a040587e9fd1800088225f99b8b0e8a,55502,Arash Estaki ALIVAND,"IFSR,SDGT",2026-09-15T10:01:51
TRX,TYDUutYN4YLKUPeT7TG27Yyqw6kNVLq9QZ,55502,Arash Estaki ALIVAND,"IFSR,SDGT",2026-09-15T10:01:51
TRX,TRakpsE1mZjCUMNPyozR4BW2ZtJsF7ZWFN,55502,Arash Estaki ALIVAND,"IFSR,SDGT",2026-09-15T10:01:51
TRX,TQ5H49Wz3K57zNHmuXVp6uLzFwitxviABs,55502,Arash Estaki ALIVAND,"IFSR,SDGT",2026-09-15T10:01:51
BTC,1JGPiQGK78xTxAVoxA1MjK3Z15M84Rj6BL,57065,Arman KAHZADIAN,CYBER4,2026-09-15T10:01:51
ETH,0xeb507efa9ee692a4c774ad1de9f3cb26fc459da3,57065,Arman KAHZADIAN,CYBER4,2026-09-15T10:01:51
ETH,0xef85a6fafa5942a964dc618e94e230881d29ce2a,57065,Arman KAHZADIAN,CYBER4,2026-09-15T10:01:51
ETH,0x038989cbb1710c72b9920dc4fa529158f463e72c,57107,Armando de Jesus OJEDA AVILES,"ILLICIT-DRUGS-EO14059,SDGT",2026-09-15T10:01:51
ETH,0x14779CEC0B117d5194c750C55Ea1f42086631964,57107,Armando de Jesus OJEDA AVILES,"ILLICIT-DRUGS-EO14059,SDGT",2026-09-15T10:01:51
ETH,0x32dA24Ca413F3E7B53145D4737e172C3bdF81e3e,57107,Armando de Jesus OJEDA AVILES,"ILLICIT-DRUGS-EO14059,SDGT",2026-09-15T10:01:51
ETH,0xf2235d55b2950a0b1317469d72d07ae65b2e27cb,57107,Armando de Jesus OJEDA AVILES,"ILLICIT-DRUGS-EO14059,SDGT",2026-09-15T10:01:51
ETH,0x4F428c11Dc82388fa5136D636e613ad923Eb700B,57107,Armando de Jesus OJEDA AVILES,"ILLICIT-DRUGS-EO14059,SDGT",2026-09-15T10:01:51
LTC,Leo3j36nn1JcsUQruytQhFUdCdCH5YHMR3,29702,Artem Mikhaylovich LIFSHITS,"ELECTION-EO13848,CYBER2",2026-09-15T10:01:51
DASH,Xs3vzQmNvAxRa3Xo8XzQqUb3BMgb9EogF4,29702,Artem Mikhaylovich LIFSHITS,"ELECTION-EO13848,CYBER2",2026-09-15T10:01:51
BTC,12udabs2TkX7NXCSj6KpqXfakjE52ZPLhz,29702,Artem Mikhaylovich LIFSHITS,"ELECTION-EO13848,CYBER2",2026-09-15T10:01:51
BTC,1DT3tenf14cxz9WFNxmYrXFbB6TFiVWA9U,29702,Artem Mikhaylovich LIFSHITS,"ELECTION-EO13848,CYBER2",2026-09-15T10:01:51
ETH,0x901bb9583b24d97e995513c6778dc6888ab6870e,29702,Artem Mikhaylovich LIFSHITS,"ELECTION-EO13848,CYBER2",2026-09-15T10:01:51
ETH,0xa7e5d5a720f06526557c513402f2e6b5fa20b008,29702,Artem Mikhaylovich LIFSHITS,"ELECTION-EO13848,CYBER2",2026-09-15T10:01:51
BTC,18gaXypKj9M23S2zT9qZfL9iPbLFM372Q5,47680,Artur Ravilevich SUNGATOV,CYBER2,2026-09-15T10:01:51
TRX,TNiq9AXBp9EjUqhDhrwrfvAA8U3GUQZH81,4632,BANK MARKAZI JOMHOURI ISLAMI IRAN,"IRAN,IFSR,IRGC,SDGT",2026-09-15T10:01:51
TRX,TTiDLWE6fZK8okMJv6ijg42yrH6W2pjSr9,4632,BANK MARKAZI JOMHOURI ISLAMI IRAN,"IRAN,IFSR,IRGC,SDGT",2026-09-15T10:01:51
TRX,TAhwhFv3JpK39Nc2m8W5LPCcoTisutiRfp,4632,BANK MARKAZI JOMHOURI ISLAMI IRAN,"IRAN,IFSR,IRGC,SDGT",2026-09-15T10:01:51
TRX,TJdgB1k6ot3f2nLuZug6D8eD3HavTmzmSK,4632,BANK MARKAZI JOMHOURI ISLAMI IRAN,"IRAN,IFSR,IRGC,SDGT",2026-09-15T10:01:51
TRX,TXGHxdYbGy574z5hBu4LNzq9NzjZQ9bhUf,4632,BANK MARKAZI JOMHOURI ISLAMI IRAN,"IRAN,IFSR,IRGC,SDGT",2026-09-15T10:01:51
TRX,TFQbqaNbmq2xsVor2NbufLkYZvxFC9wC7k,4632,BANK MARKAZI JOMHOURI ISLAMI IRAN,"IRAN,IFSR,IRGC,SDGT",2026-09-15T10:01:51
BTC,3K35dyL85fR9ht7UgzPfd1gLRRXQtNTqE3,37070,BLENDER.IO,CYBER2,2026-09-15T10:01:51
BTC,3Q5dGfLKkWqWSwYtbMUyc8xGjN5LrRviK4,37070,BLENDER.IO,CYBER2,2026-09-15T10:01:51
BTC,3EPqGUw2q89pwPZ1UF8FJspE2AyojSTjdu,37070,BLENDER.IO,CYBER2,2026-09-15T10:01:51
BTC,3LhnVMcBq4gsR7aDaRr9XmUo17CuYBV4FN,37070,BLENDER.IO,CYBER2,2026-09-15T10:01:51
BTC,3F6bbvS1krsc1qR8FsbTDfYQyvkMm3QvmR,37070,BLENDER.IO,CYBER2,2026-09-15T10:01:51
BTC,3JHMz3mTna1gVCZSPp8NgRFiY7phkv5mA8,37070,BLENDER.IO,CYBER2,2026-09-15T10:01:51
BTC,32DaxSzUhLBHY2WGSWQYiBSHnRsfQZrrRp,37070,BLENDER.IO,CYBER2,2026-09-15T10:01:51
BTC,3MTRvM5QrYZHKo8gh5qKcrPK3RLjxcDCZE,37070,BLENDER.IO,CYBER2,2026-09-15T10:01:51
BTC,34pFGsSYbWEritXncW9unZtQQE9dKSvKku,37070,BLENDER.IO,CYBER2,2026-09-15T10:01:51
BTC,38ncxqt932N9CcfNfYuHGZgCyR85hDkWBW,37070,BLENDER.IO,CYBER2,2026-09-15T10:01:51
BTC,3MD3riFB6U8PykypF6qkvSj8R2SGdUDPn3,37070,BLENDER.IO,CYBER2,2026-09-15T10:01:51
BTC,3JUwAS7seL3fh5hxWh9fu3HCiEzjuQLTfg,37070,BLENDER.IO,CYBER2,2026-09-15T10:01:51
BTC,3EUjqe9UpmyXCFd6jeu69hoTzndMRfxw9M,37070,BLENDER.IO,CYBER2,2026-09-15T10:01:51
BTC,3QEjBiPzw6WZUL4MYMmMU6DY1Y25aVbpQu,37070,BLENDER.IO,CYBER2,2026-09-15T10:01:51
BTC,3N3YSDvp4cbhEgNGabQxTN39kEzJmwG8Ah,37070,BLENDER.IO,CYBER2,2026-09-15T10:01:51
BTC,3J19qffPT6mxQUcV6k5yVURGZtdhpdGr4y,37070,BLENDER.IO,CYBER2,2026-09-15T10:01:51
BTC,33KKjn4exdBJQkTtdWxqpdVsWxrw3LareG,37070,BLENDER.IO,CYBER2,2026-09-15T10:01:51
BTC,3GSXNXzyCDoQ1Rhsc7F1jjjFe7DGcHHdcM,37070,BLENDER.IO,CYBER2,2026-09-15T10:01:51
BTC,3QJyT8nThEQakbfqgX86YjCK1Sp9hfNCUW,37070,BLENDER.IO,CYBER2,2026-09-15T10:01:51
BTC,35hh9dg3wSvUJz9vFk1FsezLE5Fx3Hudk2,37070,BLENDER.IO,CYBER2,2026-09-15T10:01:51
BTC,3NDzzVxiLBUs1WPvVGRfCYDTAD2Ua2PvW4,37070,BLENDER.IO,CYBER2,2026-09-15T10:01:51
BTC,3DCCgmyKozcZkFBzYb1A2x8abZCpAUTPPk,37070,BLENDER.IO,CYBER2,2026-09-15T10:01:51
BTC,3MvQ4gThF4mmuo49p4dBNchcmFHBRZnYfx,37070,BLENDER.IO,CYBER2,2026-09-15T10:01:51
BTC,3FBgeJdhiBe22UoSpp51Vd8dPHVa2A4wZX,37070,BLENDER.IO,CYBER2,2026-09-15T10:01:51
BTC,3HQDRyzwm82MFmLWtmyikDM9JQEtVT6vAp,37070,BLENDER.IO,CYBER2,2026-09-15T10:01:51
BTC,31t4nEpcwyQJT1VuXdAoQZTT5givRDPsNP,37070,BLENDER.IO,CYBER2,2026-09-15T10:01:51
BTC,39AALn7eTjdPzLb99hHhD6F7J8QWB3R2Rd,37070,BLENDER.IO,CYBER2,2026-09-15T10:01:51
BTC,3LDbNuDkKmLae5r3a5icPA5CQg2Y8F7ogW,37070,BLENDER.IO,CYBER2,2026-09-15T10:01:51
BTC,3JLyyLbwciWAC6re87D7mRknXakR4YbnUd,37070,BLENDER.IO,CYBER2,2026-09-15T10:01:51
BTC,3ANWhUnHujdwbw2jEuGSRH6bvFsD9BqEy9,37070,BLENDER.IO,CYBER2,2026-09-15T10:01:51
BTC,32fbAZMTaQxNd2fAue1PgsiPgWfcsHBQQt,37070,BLENDER.IO,CYBER2,2026-09-15T10:01:51
BTC,3HupEUfKmMhvhXqf8TMoPAyqDcRC1kpe65,37070,BLENDER.IO,CYBER2,2026-09-15T10:01:51
BTC,34kEYgpijvCmjvahRXXQEnBH76UGJVx2wg,37070,BLENDER.IO,CYBER2,2026-09-15T10:01:51
BTC,3GYbbYkvqvjF5oYhaKCgQYCvcVE1JENk6J,37070,BLENDER.IO,CYBER2,2026-09-15T10:01:51
BTC,3BazbaTP8ELJUEfPBV9z5HXEdgBziV9p7W,37070,BLENDER.IO,CYBER2,2026-09-15T10:01:51
BTC,3GMfGEDYMTq9G8dEHet1zLtUFJwYwSNa3Y,37070,BLENDER.IO,CYBER2,2026-09-15T10:01:51
BTC,38LjCapRrJEW7w2zwbyS15P9D9UGPjWS44,37070,BLENDER.IO,CYBER2,2026-09-15T10:01:51
BTC,36XqYWGvUQwBrYLRVuegN4pJJJSPWL1WEu,37070,BLENDER.IO,CYBER2,2026-09-15T10:01:51
BTC,37g6WgqedzZx6nx51tYgssNG8Hnknyj5nL,37070,BLENDER.IO,CYBER2,2026-09-15T10:01:51
BTC,3QAdoc1rDCt8dii1GVPJXvvK6CEJLzCRZw,37070,BLENDER.IO,CYBER2,2026-09-15T10:01:51
BTC,32PsiT8itBrEF84ebdaF82yBUEcz5Wc6uY,37070,BLENDER.IO,CYBER2,2026-09-15T10:01:51
BTC,3B4G1M8eF3cThbeMwhEWkKzczw9QoNTGak,37070,BLENDER.IO,CYBER2,2026-09-15T10:01:51
BTC,34ETiHfQWEYFCCaXmEeQWVmhFH5vz2JMvd,37070,BLENDER.IO,CYBER2,2026-09-15T10:01:51
BTC,3PyzSbFj3hbQQjTzDzyLSgvFVDjB7yw4Cj,37070,BLENDER.IO,CYBER2,2026-09-15T10:01:51
BTC,15PggTG7YhJKiE6B16vkKzA1YDTZipXEX4,37070,BLENDER.IO,CYBER2,2026-09-15T10:01:51
BTC,19D1iGzDr7FyAdiy3ZZdxMd6ttHj1kj6WW,45678,BUY CASH MONEY AND MONEY TRANSFER COMPANY,SDGT,2026-09-15T10:01:51
BTC,bc1q3q2lz3cmt4u2f49ugxz5q34xrs0m2z4w2gmkp5,53033,Behrouz PARSARAD,ILLICIT-DRUGS-EO14059,2026-09-15T10:01:51
BTC,bc1qj2ffj6pepc80sfqpx2k2pd3q278q72dpqv2ens,53033,Behrouz PARSARAD,ILLICIT-DRUGS-EO14059,2026-09-15T10:01:51
BTC,bc1qjwr3rgww7a8ut7a4x8jqh3vswcue3xvp6dm7qe,53033,Behrouz PARSARAD,ILLICIT-DRUGS-EO14059,2026-09-15T10:01:51
BTC,bc1qvxlwpgcw260sc97a0u6dm0cjxv027clhd67fvx,53033,Behrouz PARSARAD,ILLICIT-DRUGS-EO14059,2026-09-15T10:01:51
BTC,bc1qwtswqzvaxl6lyw3keqqzwt8z937psta3wg9sjy,53033,Behrouz PARSARAD,ILLICIT-DRUGS-EO14059,2026-09-15T10:01:51
BTC,bc1qyqvyupkpl6tm60zdecef925y220ssjuagpxsm0,53033,Behrouz PARSARAD,ILLICIT-DRUGS-EO14059,2026-09-15T10:01:51
BTC,bc1q45cxufu7x6s5v9adzm9t38k80gwawse75xffwe,53033,Behrouz PARSARAD,ILLICIT-DRUGS-EO14059,2026-09-15T10:01:51
BTC,bc1qmzmx8res2fgzd2wttyvf2ajqqqtcnxxrgkqc2t,53033,Behrouz PARSARAD,ILLICIT-DRUGS-EO14059,2026-09-15T10:01:51
BTC,bc1qtnr3t28ltzgsuvr9j6ruqaat6fz773mm8wr02l,53033,Behrouz PARSARAD,ILLICIT-DRUGS-EO14059,2026-09-15T10:01:51
BTC,bc1q6rzzf4erht8v7kgh5mfnwcrvzxchxt5glpsuls,53033,Behrouz PARSARAD,ILLICIT-DRUGS-EO14059,2026-09-15T10:01:51
BTC,bc1qr4fd3glpnthkefcylhnxk4gp47jsd0523ue7qj,53033,Behrouz PARSARAD,ILLICIT-DRUGS-EO14059,2026-09-15T10:01:51
BTC,bc1q2c3vwu7wxq308lsun24rjlsh6ff0x8whx55v4q,53033,Behrouz PARSARAD,ILLICIT-DRUGS-EO14059,2026-09-15T10:01:51
BTC,bc1qwyye7frjufeth0pecvaf3hz67lakt028dezv3p,53033,Behrouz PARSARAD,ILLICIT-DRUGS-EO14059,2026-09-15T10:01:51
BTC,bc1qhsp4kffl5pmsae43st9jufagu6uy7lsa6mslla,53033,Behrouz PARSARAD,ILLICIT-DRUGS-EO14059,2026-09-15T10:01:51
BTC,bc1qlhh94040d8nxkstf4l7720q72f2vntxxl96m4d,53033,Behrouz PARSARAD,ILLICIT-DRUGS-EO14059,2026-09-15T10:01:51
BTC,bc1qdzgee6h4zjwvn8lyzjxgd467zxnshelqkudh7z,53033,Behrouz PARSARAD,ILLICIT-DRUGS-EO14059,2026-09-15T10:01:51
BTC,bc1q97eg4k2juepa3smpac4pnfjsnyws696c290cxq,53033,Behrouz PARSARAD,ILLICIT-DRUGS-EO14059,2026-09-15T10:01:51
BTC,bc1qu3e9sq8cem759umc3pywlsly3rr2qvjlxfnn9l,53033,Behrouz PARSARAD,ILLICIT-DRUGS-EO14059,2026-09-15T10:01:51
BTC,bc1qa4jp7udkn2ycecz8289jfs3vpnqdwf4483d3qe,53033,Behrouz PARSARAD,ILLICIT-DRUGS-EO14059,2026-09-15T10:01:51
BTC,bc1qxp3sxw4q2rw3u9pd2k7udhp4eagc77jqcezv4q,53033,Behrouz PARSARAD,ILLICIT-DRUGS-EO14059,2026-09-15T10:01:51
BTC,bc1q7d46dvuv56kn4mm0jz3yep6xj74kxcpydt5te4,53033,Behrouz PARSARAD,ILLICIT-DRUGS-EO14059,2026-09-15T10:01:51
BTC,bc1qetqqlgvlnzdh4eshz9q6twlpdtmvy5rfkn3lza,53033,Behrouz PARSARAD,ILLICIT-DRUGS-EO14059,2026-09-15T10:01:51
BTC,bc1qtrh9z4ls2s2mflyhc5y0mtxt0y30n87c97z4qp,53033,Behrouz PARSARAD,ILLICIT-DRUGS-EO14059,2026-09-15T10:01:51
BTC,bc1qr2tgu4almsw9ajqfwz93qw0xc8w2g72xpyzqvn,53033,Behrouz PARSARAD,ILLICIT-DRUGS-EO14059,2026-09-15T10:01:51
BTC,bc1qzqqdvukupr0qr5uckn2zjn40mkflnxu8fuuqdp,53033,Behrouz PARSARAD,ILLICIT-DRUGS-EO14059,2026-09-15T10:01:51
BTC,bc1q6yz2q723helcd7rz7xltw5nu77vn649zczklc3,53033,Behrouz PARSARAD,ILLICIT-DRUGS-EO14059,2026-09-15T10:01:51
BTC,bc1qfpdycqpkl5hvxg4feuk3nhde5h8t2zd89svsg9,53033,Behrouz PARSARAD,ILLICIT-DRUGS-EO14059,2026-09-15T10:01:51
BTC,bc1qhe6zy9x6ar42zkec3lhkms5m7hh3svtc88qhf6,53033,Behrouz PARSARAD,ILLICIT-DRUGS-EO14059,2026-09-15T10:01:51
BTC,bc1qptrvdk8uv8shd734tyhyzatrvmlq9l0v6r0dc2,53033,Behrouz PARSARAD,ILLICIT-DRUGS-EO14059,2026-09-15T10:01:51
BTC,bc1qcp6fr7gtyukympl6unr7uv78h3vprycwj455zx,53033,Behrouz PARSARAD,ILLICIT-DRUGS-EO14059,2026-09-15T10:01:51
BTC,bc1q8p5r6wdx7leuekulnlglapy2wlwxgukpe76mys,53033,Behrouz PARSARAD,ILLICIT-DRUGS-EO14059,2026-09-15T10:01:51
BTC,bc1q7qsruzjsed9sy6taqz2m5rvljsmleg2xl7dz5r,53033,Behrouz PARSARAD,ILLICIT-DRUGS-EO14059,2026-09-15T10:01:51
BTC,bc1q3tan207evu5skk2wj80ycyw242g0kdnn3hs3x0,53033,Behrouz PARSARAD,ILLICIT-DRUGS-EO14059,2026-09-15T10:01:51
BTC,bc1q4sqmmyv63g6ma5cmswzap3d8k995h0str69v3t,53033,Behrouz PARSARAD,ILLICIT-DRUGS-EO14059,2026-09-15T10:01:51
BTC,bc1qec85gd576z0phflq2jm8jxlh22tckqj3yru7xs,53033,Behrouz PARSARAD,ILLICIT-DRUGS-EO14059,2026-09-15T10:01:51
BTC,bc1q4qjvgw475a39d8cpcyv5keq39jlmlrq870sn30,53033,Behrouz PARSARAD,ILLICIT-DRUGS-EO14059,2026-09-15T10:01:51
BTC,bc1qmwznjzlhrj3fney3elxkwdpwa72u7eq0ge76dt,53033,Behrouz PARSARAD,ILLICIT-DRUGS-EO14059,2026-09-15T10:01:51
BTC,bc1qzcg8y0utezp7zkp2cmqppd3x80l4gpqzew25wy,53033,Behrouz PARSARAD,ILLICIT-DRUGS-EO14059,2026-09-15T10:01:51
BTC,bc1qdd2mumk4rxnygxyn5qhrq6pah6yjmnl3s9mef5,53033,Behrouz PARSARAD,ILLICIT-DRUGS-EO14059,2026-09-15T10:01:51
BTC,bc1qcjh0phl2yy3rxcztfthz9psuvk8trv2qe06p0k,53033,Behrouz PARSARAD,ILLICIT-DRUGS-EO14059,2026-09-15T10:01:51
BTC,3FgaJMgxCfU3qqQ3Yiqv3Xw8rmLDDkByeo,53033,Behrouz PARSARAD,ILLICIT-DRUGS-EO14059,2026-09-15T10:01:51
BTC,3EQoMXw6Xi8zNzY8tLfJbkWjV5EXsQP4Es,53033,Behrouz PARSARAD,ILLICIT-DRUGS-EO14059,2026-09-15T10:01:51
BTC,37KHumAdzFcg1fXMv36UGg91MHPqhJUv19,53033,Behrouz PARSARAD,ILLICIT-DRUGS-EO14059,2026-09-15T10:01:51
BTC,3GBGnqDqdiskCmfq2Rchk1LcBoSo4P3DZQ,53033,Behrouz PARSARAD,ILLICIT-DRUGS-EO14059,2026-09-15T10:01:51
XMR,88wRZuGMuC5YQvXpKpeLFHQeZWW28XtGyZCizkqeypTaRcjzNNKVrCg7PpoEeWaj5A7wwbh5M2X9ycXrfUkbeptACsG4bVn,53033,Behrouz PARSARAD,ILLICIT-DRUGS-EO14059,2026-09-15T10:01:51
XMR,8ANG5NBnApL94YAKRfCSaS7g2fjEi1DWVcFNTn3wQ5HpfsgtnusgxaXE24bbhXukTgF8esRnMsWaReRiqNbSBSbmRE5Nm5M,53033,Behrouz PARSARAD,ILLICIT-DRUGS-EO14059,2026-09-15T10:01:51
XMR,84AwzjeFWXNEuhj8LWinXo93AqYr6wS8ZcnaBCoGhrL7EtvBMBovdhiUSV9xLhjrPA8t64hYSaMc8bHtWXoV9129EHUjU62,53033,Behrouz PARSARAD,ILLICIT-DRUGS-EO14059,2026-09-15T10:01:51
XMR,87XWTP9tBECHXCwbyMK1KENoy4GeXkRviNzmhNc5Pvo5ExZ1QXjtRRyFeXPuHf7fNiS7KzBZNJeGweJhMbFB647171y66id,53033,Behrouz PARSARAD,ILLICIT-DRUGS-EO14059,2026-09-15T10:01:51
XMR,86ze8c9oUftDSTxzFBhfSJYpjvw6GYkqjeEaggy3hBVL1ou2tk79DfSj5YiZ3wjDHp541tizcQ8bVCxCtVHQncuc3asa8wz,53033,Behrouz PARSARAD,ILLICIT-DRUGS-EO14059,2026-09-15T10:01:51
TRX,TAbbVaBKgH4VBLXgWqACuwoKF4cH1HinQh,24003,Behzad MESRI,"CYBER2,HRIT-IR",2026-09-15T10:01:51
TRX,TEsxMcVocweTM82Mdmc5diKC6qyCWqSpPv,24003,Behzad MESRI,"CYBER2,HRIT-IR",2026-09-15T10:01:51
BTC,12aNKp2iDKuhEde2YfPdd4DFGenRUTKupL,24003,Behzad MESRI,"CYBER2,HRIT-IR",2026-09-15T10:01:51
ETH,0x252a8bd2319d8a555b872990601221b3a2053bce,24003,Behzad MESRI,"CYBER2,HRIT-IR",2026-09-15T10:01:51
ETH,0x1CAb8177ACe78b1B6B1c393371F4f2dCAE40CbEB,24003,Behzad MESRI,"CYBER2,HRIT-IR",2026-09-15T10:01:51
ETH,0x6Fac4D18c912343BF86fa7049364Dd4E424Ab9C0,24003,Behzad MESRI,"CYBER2,HRIT-IR",2026-09-15T10:01:51
ETH,0xA40cFBFc8534FFC84E20a7d8bBC3729B26a35F6f,24003,Behzad MESRI,"CYBER2,HRIT-IR",2026-09-15T10:01:51
ETH,0x7F03679B56d8772530EFA516b58Bb83d4829E881,24003,Behzad MESRI,"CYBER2,HRIT-IR",2026-09-15T10:01:51
ETH,0x8ac5381FCD9e7395D14e02986c344aADA84B4bC6,24003,Behzad MESRI,"CYBER2,HRIT-IR",2026-09-15T10:01:51
ETH,0x9697749A9e8D6C119D8EEb0d6268a1b99C40684c,24003,Behzad MESRI,"CYBER2,HRIT-IR",2026-09-15T10:01:51
ETH,0x9DD7fA4B4950154F7e75BdD8A77266B99b94Ec08,24003,Behzad MESRI,"CYBER2,HRIT-IR",2026-09-15T10:01:51
ETH,0xb5A69Da691670F62510793F79a9B36c7db1A7b7c,24003,Behzad MESRI,"CYBER2,HRIT-IR",2026-09-15T10:01:51
ETH,0x6B0736Fed0634e15E19CC57fBA19cd179c13AbCA,24003,Behzad MESRI,"CYBER2,HRIT-IR",2026-09-15T10:01:51
ETH,0xd81414ABc631C6CADAe1C6198b0c2b15a9B4fDe5,24003,Behzad MESRI,"CYBER2,HRIT-IR",2026-09-15T10:01:51
ETH,0xF45Ecc3a59C7911181C659cE9115854c6175Be91,24003,Behzad MESRI,"CYBER2,HRIT-IR",2026-09-15T10:01:51
BTC,3LtcaPbCj87CwJHnRX3vh7c2y9RZQqeSy8,33854,CHATEX,CYBER2,2026-09-15T10:01:51
XRP,rnXyVQzgxZe7TR1EPzTkGj2jxH4LMJYh66,33854,CHATEX,CYBER2,2026-09-15T10:01:51
BTC,3E7YbpXuhh3CWFks1jmvWoV8y5DvsfzE6n,33854,CHATEX,CYBER2,2026-09-15T10:01:51
BTC,3NRJ8aXdUiZdHaiFX9ePX3DhGHzcEi14Fq,33854,CHATEX,CYBER2,2026-09-15T10:01:51
BTC,3K7PMJyMNVnxqsfpmK9r9nJDtzDw9wNwNV,33854,CHATEX,CYBER2,2026-09-15T10:01:51
BTC,3H3rh85qPaGLy2w6618yZNaH7i8asHv46B,33854,CHATEX,CYBER2,2026-09-15T10:01:51
BTC,3MTrJTFhYK9v1C6pjHtuweZSopfZa4b1wb,33854,CHATEX,CYBER2,2026-09-15T10:01:51
BTC,347QFbejDBdMZFTxpmn6evvvqyXiqZTCd7,33854,CHATEX,CYBER2,2026-09-15T10:01:51
BTC,33xWfziVZesgo83U5izdNCBVTnrtBpSwK7,33854,CHATEX,CYBER2,2026-09-15T10:01:51
BTC,32wdqwX3zCEX3DhAVEcKwXCEGdzgBnx1R9,33854,CHATEX,CYBER2,2026-09-15T10:01:51
BTC,3N9YcPBDky9UsMx1RTk33tL4jDkZfSnsPk,33854,CHATEX,CYBER2,2026-09-15T10:01:51
BTC,bc1q90zrdysy4flyacw7hsury3ajs9yzwtwp6guqpypx94w0d3p58hysvz6pde,33854,CHATEX,CYBER2,2026-09-15T10:01:51
BTC,bc1qw7vfgv3r5vnehafl0y95sclg3uqsj87wxs9ad628yjjcq33cwessr6ndyw,33854,CHATEX,CYBER2,2026-09-15T10:01:51
BTC,bc1q86tl9255vg5wldamfymaaz36uqxzm30gs7fhkljvzdlt9t38s3lqgdwdfq,33854,CHATEX,CYBER2,2026-09-15T10:01:51
BTC,3M7CGBPUJwXXSroWuZ6H5jiprdKCyf7V5M,33854,CHATEX,CYBER2,2026-09-15T10:01:51
BTC,34kWCKF2wCbe6uinit2uL4ND6d8yxsuxKM,33854,CHATEX,CYBER2,2026-09-15T10:01:51
BTC,bc1qe95l438kzjcvnsm3kn8n5augf9gpctdlhsq7f7hpnkyvlr7rc7cqupapf7,33854,CHATEX,CYBER2,2026-09-15T10:01:51
BTC,32VgTk8kGvBsqkHhkvtNooGdtqZm46jTVo,33854,CHATEX,CYBER2,2026-09-15T10:01:51
BTC,3NPognMSbzyA2JYW2fpkVKWyBMi2XTq2Zt,33854,CHATEX,CYBER2,2026-09-15T10:01:51
BTC,3MzLtBQ4Lz9J6w4Qu55TktgxFKZwxYWrP6,33854,CHATEX,CYBER2,2026-09-15T10:01:51
BTC,36YGN5dGzqrxMomTHdkT6cYVMnWBw8S7hD,33854,CHATEX,CYBER2,2026-09-15T10:01:51
BTC,bc1q4rzdtlt0uslyw86cp29sctl6ct29g9a95cuup7pn5md9ddj7xgmqpp5m73,33854,CHATEX,CYBER2,2026-09-15T10:01:51
BTC,39KQvziHwUe2vddbpfC5WkQEV72qbQhxuh,33854,CHATEX,CYBER2,2026-09-15T10:01:51
BTC,3Qw9Fn19gCnga9LfHfpM99aGzuqxBNjR2i,33854,CHATEX,CYBER2,2026-09-15T10:01:51
ETH,0x67d40EE1A85bf4a4Bb7Ffae16De985e8427B6b45,33854,CHATEX,CYBER2,2026-09-15T10:01:51
ETH,0x6f1ca141a28907f78ebaa64fb83a9088b02a8352,33854,CHATEX,CYBER2,2026-09-15T10:01:51
ETH,0x48549a34ae37b12f6a30566245176994e17c6b4a,33854,CHATEX,CYBER2,2026-09-15T10:01:51
ETH,0x5512d943ed1f7c8a43f3435c85f7ab68b30121b0,33854,CHATEX,CYBER2,2026-09-15T10:01:51
ETH,0xc455f7fd3e0e12afd51fba5c106909934d8a0e4a,33854,CHATEX,CYBER2,2026-09-15T10:01:51
TRX,TA3941uFAvmVibSkQ6fMJXxmaSNovX86mz,22985,CHEIL CREDIT BANK,DPRK4,2026-09-15T10:01:51
TRX,TA39q3p75XRSWYAEaSF7dANtyksoa3sLge,22985,CHEIL CREDIT BANK,DPRK4,2026-09-15T10:01:51
TRX,TBATDh41qMQ1yeVYecneEvhpfayYmkAQWS,22985,CHEIL CREDIT BANK,DPRK4,2026-09-15T10:01:51
TRX,TBwghbQMsBC5xcUxE7ZpYXhfDMXZAfiFv6,22985,CHEIL CREDIT BANK,DPRK4,2026-09-15T10:01:51
TRX,TBWRDpQsW1ZVPGGaBAwVLNb7iqmVBuM1nj,22985,CHEIL CREDIT BANK,DPRK4,2026-09-15T10:01:51
TRX,TBYRhsZR7Mdn9ezpGVLwZiNVnGm8wZGLAD,22985,CHEIL CREDIT BANK,DPRK4,2026-09-15T10:01:51
TRX,TBZefVsyQpzzxc2WSCLbZBECvxVdzGqdtC,22985,CHEIL CREDIT BANK,DPRK4,2026-09-15T10:01:51
TRX,TC5UNu3LGrjjVCuLNDdVgjm4oL5cQAyFRZ,22985,CHEIL CREDIT BANK,DPRK4,2026-09-15T10:01:51
TRX,TCA7AfTSuDmgYk2VaezfPuZF4Z4X8wxwcQ,22985,CHEIL CREDIT BANK,DPRK4,2026-09-15T10:01:51
TRX,TDNKsLvsY2iSznyghddXz7ZDRc4X3191Z8,22985,CHEIL CREDIT BANK,DPRK4,2026-09-15T10:01:51
TRX,TE3mCcPULjPUE7ykX7RArDPAhyahoy3d2j,22985,CHEIL CREDIT BANK,DPRK4,2026-09-15T10:01:51
TRX,TF4J8Gp7zbS8NA3HLuxsLdx7Ebzr6weCGn,22985,CHEIL CREDIT BANK,DPRK4,2026-09-15T10:01:51
TRX,TFdHux43bs21qRsygv5WQWfgtbQeT6nXey,22985,CHEIL CREDIT BANK,DPRK4,2026-09-15T10:01:51
TRX,TFrH3dcpnR3tADrAcfyJwiK4brsgf3B7PG,22985,CHEIL CREDIT BANK,DPRK4,2026-09-15T10:01:51
TRX,TFurWgnyNMq9bhLrLoT9FGnrLfAL2BtR5R,22985,CHEIL CREDIT BANK,DPRK4,2026-09-15T10:01:51
TRX,TGDaYNWFXi9HJ7NacfETF15vhUH7eRhKzt,22985,CHEIL CREDIT BANK,DPRK4,2026-09-15T10:01:51
TRX,TGdpkwNVFjw2DnbHBCFKLvCygPVPz9w4iM,22985,CHEIL CREDIT BANK,DPRK4,2026-09-15T10:01:51
TRX,TGKgLatirRpTugS6wgCUKerjLbzWKXAVqx,22985,CHEIL CREDIT BANK,DPRK4,2026-09-15T10:01:51
TRX,TGMFaAXH15oaW8MpcNHLid6NbMKWaaNPdC,22985,CHEIL CREDIT BANK,DPRK4,2026-09-15T10:01:51
TRX,TGpNzk9noyvCCdnFPuSg5cqptPs16LjXZq,22985,CHEIL CREDIT BANK,DPRK4,2026-09-15T10:01:51
TRX,TGRZZsD8gxahF5oE6C7K8LLRHqQzoPa5bX,22985,CHEIL CREDIT BANK,DPRK4,2026-09-15T10:01:51
TRX,THEQTsqPhRDDfgcfBW5npH5Lr9PZhpthrf,22985,CHEIL CREDIT BANK,DPRK4,2026-09-15T10:01:51
TRX,THHb5iMAbZgQYY19h6uY66y5xt6e11gcZC,22985,CHEIL CREDIT BANK,DPRK4,2026-09-15T10:01:51
TRX,THob8vRrpDybXeqZDj8ukQhMjJVJ5nCbTW,22985,CHEIL CREDIT BANK,DPRK4,2026-09-15T10:01:51
TRX,THUqqeevBQS3EYordDJKwp8DLFknesnfCD,22985,CHEIL CREDIT BANK,DPRK4,2026-09-15T10:01:51
TRX,TJ812KESWjzJZGEWBPFCu74Js5zQS7jN5A,22985,CHEIL CREDIT BANK,DPRK4,2026-09-15T10:01:51
TRX,TJBg9SxwiUUoqJGk18vK9avxkuV8GrKMK7,22985,CHEIL CREDIT BANK,DPRK4,2026-09-15T10:01:51
TRX,TLRMHPjLGXsVpD9RVzSfat6zDiVDrd4b4w,22985,CHEIL CREDIT BANK,DPRK4,2026-09-15T10:01:51
TRX,TMECKT19hfumcK3KqQKbhxkn1ohyeR58xu,22985,CHEIL CREDIT BANK,DPRK4,2026-09-15T10:01:51
TRX,TMgnRWb9xFMtktny9Lzty21QYLLQD93ft6,22985,CHEIL CREDIT BANK,DPRK4,2026-09-15T10:01:51
TRX,TMiSGhXXVsvJzqwGbwAsGiFxWg2eALZoM5,22985,CHEIL CREDIT BANK,DPRK4,2026-09-15T10:01:51
TRX,TPcUZYthDfxNsHQnZZGBM1BDNBeNSjfPZE,22985,CHEIL CREDIT BANK,DPRK4,2026-09-15T10:01:51
TRX,TPF9UQhqpV18BPWg5xo6MeB3h8t4iEg9gP,22985,CHEIL CREDIT BANK,DPRK4,2026-09-15T10:01:51
TRX,TPo3JyryRcQ3uhBWexeYhtkpMitsUwY4uB,22985,CHEIL CREDIT BANK,DPRK4,2026-09-15T10:01:51
TRX,TPPR7e8hGC57dexrE2jy1f94wtuGyVP6Dp,22985,CHEIL CREDIT BANK,DPRK4,2026-09-15T10:01:51
TRX,TQKQ4ntejdYYJpuYkFz8oCSDoXW6RKRDdY,22985,CHEIL CREDIT BANK,DPRK4,2026-09-15T10:01:51
TRX,TQthYM5nLqwAEr6DScC8tRtw29ncEB53mK,22985,CHEIL CREDIT BANK,DPRK4,2026-09-15T10:01:51
TRX,TR18rEj7gWjKBJLYrowyfnvjWLTTsXGngK,22985,CHEIL CREDIT BANK,DPRK4,2026-09-15T10:01:51
TRX,TRkGqvaobVp4XDNmSceRo5hDcJYDTFmYjd,22985,CHEIL CREDIT BANK,DPRK4,2026-09-15T10:01:51
TRX,TTct1DezYvriNWU7Wi3mygLoskkaw61mra,22985,CHEIL CREDIT BANK,DPRK4,2026-09-15T10:01:51
TRX,TTUqoT6EAmiM1xLvwVwxhjvjaoEUGtKDdZ,22985,CHEIL CREDIT BANK,DPRK4,2026-09-15T10:01:51
TRX,TTzMs5AR66jr9mQMkWfCHVwd3AiLLYPepQ,22985,CHEIL CREDIT BANK,DPRK4,2026-09-15T10:01:51
TRX,TUKsuPVb8kgJVFp5x528KC5HisUVdzxami,22985,CHEIL CREDIT BANK,DPRK4,2026-09-15T10:01:51
TRX,TVDsEFm19zLV8HeXdt6G75rLroxnp6uqpV,22985,CHEIL CREDIT BANK,DPRK4,2026-09-15T10:01:51
TRX,TVu2SiQrWSnfwk8quAeDxfiaLy6FHzYkMA,22985,CHEIL CREDIT BANK,DPRK4,2026-09-15T10:01:51
TRX,TVyiDQ25H6Rx6PcNV1WyjGasGSa8ehj1Uv,22985,CHEIL CREDIT BANK,DPRK4,2026-09-15T10:01:51
TRX,TW3RgbhYkFEFnmRJ9mE9b83T9XYSMkjwuD,22985,CHEIL CREDIT BANK,DPRK4,2026-09-15T10:01:51
TRX,TWwv8FQiES3yHGig7y3zJWYuPaZfSV3vmY,22985,CHEIL CREDIT BANK,DPRK4,2026-09-15T10:01:51
TRX,TXc4kRiMEcdXRxWpSKkD5qKaARExN4uxPq,22985,CHEIL CREDIT BANK,DPRK4,2026-09-15T10:01:51
TRX,TXFUYHVJMDyKikutvCG6qNgTUS5pxtZhHs,22985,CHEIL CREDIT BANK,DPRK4,2026-09-15T10:01:51
TRX,TYD6a4PAAfAgegEdDf9oZUnW4DFmS8jeFT,22985,CHEIL CREDIT BANK,DPRK4,2026-09-15T10:01:51
TRX,TYK29mbyvVxLaLUKdFSTRADMwoxaVbVZQg,22985,CHEIL CREDIT BANK,DPRK4,2026-09-15T10:01:51
TRX,TYxwUhoLPF7AgfG9GaXFEp8CQi8K8KG1m3,22985,CHEIL CREDIT BANK,DPRK4,2026-09-15T10:01:51
TRX,TTUDyVhhpCC1xJoPmWzdjLAzeoPwbSABdr,50641,CRYPTEX,"CYBER2,RUSSIA-EO14024",2026-09-15T10:01:51
LTC,M8yFL6SFC6TreATegTyuSYkDfDRbisdpT3,50641,CRYPTEX,"CYBER2,RUSSIA-EO14024",2026-09-15T10:01:51
BTC,13JtX4h7G5ZuNK5mFudKGq9DHLvvMFuNuz,50641,CRYPTEX,"CYBER2,RUSSIA-EO14024",2026-09-15T10:01:51
ETH,0x0931cA4D13BB4ba75D9B7132AB690265D749a5E7,50641,CRYPTEX,"CYBER2,RUSSIA-EO14024",2026-09-15T10:01:51
BTC,1G1V1b9s9uPsFCNL15ibZk44xsVygKsP2u,58258,CRYPTO HOME DMCC,SDGT,2026-09-15T10:01:51
ETH,0xbb69e01921b17cd22080968bcc96ba6115da6062,58258,CRYPTO HOME DMCC,SDGT,2026-09-15T10:01:51
BNB,bnb136ns6lfw4zs5hg4n85vdthaad7hq5m4gtkgf23,58258,CRYPTO HOME DMCC,SDGT,2026-09-15T10:01:51
TRX,TTVJuXWCusAURrpNShiypauagEH1N4CrxV,58258,CRYPTO HOME DMCC,SDGT,2026-09-15T10:01:51
BTC,1Q9UAQbcDezmyouFrzt94t4dSMxgsUfW1X,29584,Danil POTEKHIN,CYBER2,2026-09-15T10:01:51
BTC,1Kys8fqDen8NGFUJ6AFcXfFW5qquuTH4eh,29584,Danil POTEKHIN,CYBER2,2026-09-15T10:01:51
ETH,0x7F367cC41522cE07553e823bf3be79A889DEbe1B,29584,Danil POTEKHIN,CYBER2,2026-09-15T10:01:51
BTC,1Q6saNmqKkyFB9mFR68Ck8F7Dp7dTopF2W,29585,Dmitrii KARASAVIDI,CYBER2,2026-09-15T10:01:51
BTC,1DDA93oZPn7wte2eR1ABwcFoxUFxkKMwCf,29585,Dmitrii KARASAVIDI,CYBER2,2026-09-15T10:01:51
ETH,0xd882cfc20f52f2599d84b8e8d58c7fb62cfe344b,29585,Dmitrii KARASAVIDI,CYBER2,2026-09-15T10:01:51
XMR,5be5543ff73456ab9f2d207887e2af87322c651ea1a873c5b25b7ffae456c320,29585,Dmitrii KARASAVIDI,CYBER2,2026-09-15T10:01:51
LTC,LNwgtMxcKUQ51dw7bQL1yPQjBVZh6QEqsd,29585,Dmitrii KARASAVIDI,CYBER2,2026-09-15T10:01:51
ZEC,t1g7wowvQ8gn2v8jrU1biyJ26sieNqNsBJy,29585,Dmitrii KARASAVIDI,CYBER2,2026-09-15T10:01:51
DASH,XnPFsRWTaSgiVauosEwQ6dEitGYXgwznz2,29585,Dmitrii KARASAVIDI,CYBER2,2026-09-15T10:01:51
BTG,GPwg61XoHqQPNmAucFACuQ5H9sGCDv9TpS,29585,Dmitrii KARASAVIDI,CYBER2,2026-09-15T10:01:51
ETC,0xd882cfc20f52f2599d84b8e8d58c7fb62cfe344b,29585,Dmitrii KARASAVIDI,CYBER2,2026-09-15T10:01:51
BTC,bc1qvhnfknw852ephxyc5hm4q520zmvf9maphetc9z,48603,Dmitry Yuryevich KHOROSHEV,CYBER2,2026-09-15T10:01:51
BTC,1MTndG4K51RRMvkzyvguaHnQpiMLnxFGzM,57978,Dmytro RASHEVSKYI,CYBER4,2026-09-15T10:01:51
BTC,1DfyWkiXVVqWfcSduj23qTDis9kb2qvRDa,57978,Dmytro RASHEVSKYI,CYBER4,2026-09-15T10:01:51
ETH,0x1d19b52b54e7ef5ea1a4b40b616165e798eac9f8,57978,Dmytro RASHEVSKYI,CYBER4,2026-09-15T10:01:51
ETH,0x2C7DcD774b33e10367F7d6385479e04F97d179dc,57978,Dmytro RASHEVSKYI,CYBER4,2026-09-15T10:01:51
LTC,LcP1DumXkNJbBtSYD3XxAfsJ2nZR5hLdpM,57978,Dmytro RASHEVSKYI,CYBER4,2026-09-15T10:01:51
LTC,LbPAqHvemZBv3pvAqiAtDnZ3U1t6EziaL1,57978,Dmytro RASHEVSKYI,CYBER4,2026-09-15T10:01:51
ZEC,t1LHesgnkapziGQCJtrfZWYXhyjfTVo1dvh,57978,Dmytro RASHEVSKYI,CYBER4,2026-09-15T10:01:51
DASH,XcuGqRfrR85zyDrzVr1gSL5RNjwwpbu2KS,57978,Dmytro RASHEVSKYI,CYBER4,2026-09-15T10:01:51
DASH,XowUeMFa1FkEUnAHL78E5oqpezMfSB6xP1,57978,Dmytro RASHEVSKYI,CYBER4,2026-09-15T10:01:51
TRX,TTLRNgLpz5H5tLPuNU4FViUs7zmmAtyvzW,57978,Dmytro RASHEVSKYI,CYBER4,2026-09-15T10:01:51
TRX,TBFW9gF4oDX5cG44gS7AoxQeujScmm3z6h,57978,Dmytro RASHEVSKYI,CYBER4,2026-09-15T10:01:51
DOGE,DHzAVdEoL3PjGeLWNdEJwwMA1CeQ9J9Cpo,57978,Dmytro RASHEVSKYI,CYBER4,2026-09-15T10:01:51
DOGE,DTqpKQ96rqkTvHcohQQd9BksmgRjasHgGo,57978,Dmytro RASHEVSKYI,CYBER4,2026-09-15T10:01:51
SOL,Fc1EwQUZyTEagaDvA1utHXCcZNyG1x2PLt2DfNu1cJdH,57978,Dmytro RASHEVSKYI,CYBER4,2026-09-15T10:01:51
SOL,FuCC7GoYwt5TsNTjWL23Xx9UKCvC18chjMEFPL3vJDCC,57978,Dmytro RASHEVSKYI,CYBER4,2026-09-15T10:01:51
BTC,1Ljk8RNNabkZ9bfDYQBn98XfFozJhTjqcZ,45188,Ekaterina Valeryevna ZHDANOVA,RUSSIA-EO14024,2026-09-15T10:01:51
BTC,3685sEusmTwZBiKJ4cgV73EAhpVD1nbgbe,45188,Ekaterina Valeryevna ZHDANOVA,RUSSIA-EO14024,2026-09-15T10:01:51
BTC,39p8qWp1bkBNhi4vPpFTetKPtH7goqNDZf,45188,Ekaterina Valeryevna ZHDANOVA,RUSSIA-EO14024,2026-09-15T10:01:51
TRX,TDdbRFoBTEmE3qiR69Y6rKRSG1hoF65QaE,52074,Elena CHIRKINYAN,RUSSIA-EO14024,2026-09-15T10:01:51
LTC,ltc1qr8ntsedq8tv0svmxqhzvdcdl5k7kntdmnhwep7,57975,FIRST VPN SERVICE,CYBER4,2026-09-15T10:01:51
TRX,TUuaxBAWfA5nmsqNfycxYrzEvz4a5GJMGY,57975,FIRST VPN SERVICE,CYBER4,2026-09-15T10:01:51
BTC,bc1qdnr88f4d2yqunnc4mjsguezm6g3mlwe44z5dw8,57975,FIRST VPN SERVICE,CYBER4,2026-09-15T10:01:51
BTC,bc1qr4ankqmvmrhce3ydvzse86dfx5s3zhehfr9tg9,57975,FIRST VPN SERVICE,CYBER4,2026-09-15T10:01:51
ETH,0x2711d73d559f62f4f855ee21f38378f528e07985,57975,FIRST VPN SERVICE,CYBER4,2026-09-15T10:01:51
TRX,TNmRfnSUXZoWWzxcDDbf95eGQYXt1mJDt8,53953,FUNNULL TECHNOLOGY INC,CYBER3,2026-09-15T10:01:51
ETH,0xd5ED34b52AC4ab84d8FA8A231a3218bbF01Ed510,53953,FUNNULL TECHNOLOGY INC,CYBER3,2026-09-15T10:01:51
TRX,TTKnV2S1295UrPr7N67Tp9ykNL7xX2Z4Uj,45350,Fengbing XIA,ILLICIT-DRUGS-EO14059,2026-09-15T10:01:51
BTC,38TftW1heYPqvKbiAhT4ttNBqkUPpooXad,45350,Fengbing XIA,ILLICIT-DRUGS-EO14059,2026-09-15T10:01:51
BTC,bc1qkfqh5p2qsakseg5gnwen6zh5xf3elmku2xaup29mw3l0wnncy3es880dss,45350,Fengbing XIA,ILLICIT-DRUGS-EO14059,2026-09-15T10:01:51
BTC,17ezuJoT3XBbdcwFZbkTnrXbup11F4uhiy,26236,Fujing ZHENG,SDNTK,2026-09-15T10:01:51
BTC,1DH2xDH7TngrDU6LXciprKCBKNcPA1xX8A,26236,Fujing ZHENG,SDNTK,2026-09-15T10:01:51
BTC,3Lpoy53K625zVeE47ZasiG5jGkAxJ27kh1,36025,GARANTEX EUROPE OU,"CYBER4,RUSSIA-EO14024",2026-09-15T10:01:51
ETH,0x7FF9cFad3877F21d41Da833E2F775dB0569eE3D9,36025,GARANTEX EUROPE OU,"CYBER4,RUSSIA-EO14024",2026-09-15T10:01:51
ETH,0x8Dce2aAC0dE82bdCAf6b4373B79f94331b8e4995,36025,GARANTEX EUROPE OU,"CYBER4,RUSSIA-EO14024",2026-09-15T10:01:51
ETH,0xf4377edA661e04B6DDA78969796Ed31658D602D4,36025,GARANTEX EUROPE OU,"CYBER4,RUSSIA-EO14024",2026-09-15T10:01:51
ETH,0xb338962B92CD818D6aef0A32a9ECD01212a71f33,36025,GARANTEX EUROPE OU,"CYBER4,RUSSIA-EO14024",2026-09-15T10:01:51
ETH,0x57EC89A0C056163A0314e413320f9B3ABe761259,36025,GARANTEX EUROPE OU,"CYBER4,RUSSIA-EO14024",2026-09-15T10:01:51
ETH,0xD8500C631dC32FA18645B7436344a99E4825e10e,36025,GARANTEX EUROPE OU,"CYBER4,RUSSIA-EO14024",2026-09-15T10:01:51
ETH,0x7CEd75026204aC29C34bEA98905D4C949F27361e,36025,GARANTEX EUROPE OU,"CYBER4,RUSSIA-EO14024",2026-09-15T10:01:51
BTC,3E6ZCKRrsdPc35chA9Eftp1h3DLW18NFNV,36025,GARANTEX EUROPE OU,"CYBER4,RUSSIA-EO14024",2026-09-15T10:01:51
TRX,TFwjPScaJRCbSWVAywE1S1WgaUgSnyYUbD,36025,GARANTEX EUROPE OU,"CYBER4,RUSSIA-EO14024",2026-09-15T10:01:51
TRX,TJkBr9TZ1xBeJoF7RNWqyEMbYqVJ6fXXHR,36025,GARANTEX EUROPE OU,"CYBER4,RUSSIA-EO14024",2026-09-15T10:01:51
TRX,TNDjh6WGLYyWmkh8vfu42bXVHUqFNQ3rDq,36025,GARANTEX EUROPE OU,"CYBER4,RUSSIA-EO14024",2026-09-15T10:01:51
BTC,3Q8H2ZWMtc4R1M3mkmhnTjCoYKTeCFigDP,47635,GAZA NOW,SDGT,2026-09-15T10:01:51
ETH,0xE950DC316b836e4EeFb8308bf32Bf7C72a1358FF,47635,GAZA NOW,SDGT,2026-09-15T10:01:51
ETH,0x21B8d56BDA776bbE68655A16895afd96F5534feD,47635,GAZA NOW,SDGT,2026-09-15T10:01:51
TRX,TTgcTTNbNuFdbrhvbjMZVrdU5KALyzDaPw,47635,GAZA NOW,SDGT,2026-09-15T10:01:51
TRX,TGJVc32ig2u8tQsYMLE7KXHT5NDQroaVNU,47635,GAZA NOW,SDGT,2026-09-15T10:01:51
TRX,TXEsK1sEsKjZ1xtHitnyAAoqw3WLdYdRNW,47635,GAZA NOW,SDGT,2026-09-15T10:01:51
TRX,TH96tFMn8KGiYSLiwcV3E2UiaJc8jmcbz3,47635,GAZA NOW,SDGT,2026-09-15T10:01:51
ETH,0x175d44451403Edf28469dF03A9280c1197ADb92c,47635,GAZA NOW,SDGT,2026-09-15T10:01:51
TRX,TL1k1U6SHohxBqb68kCodxHc9y2LXoDSep,55045,GRINEX,CYBER4,2026-09-15T10:01:51
TRX,TNZxGWCwvsHr6JxQxzoeDXV597Yf7Zb7nV,55045,GRINEX,CYBER4,2026-09-15T10:01:51
TRX,TC8axQvzJEVR3NKN6mZnJtGy7537GEmh38,55045,GRINEX,CYBER4,2026-09-15T10:01:51
TRX,TEcuHDQthTmULe8fFLUccBPpjfXaTmJuuD,55045,GRINEX,CYBER4,2026-09-15T10:01:51
TRX,TAYhjpL8pPs8T84FSM329nffQpc6jD8GBM,55045,GRINEX,CYBER4,2026-09-15T10:01:51
TRX,TMuCgBejD5RsNANZdjGtaM3YyKGNgDoy7N,55045,GRINEX,CYBER4,2026-09-15T10:01:51
TRX,TGckaiamj5NzaYx6Qp6Zu7kahuHArzUo99,55045,GRINEX,CYBER4,2026-09-15T10:01:51
LTC,LaizKtS5DUhPuP1nTQcc83MS7HwK6vk85z,26323,Guanghua ZHENG,SDNTK,2026-09-15T10:01:51
BTC,33Kja69SQVc8kozpoP7Qw6HFtGxHkiWzTz,26323,Guanghua ZHENG,SDNTK,2026-09-15T10:01:51
BTC,3MkUNScqf21EcfWq6T4x2MFgBeSTqhB5t6,26323,Guanghua ZHENG,SDNTK,2026-09-15T10:01:51
BTC,18uKfaUjgG52rVeXEi3wxnveww7zZuECtE,26323,Guanghua ZHENG,SDNTK,2026-09-15T10:01:51
BTC,1JPfVv5cWRLx1js9NWxg46dG2CGbeRz4th,32313,"HEBEI ATUN TRADING CO., LTD.",ILLICIT-DRUGS-EO14059,2026-09-15T10:01:51
BTC,3K4rjdh8A5yi6LWvft2rbmyZvqEbPSSSX4,36216,HYDRA MARKET,CYBER2,2026-09-15T10:01:51
BTC,17mhyeBX617ABZ1ffThhUTJkHUcMvCkfd5,36216,HYDRA MARKET,CYBER2,2026-09-15T10:01:51
BTC,35qwVtMEohWDdBWRiCSR7azoP5cbY8SG1Q,36216,HYDRA MARKET,CYBER2,2026-09-15T10:01:51
BTC,35KAdTa2vqnJzitF2xiUzZn1Gmcas2Y465,36216,HYDRA MARKET,CYBER2,2026-09-15T10:01:51
BTC,35LScRJ8hzDvvWh9t9UA8bHGnGNVz3YEfa,36216,HYDRA MARKET,CYBER2,2026-09-15T10:01:51
BTC,1PJp8diNa89cVHpiT1VPu7EQ8LxYM5HX6v,36216,HYDRA MARKET,CYBER2,2026-09-15T10:01:51
BTC,17V7THwHMiDJmDwZK4unhE5HgKFJKx7VCe,36216,HYDRA MARKET,CYBER2,2026-09-15T10:01:51
BTC,3PiCnZrBvGfWAKQ9hr4cCpfaDjy64yNSpE,36216,HYDRA MARKET,CYBER2,2026-09-15T10:01:51
BTC,14gM1HuLVDELNHaFU22qpabjtiWek4HhV1,36216,HYDRA MARKET,CYBER2,2026-09-15T10:01:51
BTC,1GYuu9d5HPikafbys3k5Q3DRJq6debGsoB,36216,HYDRA MARKET,CYBER2,2026-09-15T10:01:51
BTC,3GXdtA6kbb4M5aqzZm5qqxcFDFRMW8LqdJ,36216,HYDRA MARKET,CYBER2,2026-09-15T10:01:51
BTC,1B11Ezqg3AXjFhMdRq5UpPDpNyriYNVtkn,36216,HYDRA MARKET,CYBER2,2026-09-15T10:01:51
BTC,16SPDQFFzgsoNSPiFFTfS8Dw8LLXqia4oc,36216,HYDRA MARKET,CYBER2,2026-09-15T10:01:51
BTC,19pPbUDvoSBZafkUCYkD2Z9AkuqqV6sWm7,36216,HYDRA MARKET,CYBER2,2026-09-15T10:01:51
BTC,3BQACtiMXYB9JpUMpkEWt9m8BzswpGHq4X,36216,HYDRA MARKET,CYBER2,2026-09-15T10:01:51
BTC,1DGsY4ww3BJnWXTsnmTgWa6UWdoRXgA1pX,36216,HYDRA MARKET,CYBER2,2026-09-15T10:01:51
BTC,1GcKLUUXodTQcLcPD7VLMgvCc4hs5Q775,36216,HYDRA MARKET,CYBER2,2026-09-15T10:01:51
BTC,1EvhBad5wCZYhBoAsGaciV6AvmZ1osLpeJ,36216,HYDRA MARKET,CYBER2,2026-09-15T10:01:51
BTC,bc1qsmv6lkrw65l30yazdqpdjjtwzpvk9f8gfh0cy7,36216,HYDRA MARKET,CYBER2,2026-09-15T10:01:51
BTC,bc1qs9u6j78e3utj08mwvqkkmqm9de5xk3g4yh8qtq,36216,HYDRA MARKET,CYBER2,2026-09-15T10:01:51
BTC,12VrYZgS1nmf9KHHped24xBb1aLLRpV2cT,36216,HYDRA MARKET,CYBER2,2026-09-15T10:01:51
BTC,bc1q202ajnhxgg9d9jjczmg0g4usp6haqldyy2eakl,36216,HYDRA MARKET,CYBER2,2026-09-15T10:01:51
BTC,1NbGwQwt4uEhg2srAKppLf8QaF6fbp3PZG,36216,HYDRA MARKET,CYBER2,2026-09-15T10:01:51
BTC,13LQJQ1oJ9K7PsqsGfjNhoVv6UeU6hgzQz,36216,HYDRA MARKET,CYBER2,2026-09-15T10:01:51
BTC,1CG1aSCxUnbmv9G34ofxTQoHtuVnMLJtQV,36216,HYDRA MARKET,CYBER2,2026-09-15T10:01:51
BTC,3Kp8Qc5z7yevDeoQxhS5RSSKnEi5x7AQ43,36216,HYDRA MARKET,CYBER2,2026-09-15T10:01:51
BTC,331TS6DyASY7iU5CRA8UryBnkPS78fP2B1,36216,HYDRA MARKET,CYBER2,2026-09-15T10:01:51
BTC,1NvJm3jfZxENNyqws5BKQvhkLxg9chLJdo,36216,HYDRA MARKET,CYBER2,2026-09-15T10:01:51
BTC,1Licqjca74n8pmNaoARXLLqcTUTHFpxbXH,36216,HYDRA MARKET,CYBER2,2026-09-15T10:01:51
BTC,175BUqf8JCU1uoG1iTRKTacDa4uvJDUCw2,36216,HYDRA MARKET,CYBER2,2026-09-15T10:01:51
BTC,1ANpca7g93BwptUJg1zV116v49zn9gjDi3,36216,HYDRA MARKET,CYBER2,2026-09-15T10:01:51
BTC,1BCWMwpR4M1nYUuuYe2bmzrNuwGoF9ZAbA,36216,HYDRA MARKET,CYBER2,2026-09-15T10:01:51
BTC,18cFGAdYcvNHkuhXLBE7izQKCyUW8TzCJE,36216,HYDRA MARKET,CYBER2,2026-09-15T10:01:51
BTC,1QHxyuLGRMHfbNPJikV4Dwhfx45HWfUMWB,36216,HYDRA MARKET,CYBER2,2026-09-15T10:01:51
BTC,1GnFTy5F9qi5MfaRZfgdg2jkyT5xtAHvd8,36216,HYDRA MARKET,CYBER2,2026-09-15T10:01:51
BTC,bc1quyc6j8ca84q9gjej5jjd2n8hra0vfu0j60fefs57p6e5rerkq07q0l5u3w,36216,HYDRA MARKET,CYBER2,2026-09-15T10:01:51
BTC,16p2UWTZwXRyK5bTHNVjdDyy1D3EQGsZf2,36216,HYDRA MARKET,CYBER2,2026-09-15T10:01:51
BTC,1CddRqw7oSPrT4tt5oXKyx2LiHJDPszy7y,36216,HYDRA MARKET,CYBER2,2026-09-15T10:01:51
BTC,1Hhe61Bwxs8Hd2WxzWY9FQyZicBiZGeSNW,36216,HYDRA MARKET,CYBER2,2026-09-15T10:01:51
BTC,1D3GuaS9eqKw8dWj9JFQtNufdRtysjSLxZ,36216,HYDRA MARKET,CYBER2,2026-09-15T10:01:51
BTC,1PWRKxkR5AU7Tc9zPqjdhtu1eGW1QZzs4y,36216,HYDRA MARKET,CYBER2,2026-09-15T10:01:51
BTC,1D1ej7zQzywWBDNXKNYpmH7Hso2U9koDG4,36216,HYDRA MARKET,CYBER2,2026-09-15T10:01:51
BTC,3KGQ3hX6eFYtBjTBFSdvdkzHmwZyYWLRQh,36216,HYDRA MARKET,CYBER2,2026-09-15T10:01:51
BTC,1LKE3XA9bf5JFqtGtCHzWj5QGxKGwMfXZw,36216,HYDRA MARKET,CYBER2,2026-09-15T10:01:51
BTC,1MtsQsw6n2jvJCWhpCw7jifTfD9Q3rBBVg,36216,HYDRA MARKET,CYBER2,2026-09-15T10:01:51
BTC,1KkaKujnqwJf7Cbm7JKAZGF3X9d4685m8n,36216,HYDRA MARKET,CYBER2,2026-09-15T10:01:51
BTC,1Ge8JodC2HiBiEuT7D3MoH6Fak6XrcT9Kf,36216,HYDRA MARKET,CYBER2,2026-09-15T10:01:51
BTC,bc1qsmqpalp3gtgkltag4x3ygevmhh9y2hzk73t2ug,36216,HYDRA MARKET,CYBER2,2026-09-15T10:01:51
BTC,1E9uUnLbyfToazo95vmM3ysYnzgkrL7GeC,36216,HYDRA MARKET,CYBER2,2026-09-15T10:01:51
BTC,1HH8eiuaTMucTNyvGCUmAvmCZCtdMi8SqK,36216,HYDRA MARKET,CYBER2,2026-09-15T10:01:51
BTC,19FQzHibWDhSP8pKmJS3uagFYoisXtehzw,36216,HYDRA MARKET,CYBER2,2026-09-15T10:01:51
BTC,3DLGfN7hgsWXXSp9euXcnmWXLpFQuswW2t,36216,HYDRA MARKET,CYBER2,2026-09-15T10:01:51
BTC,1PXxwPVtYxZiCRp9LKq7aKMDFrhAQztvUE,36216,HYDRA MARKET,CYBER2,2026-09-15T10:01:51
BTC,1Q4tJjH2aBr3AJrzxqa4Z3jPpf5SDgF4jK,36216,HYDRA MARKET,CYBER2,2026-09-15T10:01:51
BTC,1PYtgFS2t6i57WdDvbRa7kPcsagGMBxzfg,36216,HYDRA MARKET,CYBER2,2026-09-15T10:01:51
BTC,16ZSAEfYpPCj3D94fsNt2okYj9Ue8mxy6T,36216,HYDRA MARKET,CYBER2,2026-09-15T10:01:51
BTC,bc1qvlzfn6kmezv44d8kw0p5jsmxe6wchv3zc7gsxs,36216,HYDRA MARKET,CYBER2,2026-09-15T10:01:51
BTC,3QVyoH4u3qT88uChAeJVhfB3r6maZt431y,36216,HYDRA MARKET,CYBER2,2026-09-15T10:01:51
BTC,1FFS6pX1TCKTNy668Mbk2Lyoem1qB48kYX,36216,HYDRA MARKET,CYBER2,2026-09-15T10:01:51
BTC,1Dpddb1TMjvmNQeYDqgyd1ww6cmwPJRdSk,36216,HYDRA MARKET,CYBER2,2026-09-15T10:01:51
BTC,3AjiWiUdKB5mcGUSS9mBeoHCeYJw3Zo8r6,36216,HYDRA MARKET,CYBER2,2026-09-15T10:01:51
BTC,1EtMuBPQnPCa3cecerdSH1SzydxnhbTmw,36216,HYDRA MARKET,CYBER2,2026-09-15T10:01:51
BTC,3CCmt5LjQ5yKkaFY1DWC2SbERVEtWRnSRD,36216,HYDRA MARKET,CYBER2,2026-09-15T10:01:51
BTC,1MQBDeRWsiJBf7K1VGjJ7PWEL6GJXMfmLg,36216,HYDRA MARKET,CYBER2,2026-09-15T10:01:51
BTC,1MbtT2ZsTtLp7EKZUV9r74cTyqvsMtTP2M,36216,HYDRA MARKET,CYBER2,2026-09-15T10:01:51
BTC,36yS87PLuW7sErLg1TY26WzaVarTim7AcC,36216,HYDRA MARKET,CYBER2,2026-09-15T10:01:51
BTC,3AYU365Tcjef7j9pdKF9Xe8rWpEpsH196t,36216,HYDRA MARKET,CYBER2,2026-09-15T10:01:51
BTC,148LKmyZT3FGE4x1GjsFN6RsAwcjzk5iuE,36216,HYDRA MARKET,CYBER2,2026-09-15T10:01:51
BTC,16EKTes8ahD8xvwisqjc2xSNLiG3fDHatW,36216,HYDRA MARKET,CYBER2,2026-09-15T10:01:51
BTC,3GuQjr7kkrR5EjpanMgyAuxuLgrjEUwe21,36216,HYDRA MARKET,CYBER2,2026-09-15T10:01:51
BTC,35eanEz5iYg2eYaxCtMrR4SCoypFqrBWUH,36216,HYDRA MARKET,CYBER2,2026-09-15T10:01:51
BTC,3QWUdP5taP4GrRuueVDud1eWetb7hc3wDH,36216,HYDRA MARKET,CYBER2,2026-09-15T10:01:51
BTC,3Czhm6xqn8odwz6jgTcjRrUjog28v6aVS8,36216,HYDRA MARKET,CYBER2,2026-09-15T10:01:51
BTC,1F7UL41qYm6TvnExZzPHBCyeENvX3XDEMS,36216,HYDRA MARKET,CYBER2,2026-09-15T10:01:51
BTC,123WBUDmSJv4GctdVEz6Qq6z8nXSKrJ4KX,36216,HYDRA MARKET,CYBER2,2026-09-15T10:01:51
BTC,3BCN3WgMRJwULTz1vsEQ7NZrBjwaUBf5Ca,36216,HYDRA MARKET,CYBER2,2026-09-15T10:01:51
BTC,35SwVFxosV3AsvnrBfzdXarqavRbvDyyxv,36216,HYDRA MARKET,CYBER2,2026-09-15T10:01:51
BTC,32pCmCWEjwhkLwh5BgLNAeBQFp5Gi1hv81,36216,HYDRA MARKET,CYBER2,2026-09-15T10:01:51
BTC,1G64TFMFVJTjhJXra6x74BBhsfSyiWaFtT,36216,HYDRA MARKET,CYBER2,2026-09-15T10:01:51
BTC,1A3iYY4c3dkgNYGewzYzr7EsqfBuWXibGo,36216,HYDRA MARKET,CYBER2,2026-09-15T10:01:51
BTC,3GAUBtrTtWp1D9yeXgr3wMg8B599QHa5m5,36216,HYDRA MARKET,CYBER2,2026-09-15T10:01:51
BTC,3HJN4jRa4mdfkey9JR9jUhr86yPwL86A3C,36216,HYDRA MARKET,CYBER2,2026-09-15T10:01:51
BTC,1EuUMPBCZtSd5pVVFEqmRqUSfU1qy6ASuL,36216,HYDRA MARKET,CYBER2,2026-09-15T10:01:51
BTC,1Pu1nAW7kCoSMThMs8QcpM8JxuByQDZgH,36216,HYDRA MARKET,CYBER2,2026-09-15T10:01:51
BTC,3QnWE5GVfQu3wVav91RuFkqip4Ti4NWqAY,36216,HYDRA MARKET,CYBER2,2026-09-15T10:01:51
BTC,1CNbhgxGRZvsWnEHotfXge7k2E1UPzBDC7,36216,HYDRA MARKET,CYBER2,2026-09-15T10:01:51
BTC,3HSZc4BLnQBznjSq7JvXgqNCZUUs3M9fZz,36216,HYDRA MARKET,CYBER2,2026-09-15T10:01:51
BTC,37dDBCexFPraKW4jGSqkE3NyG52YeZQbJx,36216,HYDRA MARKET,CYBER2,2026-09-15T10:01:51
BTC,1H8sDTTgJPBKw83EBZDLhXvetCbxZUMMZM,36216,HYDRA MARKET,CYBER2,2026-09-15T10:01:51
BTC,1BvJRBRp9ZZ6zLyuZaZsV7g3xP6JokdZQW,36216,HYDRA MARKET,CYBER2,2026-09-15T10:01:51
BTC,bc1q237mvl0heyw0r38wd3xz8h5mar96rrwpams8pp,36216,HYDRA MARKET,CYBER2,2026-09-15T10:01:51
BTC,34dxZvijpBM1YkPybczbQ7DuGuKAnULdfS,36216,HYDRA MARKET,CYBER2,2026-09-15T10:01:51
BTC,1GkLN7DbA9mAtHNzQWNPANcdWbefaz4Gzm,36216,HYDRA MARKET,CYBER2,2026-09-15T10:01:51
BTC,13hfsQm6oCaDZehfYBSMFiJVAi1jsL6sQd,36216,HYDRA MARKET,CYBER2,2026-09-15T10:01:51
BTC,1Sf6e4xQv8muMZqYPTdRFf3e5o5eWcg9F,36216,HYDRA MARKET,CYBER2,2026-09-15T10:01:51
BTC,bc1qj6j6p0jdefl6pvdzx3kx8245yy5mz6q4luhzes,36216,HYDRA MARKET,CYBER2,2026-09-15T10:01:51
BTC,1B3u21itzjgKtm7QsNQNCBpSkwzzeDHqrW,36216,HYDRA MARKET,CYBER2,2026-09-15T10:01:51
BTC,3JhPsVV3KnL9dBYGSZALS9EbrLr97R865a,36216,HYDRA MARKET,CYBER2,2026-09-15T10:01:51
BTC,bc1qqf8kcc9m57xjqcvsvuf989nnl48ve6d2s24cx3,36216,HYDRA MARKET,CYBER2,2026-09-15T10:01:51
BTC,1HuYfoEwsfHgZiRhbhJrCd5ST3iksa8KEx,36216,HYDRA MARKET,CYBER2,2026-09-15T10:01:51
BTC,1J9wJH2bamZVxscXAvoDH4jvtGKb7sYFDm,36216,HYDRA MARKET,CYBER2,2026-09-15T10:01:51
BTC,34WWXwFKAsXL9zYxbeNPaPV6vDamkjQLUo,36216,HYDRA MARKET,CYBER2,2026-09-15T10:01:51
BTC,3PDmRwotTkRAFRLGTUrucCERp2JdM1q4ar,36216,HYDRA MARKET,CYBER2,2026-09-15T10:01:51
BTC,3AFcE2mbSSndcpYFgHoExSmjUc26ef2gQh,36216,HYDRA MARKET,CYBER2,2026-09-15T10:01:51
BTC,3P6PzdfETr4275Gn3veLkCyDxA1jV8fHKm,36216,HYDRA MARKET,CYBER2,2026-09-15T10:01:51
BTC,3HRExd8GKFskZC5inmVcpiyy9UWG7FVa6o,36216,HYDRA MARKET,CYBER2,2026-09-15T10:01:51
BTC,3MP7yBGSW2gkXVRE8S84T2j4KVgPh3rEzv,36216,HYDRA MARKET,CYBER2,2026-09-15T10:01:51
BTC,1K2fmE9hfhbRNSZoBvCBWZAvsS5idTUxBG,36216,HYDRA MARKET,CYBER2,2026-09-15T10:01:51
BTC,3ES6pqCueDPCnC4hCqhhYuey6gyiRJZw6E,36216,HYDRA MARKET,CYBER2,2026-09-15T10:01:51
BTC,3KvBX3jo69Qn8jHy44M33RYoeYcf8DdRBD,36216,HYDRA MARKET,CYBER2,2026-09-15T10:01:51
BTC,3K26aMKmnrv97Pj6YiFcqiXk2LxeHfhnG3,36216,HYDRA MARKET,CYBER2,2026-09-15T10:01:51
BTC,3BWP6ZQAhc4j5wR1b95zJAthJEFvhdees7,36216,HYDRA MARKET,CYBER2,2026-09-15T10:01:51
BTC,3JuSgFrwnrNfuhvR4GpWAPmeJVot4xrEae,36216,HYDRA MARKET,CYBER2,2026-09-15T10:01:51
BTC,1DKGRGJXGNLAtTeFb9SNPNHtrkZ87q7qKi,36216,HYDRA MARKET,CYBER2,2026-09-15T10:01:51
BTC,361AkMKNNWYwZRsCE8pPNmoh5aQf4V7g4p,36216,HYDRA MARKET,CYBER2,2026-09-15T10:01:51
BTC,33fWcMdmsB2Ey4CEbVWbjGFkuevBSyP9nG,36216,HYDRA MARKET,CYBER2,2026-09-15T10:01:51
BTC,35aTjkBh4yeTypJsi9nuTdoMKHTsawKVgX,36216,HYDRA MARKET,CYBER2,2026-09-15T10:01:51
BTC,3PKiHs4GY4rFg8dpppNVPXGPqMX6K2cBML,41297,Hongfei WANG,ILLICIT-DRUGS-EO14059,2026-09-15T10:01:51
BTC,1986rYHckYbJpGQJy6ornuMyD2N5MTqwDt,42496,Huihui WU,DPRK3,2026-09-15T10:01:51
BTC,125W5ek3DT6Zqy5S2iPt4FHQdNMCbZA3FU,42496,Huihui WU,DPRK3,2026-09-15T10:01:51
BTC,1Kc6egXevyLEaeTxLFA1Zyw7GuhCN8jQtt,42496,Huihui WU,DPRK3,2026-09-15T10:01:51
BTC,12w6v1qAaBc4W8h8C2Cu5SKFaKDSv3erUW,42496,Huihui WU,DPRK3,2026-09-15T10:01:51
BTC,1CPJak9ZyddbawMGJPyEhCiJLXXb4sYv8N,42496,Huihui WU,DPRK3,2026-09-15T10:01:51
BTC,1DJoVLgn1foJHHngduRPJvRbwpaFEKxvxd,42496,Huihui WU,DPRK3,2026-09-15T10:01:51
BTC,15kZobLkD6HZgEECtz4oS2Vz21XHTnNfSg,42496,Huihui WU,DPRK3,2026-09-15T10:01:51
BTC,15qyVrZvvVGvB7GWiAZ82TNcZ6QWMKu3kx,42496,Huihui WU,DPRK3,2026-09-15T10:01:51
BTC,12YCfVAEzkEZXBYhUTyJJaRkgMXiFxJgcu,42496,Huihui WU,DPRK3,2026-09-15T10:01:51
BTC,1MkCnCa9agS5t6V1B15bzusBgYECB4LfWp,42496,Huihui WU,DPRK3,2026-09-15T10:01:51
BTC,1NuBZQXJPyYQGfoBib8wWBDpZmbtkJa5Ba,42496,Huihui WU,DPRK3,2026-09-15T10:01:51
BTC,14rjAD8ZP5xaL571cMRE98qgxxbg1S8mAN,42496,Huihui WU,DPRK3,2026-09-15T10:01:51
BTC,18yWCu6agTxYqAerMxiz9sgHrK3ViezzGa,42496,Huihui WU,DPRK3,2026-09-15T10:01:51
BTC,12jVCWW1ZhTLA5yVnroEJswqKwsfiZKsax,42496,Huihui WU,DPRK3,2026-09-15T10:01:51
BTC,1J378PbmTKn2sEw6NBrSWVfjZLBZW3DZem,42496,Huihui WU,DPRK3,2026-09-15T10:01:51
BTC,18aqbRhHupgvC9K8qEqD78phmTQQWs7B5d,42496,Huihui WU,DPRK3,2026-09-15T10:01:51
BTC,16ti2EXaae5izfkUZ1Zc59HMcsdnHpP5QJ,42496,Huihui WU,DPRK3,2026-09-15T10:01:51
TRX,TGXE9dGWawjfd3xqFSho1h1bRbRv9wUGrF,42498,Hyon Sop SIM,NPWMD,2026-09-15T10:01:51
TRX,TPDLpXxPcaSsupEZ3yrVksmNkYP5SLeKxu,42498,Hyon Sop SIM,NPWMD,2026-09-15T10:01:51
TRX,TNTFhgFoKH4srBMiWbfrVFqP2AThSmdwf1,42498,Hyon Sop SIM,NPWMD,2026-09-15T10:01:51
TRX,TXhf9nU9bjo1j9z5qEesHdr6gtdndfnA4T,42498,Hyon Sop SIM,NPWMD,2026-09-15T10:01:51
TRX,TK17wfSPp32RWrnzZPrGpv7TxdNFvvvE2s,42498,Hyon Sop SIM,NPWMD,2026-09-15T10:01:51
TRX,TYeQD2VddTZ9NkFkAnT9DD8cUGetGUQZB2,42498,Hyon Sop SIM,NPWMD,2026-09-15T10:01:51
ARB,0x4f47bc496083c727c5fbe3ce9cdf2b0f6496270c,42498,Hyon Sop SIM,NPWMD,2026-09-15T10:01:51
BSC,0x4f47bc496083c727c5fbe3ce9cdf2b0f6496270c,42498,Hyon Sop SIM,NPWMD,2026-09-15T10:01:51
ETH,0x4f47bc496083c727c5fbe3ce9cdf2b0f6496270c,42498,Hyon Sop SIM,NPWMD,2026-09-15T10:01:51
ETH,0xd04E33461FEA8302c5E1e13895b60cEe8AEfda7F,42498,Hyon Sop SIM,NPWMD,2026-09-15T10:01:51
ETH,0x76EA76CA4Eb727f18956aB93445a94c5280412B9,42498,Hyon Sop SIM,NPWMD,2026-09-15T10:01:51
ETH,0xFb3eFf152ea55D1BfA04Dbdd509A80fD7b72cdEB,42498,Hyon Sop SIM,NPWMD,2026-09-15T10:01:51
ETH,0xFda1Ec4A6178d4916b001a065422D31EBE5F62FF,42498,Hyon Sop SIM,NPWMD,2026-09-15T10:01:51
ETH,0x747AFB5c7A7fc34B547cD0FDEbf9b91759C5a52b,42498,Hyon Sop SIM,NPWMD,2026-09-15T10:01:51
TRX,TUoixKFaWVsHxGWgnYyMzpkrT22YqU7VvH,18647,ISIL KHORASAN,"FTO,SDGT",2026-09-15T10:01:51
TRX,TBtRqkiFzyuwe8nSAGQghxygAfwAF5eERq,18647,ISIL KHORASAN,"FTO,SDGT",2026-09-15T10:01:51
TRX,TTs7KRq39547ruAsxb9brAPuTLy7h3U6H1,18647,ISIL KHORASAN,"FTO,SDGT",2026-09-15T10:01:51
TRX,TVttWTHTCU9kULP51m9BaHpmCW8H1BJJNQ,18647,ISIL KHORASAN,"FTO,SDGT",2026-09-15T10:01:51
TRX,TCqKhk7MpPnGH3UfygE1TRzUo92a5tuVy6,18647,ISIL KHORASAN,"FTO,SDGT",2026-09-15T10:01:51
TRX,TSbGiFzG9xFXUYgGA6RwbS3jvKNpeA4c3R,18647,ISIL KHORASAN,"FTO,SDGT",2026-09-15T10:01:51
TRX,TVXHp8bMrpRd5HGy3w1yu9f87qwRrMHFp8,18647,ISIL KHORASAN,"FTO,SDGT",2026-09-15T10:01:51
TRX,TQ8a74SiDig3EDSC14tosLACWLbvaNYwCJ,18647,ISIL KHORASAN,"FTO,SDGT",2026-09-15T10:01:51
TRX,TWdqVcA3NyrNv71NgbMwKv3C5XMxj4XjSp,18647,ISIL KHORASAN,"FTO,SDGT",2026-09-15T10:01:51
TRX,TX1zyMrYZNbtQx7yPZp4adZV5NbToGNrkS,18647,ISIL KHORASAN,"FTO,SDGT",2026-09-15T10:01:51
TRX,TSSQDgExKUELagzAKTAcoLMviq4SZ1eTFm,18647,ISIL KHORASAN,"FTO,SDGT",2026-09-15T10:01:51
TRX,TUfq9hfP7qUDMoJbzkjG4GPtNxhZewqk8Z,18647,ISIL KHORASAN,"FTO,SDGT",2026-09-15T10:01:51
TRX,TCEe3McjK9FWby8YsNmtRDwJt1x2s5dFTL,18647,ISIL KHORASAN,"FTO,SDGT",2026-09-15T10:01:51
TRX,TBJqexr1FfGxVKhDsKeou6FVLBW1aS1Ny7,18647,ISIL KHORASAN,"FTO,SDGT",2026-09-15T10:01:51
TRX,TV6cvFEMcfxGsWqgxpBrXZ35MkhdtdhT3G,18647,ISIL KHORASAN,"FTO,SDGT",2026-09-15T10:01:51
TRX,THfLaNMBAMz7xXnHoz5BkRMmrwuHKqfAfR,18647,ISIL KHORASAN,"FTO,SDGT",2026-09-15T10:01:51
TRX,TCudJgJ14kk3Ss2PEgsT15frztKpyG7HEh,18647,ISIL KHORASAN,"FTO,SDGT",2026-09-15T10:01:51
TRX,TCk1g37N3x6PDda63waydNQwqTUzFNpsrR,18647,ISIL KHORASAN,"FTO,SDGT",2026-09-15T10:01:51
TRX,TU8hJXgHdxWuj4DaaBKQFUwDeB8B5Xacke,18647,ISIL KHORASAN,"FTO,SDGT",2026-09-15T10:01:51
TRX,TL5WqcFX7XkhVLLwaXrdr57gnjC4stBeSG,18647,ISIL KHORASAN,"FTO,SDGT",2026-09-15T10:01:51
TRX,TSFCGGbR57b56c4MXdiW5gzpD8j6cmimgo,18647,ISIL KHORASAN,"FTO,SDGT",2026-09-15T10:01:51
TRX,TXHb3BkGgYmygyS14MJKX8kTcFGT7dXN4r,18647,ISIL KHORASAN,"FTO,SDGT",2026-09-15T10:01:51
TRX,TN56YaCBymut2xoiRvy3v2qZ2pYgmBAtSo,18647,ISIL KHORASAN,"FTO,SDGT",2026-09-15T10:01:51
TRX,TPnUDsrLYZg1UXGkpXSmhFEY5J5etfzE9S,18647,ISIL KHORASAN,"FTO,SDGT",2026-09-15T10:01:51
TRX,TVXP7Aj5KFUPKMQUrsU6F3wUsyiLiUaUje,18647,ISIL KHORASAN,"FTO,SDGT",2026-09-15T10:01:51
TRX,TDxXXmCELgrb5VwYobDMyTKVTTdY9LjEjx,18647,ISIL KHORASAN,"FTO,SDGT",2026-09-15T10:01:51
TRX,TXoVNrqm11FFVKcF1vEND64gibVkr1HwAR,18647,ISIL KHORASAN,"FTO,SDGT",2026-09-15T10:01:51
TRX,TEKeY9i4CcVySJMmhuh2AxZhtgTmugYUMW,18647,ISIL KHORASAN,"FTO,SDGT",2026-09-15T10:01:51
TRX,TW9mABkenngQyJBqce5khR9fNCBF5gsBFQ,18647,ISIL KHORASAN,"FTO,SDGT",2026-09-15T10:01:51
TRX,TWumrtaEaPCv8Bs9mXqKkhY5sZVd78QAdS,18647,ISIL KHORASAN,"FTO,SDGT",2026-09-15T10:01:51
TRX,TD7TXyvmjPfJkfhJuQ58NXA9dX9q81mqAp,18647,ISIL KHORASAN,"FTO,SDGT",2026-09-15T10:01:51
TRX,TEtLieZwyjJTth7S5EJqUNjtSbM1ui9toK,18647,ISIL KHORASAN,"FTO,SDGT",2026-09-15T10:01:51
TRX,TS729BUXeZWBhJGPKCdK75q7VU4nhkJkYT,18647,ISIL KHORASAN,"FTO,SDGT",2026-09-15T10:01:51
TRX,TER8k4zWt3byuHyvyBkLstz3QVUUuBs9pt,18647,ISIL KHORASAN,"FTO,SDGT",2026-09-15T10:01:51
TRX,TByksCkUtMaYwHCSaetmAGufpeyfdXBrJk,18647,ISIL KHORASAN,"FTO,SDGT",2026-09-15T10:01:51
TRX,TNmKrdYLPtFwPNWJUjrXdkQw4gSwpszUJd,18647,ISIL KHORASAN,"FTO,SDGT",2026-09-15T10:01:51
TRX,TTuDmNhu8A6koPJRUd8Q5RnsT1FMfrZnoj,18647,ISIL KHORASAN,"FTO,SDGT",2026-09-15T10:01:51
TRX,TGLrjZc9c48iMFB4ZmDnSjSRMq27MXPg2k,18647,ISIL KHORASAN,"FTO,SDGT",2026-09-15T10:01:51
TRX,TVgJTK9qPg7wGTyeTG2MYF8aKMEx883xYU,18647,ISIL KHORASAN,"FTO,SDGT",2026-09-15T10:01:51
TRX,TPkNp2Z5KiA1sLWpPMWsfNErVo2dHxc4iy,18647,ISIL KHORASAN,"FTO,SDGT",2026-09-15T10:01:51
TRX,TDSGtCciE9yFKYzDj1kBBc3F7gosguDqwC,18647,ISIL KHORASAN,"FTO,SDGT",2026-09-15T10:01:51
TRX,TNVbVXAgUT83Sv7E9oZwWutXqzs13sr6xN,18647,ISIL KHORASAN,"FTO,SDGT",2026-09-15T10:01:51
TRX,TAwNQN5tmzJJ694PPuoFUxQY13quBs8YgA,18647,ISIL KHORASAN,"FTO,SDGT",2026-09-15T10:01:51
TRX,TGNwKzHjYvYP2SwsrmCYrRRvCRdxQgLq1w,18647,ISIL KHORASAN,"FTO,SDGT",2026-09-15T10:01:51
TRX,TA3rH2A7iHnm6pKH8gr9cK1EZnShnmZdFg,18647,ISIL KHORASAN,"FTO,SDGT",2026-09-15T10:01:51
TRX,TLj5ZRvem4DAdbZLTGU3qAbAdLQug57JVo,18647,ISIL KHORASAN,"FTO,SDGT",2026-09-15T10:01:51
TRX,TMRxAJt87MVYnadWne53AxZFG1FPKGfoGz,18647,ISIL KHORASAN,"FTO,SDGT",2026-09-15T10:01:51
TRX,TRmrnQiUY1ofMcTQUXvgeauKcZPnmwUeUR,18647,ISIL KHORASAN,"FTO,SDGT",2026-09-15T10:01:51
TRX,TBKq3SzXigsGhQNzdCYocpt8RzoMh3uxAr,18647,ISIL KHORASAN,"FTO,SDGT",2026-09-15T10:01:51
TRX,TYAiWf2KhXrGuWxmCPaJgC6zNYwFuKtioi,18647,ISIL KHORASAN,"FTO,SDGT",2026-09-15T10:01:51
TRX,TYVveapkRkm5RHcDNPU9QnPk8N5RdsS4iY,18647,ISIL KHORASAN,"FTO,SDGT",2026-09-15T10:01:51
TRX,TK7HUNru8YLMz7vv8kzWRPrE2ZSgZeCaHV,18647,ISIL KHORASAN,"FTO,SDGT",2026-09-15T10:01:51
TRX,TAyyw6ZoTZexvTcN7WRR9t79JUFgSAvkL8,18647,ISIL KHORASAN,"FTO,SDGT",2026-09-15T10:01:51
TRX,TJGVHmHVNuU1vsXGGALLoirPwoRZoMUuhg,18647,ISIL KHORASAN,"FTO,SDGT",2026-09-15T10:01:51
TRX,TB1Bcv3x8mg7PVV4nVM48pgHJKcYboTypU,18647,ISIL KHORASAN,"FTO,SDGT",2026-09-15T10:01:51
TRX,TWxoDF6qvjMUeTYRimaiARGsJTUnjrzZn3,18647,ISIL KHORASAN,"FTO,SDGT",2026-09-15T10:01:51
TRX,TCXihiScsAodR942Xq45df9qQAdr5nhkjQ,18647,ISIL KHORASAN,"FTO,SDGT",2026-09-15T10:01:51
TRX,TDhtVUnmYwWfzWVrnzryr3fbQo8VTvj4ji,18647,ISIL KHORASAN,"FTO,SDGT",2026-09-15T10:01:51
TRX,TE6VgR7rAuY4kuzCjdSVCZFXPjjzSQYY7X,18647,ISIL KHORASAN,"FTO,SDGT",2026-09-15T10:01:51
TRX,TV62LkiP1GiNdFCJEdY3xf6GdNLCCi6mfu,18647,ISIL KHORASAN,"FTO,SDGT",2026-09-15T10:01:51
TRX,TWBqpQLDPCrXgRW1X9yFqR8NFfjyFSq5k4,18647,ISIL KHORASAN,"FTO,SDGT",2026-09-15T10:01:51
TRX,TQetJ6xMqvv2Fu4ftD9UdBhuaKem5HbMou,18647,ISIL KHORASAN,"FTO,SDGT",2026-09-15T10:01:51
TRX,TWAfC6htS1FyFv1r3aKENuD8DQGMzBbP8L,18647,ISIL KHORASAN,"FTO,SDGT",2026-09-15T10:01:51
TRX,TMfDhpUqW5W6HcMPXFaJfaiY271CYa51Hs,18647,ISIL KHORASAN,"FTO,SDGT",2026-09-15T10:01:51
TRX,TB5J8W166YTUmtpUsy4XnNTKLVtesuE9eV,18647,ISIL KHORASAN,"FTO,SDGT",2026-09-15T10:01:51
TRX,TSE5NWTJckiN8hJCUzwB3RgsMbdF4uCrmr,18647,ISIL KHORASAN,"FTO,SDGT",2026-09-15T10:01:51
TRX,TDi9s3GeAtFBbUvGxqXiZnxiaH9QpqjYFn,18647,ISIL KHORASAN,"FTO,SDGT",2026-09-15T10:01:51
TRX,TCUTmWspsaJb3U5JUs5AhVcGwaftyK1qtp,18647,ISIL KHORASAN,"FTO,SDGT",2026-09-15T10:01:51
TRX,TYvR9x3Dqx39s9rooaSAHwVwF8psBrcFBV,18647,ISIL KHORASAN,"FTO,SDGT",2026-09-15T10:01:51
TRX,TUyo1Kfnnjr2iMQdZxLWPX1U8Xiy1Wz5z5,18647,ISIL KHORASAN,"FTO,SDGT",2026-09-15T10:01:51
TRX,TBhR5MLrTsNZ8FUyKgzdrCjWkYD2orYLdx,18647,ISIL KHORASAN,"FTO,SDGT",2026-09-15T10:01:51
TRX,THstQuwNidzC4YeJ7uPowf55ZdVZtGcHJ5,18647,ISIL KHORASAN,"FTO,SDGT",2026-09-15T10:01:51
TRX,TKX6rgpGpGrJWzf1qXUUSNL5cYHQt7Z9rY,18647,ISIL KHORASAN,"FTO,SDGT",2026-09-15T10:01:51
TRX,TWoRwYzsifrD79DHDpTHC8fq787MvH9Qro,18647,ISIL KHORASAN,"FTO,SDGT",2026-09-15T10:01:51
TRX,TDHJNJHosn6xNDxMecFZwXyTzE9bYGXp9L,18647,ISIL KHORASAN,"FTO,SDGT",2026-09-15T10:01:51
TRX,TQVZEuLHacexyJX3nZStaPzxceS63C9bax,18647,ISIL KHORASAN,"FTO,SDGT",2026-09-15T10:01:51
TRX,TQb6Pc4PmfUdUokLq5ygNioj4PnodNak9b,18647,ISIL KHORASAN,"FTO,SDGT",2026-09-15T10:01:51
TRX,TR3yiEuFrbBnP8X5DKYFjRxCwbxcYyftD4,18647,ISIL KHORASAN,"FTO,SDGT",2026-09-15T10:01:51
TRX,TEBHpD6iiAqhyS4w7zZFmD1rrv65a5HVTD,18647,ISIL KHORASAN,"FTO,SDGT",2026-09-15T10:01:51
TRX,TMocScwSbSn2cqRCHVkzZSEar3Jk5AsXgo,18647,ISIL KHORASAN,"FTO,SDGT",2026-09-15T10:01:51
TRX,TNKyDgjn2WHZwHhH2Mj5AGMnK4moBX9xQd,18647,ISIL KHORASAN,"FTO,SDGT",2026-09-15T10:01:51
TRX,TPcwqbJ3ViWMUQMiKfMjDM7VTiCzdRu1cH,18647,ISIL KHORASAN,"FTO,SDGT",2026-09-15T10:01:51
TRX,TVJ4B5R8c8dS65NtUXpZPMGUpCRq8BQUrC,18647,ISIL KHORASAN,"FTO,SDGT",2026-09-15T10:01:51
TRX,TAgZxxuvfuKYJY5UPC1DXF8NPHbKtTzEGu,18647,ISIL KHORASAN,"FTO,SDGT",2026-09-15T10:01:51
TRX,TCyAE8Lxa1rmTThhE5Z3X95PC9rgMrReMX,18647,ISIL KHORASAN,"FTO,SDGT",2026-09-15T10:01:51
TRX,TSi1d66cgg3cPm9L6c2ZD8K1381XusSjkc,18647,ISIL KHORASAN,"FTO,SDGT",2026-09-15T10:01:51
TRX,TR83KsDjUKeds62PcAgo7BfhPJPSpMk7Ba,18647,ISIL KHORASAN,"FTO,SDGT",2026-09-15T10:01:51
TRX,TDX3dFNPvJeA9eVLLNqf1ixr4U2ktcDmoD,18647,ISIL KHORASAN,"FTO,SDGT",2026-09-15T10:01:51
TRX,TJCUwt9EKeTyzDw42658h8aYxQXScLdCZR,18647,ISIL KHORASAN,"FTO,SDGT",2026-09-15T10:01:51
TRX,TETfViHWf9ZNB6WJgZBRMB48pTaBFo5Rmd,18647,ISIL KHORASAN,"FTO,SDGT",2026-09-15T10:01:51
TRX,TBhTMBAaEWiTtMgMdJ97ZmYotgHeY543cc,18647,ISIL KHORASAN,"FTO,SDGT",2026-09-15T10:01:51
TRX,TFebC149jCDiow1MBphhfpHDLeMAKRNrqJ,18647,ISIL KHORASAN,"FTO,SDGT",2026-09-15T10:01:51
TRX,TXw4d7BseHBn6sneMUzm4nEdfPVjuJGEH9,18647,ISIL KHORASAN,"FTO,SDGT",2026-09-15T10:01:51
TRX,TQt3dWHiPdaKioG7nwovoTDUtxfimyuxYa,18647,ISIL KHORASAN,"FTO,SDGT",2026-09-15T10:01:51
TRX,TE5R3hJ6REap6vh14YAqjXczKrYaiteTy3,18647,ISIL KHORASAN,"FTO,SDGT",2026-09-15T10:01:51
TRX,TCCryMcQb5A5FSYkmcVy26Nd8J1FWHtfWh,18647,ISIL KHORASAN,"FTO,SDGT",2026-09-15T10:01:51
TRX,TLC3piEQ5n4tcULKHqLTGhmYFUyHUVSxck,18647,ISIL KHORASAN,"FTO,SDGT",2026-09-15T10:01:51
TRX,TLDtPq9PQsDuQunME8CSeVdYaLtRdrVgoJ,18647,ISIL KHORASAN,"FTO,SDGT",2026-09-15T10:01:51
TRX,TRqbVMHWck3j2vKzA16L69v3cwuoyQSY8L,18647,ISIL KHORASAN,"FTO,SDGT",2026-09-15T10:01:51
TRX,TA82wQ77kb9DieW4C8q7C4KwMfnCzfziqN,18647,ISIL KHORASAN,"FTO,SDGT",2026-09-15T10:01:51
TRX,TUcjuVB6RFvsMgE352Kdc3VHvFvteti97B,18647,ISIL KHORASAN,"FTO,SDGT",2026-09-15T10:01:51
TRX,TBfVDwNS6hC2Ln2qTLTRKMMPddscFEhhrU,18647,ISIL KHORASAN,"FTO,SDGT",2026-09-15T10:01:51
TRX,TC7vaJsxZteEEnnm2EFm9BRSZvezvsuA86,18647,ISIL KHORASAN,"FTO,SDGT",2026-09-15T10:01:51
TRX,TRWDtgCfXzTcMv8W6iJxh6umeqeF3zG7n5,18647,ISIL KHORASAN,"FTO,SDGT",2026-09-15T10:01:51
TRX,TUa7BcRjT3eT7kPyNWPvHQkz4qF9v68D7A,18647,ISIL KHORASAN,"FTO,SDGT",2026-09-15T10:01:51
TRX,TNHNySUf8LMzhzSiQnHCXCbgatscQbM4ZQ,18647,ISIL KHORASAN,"FTO,SDGT",2026-09-15T10:01:51
TRX,TNzvDTvcQTaY9jFrv85JnqibnGcudePj1z,18647,ISIL KHORASAN,"FTO,SDGT",2026-09-15T10:01:51
TRX,TUcNB6c22JmcwXbbbuv9HVPeVqv5HSiTwQ,18647,ISIL KHORASAN,"FTO,SDGT",2026-09-15T10:01:51
TRX,TVUS1CVQnnzoJG8PBWkcWyf7DkLrS8yh5Z,18647,ISIL KHORASAN,"FTO,SDGT",2026-09-15T10:01:51
TRX,TXR1nhqAek4c5Dq9EfjQLarcBWR9Jp6N7m,18647,ISIL KHORASAN,"FTO,SDGT",2026-09-15T10:01:51
TRX,TFS2LHNcrffdAVRHpDUpNvnmCHs78cSNbz,18647,ISIL KHORASAN,"FTO,SDGT",2026-09-15T10:01:51
TRX,TPTFrDhx5tntyp5mRX423DaAe8aLDMUs31,18647,ISIL KHORASAN,"FTO,SDGT",2026-09-15T10:01:51
TRX,TCn9wM828B1GtsVn8kUaCvoE3RpfCAmtEB,18647,ISIL KHORASAN,"FTO,SDGT",2026-09-15T10:01:51
TRX,TFtz6Ae6NNo9VvhnVrj6V1RyEFMtZQMh3r,18647,ISIL KHORASAN,"FTO,SDGT",2026-09-15T10:01:51
TRX,TMoMat6oyJLKxSb6SfQWBWc7q5PSm3Gr6U,18647,ISIL KHORASAN,"FTO,SDGT",2026-09-15T10:01:51
TRX,TNsMJKvAtqiWntAnrcS8jkugL37FGzoqss,18647,ISIL KHORASAN,"FTO,SDGT",2026-09-15T10:01:51
TRX,TPCnxv28xNbvtAaEppddvnfkjQpaFeAkV3,18647,ISIL KHORASAN,"FTO,SDGT",2026-09-15T10:01:51
TRX,TDXBEozXRJy7eBYNCoqrDMRCx5QBN4jCCt,18647,ISIL KHORASAN,"FTO,SDGT",2026-09-15T10:01:51
TRX,TTrJwfL8SCSWBXWAPcZV8Pd5fZf1rznRhz,18647,ISIL KHORASAN,"FTO,SDGT",2026-09-15T10:01:51
TRX,TFqo5f16FJfSKesPxtGN4VN5HNZJebqMQX,18647,ISIL KHORASAN,"FTO,SDGT",2026-09-15T10:01:51
TRX,TPwjq8YuABThppKM5ppsuagBFwDhzpnY11,18647,ISIL KHORASAN,"FTO,SDGT",2026-09-15T10:01:51
TRX,TXgm2Pej4dHzh6oAJvaxAVFDevgGJqfSKr,18647,ISIL KHORASAN,"FTO,SDGT",2026-09-15T10:01:51
TRX,TUErmQ9GtRDGC4g4L5wjWS55Ju5hYfR3sa,18647,ISIL KHORASAN,"FTO,SDGT",2026-09-15T10:01:51
TRX,THPfLwEGvHVgRzi7EMnviAFy5WG1feDH1p,18647,ISIL KHORASAN,"FTO,SDGT",2026-09-15T10:01:51
TRX,TPH1ehJuNY8cRuJgWTXoGuzkVpK5ckueLF,18647,ISIL KHORASAN,"FTO,SDGT",2026-09-15T10:01:51
TRX,TRZvMk2D4fmjGjtuZHRVpgw6yjk8NcjsHV,18647,ISIL KHORASAN,"FTO,SDGT",2026-09-15T10:01:51
TRX,TMuBvwcgrTj6JysMmutXWaPjk1kREK2BDe,18647,ISIL KHORASAN,"FTO,SDGT",2026-09-15T10:01:51
TRX,TE5paMkU1hPr8BdjkSJLvEyUBxjKKSx1H6,18647,ISIL KHORASAN,"FTO,SDGT",2026-09-15T10:01:51
TRX,TBmqXsFNYTMkyw9jVGBAecGaLyLwbxFTM1,18647,ISIL KHORASAN,"FTO,SDGT",2026-09-15T10:01:51
TRX,TFh7Z4qmdiT7opAYYLmNVXQJtVCkAtg7Zh,18647,ISIL KHORASAN,"FTO,SDGT",2026-09-15T10:01:51
TRX,TLFqEhiG7RUSZ9x5iph99Ke5782dkgRnWf,18647,ISIL KHORASAN,"FTO,SDGT",2026-09-15T10:01:51
XMR,44dZUJ7w1T3fKAvFW8XyXUVoAGSbFvXef2wcbnsjNKGWYorpLJBjth5VKSFhLGkpYKJb2J341tdZHBnbpv72WL7e8zuxfR2,18647,ISIL KHORASAN,"FTO,SDGT",2026-09-15T10:01:51
XMR,45ezvPejNsKYntjhyyeb7fbfzi1sxYQozc5Ffseh8jPGW4JZQQVXykNTfK5uGFiij7Hp3qPv3T5HCR7F3Fnmz2mzE1aKQwo,18647,ISIL KHORASAN,"FTO,SDGT",2026-09-15T10:01:51
XMR,47FVhkRkWgnLs81UBqgY8ui6axAB1627HJjkY2qPnWxMbGfx7387kcY6RzScHgGMQAaH6CBxKXAS4862tS2fhs9BRdmuyav,18647,ISIL KHORASAN,"FTO,SDGT",2026-09-15T10:01:51
TRX,TEFph7dZoUN5233cGEzF6XFwRpjPF8fQDS,45213,Ilya Andreevich GAMBASHIDZE,RUSSIA-EO14024,2026-09-15T10:01:51
TRX,TMGLqRQ4twjW8wJhVH1mQR7nUThpGHUsN3,45213,Ilya Andreevich GAMBASHIDZE,RUSSIA-EO14024,2026-09-15T10:01:51
BTC,bc1q5jqgm7nvrhaw2rh2vk0dk8e4gg5g373g0vz07r,47682,Ivan Gennadievich KONDRATIEV,CYBER2,2026-09-15T10:01:51
BTC,32pTjxTNi7snk8sodrgfmdKao3DEn1nVJM,47682,Ivan Gennadievich KONDRATIEV,CYBER2,2026-09-15T10:01:51
BTC,15cRqR3TXS1JehBGWERuxFE8NhWZzfoeeU,47682,Ivan Gennadievich KONDRATIEV,CYBER2,2026-09-15T10:01:51
BTC,1A7SKE2dQtezLktCY8peLsdAtkqxV9r1dC,47682,Ivan Gennadievich KONDRATIEV,CYBER2,2026-09-15T10:01:51
BTC,bc1q8ew45w2agdffrnwp6adt2gqrc9n4mkev9ns29c,47682,Ivan Gennadievich KONDRATIEV,CYBER2,2026-09-15T10:01:51
BTC,bc1qagp0gy58v8hqvw4p2wsphcxg067rrppp45hexr,47682,Ivan Gennadievich KONDRATIEV,CYBER2,2026-09-15T10:01:51
BTC,bc1qn6segn8km4nfdp9vueu6msfjsaxaqgun9h60n9,47682,Ivan Gennadievich KONDRATIEV,CYBER2,2026-09-15T10:01:51
BTC,bc1qx9upga7f09tsetqf78wa3qrmcjar58mkwz6ng6,47682,Ivan Gennadievich KONDRATIEV,CYBER2,2026-09-15T10:01:51
ETH,0xf3701f445b6bdafedbca97d1e477357839e4120d,47682,Ivan Gennadievich KONDRATIEV,CYBER2,2026-09-15T10:01:51
BTC,1EfMVkxQQuZfBdocpJu6RUsCJvenQWbQyE,28264,Jiadong LI,"CYBER2,DPRK3",2026-09-15T10:01:51
BTC,17UVSMegvrzfobKC82dHXpZLtLcqzW9stF,28264,Jiadong LI,"CYBER2,DPRK3",2026-09-15T10:01:51
BTC,39eboeqYNFe2VoLC3mUGx4dh6GNhLB3D2q,28264,Jiadong LI,"CYBER2,DPRK3",2026-09-15T10:01:51
BTC,39fhoB2DohisGBbHvvfmkdPdShT75CNHdX,28264,Jiadong LI,"CYBER2,DPRK3",2026-09-15T10:01:51
BTC,3E6rY4dSCDW6y2bzJNwrjvTtdmMQjB6yeh,28264,Jiadong LI,"CYBER2,DPRK3",2026-09-15T10:01:51
BTC,3EeR8FbcPbkcGj77D6ttneJxmsr3Nu7KGV,28264,Jiadong LI,"CYBER2,DPRK3",2026-09-15T10:01:51
BTC,3HQRveQzPifZorZLDXHernc5zjoZax8U9f,28264,Jiadong LI,"CYBER2,DPRK3",2026-09-15T10:01:51
BTC,3JXKQ81JzBqVbB8VHdV9Jtd7auWokkdPgY,28264,Jiadong LI,"CYBER2,DPRK3",2026-09-15T10:01:51
BTC,3KHfXU24Bt3YD5Ef4J7uNp2buCuhrxfGen,28264,Jiadong LI,"CYBER2,DPRK3",2026-09-15T10:01:51
BTC,3LbDu1rUXHNyiz4i8eb3KwkSSBMf7C583D,28264,Jiadong LI,"CYBER2,DPRK3",2026-09-15T10:01:51
BTC,3MN8nYo1tt5hLxMwMbxDkXWd7Xu522hb9P,28264,Jiadong LI,"CYBER2,DPRK3",2026-09-15T10:01:51
BTC,3N6WeZ6i34taX8Ditser6LKWBcXmt2XXL4,28264,Jiadong LI,"CYBER2,DPRK3",2026-09-15T10:01:51
BTC,3NNcbBcMZokPB2JC2dxYuZrpgcetvyGeJn,45349,Jiantong WANG,ILLICIT-DRUGS-EO14059,2026-09-15T10:01:51
TRX,TMStbg5fgb4uTV7fK1gEYF9hKAzP3siPsG,45349,Jiantong WANG,ILLICIT-DRUGS-EO14059,2026-09-15T10:01:51
ETH,0x38735f03b30FbC022DdD06ABED01F0Ca823C6a94,43085,John Desmond HANAFIN,RUSSIA-EO14024,2026-09-15T10:01:51
BTC,bc1qfg4gfg0y6t6xjnpmlhuwx5k0wlw6nmfzxn2psc,40488,Jonatan ZIMENKOV,RUSSIA-EO14024,2026-09-15T10:01:51
ETH,0x39D908dac893CBCB53Cc86e0ECc369aA4DeF1A29,40488,Jonatan ZIMENKOV,RUSSIA-EO14024,2026-09-15T10:01:51
BTC,bc1qr2pwmvkpq5tc5um2g9uh34yyu6wepwx89rts70,57061,Keyvan Fayyaz Gareh BLAGH,CYBER4,2026-09-15T10:01:51
BTC,bc1q4ktvxxhhvf8qhs9qkdsm9arcxfmmeex6rl7n50,57061,Keyvan Fayyaz Gareh BLAGH,CYBER4,2026-09-15T10:01:51
BTC,bc1qf6zxs4lkp9umh6hf087mh70w0ymcyt8cunp58r,57061,Keyvan Fayyaz Gareh BLAGH,CYBER4,2026-09-15T10:01:51
ETH,0x4060cbf80734193f521a3cc6fd4e985df2825279,57061,Keyvan Fayyaz Gareh BLAGH,CYBER4,2026-09-15T10:01:51
ETH,0x56de1527136f76a809e5b14ded6103eecd072ba7,57061,Keyvan Fayyaz Gareh BLAGH,CYBER4,2026-09-15T10:01:51
ETH,0x8694ed130432be2cd3efff2e4d9dc52351dc7423,57061,Keyvan Fayyaz Gareh BLAGH,CYBER4,2026-09-15T10:01:51
ETH,0xbd3276f265b83b5e828c05f46cde9d10a1521a24,57061,Keyvan Fayyaz Gareh BLAGH,CYBER4,2026-09-15T10:01:51
ETH,0xf1c4c44d2dcbcfa704349e3b57628dbd8404e597,57061,Keyvan Fayyaz Gareh BLAGH,CYBER4,2026-09-15T10:01:51
TRX,TP3kVtnFgDSoSqzw178nLJtGWNjrbKNgB6,57061,Keyvan Fayyaz Gareh BLAGH,CYBER4,2026-09-15T10:01:51
TRX,TXR4FDAZZLDSvuRxveW9aBMybbaS12WWHk,57061,Keyvan Fayyaz Gareh BLAGH,CYBER4,2026-09-15T10:01:51
ETH,0x1999ef52700c34de7ec2b68a28aafb37db0c5ade,52071,Khadzhi Murat Dalgatovich MAGOMEDOV,RUSSIA-EO14024,2026-09-15T10:01:51
ETH,0x098B716B8Aaf21512996dC57EB0615e2383E2f96,27307,LAZARUS GROUP,DPRK3,2026-09-15T10:01:51
ETH,0xa0e1c89Ef1a489c9C7dE96311eD5Ce5D32c20E4B,27307,LAZARUS GROUP,DPRK3,2026-09-15T10:01:51
ETH,0x3Cffd56B47B7b41c56258D9C7731ABaDc360E073,27307,LAZARUS GROUP,DPRK3,2026-09-15T10:01:51
ETH,0x53b6936513e738f44FB50d2b9476730C0Ab3Bfc1,27307,LAZARUS GROUP,DPRK3,2026-09-15T10:01:51
ETH,0x35fB6f6DB4fb05e6A4cE86f2C93691425626d4b1,27307,LAZARUS GROUP,DPRK3,2026-09-15T10:01:51
ETH,0xF7B31119c2682c88d88D455dBb9d5932c65Cf1bE,27307,LAZARUS GROUP,DPRK3,2026-09-15T10:01:51
ETH,0x3e37627dEAA754090fBFbb8bd226c1CE66D255e9,27307,LAZARUS GROUP,DPRK3,2026-09-15T10:01:51
ETH,0x08723392Ed15743cc38513C4925f5e6be5c17243,27307,LAZARUS GROUP,DPRK3,2026-09-15T10:01:51
ETH,0x9c2bc757b66f24d60f016b6237f8cdd414a879fa,44029,Mario Alberto JIMENEZ CASTRO,ILLICIT-DRUGS-EO14059,2026-09-15T10:01:51
BCH,qqyuc9s700plhzr6awzru7g5z2d2p906uyrm6ht0r0,39593,Matthew Simon GRIMM,ILLICIT-DRUGS-EO14059,2026-09-15T10:01:51
BCH,qz9f2vz3033sg5vc5mf7m7xshmj0jugy4ummf05jk8,39593,Matthew Simon GRIMM,ILLICIT-DRUGS-EO14059,2026-09-15T10:01:51
BTC,1LpYKb3SXZPve9hsH2QEJZFX279wJVGowi,39593,Matthew Simon GRIMM,ILLICIT-DRUGS-EO14059,2026-09-15T10:01:51
BTC,15uqdxqNXQwVf5H7yZPz4TmEGeSccCwdor,39593,Matthew Simon GRIMM,ILLICIT-DRUGS-EO14059,2026-09-15T10:01:51
BTC,1FjubFHV4mpYjBmvjsEhZssyiiA4TNmnm2,39593,Matthew Simon GRIMM,ILLICIT-DRUGS-EO14059,2026-09-15T10:01:51
BTC,1LAh7PQwpd1uGiLHae5C5Xz9QXse3y2phq,39593,Matthew Simon GRIMM,ILLICIT-DRUGS-EO14059,2026-09-15T10:01:51
BTC,15yqWQ4sqr7jzCwDtZ3U1KaCa8WMEy7Mm2,39593,Matthew Simon GRIMM,ILLICIT-DRUGS-EO14059,2026-09-15T10:01:51
BTC,19GrL5jnUkGmHXVcraB1Etv5rXCANeLWpq,39593,Matthew Simon GRIMM,ILLICIT-DRUGS-EO14059,2026-09-15T10:01:51
BTC,39NG2LcGRHXxSr1irpEVnJMw4ydL231sEn,39593,Matthew Simon GRIMM,ILLICIT-DRUGS-EO14059,2026-09-15T10:01:51
BTC,3He6EyDaCUgmdr4GXqhxbeTQukaGLCByU2,39593,Matthew Simon GRIMM,ILLICIT-DRUGS-EO14059,2026-09-15T10:01:51
BTC,12NpCkhddSNiDkD9rRYUCHsTT9ReMNiJjG,39593,Matthew Simon GRIMM,ILLICIT-DRUGS-EO14059,2026-09-15T10:01:51
BTC,32jgFkZsTEjMFaBvxJnYvJEeTNKTmq5b32,39593,Matthew Simon GRIMM,ILLICIT-DRUGS-EO14059,2026-09-15T10:01:51
BTC,1Hpj6qm9i7nMF3VkKfBFtjhEDpEjxHWvgv,39593,Matthew Simon GRIMM,ILLICIT-DRUGS-EO14059,2026-09-15T10:01:51
BTC,194xmrZA53UBsZau2PnJLdmVVW9m5feeS,39593,Matthew Simon GRIMM,ILLICIT-DRUGS-EO14059,2026-09-15T10:01:51
BTC,361NP7YcBPQ4KkLT3Y2QZeDEV4M3yi65Ar,39593,Matthew Simon GRIMM,ILLICIT-DRUGS-EO14059,2026-09-15T10:01:51
BTC,1LuDiMd95Df4i2bcvrfw47t2GKpLLXAQMZ,39593,Matthew Simon GRIMM,ILLICIT-DRUGS-EO14059,2026-09-15T10:01:51
BTC,3A1HH3PseYMkh2nSrBb4kkVt3815kUNVVC,39593,Matthew Simon GRIMM,ILLICIT-DRUGS-EO14059,2026-09-15T10:01:51
BTC,1F317n2eJEMaEMGiwCqtd5XCU3wF7jzPEW,39593,Matthew Simon GRIMM,ILLICIT-DRUGS-EO14059,2026-09-15T10:01:51
BTC,3HWjh69cVQvcPeLWVCyVmXEq72nyDSj5zP,39593,Matthew Simon GRIMM,ILLICIT-DRUGS-EO14059,2026-09-15T10:01:51
BTC,1r6S9vpUZPS5rb6gSdwV2bvSFcN3uSq4q,39593,Matthew Simon GRIMM,ILLICIT-DRUGS-EO14059,2026-09-15T10:01:51
BTC,3Jpf9B5P8cvEKSSGp9cES3Upbms8VRnXUb,39593,Matthew Simon GRIMM,ILLICIT-DRUGS-EO14059,2026-09-15T10:01:51
BTC,3EL5vcYeu1cnivLtR7tnAX3bBirr9ATNAL,39593,Matthew Simon GRIMM,ILLICIT-DRUGS-EO14059,2026-09-15T10:01:51
BTC,1LBQd4ZxtQYYsDWrCzK4uMxHBJVxmyzs3M,39593,Matthew Simon GRIMM,ILLICIT-DRUGS-EO14059,2026-09-15T10:01:51
BTC,1LQV6yUBcfTjAWvFu3XPhdTgjqihss7i1z,39593,Matthew Simon GRIMM,ILLICIT-DRUGS-EO14059,2026-09-15T10:01:51
BTC,1MiQRekg4BatJ12qbiSGnNakLLd8xbLMCG,39593,Matthew Simon GRIMM,ILLICIT-DRUGS-EO14059,2026-09-15T10:01:51
BTC,12mNKr2YP4M3CEQvCvVqZsvxuCG47LHMu1,39593,Matthew Simon GRIMM,ILLICIT-DRUGS-EO14059,2026-09-15T10:01:51
BTC,1J6cgUVEZRKyJhpXJgHWX7YmzkdnHRaLhF,39593,Matthew Simon GRIMM,ILLICIT-DRUGS-EO14059,2026-09-15T10:01:51
BTC,3PUmTuVAW3LkKg53FZ7F97VDBitW4ugwnM,39593,Matthew Simon GRIMM,ILLICIT-DRUGS-EO14059,2026-09-15T10:01:51
BTC,3H4qaWi5DS6FMwyZrG9xRRud3Qc5dUVn2U,39593,Matthew Simon GRIMM,ILLICIT-DRUGS-EO14059,2026-09-15T10:01:51
BTC,13ViCDZyJxxv5cZzpDDsE7aDQ3Y552zpAH,39593,Matthew Simon GRIMM,ILLICIT-DRUGS-EO14059,2026-09-15T10:01:51
BTC,1Juv2Ks3jJFUes8jEGxwgt6T6csBRQmmRw,39593,Matthew Simon GRIMM,ILLICIT-DRUGS-EO14059,2026-09-15T10:01:51
BTC,35vypiSvQsxRiT3YZzGRGVaduUSx67ysZb,39593,Matthew Simon GRIMM,ILLICIT-DRUGS-EO14059,2026-09-15T10:01:51
BTC,3LLUnf3ezw6mCbQ2zCZmGu5rZULzkhxQi7,39593,Matthew Simon GRIMM,ILLICIT-DRUGS-EO14059,2026-09-15T10:01:51
BTC,3QrukkUiBrn23rFUKUgasNd1wYWNk7WdSV,39593,Matthew Simon GRIMM,ILLICIT-DRUGS-EO14059,2026-09-15T10:01:51
BTC,3B3vmabBbeDRnVrjvvq3hm85zVB4v5bWFC,39593,Matthew Simon GRIMM,ILLICIT-DRUGS-EO14059,2026-09-15T10:01:51
BTC,31nadacWrgPeAQxKRMabhn3fPhnhi3hjKa,39593,Matthew Simon GRIMM,ILLICIT-DRUGS-EO14059,2026-09-15T10:01:51
BTC,343w3Xh64q5UpgpvAPqmsUzxrknde8PQHb,39593,Matthew Simon GRIMM,ILLICIT-DRUGS-EO14059,2026-09-15T10:01:51
BTC,1C7RpJNE19HgefzWVCSaUqRTHAwGAFkbYV,39593,Matthew Simon GRIMM,ILLICIT-DRUGS-EO14059,2026-09-15T10:01:51
ETH,0xd0975b32cea532eadddfc9c60481976e39db3472,39593,Matthew Simon GRIMM,ILLICIT-DRUGS-EO14059,2026-09-15T10:01:51
ETH,0x1967d8af5bd86a497fb3dd7899a020e47560daaf,39593,Matthew Simon GRIMM,ILLICIT-DRUGS-EO14059,2026-09-15T10:01:51
TRX,TBXMiRqUp1XH1zLazWu8cWitMAScv4HsYq,57961,Miloud ABDERRAHMANE,SDGT,2026-09-15T10:01:51
TRX,TDFj8tYzfLDkwEMo4MJ2DfrbpMztuCCnan,57961,Miloud ABDERRAHMANE,SDGT,2026-09-15T10:01:51
BTC,1MLPqwaFFUBZePTjpR3nxRoK19Cv9mPCc7,45404,Mingming WANG,ILLICIT-DRUGS-EO14059,2026-09-15T10:01:51
BTC,3HePkztPU6UsdENxnyQHFrdZA6eVKeMtvz,45404,Mingming WANG,ILLICIT-DRUGS-EO14059,2026-09-15T10:01:51
BTC,TUCsTq7TofTCJRRoHk6RvhMoS2mJLm5Yzq,45404,Mingming WANG,ILLICIT-DRUGS-EO14059,2026-09-15T10:01:51
ETH,0xfac583c0cf07ea434052c49115a4682172ab6b4f,45404,Mingming WANG,ILLICIT-DRUGS-EO14059,2026-09-15T10:01:51
BTC,bc1qyy5pt5cx3zth8xlj92lq5y87dh8xv3nwgs4ncq,57035,Minh Quang HOANG,DPRK4,2026-09-15T10:01:51
BTC,1AjZPMsnmpdK2Rv9KQNfMurTXinscVro9V,26138,Mohammad GHORBANIYAN,CYBER2,2026-09-15T10:01:51
BTC,1GXeCkFQq7SYo6B7wdLAPkkri6NFTFB7No,57064,Mojtaba GHAL'EH-KUHI,CYBER4,2026-09-15T10:01:51
ETH,0x1b8579cf6ab12ea6b74ac5fa41f3829a3cb61e6e,57064,Mojtaba GHAL'EH-KUHI,CYBER4,2026-09-15T10:01:51
BTC,1KSAbh5trMCTZwhiNsuUQvfTtSSTT8zqRk,30520,Mujtaba Ali RAZA,"CYBER2,ELECTION-EO13848",2026-09-15T10:01:51
BTC,1BiUFjzH6wsT73U3tfy4aXHCQsYQHzjk5h,30520,Mujtaba Ali RAZA,"CYBER2,ELECTION-EO13848",2026-09-15T10:01:51
XVG,DFFJhnQNZf8rf67tYnesPu7MuGUpYtzv7Z,30520,Mujtaba Ali RAZA,"CYBER2,ELECTION-EO13848",2026-09-15T10:01:51
TRX,TLM3zA3EWycoDX4ZX4gKze7sgfbdkntTum,50110,OBSHCHESTVO S OGRANICHENNOI OTVETSTVENNOSTYU KONSTRUKTORSKOE BYURO VOSTOK,RUSSIA-EO14024,2026-09-15T10:01:51
BTC,13fhnkmpBBWXUQucJd6efWvXdEj78DKavk,48432,OKO DESIGN BUREAU,RUSSIA-EO14024,2026-09-15T10:01:51
ETH,0x19F8f2B0915Daa12a3f5C9CF01dF9E24D53794F7,48432,OKO DESIGN BUREAU,RUSSIA-EO14024,2026-09-15T10:01:51
TRX,TFdTr9C3BqQrzKBXqSxJfAZFTh8UwBAfSg,48432,OKO DESIGN BUREAU,RUSSIA-EO14024,2026-09-15T10:01:51
ETH,0x12de548F79a50D2bd05481C8515C1eF5183666a9,55046,OLD VECTOR LLC,CYBER4,2026-09-15T10:01:51
TRX,TCFD8N3vM5b4Gr5f1kkajQsodRVNyyAq1d,55046,OLD VECTOR LLC,CYBER4,2026-09-15T10:01:51
ETH,0xaC4cC4B68ea24BbFAAC8fD127B67Ed445ACcCE22,57118,Rodrigo ALARCON PALOMARES,ILLICIT-DRUGS-EO14059,2026-09-15T10:01:51
TRX,TCu5onCzXuqxjvVzdB2tR4FLuF66d4yRqf,56360,Rolan SOKOLOVSKI,ILLICIT-DRUGS-EO14059,2026-09-15T10:01:51
TRX,TBcLqqqyZjNj1ptuXFgj5H768NhNU5nDyn,56360,Rolan SOKOLOVSKI,ILLICIT-DRUGS-EO14059,2026-09-15T10:01:51
SOL,42RLPACwZPx3vYYmxSueqsogfynBDqXK298EDsNoyoHi,56360,Rolan SOKOLOVSKI,ILLICIT-DRUGS-EO14059,2026-09-15T10:01:51
BTC,37fKFZQGMqdBkjSUub1jCDWGgSHwv9VxfZ,56360,Rolan SOKOLOVSKI,ILLICIT-DRUGS-EO14059,2026-09-15T10:01:51
BTC,1JPqJ8sxLBvdHBqMqSFBmUkoh2vAuCUNvs,56360,Rolan SOKOLOVSKI,ILLICIT-DRUGS-EO14059,2026-09-15T10:01:51
ETH,0x5d5b5dafecbf31bdb08bfd3edad4f2694372d0ef,56360,Rolan SOKOLOVSKI,ILLICIT-DRUGS-EO14059,2026-09-15T10:01:51
ETH,0xc103b7dc095c904b92081eef0c1640081ec01c10,56360,Rolan SOKOLOVSKI,ILLICIT-DRUGS-EO14059,2026-09-15T10:01:51
ETH,0xe1e4c5e5ed8f03ae61b581e2def126025f2b9401,56360,Rolan SOKOLOVSKI,ILLICIT-DRUGS-EO14059,2026-09-15T10:01:51
ETH,0xdcbEfFBECcE100cCE9E4b153C4e15cB885643193,44718,Roman SEMENOV,DPRK3,2026-09-15T10:01:51
ETH,0x5f48c2a71b2cc96e3f0ccae4e39318ff0dc375b2,44718,Roman SEMENOV,DPRK3,2026-09-15T10:01:51
ETH,0x5a7a51bfb49f190e5a6060a5bc6052ac14a3b59f,44718,Roman SEMENOV,DPRK3,2026-09-15T10:01:51
ETH,0xed6e0a7e4ac94d976eebfb82ccf777a3c6bad921,44718,Roman SEMENOV,DPRK3,2026-09-15T10:01:51
ETH,0x797d7ae72ebddcdea2a346c1834e04d1f8df102b,44718,Roman SEMENOV,DPRK3,2026-09-15T10:01:51
ETH,0x931546D9e66836AbF687d2bc64B30407bAc8C568,44718,Roman SEMENOV,DPRK3,2026-09-15T10:01:51
ETH,0x43fa21d92141BA9db43052492E0DeEE5aa5f0A93,44718,Roman SEMENOV,DPRK3,2026-09-15T10:01:51
ETH,0x6be0ae71e6c41f2f9d0d1a3b8d0f75e6f6a0b46e,44718,Roman SEMENOV,DPRK3,2026-09-15T10:01:51
TRX,TAoLw5yD5XUoHWeBZRSZ1ExK9HMv2CiPvP,56357,Ryan James WEDDING,ILLICIT-DRUGS-EO14059,2026-09-15T10:01:51
TRX,TVNyvx2astt2AB1Us67ENjfMZeEXZeiuu6,56357,Ryan James WEDDING,ILLICIT-DRUGS-EO14059,2026-09-15T10:01:51
TRX,TPJ1JNX98MJpHueBJeF5SVSg85z8mYg1P1,56357,Ryan James WEDDING,ILLICIT-DRUGS-EO14059,2026-09-15T10:01:51
BTC,1NE2NiGhhbkFPSEyNWwj7hKGhGDedBtSrQ,30518,SECONDEYE SOLUTION,"CYBER2,ELECTION-EO13848",2026-09-15T10:01:51
BTC,19D8PHBjZH29uS1uPZ4m3sVyqqfF8UFG9o,30518,SECONDEYE SOLUTION,"CYBER2,ELECTION-EO13848",2026-09-15T10:01:51
BTC,1EYitrwBYNWuTBcjZFbEUdqHppe2raLpaF,30518,SECONDEYE SOLUTION,"CYBER2,ELECTION-EO13848",2026-09-15T10:01:51
BTC,1G9CKRHA3mx22DoT1QyNYrh85VSQ19Y1em,30518,SECONDEYE SOLUTION,"CYBER2,ELECTION-EO13848",2026-09-15T10:01:51
BTC,182NGZbPJXwg2WDrhrPpR7tpiGQkNPF844,30518,SECONDEYE SOLUTION,"CYBER2,ELECTION-EO13848",2026-09-15T10:01:51
BTC,1NayLEVF3bEEbDtdF2Cwso1VdEtvVNh2qX,30518,SECONDEYE SOLUTION,"CYBER2,ELECTION-EO13848",2026-09-15T10:01:51
BTC,16PhXY3hNNMTo8kpuJx2emh713KbWpkqci,30518,SECONDEYE SOLUTION,"CYBER2,ELECTION-EO13848",2026-09-15T10:01:51
BTC,1GqChmWqGtsaLrGbHfgdrV5Nkvahtjjuxr,30518,SECONDEYE SOLUTION,"CYBER2,ELECTION-EO13848",2026-09-15T10:01:51
BTC,18Ke1QWE9nQfXuhJijHggZuPJ5ZYxapoBK,30518,SECONDEYE SOLUTION,"CYBER2,ELECTION-EO13848",2026-09-15T10:01:51
BTC,1QJUiNsNfji6mR1FjAwf6Eg9NxxHPoxpWL,30518,SECONDEYE SOLUTION,"CYBER2,ELECTION-EO13848",2026-09-15T10:01:51
BTC,1DtGgdCi9VPKz2Bpq8GQhUQEPnQ5HwaT9n,30518,SECONDEYE SOLUTION,"CYBER2,ELECTION-EO13848",2026-09-15T10:01:51
ETH,0x1da5821544e25c636c1417ba96ade4cf6d2f9b5a,30518,SECONDEYE SOLUTION,"CYBER2,ELECTION-EO13848",2026-09-15T10:01:51
ETH,0x7Db418b5D567A4e0E8c59Ad71BE1FcE48f3E6107,30518,SECONDEYE SOLUTION,"CYBER2,ELECTION-EO13848",2026-09-15T10:01:51
ETH,0x72a5843cc08275C8171E582972Aa4fDa8C397B2A,30518,SECONDEYE SOLUTION,"CYBER2,ELECTION-EO13848",2026-09-15T10:01:51
ETH,0x7F19720A857F834887FC9A7bC0a0fBe7Fc7f8102,30518,SECONDEYE SOLUTION,"CYBER2,ELECTION-EO13848",2026-09-15T10:01:51
BCH,18M8bJWMzWHDBMxoLqjHHAffdRy4SrzkfB,30518,SECONDEYE SOLUTION,"CYBER2,ELECTION-EO13848",2026-09-15T10:01:51
LTC,LQAhYwwK5AR1JQiQPr7vu8Pu4b6qcxxvNB,30518,SECONDEYE SOLUTION,"CYBER2,ELECTION-EO13848",2026-09-15T10:01:51
LTC,LgwmgYnraU2uBWHVFUDgAmFCPYj5Yw8C9L,30518,SECONDEYE SOLUTION,"CYBER2,ELECTION-EO13848",2026-09-15T10:01:51
LTC,LeKvNdNEzgQkzVVnRdV3fAu2DSF1nLsNw6,30518,SECONDEYE SOLUTION,"CYBER2,ELECTION-EO13848",2026-09-15T10:01:51
TRX,TXN3hVukebhyYR31YPCYd7aJAvmUeXu1ab,58287,SHPS SHELBIT,SDGT,2026-09-15T10:01:51
SOL,6wjqWWra8ombzaw6VHrG5xpQ972jCYF6bbHiFCbWmr4U,58287,SHPS SHELBIT,SDGT,2026-09-15T10:01:51
BTC,bc1qjzk63wwatq2f638psymq3qapn00aqgksyx56l3t8eg7zuuccwasq498khf,58287,SHPS SHELBIT,SDGT,2026-09-15T10:01:51
BTC,bc1qz654h5qcqzalv6ltpxsk4ksdcc3e20wkedqntgnarv3a0t2e2p7scr48pl,58287,SHPS SHELBIT,SDGT,2026-09-15T10:01:51
ETH,0xe05f529f5284d75624eba386cb716928c3b54a2a,58287,SHPS SHELBIT,SDGT,2026-09-15T10:01:51
ETH,0x6b69e2a7545c166417a80c61a77562052bffa9c5,58287,SHPS SHELBIT,SDGT,2026-09-15T10:01:51
BTC,bc1qq7p0es3dv5hcynjjf40f2xjjr6qp5py47d2f6n847vduuq9gvnyq7y9ecd,44437,SINBAD,"CYBER2,DPRK3",2026-09-15T10:01:51
BTC,1JHdQHkBZiim1cb4hyUh2PbzEbbg6z2TrF,44437,SINBAD,"CYBER2,DPRK3",2026-09-15T10:01:51
BTC,3Gbs4rjcVUtQd8p3CiFUCxPLZwRqurezRZ,31212,SOUTHFRONT,"CYBER2,ELECTION-EO13848,NPWMD",2026-09-15T10:01:51
BTC,bc1qv7k70u2zynvem59u88ctdlaw7hc735d8xep9rq,31212,SOUTHFRONT,"CYBER2,ELECTION-EO13848,NPWMD",2026-09-15T10:01:51
BTC,bc1qw4cxpe6sxa5dg6sdwxjph959cw6yztrzl4r54s,31212,SOUTHFRONT,"CYBER2,ELECTION-EO13848,NPWMD",2026-09-15T10:01:51
ETH,0x9f4cda013e354b8fc285bf4b9a60460cee7f7ea9,31212,SOUTHFRONT,"CYBER2,ELECTION-EO13848,NPWMD",2026-09-15T10:01:51
ETH,0x3cbded43efdaf0fc77b9c55f6fc9988fcc9b757d,31212,SOUTHFRONT,"CYBER2,ELECTION-EO13848,NPWMD",2026-09-15T10:01:51
XMR,884Bz8UH63aYsjVdkfWfScRYWZGGNbjFL7pztqvWNSrtYT4reFSwyvkCj9KEGUtheHhhMUj87ciTBFyzoesrMJ4L1FvSoxL,31212,SOUTHFRONT,"CYBER2,ELECTION-EO13848,NPWMD",2026-09-15T10:01:51
XMR,49HqitRzdnhYjgTEAhgGpCfsjdTeMbUTU6cyR4JV1R7k2Eej9rGT8JpFiYDa4tZM6RZiFrHmMzgSrhHEqpDYKBe5B2ufNsL,31212,SOUTHFRONT,"CYBER2,ELECTION-EO13848,NPWMD",2026-09-15T10:01:51
BCH,qpf2cphc5dkuclkqur7lhj2yuqq9pk3hmukle77vhq,31212,SOUTHFRONT,"CYBER2,ELECTION-EO13848,NPWMD",2026-09-15T10:01:51
BCH,qzjv8hrdvz6edu4gkzpnd4w6jc7zf296g5e9kkq4lx,31212,SOUTHFRONT,"CYBER2,ELECTION-EO13848,NPWMD",2026-09-15T10:01:51
BCH,qq3vlashthktqpeppuv7trmw070e3mydgq63zq348v,31212,SOUTHFRONT,"CYBER2,ELECTION-EO13848,NPWMD",2026-09-15T10:01:51
ETH,0x2f389ce8bd8ff92de3402ffce4691d17fc4f6535,33151,"SUEX OTC, S.R.O.",CYBER2,2026-09-15T10:01:51
ETH,0x19aa5fe80d33a56d56c78e82ea5e50e5d80b4dff,33151,"SUEX OTC, S.R.O.",CYBER2,2026-09-15T10:01:51
BTC,1KUUJPkyDhamZXgpsyXqNGc3x1QPXtdhgz,33151,"SUEX OTC, S.R.O.",CYBER2,2026-09-15T10:01:51
BTC,1CF46Rfbp97absrs7zb7dFfZS6qBXUm9EP,33151,"SUEX OTC, S.R.O.",CYBER2,2026-09-15T10:01:51
BTC,1LrxsRd7zNuxPJcL5rttnoeJFy1y4AffYY,33151,"SUEX OTC, S.R.O.",CYBER2,2026-09-15T10:01:51
BTC,1Df883c96LVauVsx9FEgnsourD8DELwCUQ,33151,"SUEX OTC, S.R.O.",CYBER2,2026-09-15T10:01:51
BTC,16iWn2J1McqjToYLHSsAyS6En3QA8YQ91H,33151,"SUEX OTC, S.R.O.",CYBER2,2026-09-15T10:01:51
BTC,12HQDsicffSBaYdJ6BhnE22sfjTESmmzKx,33151,"SUEX OTC, S.R.O.",CYBER2,2026-09-15T10:01:51
BTC,1L4ncif9hh9TnUveqWq77HfWWt6CJWtrnb,33151,"SUEX OTC, S.R.O.",CYBER2,2026-09-15T10:01:51
BTC,13mnk8SvDGqsQTHbiGiHBXqtaQCUKfcsnP,33151,"SUEX OTC, S.R.O.",CYBER2,2026-09-15T10:01:51
BTC,1Edue8XZCWNoDBNZgnQkCCivDyr9GEo4x6,33151,"SUEX OTC, S.R.O.",CYBER2,2026-09-15T10:01:51
BTC,1ECeZBxCVJ8Wm2JSN3Cyc6rge2gnvD3W5K,33151,"SUEX OTC, S.R.O.",CYBER2,2026-09-15T10:01:51
BTC,1J9oGoAiHeRfeMZeUnJ9W7RpV55CdKtgYE,33151,"SUEX OTC, S.R.O.",CYBER2,2026-09-15T10:01:51
BTC,1295rkVyNfFpqZpXvKGhDqwhP1jZcNNDMV,33151,"SUEX OTC, S.R.O.",CYBER2,2026-09-15T10:01:51
BTC,1LiNmTUPSJEd92ZgVJjAV3RT9BzUjvUCkx,33151,"SUEX OTC, S.R.O.",CYBER2,2026-09-15T10:01:51
BTC,bc1qdt3gml5z5n50y5hm04u2yjdphefkm0fl2zdj68,33151,"SUEX OTC, S.R.O.",CYBER2,2026-09-15T10:01:51
BTC,1B64QRxfaa35MVkf7sDjuGUYAP5izQt7Qi,33151,"SUEX OTC, S.R.O.",CYBER2,2026-09-15T10:01:51
ETH,0xe7aa314c77f4233c18c6cc84384a9247c0cf367b,33151,"SUEX OTC, S.R.O.",CYBER2,2026-09-15T10:01:51
ETH,0x308ed4b7b49797e1a98d3818bff6fe5385410370,33151,"SUEX OTC, S.R.O.",CYBER2,2026-09-15T10:01:51
TRX,TLNRT524dzL5FF1nJHDhYEMFpeWjLjRbz1,32171,Sa'id Ahmad Muhammad AL-JAMAL,"IFSR,SDGT",2026-09-15T10:01:51
TRX,THh5woR8qfmDsNknQ3agPYzQSiRtMnKsTh,32171,Sa'id Ahmad Muhammad AL-JAMAL,"IFSR,SDGT",2026-09-15T10:01:51
TRX,TV5ZTpKDszLTF6XcMnPongS33pwBgF91by,32171,Sa'id Ahmad Muhammad AL-JAMAL,"IFSR,SDGT",2026-09-15T10:01:51
TRX,TTAHMdqoom4f2VTWniroPWQHcTRZ4caoH4,32171,Sa'id Ahmad Muhammad AL-JAMAL,"IFSR,SDGT",2026-09-15T10:01:51
TRX,TFFvv7NAWmbcVfA7QN81mMvUC25TWj1WJx,32171,Sa'id Ahmad Muhammad AL-JAMAL,"IFSR,SDGT",2026-09-15T10:01:51
TRX,TDFtJtyLPgN3oWUoHh23oJox3T5V5nR11K,55447,Sadiq Abbas Habib SAYYED,ILLICIT-DRUGS-EO14059,2026-09-15T10:01:51
ETH,0xb6f5ec1a0a9cd1526536d3f0426c429529471f40,43377,Sang Man KIM,DPRK4,2026-09-15T10:01:51
BTC,1D6gG9iKEhPitTcWRJiniuj1jYM2hNeAfJ,43377,Sang Man KIM,DPRK4,2026-09-15T10:01:51
BTC,1FCNgfZWpYMeYhy9t18AAkTBu8AsdoAc1Z,43377,Sang Man KIM,DPRK4,2026-09-15T10:01:51
ETH,0x97b1043abd9e6fc31681635166d430a458d14f9c,43377,Sang Man KIM,DPRK4,2026-09-15T10:01:51
TRX,TPgxjjB6AJeMSQFngbUM6dMMxPHa9GEtYa,58284,Siavash KAYVANPOUR,"SDGT,IRGC",2026-09-15T10:01:51
BTC,15Zt2mKuQ5Qy6DEXfDcbtsEVneoGQQXrS4,58284,Siavash KAYVANPOUR,"SDGT,IRGC",2026-09-15T10:01:51
BTC,1BUXxhcwzFukm9CUxnhag85sSXDkMRbXse,58284,Siavash KAYVANPOUR,"SDGT,IRGC",2026-09-15T10:01:51
ETH,0x8d79c73daae8630c88de372ba8f57592fa987607,58284,Siavash KAYVANPOUR,"SDGT,IRGC",2026-09-15T10:01:51
ETH,0xb637f84b66876ebf609c2a4208905f9ddac9d075,57034,Song Guk YUN,DPRK4,2026-09-15T10:01:51
ETH,0x95584C303FCd48AF5c6B9873015f2AD0ca84EaE3,57034,Song Guk YUN,DPRK4,2026-09-15T10:01:51
TRX,TX5GV4DyfxNB3rPkzZJhmqZ1efVmL4rEqG,38665,TASK FORCE RUSICH,RUSSIA-EO14024,2026-09-15T10:01:51
BTC,bc1ql7dlyh8xz6tpqk92vztrhqh88dmjvcwrmsemrm,38665,TASK FORCE RUSICH,RUSSIA-EO14024,2026-09-15T10:01:51
BTC,bc1q2lpgjntr348pfvxhfy33ehmdzy3gmx8w4052z6,38665,TASK FORCE RUSICH,RUSSIA-EO14024,2026-09-15T10:01:51
ETH,0xc2a3829F459B3Edd87791c74cD45402BA0a20Be3,38665,TASK FORCE RUSICH,RUSSIA-EO14024,2026-09-15T10:01:51
ETH,0x3AD9dB589d201A710Ed237c829c7860Ba86510Fc,38665,TASK FORCE RUSICH,RUSSIA-EO14024,2026-09-15T10:01:51
TRX,TWBAPzpPiZarfVsY2BLXeaLhNHurn4wkWG,48302,Tawfiq Muhammad Sa'id AL-LAW,SDGT,2026-09-15T10:01:51
ETH,0x983a81ca6FB1e441266D2FbcB7D8E530AC2E05A2,45314,"VALERIAN LABS, INC.",ILLICIT-DRUGS-EO14059,2026-09-15T10:01:51
BTC,bc1qardcxz845jw83vgfvcmewhuxa0ag9gchjwmcfd,45314,"VALERIAN LABS, INC.",ILLICIT-DRUGS-EO14059,2026-09-15T10:01:51
BTC,1HmqvgSXUVES1jn4TQPzk9dxo1NE8wim2T,55065,Vitaliy Sergeyevich ANDREYEV,DPRK2,2026-09-15T10:01:51
BTC,3NU9zkD8CCVGVmYnNNSN7PbU9sSFQBm5UV,45391,Wei ZHANG,ILLICIT-DRUGS-EO14059,2026-09-15T10:01:51
ETH,0x961c5be54a2ffc17cf4cb021d863c42dacd47fc1,45391,Wei ZHANG,ILLICIT-DRUGS-EO14059,2026-09-15T10:01:51
TRX,TRBACioxdrdsYEZHvJWiUDZcMdBPpEe5Ub,45391,Wei ZHANG,ILLICIT-DRUGS-EO14059,2026-09-15T10:01:51
TRX,TW5tokvhEfrb77z98Rc8HqbkzQJ6sxYtGX,58361,XINBI GUARANTEE,TCO,2026-09-15T10:01:51
TRX,TBKpozurdWLrbKkxtDqkveeq1dSB8Axj3V,58361,XINBI GUARANTEE,TCO,2026-09-15T10:01:51
TRX,TWqcMjV7Wq2RHe2CSiKQHpkn6A7B2AWUPe,58361,XINBI GUARANTEE,TCO,2026-09-15T10:01:51
TRX,TG83Fk56S2mycAUMYHZyZp9wMg6DCf4bUn,58361,XINBI GUARANTEE,TCO,2026-09-15T10:01:51
TRX,TYkE8VwX1SGHM3Q2CA29nka5U2F2khKAj5,58361,XINBI GUARANTEE,TCO,2026-09-15T10:01:51
TRX,TEECjwHqVG8sDmM3VtscjuCaRe5p351MU7,58361,XINBI GUARANTEE,TCO,2026-09-15T10:01:51
TRX,TDU61o35UEe5hdB3R16c116DrPSV4kiyKz,58361,XINBI GUARANTEE,TCO,2026-09-15T10:01:51
TRX,TKRNCETxbiMmyyMraCkgdXKdLr1ZkmKxV5,58361,XINBI GUARANTEE,TCO,2026-09-15T10:01:51
TRX,TTWRf2MD6zJ26bS4uKCNrcp84aAr7AmTjm,58361,XINBI GUARANTEE,TCO,2026-09-15T10:01:51
TRX,TYvjt4ZKfsipHjA52nzgjUjDBF622SLCih,58361,XINBI GUARANTEE,TCO,2026-09-15T10:01:51
TRX,TXHX2NUvcgft4zs6MkkUtdNVERPTavHDWN,58361,XINBI GUARANTEE,TCO,2026-09-15T10:01:51
TRX,TWPma8xH48AEN93x2krdukV9e1j6sPsBeS,58361,XINBI GUARANTEE,TCO,2026-09-15T10:01:51
TRX,TK3n8pGHvDTcK53mpfeDAMzdwjb22qvFU3,58361,XINBI GUARANTEE,TCO,2026-09-15T10:01:51
TRX,TGSGw4aUeAMNCfD8WqLRLe8ErQiJ1vqghj,58361,XINBI GUARANTEE,TCO,2026-09-15T10:01:51
TRX,TBNjCi1d5Ns6ec5aMp28LpfKcX7xTpykAN,58361,XINBI GUARANTEE,TCO,2026-09-15T10:01:51
TRX,THH9JJNbLDN7qs1CyTxJQEjhC9y5FnZUhU,58361,XINBI GUARANTEE,TCO,2026-09-15T10:01:51
TRX,TQhT3QWAbFiy6GEYuBrbK97uP3XVmTpRD8,58361,XINBI GUARANTEE,TCO,2026-09-15T10:01:51
TRX,TXka5xc6mEkcoVXR7F2TFDKernyLt3XyW4,58361,XINBI GUARANTEE,TCO,2026-09-15T10:01:51
TRX,TH1yknksde3pBY3oWVhUxVTbWbLqdafqYT,58361,XINBI GUARANTEE,TCO,2026-09-15T10:01:51
TRX,TLHWeZcDmXk6idnaGwsQ9CEmK24KpoGgRM,58361,XINBI GUARANTEE,TCO,2026-09-15T10:01:51
TRX,TTmvr41Fa9LeWJQ8NKQ5t4wFUspgEA1mJF,58361,XINBI GUARANTEE,TCO,2026-09-15T10:01:51
TRX,THifikwE6RtxYNWdcP9CWUjXS8Gh1xBCoa,58361,XINBI GUARANTEE,TCO,2026-09-15T10:01:51
TRX,TR983hNyUNgrNSB1xncG9thZNhgYpbNvSh,58361,XINBI GUARANTEE,TCO,2026-09-15T10:01:51
TRX,TNwe3WoEX6XrQ5NPAeWPkvpTtdaf27XYxK,58361,XINBI GUARANTEE,TCO,2026-09-15T10:01:51
TRX,TGcewGsDLy7Fzc66kXXEB8Kh2b6u2XCvnV,58361,XINBI GUARANTEE,TCO,2026-09-15T10:01:51
TRX,TYq3iRujcBELXX89i9JY32UmLxcyZAJe7E,58361,XINBI GUARANTEE,TCO,2026-09-15T10:01:51
TRX,TRyQivSkQChryfnYnE1bUmJhnL3TvKUpvS,58361,XINBI GUARANTEE,TCO,2026-09-15T10:01:51
TRX,TGjYoJLhfAiD2BRV9hwCeuHhZ54D3gLKTd,58361,XINBI GUARANTEE,TCO,2026-09-15T10:01:51
TRX,TXT9atp8qBMXKbFYnRyWkM88UXYyobQNLP,58361,XINBI GUARANTEE,TCO,2026-09-15T10:01:51
TRX,TThRMUSidD4gQeCnu56cFfCmqS421Nmbu7,58361,XINBI GUARANTEE,TCO,2026-09-15T10:01:51
TRX,TAkpWPt2JZdiLSkG7ZX2VAQkZQsnGZ1nqh,58361,XINBI GUARANTEE,TCO,2026-09-15T10:01:51
TRX,TZ8zsUe9M9tkhrFtfE7vMMmEwgVEF3n2UN,58361,XINBI GUARANTEE,TCO,2026-09-15T10:01:51
TRX,TM9c5uR2UKwd5fMySgaoYSjphRyi3AjAtc,58361,XINBI GUARANTEE,TCO,2026-09-15T10:01:51
TRX,TTjHn8qNVxazB3UroiekGRPuM2w2GwvNbn,58361,XINBI GUARANTEE,TCO,2026-09-15T10:01:51
TRX,TWHwre81Mv4hvupNdHnsYX9FPocm29dQQQ,58361,XINBI GUARANTEE,TCO,2026-09-15T10:01:51
TRX,TT4WKPQscK7fkxrPj1E9PjZp1HTVBUpoTm,58361,XINBI GUARANTEE,TCO,2026-09-15T10:01:51
TRX,TYZKYK2fbvw3EAPES2daFvoV4DqPna43Jd,58361,XINBI GUARANTEE,TCO,2026-09-15T10:01:51
TRX,TF7LUSoZQyDFxTFzCL11saBHAqMAyPh8dK,58361,XINBI GUARANTEE,TCO,2026-09-15T10:01:51
TRX,TSmcHwvTR27Ao4NN8HhPFCVcPU5aTEqLDt,58361,XINBI GUARANTEE,TCO,2026-09-15T10:01:51
TRX,TJ6NznpBV5uUpp5uZGDub9zD1999999999,58361,XINBI GUARANTEE,TCO,2026-09-15T10:01:51
TRX,TPD4pmojFA2f2RvgnSDa7YCuGJ4BeS9yK2,58361,XINBI GUARANTEE,TCO,2026-09-15T10:01:51
TRX,TXtH3iUipk6DZnYNu3kgjDsnSSLHLz8ZZU,58361,XINBI GUARANTEE,TCO,2026-09-15T10:01:51
TRX,TBEqQGTxXRWXXeqe7ZwmSB6hc5MMMMMMMM,58361,XINBI GUARANTEE,TCO,2026-09-15T10:01:51
TRX,TTYf9kcvABTSizXsdbC2E5co6jx9jvJ111,58361,XINBI GUARANTEE,TCO,2026-09-15T10:01:51
TRX,TTrHak4biV5ZtNwN1K8oi7916CjmeVVeH8,58361,XINBI GUARANTEE,TCO,2026-09-15T10:01:51
TRX,TCoKgVdQbSyPnJnf9oNUNQn3dWMDD9wbQL,58361,XINBI GUARANTEE,TCO,2026-09-15T10:01:51
TRX,TNUQ2rZSRjZaGhtbwaFZEvuaemMj5z5Fnm,58361,XINBI GUARANTEE,TCO,2026-09-15T10:01:51
TRX,TTWBrNgoooSs9HQQKMty3ZQDbS9LzgjNiH,58361,XINBI GUARANTEE,TCO,2026-09-15T10:01:51
TRX,TGu8xk3u1QcA9FNCQZ4RUTvniiCjNkjXkA,58361,XINBI GUARANTEE,TCO,2026-09-15T10:01:51
TRX,TAQPzv9941nVuTj4ng2vd6L11Re57r42pW,58361,XINBI GUARANTEE,TCO,2026-09-15T10:01:51
TRX,TMdZfVVAsxKsbXGmV3kBnEgM69z3QHH3kz,58361,XINBI GUARANTEE,TCO,2026-09-15T10:01:51
TRX,TZ42sU5kQ2n5rLZ6PhEGkmfLtmHjoi2vpr,58361,XINBI GUARANTEE,TCO,2026-09-15T10:01:51
BTC,12QtD5BFwRsdNsAZY76UVE1xyCGNTojH9h,25308,Xiaobing YAN,SDNTK,2026-09-15T10:01:51
BTC,1Kuf2Rd8mDyAViwBozGTNYnvWL8uYFrkVo,25308,Xiaobing YAN,SDNTK,2026-09-15T10:01:51
BTC,13f59kUM5FU8MfTG7DCEugYarDhSD7XCoC,25308,Xiaobing YAN,SDNTK,2026-09-15T10:01:51
BTC,1P3ZfGFLezzYGg9k5SVzQmnjyh7nrUmF2y,25308,Xiaobing YAN,SDNTK,2026-09-15T10:01:51
BTC,1EpMiZkQVekM5ij12nMiEwttFPcDK9XhX6,25308,Xiaobing YAN,SDNTK,2026-09-15T10:01:51
BTC,1JREJdZupiFhE7ZzQPtASuMCvvpXC7wRsC,25308,Xiaobing YAN,SDNTK,2026-09-15T10:01:51
BTC,3NEcQKZ8RwL2eDNhmMPpZ4td9vPsQh9JwM,50867,Xiaojun HUANG,ILLICIT-DRUGS-EO14059,2026-09-15T10:01:51
BTC,3B7S6zrgxQVQUHTU8wstM23tB9afE7ojuX,45312,Xingbiao SHEN,ILLICIT-DRUGS-EO14059,2026-09-15T10:01:51
ETH,0x530a64c0ce595026a4a556b703644228179e2d57,45312,Xingbiao SHEN,ILLICIT-DRUGS-EO14059,2026-09-15T10:01:51
TRX,TEAqwfMhXLaomXhZ8KeMhx3njGmQEDnsUR,45312,Xingbiao SHEN,ILLICIT-DRUGS-EO14059,2026-09-15T10:01:51
BTC,35QpLWYkvD3ALhjbge5bK2kd7HfHYcDMu3,33859,Yaroslav VASINSKYI,CYBER2,2026-09-15T10:01:51
BTC,3NQ1aa9ceirMJ1JvRq3eXefvXj1L639fzX,33859,Yaroslav VASINSKYI,CYBER2,2026-09-15T10:01:51
BTC,3BsyZ7qRFSi3NsaoV1Ff724qAgrEpjVUHm,33859,Yaroslav VASINSKYI,CYBER2,2026-09-15T10:01:51
BTC,372Wk9NLrMkJzKgqJdatWJy4bYRfxFjgat,33859,Yaroslav VASINSKYI,CYBER2,2026-09-15T10:01:51
ETH,0xfec8a60023265364d066a1212fde3930f6ae8da7,33858,Yevgeniy Igorevich POLYANIN,CYBER2,2026-09-15T10:01:51
BTC,158treVZBGMBThoaympxccPdZPtqUfYrT9,33858,Yevgeniy Igorevich POLYANIN,CYBER2,2026-09-15T10:01:51
BTC,389Sft4nJFkPGhbagk9FN4jXncA9piYTuU,33858,Yevgeniy Igorevich POLYANIN,CYBER2,2026-09-15T10:01:51
BTC,39Te8MbphSgs7npDJPj2hbNzhke61NTcnB,33858,Yevgeniy Igorevich POLYANIN,CYBER2,2026-09-15T10:01:51
BTC,31p6woV4e55HUfC2aGynFhzQnGoJFW26cD,33858,Yevgeniy Igorevich POLYANIN,CYBER2,2026-09-15T10:01:51
BTC,3DNsaQnaUz7wkQny1ZDSmtz6QfbEShxoDD,33858,Yevgeniy Igorevich POLYANIN,CYBER2,2026-09-15T10:01:51
BTC,3AjyprBY5yhijiCjUC5NUJutGbwhd3AQdE,33858,Yevgeniy Igorevich POLYANIN,CYBER2,2026-09-15T10:01:51
BTC,134r8iHv69xdT6p5qVKTsHrcUEuBVZAYak,28263,Yinyin TIAN,"CYBER2,DPRK3",2026-09-15T10:01:51
BTC,15YK647qtoZQDzNrvY6HJL6QwXduLHfT28,28263,Yinyin TIAN,"CYBER2,DPRK3",2026-09-15T10:01:51
BTC,1PfwHNxUnkpfkK9MKjMqzR3Xq3KCtq9u17,28263,Yinyin TIAN,"CYBER2,DPRK3",2026-09-15T10:01:51
BTC,14kqryJUxM3a7aEi117KX9hoLUw592WsMR,28263,Yinyin TIAN,"CYBER2,DPRK3",2026-09-15T10:01:51
BTC,1F2Gdug9ib9NQMhKMGGJczzMk5SuENoqrp,28263,Yinyin TIAN,"CYBER2,DPRK3",2026-09-15T10:01:51
BTC,3F2sZ4jbhvDKQdGbHYPC6ZxFXEau2m5Lqj,28263,Yinyin TIAN,"CYBER2,DPRK3",2026-09-15T10:01:51
BTC,1AXUTu9y3H8w4wYx4BjyFWgRhZKDhmcMrn,28263,Yinyin TIAN,"CYBER2,DPRK3",2026-09-15T10:01:51
BTC,1Hn9ErTCPRP6j5UDBeuXPGuq5RtRjFJxJQ,28263,Yinyin TIAN,"CYBER2,DPRK3",2026-09-15T10:01:51
LTC,LNf2JDiuunBz7GMDKFYHN4rq5meXWxiwfb,43421,Yunhe WANG,CYBER2,2026-09-15T10:01:51
BTC,bc1q4namcagg5wljs0u20z6h2sqgsq4q5lts8rt2rr,43421,Yunhe WANG,CYBER2,2026-09-15T10:01:51
BTC,bc1qdpazd6smrkq5hmw6lupq98za2fqtgmq3azv3av,43421,Yunhe WANG,CYBER2,2026-09-15T10:01:51
BTC,bc1qwz0l2ceddckwdy5rh6zyrm3x4ha6gn5f2da5zg,43421,Yunhe WANG,CYBER2,2026-09-15T10:01:51
BTC,bc1qw8evftpgc8wsmkemd8yl5fg2husza5z802xaym,43421,Yunhe WANG,CYBER2,2026-09-15T10:01:51
BTC,bc1qv4krhj2qmpd9qz9xj9nhvj99fq8s9xsw05d485,43421,Yunhe WANG,CYBER2,2026-09-15T10:01:51
BTC,bc1qu5vngdtcx8nc9d68pq8nv7pzcjrswsy87s66gk,43421,Yunhe WANG,CYBER2,2026-09-15T10:01:51
BTC,bc1qtsl3ufenrv3zgrgm9z8xarcx22x8mfztuartyn,43421,Yunhe WANG,CYBER2,2026-09-15T10:01:51
BTC,bc1qtrrfhr0f3ufsrjxfv8a7p3yuqj0spe4cm6vaws,43421,Yunhe WANG,CYBER2,2026-09-15T10:01:51
BTC,bc1qte9ret332gwrk6e7vqc87d807npzvdj5savg4h,43421,Yunhe WANG,CYBER2,2026-09-15T10:01:51
BTC,bc1qtdupwe722vcc5e0vh94cgwfs0ep4gzwyfsf75q,43421,Yunhe WANG,CYBER2,2026-09-15T10:01:51
BTC,bc1qnykkrlk67f9kdqvzyw2ndu3xmef5z2e52886yl,43421,Yunhe WANG,CYBER2,2026-09-15T10:01:51
BTC,bc1qllmlvy5u038yvwywu803p53g8udcm8w7k4qxu9,43421,Yunhe WANG,CYBER2,2026-09-15T10:01:51
BTC,bc1qlfpg2xn39u580cmwq6rymt8jdhcmj8520jhgh0,43421,Yunhe WANG,CYBER2,2026-09-15T10:01:51
BTC,bc1ql7rnd70aejdxt3f9fzdlfazjlc9hvdmut8ad8s,43421,Yunhe WANG,CYBER2,2026-09-15T10:01:51
BTC,bc1ql526s72gycmvq7hek6j3tuwwmcpv4rgs0auxu7,43421,Yunhe WANG,CYBER2,2026-09-15T10:01:51
BTC,bc1qh3lw22uqwrywr8lpun20q2ma528a4yqmgf3uqp,43421,Yunhe WANG,CYBER2,2026-09-15T10:01:51
BTC,bc1qgffxa65gr579tsz55n87pal2a777ygzg69d2yz,43421,Yunhe WANG,CYBER2,2026-09-15T10:01:51
BTC,bc1qedvcgh32dud85yt7fu6s7qavthlh38gtwa7rhx,43421,Yunhe WANG,CYBER2,2026-09-15T10:01:51
BTC,bc1qau9pmgc8l6rxpdwwap3fd6zprh5yp9mpe9jl0h,43421,Yunhe WANG,CYBER2,2026-09-15T10:01:51
BTC,bc1qakycg2zp8hydg95lc9cheumpa9yfpdeyrqqh5f,43421,Yunhe WANG,CYBER2,2026-09-15T10:01:51
BTC,bc1q9ua9ypl4dhj0zut5kzasj5c2kxclhh8v2k9djd,43421,Yunhe WANG,CYBER2,2026-09-15T10:01:51
BTC,bc1q8q7z3kt37z6jalv5ujung5lem6pzlk9r3kt66k,43421,Yunhe WANG,CYBER2,2026-09-15T10:01:51
BTC,bc1q8pw85s83mdx2f3rfu64mmfd9wexqu2y856arwp,43421,Yunhe WANG,CYBER2,2026-09-15T10:01:51
BTC,bc1q7xfqqw9htr88t7vafg80p4qrlpjfyaps452x5g,43421,Yunhe WANG,CYBER2,2026-09-15T10:01:51
BTC,bc1q7hhdygx05kyfyzjku2u7lywvx5pgyng6a0nefp,43421,Yunhe WANG,CYBER2,2026-09-15T10:01:51
BTC,bc1q6w463k7mhsgguwgqtcratm4vm42rncwhvvkeck,43421,Yunhe WANG,CYBER2,2026-09-15T10:01:51
BTC,bc1q68uswkjvu7nj7mhrvfzkx7cm6u5s9puvpm5dc2,43421,Yunhe WANG,CYBER2,2026-09-15T10:01:51
BTC,bc1q5zd0cwzd09k9r8xfk68sn5ytqp8f5aae80yfsm,43421,Yunhe WANG,CYBER2,2026-09-15T10:01:51
BTC,bc1q49ax787wv0mnn8wjgp3sx772qz7eun822rkv5k,43421,Yunhe WANG,CYBER2,2026-09-15T10:01:51
BTC,bc1q3ael5my37nklgnqcrkwmnndfx9qdnp67j0739c,43421,Yunhe WANG,CYBER2,2026-09-15T10:01:51
BTC,bc1q362njxy39gnwrvj7zytn84ax39fwnhvk7n2999,43421,Yunhe WANG,CYBER2,2026-09-15T10:01:51
BTC,bc1q2jys00x2rgdkm3xnewuucqacytu0a7echupu8y,43421,Yunhe WANG,CYBER2,2026-09-15T10:01:51
BTC,bc1q05aktddf9ce4p7hh3stgsf253m4vweu7nkhtmw,43421,Yunhe WANG,CYBER2,2026-09-15T10:01:51
BTC,bc1qtywfzxx6snut2mdrum8dyr5nnd5qhqd29wmvqt,43421,Yunhe WANG,CYBER2,2026-09-15T10:01:51
BTC,bc1qrc2gchg2fmxua5u7twu4luv5p9twmny4jjmg9x,43421,Yunhe WANG,CYBER2,2026-09-15T10:01:51
BTC,bc1q9ws2gcq7uumm4mk3l9xezwve7w5tmcs5js5cup,43421,Yunhe WANG,CYBER2,2026-09-15T10:01:51
BTC,bc1qh33xtpjqhgysq5xlmjzkm28uewj08885n95drr,43421,Yunhe WANG,CYBER2,2026-09-15T10:01:51
BTC,bc1qe8wclszdtshkjk7gph57crc72vpp9rylujgwa5,43421,Yunhe WANG,CYBER2,2026-09-15T10:01:51
BTC,bc1q2q8uxjznmurg363dvd98xjg54mrr7z6mw9t825,43421,Yunhe WANG,CYBER2,2026-09-15T10:01:51
BTC,bc1qhvzl5w99m458nm7sc6hwf5qfhxndw28sgtatk8,43421,Yunhe WANG,CYBER2,2026-09-15T10:01:51
BTC,bc1qavwamr74qlzj8txy6jaxqnpym9062h090x6kz4,43421,Yunhe WANG,CYBER2,2026-09-15T10:01:51
BTC,bc1qe9lz50jq0a5pmtry0h3ekng3kjdg09vejg7355,43421,Yunhe WANG,CYBER2,2026-09-15T10:01:51
BTC,bc1qup656lpfqfckhl580kwf62thmn5azmj2pal0sz,43421,Yunhe WANG,CYBER2,2026-09-15T10:01:51
BTC,bc1qa2xr7dmz5lztplp9yfp7k382nf4ma8gwrl7zgg,43421,Yunhe WANG,CYBER2,2026-09-15T10:01:51
BTC,bc1qrskwdw9unhlkt87ltcqq2d5pn9s6w2f35gz3z6,43421,Yunhe WANG,CYBER2,2026-09-15T10:01:51
BTC,1NaRX1GZgtZ7E8iXo8YUdTtnb8rAK5QFJa,43421,Yunhe WANG,CYBER2,2026-09-15T10:01:51
ETH,0xe1d865c3d669dcc8c57c8d023140cb204e672ee4,43421,Yunhe WANG,CYBER2,2026-09-15T10:01:51
TRX,TBHTJqAy4DhHhmT3dNceJYNRz4SdLofLre,43421,Yunhe WANG,CYBER2,2026-09-15T10:01:51
TRX,TCA9vmjsYw9MtPKEwRBtGhKFRfr4CLxJAv,56865,ZEDCEX EXCHANGE LTD,"IRAN-EO13902,SDGT,IFSR",2026-09-15T10:01:51
TRX,TGsNFrgWfbGN2gX25Wcf8oTejtxtQkvmEx,56865,ZEDCEX EXCHANGE LTD,"IRAN-EO13902,SDGT,IFSR",2026-09-15T10:01:51
TRX,TASWbk6X1wiTku5TMmMQYqYFvshVEtfJy8,56865,ZEDCEX EXCHANGE LTD,"IRAN-EO13902,SDGT,IFSR",2026-09-15T10:01:51
TRX,TTS9o5KkpGgH8cK9LofLmMAPYb5zfQvSNa,56865,ZEDCEX EXCHANGE LTD,"IRAN-EO13902,SDGT,IFSR",2026-09-15T10:01:51
TRX,TCzq6m2zxnQkrZrf8cqYcK6bbXQYAfWYKC,56865,ZEDCEX EXCHANGE LTD,"IRAN-EO13902,SDGT,IFSR",2026-09-15T10:01:51
TRX,TLvuvpfBKdxddxSsJefeiGCe9eVY8HUroE,56865,ZEDCEX EXCHANGE LTD,"IRAN-EO13902,SDGT,IFSR",2026-09-15T10:01:51
TRX,TNuA5CQ6LB4jTHoNrjEeQZJmcmhQuHMbQ7,56865,ZEDCEX EXCHANGE LTD,"IRAN-EO13902,SDGT,IFSR",2026-09-15T10:01:51
BTC,1M5N4sJ1NHb4fviLVZA5MZLKhLZqU4CPZz,52830,ZSERVERS,CYBER3,2026-09-15T10:01:51
BTC,1Gekw8ACSs37oXcc5XQHvoux3iKoVFtpF4,52830,ZSERVERS,CYBER3,2026-09-15T10:01:51
BTC,bc1q4yzd2rjmshm8ucrwy6dzj5rna20j0zlf8hf8vz,52830,ZSERVERS,CYBER3,2026-09-15T10:01:51
TRX,TPyE2oSoaysrXfLzwf9wetBVr9JudLwjtD,58199,Zaid Issam Ahmed AL-JEBOURI,SDGT,2026-09-15T10:01:51
TRX,TVgUsVzA7mpFExP4zS7HHbtKti6UuBDuwZ,58199,Zaid Issam Ahmed AL-JEBOURI,SDGT,2026-09-15T10:01:51
TRX,TLoG3vbjDgqmTD5bM7w9rMgA6ysaNReuRy,58199,Zaid Issam Ahmed AL-JEBOURI,SDGT,2026-09-15T10:01:51
TRX,TAhHpxPRwo1Bmm1A9m51uZ31tcB7EPq7SY,58199,Zaid Issam Ahmed AL-JEBOURI,SDGT,2026-09-15T10:01:51
TRX,TScXZTbDjjZ6a6jiC7dZjgCqfNo4vm7atV,58199,Zaid Issam Ahmed AL-JEBOURI,SDGT,2026-09-15T10:01:51
TRX,TGr2i8ZQiiMRjP3mWyQUH2MQBfKu8GJNqm,58199,Zaid Issam Ahmed AL-JEBOURI,SDGT,2026-09-15T10:01:51
TRX,THJUJFyTnrBWb1ijWav7qfRBrjUuKgP49Z,58199,Zaid Issam Ahmed AL-JEBOURI,SDGT,2026-09-15T10:01:51
BTC,bc1qeth6n6ryxexvkx34wnx3nuynun4474h3j0gkhw,55505,Zhi CHEN,TCO,2026-09-15T10:01:51
BTC,bc1q2we5eqjj8je6lz9xwjattpc3pn4jejc5h0s70f,55505,Zhi CHEN,TCO,2026-09-15T10:01:51
BTC,bc1qnujzvts45qka3cr2eqqw8ur3q6g6s0ze2wlk5m,55505,Zhi CHEN,TCO,2026-09-15T10:01:51
BTC,bc1qw4fxztd5u3sl7vrcqwk2a8v5zh5dllvckx3tlt,55505,Zhi CHEN,TCO,2026-09-15T10:01:51
BTC,3EynPFpoGTPxU9m5bPaEDEUxUanzh7vgQP,55505,Zhi CHEN,TCO,2026-09-15T10:01:51
BTC,3FoD1f6Tfnq3s8MYHgJqFPWv9cUrtUdBSv,55505,Zhi CHEN,TCO,2026-09-15T10:01:51
BTC,3MKXKqPXf6VxTLkVSXuDKzaTiZZaz5AmiK,55505,Zhi CHEN,TCO,2026-09-15T10:01:51
BTC,386sPhHBbLidzPnoxUH74jiiYkHYtobefQ,55505,Zhi CHEN,TCO,2026-09-15T10:01:51
BTC,35irs2AU6pVgenYbWvMRz22avDBLC9XMkd,55505,Zhi CHEN,TCO,2026-09-15T10:01:51
BTC,36ia8qAE1k1PKQePdXENCm1YKLXxZyVnnc,55505,Zhi CHEN,TCO,2026-09-15T10:01:51
BTC,374RguZDMNW5Zh5ouW3KhKDcrerKusmsuk,55505,Zhi CHEN,TCO,2026-09-15T10:01:51
BTC,3CuqLrZWn5oCe6DRScdRwiFv8txcahrsG3,55505,Zhi CHEN,TCO,2026-09-15T10:01:51
BTC,3MNWiGeoKAhtTrbJuUXpvSRYJSNvmyJSWE,55505,Zhi CHEN,TCO,2026-09-15T10:01:51
BTC,39HJB4x6W5QuKFEuV1tfcfNveLRJTzcC12,55505,Zhi CHEN,TCO,2026-09-15T10:01:51
BTC,3L1PSCgfPKJAfQCZcoKfbvWf1fBmWM1Bbs,55505,Zhi CHEN,TCO,2026-09-15T10:01:51
BTC,3D44E2Z3PcLa868GeBNiP5E2GPTfVLULUJ,55505,Zhi CHEN,TCO,2026-09-15T10:01:51
BTC,bc1qnq3pzsw3elkecrw8pqrz70r7zuse6cwyxa6dhc,55505,Zhi CHEN,TCO,2026-09-15T10:01:51
BTC,bc1qeaxuj8vamvnxqveleaqgmae33x904xuzj836p3,55505,Zhi CHEN,TCO,2026-09-15T10:01:51
BTC,bc1q66y45cq78ke25kz7rpe94l84avt7zetglzeeqg,55505,Zhi CHEN,TCO,2026-09-15T10:01:51
BTC,bc1qu8mcqffx3jpdwnap88h85u5l5l0xq97438tz2x,55505,Zhi CHEN,TCO,2026-09-15T10:01:51
BTC,bc1qw75cxmxz4e2v265mue9wmqgq2m0qdyr25l2ufl,55505,Zhi CHEN,TCO,2026-09-15T10:01:51
BTC,bc1q7des766x6c0zkycz6dz6rfv066n3fcg4kggtrt,55505,Zhi CHEN,TCO,2026-09-15T10:01:51
BTC,bc1qlwtksgusw8pp3k3a39mkmwvswujhhgn0ulp3uj,55505,Zhi CHEN,TCO,2026-09-15T10:01:51
BTC,bc1qu4p4eynzu8vwwcv0yxq74gth00exjyech05uf0,55505,Zhi CHEN,TCO,2026-09-15T10:01:51
BTC,bc1qw0pswznckx7s6tjmd2f5hrx4q6kc5nyrdxku50,55505,Zhi CHEN,TCO,2026-09-15T10:01:51
BTC,bc1q9kja7t2zxz0ze4lcgxf0l07pygpc69ws528lj9,55505,Zhi CHEN,TCO,2026-09-15T10:01:51
BTC,bc1qea942uw640l7nvtf3vplv6jd6wvuy06c58cd4k,55505,Zhi CHEN,TCO,2026-09-15T10:01:51
BTC,bc1q6qze6uj6jncgnva4eghxn3tr4pm2frh77ad3k9,55505,Zhi CHEN,TCO,2026-09-15T10:01:51
BTC,bc1qcx8vxxrld2s7qvz64qp75s3508rkzaxj65l60q,55505,Zhi CHEN,TCO,2026-09-15T10:01:51
