address,chain,category,source,label,detail,ref_date
0x5cF6bf4197c13b9C0Ae4AECC6Eb10Ef61bC6bEB0,ETH,exploit,news_defihacklabs,DAOstack,DAOstack — permissionless newOrganization lets an attacker hijack an existing Reputation contract and drain the Avatar | role=attacker | Attacker | https://github.com/SunWeb3Sec/DeFiHackLabs/blob/main/src/test/2026-09/DAOstack_exp.sol,2026-09-26
0x770b10b273fC44Fe9197D6bF20F145c2e98463Ee,ETH,exploit,news_trm,Bitget,Bitget Loses USD 351.6 Million in Hot Wallet Breach in Likely North Korea Attack | role=attacker | Attacker address that received stolen ETH and redistributed across multiple EVM chains | https://www.trmlabs.com/resources/blog/bitget-loses-usd-3516-million-in-hot-wallet-breach-in-likely-north-korea-attack,2026-09-24
0xa6dd3f218b65e32ccc37be30f74884133c655545,ETH,exploit,news_trm,Bitget,Bitget Loses USD 351.6 Million in Hot Wallet Breach in Likely North Korea Attack | role=attacker | Second attacker address that distributed funds to round‑size wallets | https://www.trmlabs.com/resources/blog/bitget-loses-usd-3516-million-in-hot-wallet-breach-in-likely-north-korea-attack,2026-09-24
0x5F7cE6395818857aC20730dc990F614356D1Ec68,ETH,exploit,news_defihacklabs,InternetToken,InternetToken — permissionless swapV3 with caller-supplied pool lets a fake callback mint INT arbitrarily | role=attacker | Attacker | https://github.com/SunWeb3Sec/DeFiHackLabs/blob/main/src/test/2026-09/InternetToken_exp.sol,2026-09-21
0x46f54C1A86575679FC3d29666C1717E9786279Aa,ETH,exploit,news_defihacklabs,GaslessReservoirEnabler,GaslessReservoirEnabler — erc20WithTransfersAndExecute lets a whitelisted module run unvalidated transferFrom calldata | role=attacker | Attacker | https://github.com/SunWeb3Sec/DeFiHackLabs/blob/main/src/test/2026-09/GaslessReservoirEnabler_exp.sol,2026-09-21
0xb8C717239BCACE558c3a8Dc471c16E07bF57a1Eb,ETH,exploit,news_defihacklabs,DoinGud,DoinGud — acceptOffer replay via missing offer cleanup on the amount=0 path | role=attacker | Attacker | https://github.com/SunWeb3Sec/DeFiHackLabs/blob/main/src/test/2026-09/DoinGud_exp.sol,2026-09-21
0x69e5446b07b23de0a76730062c3252152216c85c,ETH,exploit,news_rekt,SingularityNET,SingularityNET - Rekt | role=attacker | authorizer address whose signature approved the FET drain (compromised) | https://rekt.news/singularitynet-rekt,2026-09-19
0xA7A31d206042B8A3E81aa4cf8c68c1B76856eE48,ETH,exploit,news_rekt,SingularityNET,SingularityNET - Rekt | role=attacker | SingularityNET deployer address used for AGIX mint calls | https://rekt.news/singularitynet-rekt,2026-09-19
0x2dcc1085fdcf418b421e45e86e4e54637cc21dfe,ETH,exploit,news_rekt,SingularityNET,SingularityNET - Rekt | role=attacker | main hub wallet receiving drained FET and early minted tokens | https://rekt.news/singularitynet-rekt,2026-09-19
0x83f4424a401a9bb75f90314f21adaea6a9ce09c5,ETH,exploit,news_rekt,SingularityNET,SingularityNET - Rekt | role=attacker | second hub wallet receiving later minted tokens and USDC payout | https://rekt.news/singularitynet-rekt,2026-09-19
0x90bde1e0Bb16B3DEEb9d638aCf8D01F19fD2F31e,ETH,exploit,news_defihacklabs,Likwid,Likwid — missing pairDelta update in leverage=0 margin borrow freezes AMM quote | role=attacker | attacker EOA | https://github.com/SunWeb3Sec/DeFiHackLabs/blob/main/src/test/2026-09/Likwid_exp.sol,2026-09-18
0xC63FB27F52ed8d06673c60c3075B2D3bD26Cf4AA,ETH,exploit,news_defihacklabs,Likwid,Likwid — missing pairDelta update in leverage=0 margin borrow freezes AMM quote | role=attacker | attacker contract (pre‑held 218.58M TOKEN) | https://github.com/SunWeb3Sec/DeFiHackLabs/blob/main/src/test/2026-09/Likwid_exp.sol,2026-09-18
0xa059aaab82773caf622de9d9a0f2dbf9aa7f3c37,ETH,laundering,news_rekt,Nostra,Nostra - Rekt | role=laundering | Ethereum wallet consolidating funds after NEAR Intents | https://rekt.news/nostra-rekt,2026-09-17
0x83381e7F7232775735169d72D237B858fFc36871,ETH,exploit,news_defihacklabs,Flamincome,Flamincome — permissionless Convex stakeFor inflates Strategy NAV and lets VaultYUSDT overpay on withdrawAll | role=attacker | Attacker EOA | https://github.com/SunWeb3Sec/DeFiHackLabs/blob/main/src/test/2026-09/Flamincome_exp.sol,2026-09-16
0x19bc1c7fD4Aa93F540498499b8f5B4FC3DDE5A52,ETH,exploit,news_defihacklabs,PrimeFinance,PrimeFinance — permissionless stale signed oracle report overwrite drains lending pool | role=attacker | attacker EOA | https://github.com/SunWeb3Sec/DeFiHackLabs/blob/main/src/test/2026-09/PrimeFinance_exp.sol,2026-09-16
0x2258491525C21f334c5a2dc22CE55e55023FC45D,ETH,exploit,news_defihacklabs,Nimiq,"Nimiq — GSN forwarder skips signature check, relying solely on attacker-chosen paymaster | role=attacker | Attacker | https://github.com/SunWeb3Sec/DeFiHackLabs/blob/main/src/test/2026-09/Nimiq_exp.sol",2026-09-16
0x901DafdE7057BC2478d1eF640fb5515EA4757AAB,ETH,exploit,news_defihacklabs,Startale,Startale — transient storage init flag outlives the constructor and lets anyone reinitialize an ERC7579 account and drain it | role=attacker | attacker | https://github.com/SunWeb3Sec/DeFiHackLabs/blob/main/src/test/2026-09/Startale_exp.sol,2026-09-16
0x2B5bF7D9D9Dc1EEc68f40C6B7a8f197e65f9731a,ETH,exploit,news_defihacklabs,BonfireSwap,BonfireSwap — missing caller authorization lets anyone force-sell any approved holder's tokens | role=attacker | Attacker EOA | https://github.com/SunWeb3Sec/DeFiHackLabs/blob/main/src/test/2026-09/BonfireSwap_exp.sol,2026-09-15
0x28E976Ea7b83553d6D1D45CE81334156A2632127,ETH,exploit,news_defihacklabs,BonfireSwap,BonfireSwap — missing caller authorization lets anyone force-sell any approved holder's tokens | role=attacker | Attack contract | https://github.com/SunWeb3Sec/DeFiHackLabs/blob/main/src/test/2026-09/BonfireSwap_exp.sol,2026-09-15
0x0dC2c5D6b05A317076CF501f7E7be36a5dfe9b66,ETH,exploit,news_defihacklabs,RsETHSafeModule,"RsETHSafeModule — nested self-referential multicall authorization bypass drains Gnosis Safe via DELEGATECALL | role=attacker | ""original exploiter(s)""  0x0dC2c5D6b05A317076CF501f7E7be36a5 | https://github.com/SunWeb3Sec/DeFiHackLabs/blob/main/src/test/2026-09/RsETHSafeModule_exp.sol",2026-09-15
0x2f7e143e27F2fa26Ef3B8AC72698F1D321422f67,ETH,exploit,news_defihacklabs,RsETHSafeModule,"RsETHSafeModule — nested self-referential multicall authorization bypass drains Gnosis Safe via DELEGATECALL | role=attacker | ""original exploiter(s)""  0x0dC2c5D6b05A317076CF501f7E7be36a5 | https://github.com/SunWeb3Sec/DeFiHackLabs/blob/main/src/test/2026-09/RsETHSafeModule_exp.sol",2026-09-15
0x859e69a29244a10800a34ee66919426c02afa2f0,ETH,exploit,news_defihacklabs,SpiralHookV2,SpiralHookV2 — Uniswap V4 spot-price borrow plus tx.origin-keyed same-block guard bypass | role=attacker | Attacker EOA | https://github.com/SunWeb3Sec/DeFiHackLabs/blob/main/src/test/2026-09/SpiralHookV2_exp.sol,2026-09-12
0x26881EacC00Bcccd7c4ebE14BD7840dD989Bf982,ETH,exploit,news_defihacklabs,YamFinance,YamFinance — dormant-DAO quorum governance takeover drains legacy UMA farming contracts | role=attacker | Attacker EOA | https://github.com/SunWeb3Sec/DeFiHackLabs/blob/main/src/test/2026-09/YamFinance_exp.sol,2026-09-12
0xd8B49172B1A33e77C2619a78e08471FaCFf5dAd3,ETH,exploit,news_defihacklabs,ORB,ORB — leveraged pool buyout + refund-before-sell reentrancy drains burnLP-depleted reserve | role=attacker | Attacker EOA | https://github.com/SunWeb3Sec/DeFiHackLabs/blob/main/src/test/2026-09/ORB_exp.sol,2026-09-11
0x4f33733a40FAE6C19c3A4Faf9BC08cE9a1806831,ETH,exploit,news_defihacklabs,ORB,ORB — leveraged pool buyout + refund-before-sell reentrancy drains burnLP-depleted reserve | role=attacker | Attack contract | https://github.com/SunWeb3Sec/DeFiHackLabs/blob/main/src/test/2026-09/ORB_exp.sol,2026-09-11
0xe327b58233DE729D58d35e36E4B6D45c8e00cDbb,ETH,exploit,news_defihacklabs,GDC,"GDC — chained EOA bypass, liquidity misclassification, burn mismatch, and reentrant tax-free exit | role=attacker | 공격자 EOA | https://github.com/SunWeb3Sec/DeFiHackLabs/blob/main/src/test/2026-09/GDC_exp.sol",2026-09-11
0x5fe1deb9d9a58e9424b7fafc77494ff782b7dc14,ETH,exploit,news_defihacklabs,GDC,"GDC — chained EOA bypass, liquidity misclassification, burn mismatch, and reentrant tax-free exit | role=attacker | 익스플로잇 컨트랙트 생성 트랜잭션/배포 주소 | https://github.com/SunWeb3Sec/DeFiHackLabs/blob/main/src/test/2026-09/GDC_exp.sol",2026-09-11
TW5tokvhEfrb77z98Rc8HqbkzQJ6sxYtGX,TRON,sanctions,news_ofac,Xinbi Guarantee,Transnational Criminal Organizations Designations; Counter Terrorism Designation; Issuance of New and Amended Frequently Asked Questions | role=sanctioned | OFAC SDN XINBI GUARANTEE [TCO] | https://ofac.treasury.gov/recent-actions/20260909,2026-09-09
TBKpozurdWLrbKkxtDqkveeq1dSB8Axj3V,TRON,sanctions,news_ofac,Xinbi Guarantee,Transnational Criminal Organizations Designations; Counter Terrorism Designation; Issuance of New and Amended Frequently Asked Questions | role=sanctioned | OFAC SDN XINBI GUARANTEE [TCO] | https://ofac.treasury.gov/recent-actions/20260909,2026-09-09
TWqcMjV7Wq2RHe2CSiKQHpkn6A7B2AWUPe,TRON,sanctions,news_ofac,Xinbi Guarantee,Transnational Criminal Organizations Designations; Counter Terrorism Designation; Issuance of New and Amended Frequently Asked Questions | role=sanctioned | OFAC SDN XINBI GUARANTEE [TCO] | https://ofac.treasury.gov/recent-actions/20260909,2026-09-09
TG83Fk56S2mycAUMYHZyZp9wMg6DCf4bUn,TRON,sanctions,news_ofac,Xinbi Guarantee,Transnational Criminal Organizations Designations; Counter Terrorism Designation; Issuance of New and Amended Frequently Asked Questions | role=sanctioned | OFAC SDN XINBI GUARANTEE [TCO] | https://ofac.treasury.gov/recent-actions/20260909,2026-09-09
TYkE8VwX1SGHM3Q2CA29nka5U2F2khKAj5,TRON,sanctions,news_ofac,Xinbi Guarantee,Transnational Criminal Organizations Designations; Counter Terrorism Designation; Issuance of New and Amended Frequently Asked Questions | role=sanctioned | OFAC SDN XINBI GUARANTEE [TCO] | https://ofac.treasury.gov/recent-actions/20260909,2026-09-09
TEECjwHqVG8sDmM3VtscjuCaRe5p351MU7,TRON,sanctions,news_ofac,Xinbi Guarantee,Transnational Criminal Organizations Designations; Counter Terrorism Designation; Issuance of New and Amended Frequently Asked Questions | role=sanctioned | OFAC SDN XINBI GUARANTEE [TCO] | https://ofac.treasury.gov/recent-actions/20260909,2026-09-09
TDU61o35UEe5hdB3R16c116DrPSV4kiyKz,TRON,sanctions,news_ofac,Xinbi Guarantee,Transnational Criminal Organizations Designations; Counter Terrorism Designation; Issuance of New and Amended Frequently Asked Questions | role=sanctioned | OFAC SDN XINBI GUARANTEE [TCO] | https://ofac.treasury.gov/recent-actions/20260909,2026-09-09
TKRNCETxbiMmyyMraCkgdXKdLr1ZkmKxV5,TRON,sanctions,news_ofac,Xinbi Guarantee,Transnational Criminal Organizations Designations; Counter Terrorism Designation; Issuance of New and Amended Frequently Asked Questions | role=sanctioned | OFAC SDN XINBI GUARANTEE [TCO] | https://ofac.treasury.gov/recent-actions/20260909,2026-09-09
TTWRf2MD6zJ26bS4uKCNrcp84aAr7AmTjm,TRON,sanctions,news_ofac,Xinbi Guarantee,Transnational Criminal Organizations Designations; Counter Terrorism Designation; Issuance of New and Amended Frequently Asked Questions | role=sanctioned | OFAC SDN XINBI GUARANTEE [TCO] | https://ofac.treasury.gov/recent-actions/20260909,2026-09-09
TYvjt4ZKfsipHjA52nzgjUjDBF622SLCih,TRON,sanctions,news_ofac,Xinbi Guarantee,Transnational Criminal Organizations Designations; Counter Terrorism Designation; Issuance of New and Amended Frequently Asked Questions | role=sanctioned | OFAC SDN XINBI GUARANTEE [TCO] | https://ofac.treasury.gov/recent-actions/20260909,2026-09-09
TXHX2NUvcgft4zs6MkkUtdNVERPTavHDWN,TRON,sanctions,news_ofac,Xinbi Guarantee,Transnational Criminal Organizations Designations; Counter Terrorism Designation; Issuance of New and Amended Frequently Asked Questions | role=sanctioned | OFAC SDN XINBI GUARANTEE [TCO] | https://ofac.treasury.gov/recent-actions/20260909,2026-09-09
TWPma8xH48AEN93x2krdukV9e1j6sPsBeS,TRON,sanctions,news_ofac,Xinbi Guarantee,Transnational Criminal Organizations Designations; Counter Terrorism Designation; Issuance of New and Amended Frequently Asked Questions | role=sanctioned | OFAC SDN XINBI GUARANTEE [TCO] | https://ofac.treasury.gov/recent-actions/20260909,2026-09-09
TK3n8pGHvDTcK53mpfeDAMzdwjb22qvFU3,TRON,sanctions,news_ofac,Xinbi Guarantee,Transnational Criminal Organizations Designations; Counter Terrorism Designation; Issuance of New and Amended Frequently Asked Questions | role=sanctioned | OFAC SDN XINBI GUARANTEE [TCO] | https://ofac.treasury.gov/recent-actions/20260909,2026-09-09
TGSGw4aUeAMNCfD8WqLRLe8ErQiJ1vqghj,TRON,sanctions,news_ofac,Xinbi Guarantee,Transnational Criminal Organizations Designations; Counter Terrorism Designation; Issuance of New and Amended Frequently Asked Questions | role=sanctioned | OFAC SDN XINBI GUARANTEE [TCO] | https://ofac.treasury.gov/recent-actions/20260909,2026-09-09
TBNjCi1d5Ns6ec5aMp28LpfKcX7xTpykAN,TRON,sanctions,news_ofac,Xinbi Guarantee,Transnational Criminal Organizations Designations; Counter Terrorism Designation; Issuance of New and Amended Frequently Asked Questions | role=sanctioned | OFAC SDN XINBI GUARANTEE [TCO] | https://ofac.treasury.gov/recent-actions/20260909,2026-09-09
THH9JJNbLDN7qs1CyTxJQEjhC9y5FnZUhU,TRON,sanctions,news_ofac,Xinbi Guarantee,Transnational Criminal Organizations Designations; Counter Terrorism Designation; Issuance of New and Amended Frequently Asked Questions | role=sanctioned | OFAC SDN XINBI GUARANTEE [TCO] | https://ofac.treasury.gov/recent-actions/20260909,2026-09-09
TQhT3QWAbFiy6GEYuBrbK97uP3XVmTpRD8,TRON,sanctions,news_ofac,Xinbi Guarantee,Transnational Criminal Organizations Designations; Counter Terrorism Designation; Issuance of New and Amended Frequently Asked Questions | role=sanctioned | OFAC SDN XINBI GUARANTEE [TCO] | https://ofac.treasury.gov/recent-actions/20260909,2026-09-09
TXka5xc6mEkcoVXR7F2TFDKernyLt3XyW4,TRON,sanctions,news_ofac,Xinbi Guarantee,Transnational Criminal Organizations Designations; Counter Terrorism Designation; Issuance of New and Amended Frequently Asked Questions | role=sanctioned | OFAC SDN XINBI GUARANTEE [TCO] | https://ofac.treasury.gov/recent-actions/20260909,2026-09-09
TH1yknksde3pBY3oWVhUxVTbWbLqdafqYT,TRON,sanctions,news_ofac,Xinbi Guarantee,Transnational Criminal Organizations Designations; Counter Terrorism Designation; Issuance of New and Amended Frequently Asked Questions | role=sanctioned | OFAC SDN XINBI GUARANTEE [TCO] | https://ofac.treasury.gov/recent-actions/20260909,2026-09-09
TLHWeZcDmXk6idnaGwsQ9CEmK24KpoGgRM,TRON,sanctions,news_ofac,Xinbi Guarantee,Transnational Criminal Organizations Designations; Counter Terrorism Designation; Issuance of New and Amended Frequently Asked Questions | role=sanctioned | OFAC SDN XINBI GUARANTEE [TCO] | https://ofac.treasury.gov/recent-actions/20260909,2026-09-09
TTmvr41Fa9LeWJQ8NKQ5t4wFUspgEA1mJF,TRON,sanctions,news_ofac,Xinbi Guarantee,Transnational Criminal Organizations Designations; Counter Terrorism Designation; Issuance of New and Amended Frequently Asked Questions | role=sanctioned | OFAC SDN XINBI GUARANTEE [TCO] | https://ofac.treasury.gov/recent-actions/20260909,2026-09-09
THifikwE6RtxYNWdcP9CWUjXS8Gh1xBCoa,TRON,sanctions,news_ofac,Xinbi Guarantee,Transnational Criminal Organizations Designations; Counter Terrorism Designation; Issuance of New and Amended Frequently Asked Questions | role=sanctioned | OFAC SDN XINBI GUARANTEE [TCO] | https://ofac.treasury.gov/recent-actions/20260909,2026-09-09
TR983hNyUNgrNSB1xncG9thZNhgYpbNvSh,TRON,sanctions,news_ofac,Xinbi Guarantee,Transnational Criminal Organizations Designations; Counter Terrorism Designation; Issuance of New and Amended Frequently Asked Questions | role=sanctioned | OFAC SDN XINBI GUARANTEE [TCO] | https://ofac.treasury.gov/recent-actions/20260909,2026-09-09
TNwe3WoEX6XrQ5NPAeWPkvpTtdaf27XYxK,TRON,sanctions,news_ofac,Xinbi Guarantee,Transnational Criminal Organizations Designations; Counter Terrorism Designation; Issuance of New and Amended Frequently Asked Questions | role=sanctioned | OFAC SDN XINBI GUARANTEE [TCO] | https://ofac.treasury.gov/recent-actions/20260909,2026-09-09
TGcewGsDLy7Fzc66kXXEB8Kh2b6u2XCvnV,TRON,sanctions,news_ofac,Xinbi Guarantee,Transnational Criminal Organizations Designations; Counter Terrorism Designation; Issuance of New and Amended Frequently Asked Questions | role=sanctioned | OFAC SDN XINBI GUARANTEE [TCO] | https://ofac.treasury.gov/recent-actions/20260909,2026-09-09
TYq3iRujcBELXX89i9JY32UmLxcyZAJe7E,TRON,sanctions,news_ofac,Xinbi Guarantee,Transnational Criminal Organizations Designations; Counter Terrorism Designation; Issuance of New and Amended Frequently Asked Questions | role=sanctioned | OFAC SDN XINBI GUARANTEE [TCO] | https://ofac.treasury.gov/recent-actions/20260909,2026-09-09
TRyQivSkQChryfnYnE1bUmJhnL3TvKUpvS,TRON,sanctions,news_ofac,Xinbi Guarantee,Transnational Criminal Organizations Designations; Counter Terrorism Designation; Issuance of New and Amended Frequently Asked Questions | role=sanctioned | OFAC SDN XINBI GUARANTEE [TCO] | https://ofac.treasury.gov/recent-actions/20260909,2026-09-09
TGjYoJLhfAiD2BRV9hwCeuHhZ54D3gLKTd,TRON,sanctions,news_ofac,Xinbi Guarantee,Transnational Criminal Organizations Designations; Counter Terrorism Designation; Issuance of New and Amended Frequently Asked Questions | role=sanctioned | OFAC SDN XINBI GUARANTEE [TCO] | https://ofac.treasury.gov/recent-actions/20260909,2026-09-09
TXT9atp8qBMXKbFYnRyWkM88UXYyobQNLP,TRON,sanctions,news_ofac,Xinbi Guarantee,Transnational Criminal Organizations Designations; Counter Terrorism Designation; Issuance of New and Amended Frequently Asked Questions | role=sanctioned | OFAC SDN XINBI GUARANTEE [TCO] | https://ofac.treasury.gov/recent-actions/20260909,2026-09-09
TThRMUSidD4gQeCnu56cFfCmqS421Nmbu7,TRON,sanctions,news_ofac,Xinbi Guarantee,Transnational Criminal Organizations Designations; Counter Terrorism Designation; Issuance of New and Amended Frequently Asked Questions | role=sanctioned | OFAC SDN XINBI GUARANTEE [TCO] | https://ofac.treasury.gov/recent-actions/20260909,2026-09-09
TAkpWPt2JZdiLSkG7ZX2VAQkZQsnGZ1nqh,TRON,sanctions,news_ofac,Xinbi Guarantee,Transnational Criminal Organizations Designations; Counter Terrorism Designation; Issuance of New and Amended Frequently Asked Questions | role=sanctioned | OFAC SDN XINBI GUARANTEE [TCO] | https://ofac.treasury.gov/recent-actions/20260909,2026-09-09
TZ8zsUe9M9tkhrFtfE7vMMmEwgVEF3n2UN,TRON,sanctions,news_ofac,Xinbi Guarantee,Transnational Criminal Organizations Designations; Counter Terrorism Designation; Issuance of New and Amended Frequently Asked Questions | role=sanctioned | OFAC SDN XINBI GUARANTEE [TCO] | https://ofac.treasury.gov/recent-actions/20260909,2026-09-09
TM9c5uR2UKwd5fMySgaoYSjphRyi3AjAtc,TRON,sanctions,news_ofac,Xinbi Guarantee,Transnational Criminal Organizations Designations; Counter Terrorism Designation; Issuance of New and Amended Frequently Asked Questions | role=sanctioned | OFAC SDN XINBI GUARANTEE [TCO] | https://ofac.treasury.gov/recent-actions/20260909,2026-09-09
TTjHn8qNVxazB3UroiekGRPuM2w2GwvNbn,TRON,sanctions,news_ofac,Xinbi Guarantee,Transnational Criminal Organizations Designations; Counter Terrorism Designation; Issuance of New and Amended Frequently Asked Questions | role=sanctioned | OFAC SDN XINBI GUARANTEE [TCO] | https://ofac.treasury.gov/recent-actions/20260909,2026-09-09
TWHwre81Mv4hvupNdHnsYX9FPocm29dQQQ,TRON,sanctions,news_ofac,Xinbi Guarantee,Transnational Criminal Organizations Designations; Counter Terrorism Designation; Issuance of New and Amended Frequently Asked Questions | role=sanctioned | OFAC SDN XINBI GUARANTEE [TCO] | https://ofac.treasury.gov/recent-actions/20260909,2026-09-09
TT4WKPQscK7fkxrPj1E9PjZp1HTVBUpoTm,TRON,sanctions,news_ofac,Xinbi Guarantee,Transnational Criminal Organizations Designations; Counter Terrorism Designation; Issuance of New and Amended Frequently Asked Questions | role=sanctioned | OFAC SDN XINBI GUARANTEE [TCO] | https://ofac.treasury.gov/recent-actions/20260909,2026-09-09
TYZKYK2fbvw3EAPES2daFvoV4DqPna43Jd,TRON,sanctions,news_ofac,Xinbi Guarantee,Transnational Criminal Organizations Designations; Counter Terrorism Designation; Issuance of New and Amended Frequently Asked Questions | role=sanctioned | OFAC SDN XINBI GUARANTEE [TCO] | https://ofac.treasury.gov/recent-actions/20260909,2026-09-09
TF7LUSoZQyDFxTFzCL11saBHAqMAyPh8dK,TRON,sanctions,news_ofac,Xinbi Guarantee,Transnational Criminal Organizations Designations; Counter Terrorism Designation; Issuance of New and Amended Frequently Asked Questions | role=sanctioned | OFAC SDN XINBI GUARANTEE [TCO] | https://ofac.treasury.gov/recent-actions/20260909,2026-09-09
TSmcHwvTR27Ao4NN8HhPFCVcPU5aTEqLDt,TRON,sanctions,news_ofac,Xinbi Guarantee,Transnational Criminal Organizations Designations; Counter Terrorism Designation; Issuance of New and Amended Frequently Asked Questions | role=sanctioned | OFAC SDN XINBI GUARANTEE [TCO] | https://ofac.treasury.gov/recent-actions/20260909,2026-09-09
TJ6NznpBV5uUpp5uZGDub9zD1999999999,TRON,sanctions,news_ofac,Xinbi Guarantee,Transnational Criminal Organizations Designations; Counter Terrorism Designation; Issuance of New and Amended Frequently Asked Questions | role=sanctioned | OFAC SDN XINBI GUARANTEE [TCO] | https://ofac.treasury.gov/recent-actions/20260909,2026-09-09
TPD4pmojFA2f2RvgnSDa7YCuGJ4BeS9yK2,TRON,sanctions,news_ofac,Xinbi Guarantee,Transnational Criminal Organizations Designations; Counter Terrorism Designation; Issuance of New and Amended Frequently Asked Questions | role=sanctioned | OFAC SDN XINBI GUARANTEE [TCO] | https://ofac.treasury.gov/recent-actions/20260909,2026-09-09
TXtH3iUipk6DZnYNu3kgjDsnSSLHLz8ZZU,TRON,sanctions,news_ofac,Xinbi Guarantee,Transnational Criminal Organizations Designations; Counter Terrorism Designation; Issuance of New and Amended Frequently Asked Questions | role=sanctioned | OFAC SDN XINBI GUARANTEE [TCO] | https://ofac.treasury.gov/recent-actions/20260909,2026-09-09
TBEqQGTxXRWXXeqe7ZwmSB6hc5MMMMMMMM,TRON,sanctions,news_ofac,Xinbi Guarantee,Transnational Criminal Organizations Designations; Counter Terrorism Designation; Issuance of New and Amended Frequently Asked Questions | role=sanctioned | OFAC SDN XINBI GUARANTEE [TCO] | https://ofac.treasury.gov/recent-actions/20260909,2026-09-09
TTYf9kcvABTSizXsdbC2E5co6jx9jvJ111,TRON,sanctions,news_ofac,Xinbi Guarantee,Transnational Criminal Organizations Designations; Counter Terrorism Designation; Issuance of New and Amended Frequently Asked Questions | role=sanctioned | OFAC SDN XINBI GUARANTEE [TCO] | https://ofac.treasury.gov/recent-actions/20260909,2026-09-09
TTrHak4biV5ZtNwN1K8oi7916CjmeVVeH8,TRON,sanctions,news_ofac,Xinbi Guarantee,Transnational Criminal Organizations Designations; Counter Terrorism Designation; Issuance of New and Amended Frequently Asked Questions | role=sanctioned | OFAC SDN XINBI GUARANTEE [TCO] | https://ofac.treasury.gov/recent-actions/20260909,2026-09-09
TCoKgVdQbSyPnJnf9oNUNQn3dWMDD9wbQL,TRON,sanctions,news_ofac,Xinbi Guarantee,Transnational Criminal Organizations Designations; Counter Terrorism Designation; Issuance of New and Amended Frequently Asked Questions | role=sanctioned | OFAC SDN XINBI GUARANTEE [TCO] | https://ofac.treasury.gov/recent-actions/20260909,2026-09-09
TNUQ2rZSRjZaGhtbwaFZEvuaemMj5z5Fnm,TRON,sanctions,news_ofac,Xinbi Guarantee,Transnational Criminal Organizations Designations; Counter Terrorism Designation; Issuance of New and Amended Frequently Asked Questions | role=sanctioned | OFAC SDN XINBI GUARANTEE [TCO] | https://ofac.treasury.gov/recent-actions/20260909,2026-09-09
TTWBrNgoooSs9HQQKMty3ZQDbS9LzgjNiH,TRON,sanctions,news_ofac,Xinbi Guarantee,Transnational Criminal Organizations Designations; Counter Terrorism Designation; Issuance of New and Amended Frequently Asked Questions | role=sanctioned | OFAC SDN XINBI GUARANTEE [TCO] | https://ofac.treasury.gov/recent-actions/20260909,2026-09-09
TGu8xk3u1QcA9FNCQZ4RUTvniiCjNkjXkA,TRON,sanctions,news_ofac,Xinbi Guarantee,Transnational Criminal Organizations Designations; Counter Terrorism Designation; Issuance of New and Amended Frequently Asked Questions | role=sanctioned | OFAC SDN XINBI GUARANTEE [TCO] | https://ofac.treasury.gov/recent-actions/20260909,2026-09-09
TAQPzv9941nVuTj4ng2vd6L11Re57r42pW,TRON,sanctions,news_ofac,Xinbi Guarantee,Transnational Criminal Organizations Designations; Counter Terrorism Designation; Issuance of New and Amended Frequently Asked Questions | role=sanctioned | OFAC SDN XINBI GUARANTEE [TCO] | https://ofac.treasury.gov/recent-actions/20260909,2026-09-09
TMdZfVVAsxKsbXGmV3kBnEgM69z3QHH3kz,TRON,sanctions,news_ofac,Xinbi Guarantee,Transnational Criminal Organizations Designations; Counter Terrorism Designation; Issuance of New and Amended Frequently Asked Questions | role=sanctioned | OFAC SDN XINBI GUARANTEE [TCO] | https://ofac.treasury.gov/recent-actions/20260909,2026-09-09
TZ42sU5kQ2n5rLZ6PhEGkmfLtmHjoi2vpr,TRON,sanctions,news_ofac,Xinbi Guarantee,Transnational Criminal Organizations Designations; Counter Terrorism Designation; Issuance of New and Amended Frequently Asked Questions | role=sanctioned | OFAC SDN XINBI GUARANTEE [TCO] | https://ofac.treasury.gov/recent-actions/20260909,2026-09-09
44dZUJ7w1T3fKAvFW8XyXUVoAGSbFvXef2wcbnsjNKGWYorpLJBjth5VKSFhLGkpYKJb2J341tdZHBnbpv72WL7e8zuxfR2,XMR,sanctions,news_ofac,Xinbi Guarantee,Transnational Criminal Organizations Designations; Counter Terrorism Designation; Issuance of New and Amended Frequently Asked Questions | role=sanctioned | OFAC SDN ISIL KHORASAN (변경) [FTO] [SDGT] | https://ofac.treasury.gov/recent-actions/20260909,2026-09-09
45ezvPejNsKYntjhyyeb7fbfzi1sxYQozc5Ffseh8jPGW4JZQQVXykNTfK5uGFiij7Hp3qPv3T5HCR7F3Fnmz2mzE1aKQwo,XMR,sanctions,news_ofac,Xinbi Guarantee,Transnational Criminal Organizations Designations; Counter Terrorism Designation; Issuance of New and Amended Frequently Asked Questions | role=sanctioned | OFAC SDN ISIL KHORASAN (변경) [FTO] [SDGT] | https://ofac.treasury.gov/recent-actions/20260909,2026-09-09
47FVhkRkWgnLs81UBqgY8ui6axAB1627HJjkY2qPnWxMbGfx7387kcY6RzScHgGMQAaH6CBxKXAS4862tS2fhs9BRdmuyav,XMR,sanctions,news_ofac,Xinbi Guarantee,Transnational Criminal Organizations Designations; Counter Terrorism Designation; Issuance of New and Amended Frequently Asked Questions | role=sanctioned | OFAC SDN ISIL KHORASAN (변경) [FTO] [SDGT] | https://ofac.treasury.gov/recent-actions/20260909,2026-09-09
TUoixKFaWVsHxGWgnYyMzpkrT22YqU7VvH,TRON,sanctions,news_ofac,Xinbi Guarantee,Transnational Criminal Organizations Designations; Counter Terrorism Designation; Issuance of New and Amended Frequently Asked Questions | role=sanctioned | OFAC SDN ISIL KHORASAN (변경) [FTO] [SDGT] | https://ofac.treasury.gov/recent-actions/20260909,2026-09-09
TBtRqkiFzyuwe8nSAGQghxygAfwAF5eERq,TRON,sanctions,news_ofac,Xinbi Guarantee,Transnational Criminal Organizations Designations; Counter Terrorism Designation; Issuance of New and Amended Frequently Asked Questions | role=sanctioned | OFAC SDN ISIL KHORASAN (변경) [FTO] [SDGT] | https://ofac.treasury.gov/recent-actions/20260909,2026-09-09
TTs7KRq39547ruAsxb9brAPuTLy7h3U6H1,TRON,sanctions,news_ofac,Xinbi Guarantee,Transnational Criminal Organizations Designations; Counter Terrorism Designation; Issuance of New and Amended Frequently Asked Questions | role=sanctioned | OFAC SDN ISIL KHORASAN (변경) [FTO] [SDGT] | https://ofac.treasury.gov/recent-actions/20260909,2026-09-09
TVttWTHTCU9kULP51m9BaHpmCW8H1BJJNQ,TRON,sanctions,news_ofac,Xinbi Guarantee,Transnational Criminal Organizations Designations; Counter Terrorism Designation; Issuance of New and Amended Frequently Asked Questions | role=sanctioned | OFAC SDN ISIL KHORASAN (변경) [FTO] [SDGT] | https://ofac.treasury.gov/recent-actions/20260909,2026-09-09
TCqKhk7MpPnGH3UfygE1TRzUo92a5tuVy6,TRON,sanctions,news_ofac,Xinbi Guarantee,Transnational Criminal Organizations Designations; Counter Terrorism Designation; Issuance of New and Amended Frequently Asked Questions | role=sanctioned | OFAC SDN ISIL KHORASAN (변경) [FTO] [SDGT] | https://ofac.treasury.gov/recent-actions/20260909,2026-09-09
TSbGiFzG9xFXUYgGA6RwbS3jvKNpeA4c3R,TRON,sanctions,news_ofac,Xinbi Guarantee,Transnational Criminal Organizations Designations; Counter Terrorism Designation; Issuance of New and Amended Frequently Asked Questions | role=sanctioned | OFAC SDN ISIL KHORASAN (변경) [FTO] [SDGT] | https://ofac.treasury.gov/recent-actions/20260909,2026-09-09
TVXHp8bMrpRd5HGy3w1yu9f87qwRrMHFp8,TRON,sanctions,news_ofac,Xinbi Guarantee,Transnational Criminal Organizations Designations; Counter Terrorism Designation; Issuance of New and Amended Frequently Asked Questions | role=sanctioned | OFAC SDN ISIL KHORASAN (변경) [FTO] [SDGT] | https://ofac.treasury.gov/recent-actions/20260909,2026-09-09
TQ8a74SiDig3EDSC14tosLACWLbvaNYwCJ,TRON,sanctions,news_ofac,Xinbi Guarantee,Transnational Criminal Organizations Designations; Counter Terrorism Designation; Issuance of New and Amended Frequently Asked Questions | role=sanctioned | OFAC SDN ISIL KHORASAN (변경) [FTO] [SDGT] | https://ofac.treasury.gov/recent-actions/20260909,2026-09-09
TWdqVcA3NyrNv71NgbMwKv3C5XMxj4XjSp,TRON,sanctions,news_ofac,Xinbi Guarantee,Transnational Criminal Organizations Designations; Counter Terrorism Designation; Issuance of New and Amended Frequently Asked Questions | role=sanctioned | OFAC SDN ISIL KHORASAN (변경) [FTO] [SDGT] | https://ofac.treasury.gov/recent-actions/20260909,2026-09-09
TX1zyMrYZNbtQx7yPZp4adZV5NbToGNrkS,TRON,sanctions,news_ofac,Xinbi Guarantee,Transnational Criminal Organizations Designations; Counter Terrorism Designation; Issuance of New and Amended Frequently Asked Questions | role=sanctioned | OFAC SDN ISIL KHORASAN (변경) [FTO] [SDGT] | https://ofac.treasury.gov/recent-actions/20260909,2026-09-09
TSSQDgExKUELagzAKTAcoLMviq4SZ1eTFm,TRON,sanctions,news_ofac,Xinbi Guarantee,Transnational Criminal Organizations Designations; Counter Terrorism Designation; Issuance of New and Amended Frequently Asked Questions | role=sanctioned | OFAC SDN ISIL KHORASAN (변경) [FTO] [SDGT] | https://ofac.treasury.gov/recent-actions/20260909,2026-09-09
TUfq9hfP7qUDMoJbzkjG4GPtNxhZewqk8Z,TRON,sanctions,news_ofac,Xinbi Guarantee,Transnational Criminal Organizations Designations; Counter Terrorism Designation; Issuance of New and Amended Frequently Asked Questions | role=sanctioned | OFAC SDN ISIL KHORASAN (변경) [FTO] [SDGT] | https://ofac.treasury.gov/recent-actions/20260909,2026-09-09
TCEe3McjK9FWby8YsNmtRDwJt1x2s5dFTL,TRON,sanctions,news_ofac,Xinbi Guarantee,Transnational Criminal Organizations Designations; Counter Terrorism Designation; Issuance of New and Amended Frequently Asked Questions | role=sanctioned | OFAC SDN ISIL KHORASAN (변경) [FTO] [SDGT] | https://ofac.treasury.gov/recent-actions/20260909,2026-09-09
TBJqexr1FfGxVKhDsKeou6FVLBW1aS1Ny7,TRON,sanctions,news_ofac,Xinbi Guarantee,Transnational Criminal Organizations Designations; Counter Terrorism Designation; Issuance of New and Amended Frequently Asked Questions | role=sanctioned | OFAC SDN ISIL KHORASAN (변경) [FTO] [SDGT] | https://ofac.treasury.gov/recent-actions/20260909,2026-09-09
TV6cvFEMcfxGsWqgxpBrXZ35MkhdtdhT3G,TRON,sanctions,news_ofac,Xinbi Guarantee,Transnational Criminal Organizations Designations; Counter Terrorism Designation; Issuance of New and Amended Frequently Asked Questions | role=sanctioned | OFAC SDN ISIL KHORASAN (변경) [FTO] [SDGT] | https://ofac.treasury.gov/recent-actions/20260909,2026-09-09
THfLaNMBAMz7xXnHoz5BkRMmrwuHKqfAfR,TRON,sanctions,news_ofac,Xinbi Guarantee,Transnational Criminal Organizations Designations; Counter Terrorism Designation; Issuance of New and Amended Frequently Asked Questions | role=sanctioned | OFAC SDN ISIL KHORASAN (변경) [FTO] [SDGT] | https://ofac.treasury.gov/recent-actions/20260909,2026-09-09
TCudJgJ14kk3Ss2PEgsT15frztKpyG7HEh,TRON,sanctions,news_ofac,Xinbi Guarantee,Transnational Criminal Organizations Designations; Counter Terrorism Designation; Issuance of New and Amended Frequently Asked Questions | role=sanctioned | OFAC SDN ISIL KHORASAN (변경) [FTO] [SDGT] | https://ofac.treasury.gov/recent-actions/20260909,2026-09-09
TCk1g37N3x6PDda63waydNQwqTUzFNpsrR,TRON,sanctions,news_ofac,Xinbi Guarantee,Transnational Criminal Organizations Designations; Counter Terrorism Designation; Issuance of New and Amended Frequently Asked Questions | role=sanctioned | OFAC SDN ISIL KHORASAN (변경) [FTO] [SDGT] | https://ofac.treasury.gov/recent-actions/20260909,2026-09-09
TU8hJXgHdxWuj4DaaBKQFUwDeB8B5Xacke,TRON,sanctions,news_ofac,Xinbi Guarantee,Transnational Criminal Organizations Designations; Counter Terrorism Designation; Issuance of New and Amended Frequently Asked Questions | role=sanctioned | OFAC SDN ISIL KHORASAN (변경) [FTO] [SDGT] | https://ofac.treasury.gov/recent-actions/20260909,2026-09-09
TL5WqcFX7XkhVLLwaXrdr57gnjC4stBeSG,TRON,sanctions,news_ofac,Xinbi Guarantee,Transnational Criminal Organizations Designations; Counter Terrorism Designation; Issuance of New and Amended Frequently Asked Questions | role=sanctioned | OFAC SDN ISIL KHORASAN (변경) [FTO] [SDGT] | https://ofac.treasury.gov/recent-actions/20260909,2026-09-09
TSFCGGbR57b56c4MXdiW5gzpD8j6cmimgo,TRON,sanctions,news_ofac,Xinbi Guarantee,Transnational Criminal Organizations Designations; Counter Terrorism Designation; Issuance of New and Amended Frequently Asked Questions | role=sanctioned | OFAC SDN ISIL KHORASAN (변경) [FTO] [SDGT] | https://ofac.treasury.gov/recent-actions/20260909,2026-09-09
TXHb3BkGgYmygyS14MJKX8kTcFGT7dXN4r,TRON,sanctions,news_ofac,Xinbi Guarantee,Transnational Criminal Organizations Designations; Counter Terrorism Designation; Issuance of New and Amended Frequently Asked Questions | role=sanctioned | OFAC SDN ISIL KHORASAN (변경) [FTO] [SDGT] | https://ofac.treasury.gov/recent-actions/20260909,2026-09-09
TN56YaCBymut2xoiRvy3v2qZ2pYgmBAtSo,TRON,sanctions,news_ofac,Xinbi Guarantee,Transnational Criminal Organizations Designations; Counter Terrorism Designation; Issuance of New and Amended Frequently Asked Questions | role=sanctioned | OFAC SDN ISIL KHORASAN (변경) [FTO] [SDGT] | https://ofac.treasury.gov/recent-actions/20260909,2026-09-09
TPnUDsrLYZg1UXGkpXSmhFEY5J5etfzE9S,TRON,sanctions,news_ofac,Xinbi Guarantee,Transnational Criminal Organizations Designations; Counter Terrorism Designation; Issuance of New and Amended Frequently Asked Questions | role=sanctioned | OFAC SDN ISIL KHORASAN (변경) [FTO] [SDGT] | https://ofac.treasury.gov/recent-actions/20260909,2026-09-09
TVXP7Aj5KFUPKMQUrsU6F3wUsyiLiUaUje,TRON,sanctions,news_ofac,Xinbi Guarantee,Transnational Criminal Organizations Designations; Counter Terrorism Designation; Issuance of New and Amended Frequently Asked Questions | role=sanctioned | OFAC SDN ISIL KHORASAN (변경) [FTO] [SDGT] | https://ofac.treasury.gov/recent-actions/20260909,2026-09-09
TDxXXmCELgrb5VwYobDMyTKVTTdY9LjEjx,TRON,sanctions,news_ofac,Xinbi Guarantee,Transnational Criminal Organizations Designations; Counter Terrorism Designation; Issuance of New and Amended Frequently Asked Questions | role=sanctioned | OFAC SDN ISIL KHORASAN (변경) [FTO] [SDGT] | https://ofac.treasury.gov/recent-actions/20260909,2026-09-09
TXoVNrqm11FFVKcF1vEND64gibVkr1HwAR,TRON,sanctions,news_ofac,Xinbi Guarantee,Transnational Criminal Organizations Designations; Counter Terrorism Designation; Issuance of New and Amended Frequently Asked Questions | role=sanctioned | OFAC SDN ISIL KHORASAN (변경) [FTO] [SDGT] | https://ofac.treasury.gov/recent-actions/20260909,2026-09-09
TEKeY9i4CcVySJMmhuh2AxZhtgTmugYUMW,TRON,sanctions,news_ofac,Xinbi Guarantee,Transnational Criminal Organizations Designations; Counter Terrorism Designation; Issuance of New and Amended Frequently Asked Questions | role=sanctioned | OFAC SDN ISIL KHORASAN (변경) [FTO] [SDGT] | https://ofac.treasury.gov/recent-actions/20260909,2026-09-09
TW9mABkenngQyJBqce5khR9fNCBF5gsBFQ,TRON,sanctions,news_ofac,Xinbi Guarantee,Transnational Criminal Organizations Designations; Counter Terrorism Designation; Issuance of New and Amended Frequently Asked Questions | role=sanctioned | OFAC SDN ISIL KHORASAN (변경) [FTO] [SDGT] | https://ofac.treasury.gov/recent-actions/20260909,2026-09-09
TWumrtaEaPCv8Bs9mXqKkhY5sZVd78QAdS,TRON,sanctions,news_ofac,Xinbi Guarantee,Transnational Criminal Organizations Designations; Counter Terrorism Designation; Issuance of New and Amended Frequently Asked Questions | role=sanctioned | OFAC SDN ISIL KHORASAN (변경) [FTO] [SDGT] | https://ofac.treasury.gov/recent-actions/20260909,2026-09-09
TD7TXyvmjPfJkfhJuQ58NXA9dX9q81mqAp,TRON,sanctions,news_ofac,Xinbi Guarantee,Transnational Criminal Organizations Designations; Counter Terrorism Designation; Issuance of New and Amended Frequently Asked Questions | role=sanctioned | OFAC SDN ISIL KHORASAN (변경) [FTO] [SDGT] | https://ofac.treasury.gov/recent-actions/20260909,2026-09-09
TEtLieZwyjJTth7S5EJqUNjtSbM1ui9toK,TRON,sanctions,news_ofac,Xinbi Guarantee,Transnational Criminal Organizations Designations; Counter Terrorism Designation; Issuance of New and Amended Frequently Asked Questions | role=sanctioned | OFAC SDN ISIL KHORASAN (변경) [FTO] [SDGT] | https://ofac.treasury.gov/recent-actions/20260909,2026-09-09
TS729BUXeZWBhJGPKCdK75q7VU4nhkJkYT,TRON,sanctions,news_ofac,Xinbi Guarantee,Transnational Criminal Organizations Designations; Counter Terrorism Designation; Issuance of New and Amended Frequently Asked Questions | role=sanctioned | OFAC SDN ISIL KHORASAN (변경) [FTO] [SDGT] | https://ofac.treasury.gov/recent-actions/20260909,2026-09-09
TER8k4zWt3byuHyvyBkLstz3QVUUuBs9pt,TRON,sanctions,news_ofac,Xinbi Guarantee,Transnational Criminal Organizations Designations; Counter Terrorism Designation; Issuance of New and Amended Frequently Asked Questions | role=sanctioned | OFAC SDN ISIL KHORASAN (변경) [FTO] [SDGT] | https://ofac.treasury.gov/recent-actions/20260909,2026-09-09
TByksCkUtMaYwHCSaetmAGufpeyfdXBrJk,TRON,sanctions,news_ofac,Xinbi Guarantee,Transnational Criminal Organizations Designations; Counter Terrorism Designation; Issuance of New and Amended Frequently Asked Questions | role=sanctioned | OFAC SDN ISIL KHORASAN (변경) [FTO] [SDGT] | https://ofac.treasury.gov/recent-actions/20260909,2026-09-09
TNmKrdYLPtFwPNWJUjrXdkQw4gSwpszUJd,TRON,sanctions,news_ofac,Xinbi Guarantee,Transnational Criminal Organizations Designations; Counter Terrorism Designation; Issuance of New and Amended Frequently Asked Questions | role=sanctioned | OFAC SDN ISIL KHORASAN (변경) [FTO] [SDGT] | https://ofac.treasury.gov/recent-actions/20260909,2026-09-09
TTuDmNhu8A6koPJRUd8Q5RnsT1FMfrZnoj,TRON,sanctions,news_ofac,Xinbi Guarantee,Transnational Criminal Organizations Designations; Counter Terrorism Designation; Issuance of New and Amended Frequently Asked Questions | role=sanctioned | OFAC SDN ISIL KHORASAN (변경) [FTO] [SDGT] | https://ofac.treasury.gov/recent-actions/20260909,2026-09-09
TGLrjZc9c48iMFB4ZmDnSjSRMq27MXPg2k,TRON,sanctions,news_ofac,Xinbi Guarantee,Transnational Criminal Organizations Designations; Counter Terrorism Designation; Issuance of New and Amended Frequently Asked Questions | role=sanctioned | OFAC SDN ISIL KHORASAN (변경) [FTO] [SDGT] | https://ofac.treasury.gov/recent-actions/20260909,2026-09-09
TVgJTK9qPg7wGTyeTG2MYF8aKMEx883xYU,TRON,sanctions,news_ofac,Xinbi Guarantee,Transnational Criminal Organizations Designations; Counter Terrorism Designation; Issuance of New and Amended Frequently Asked Questions | role=sanctioned | OFAC SDN ISIL KHORASAN (변경) [FTO] [SDGT] | https://ofac.treasury.gov/recent-actions/20260909,2026-09-09
TPkNp2Z5KiA1sLWpPMWsfNErVo2dHxc4iy,TRON,sanctions,news_ofac,Xinbi Guarantee,Transnational Criminal Organizations Designations; Counter Terrorism Designation; Issuance of New and Amended Frequently Asked Questions | role=sanctioned | OFAC SDN ISIL KHORASAN (변경) [FTO] [SDGT] | https://ofac.treasury.gov/recent-actions/20260909,2026-09-09
TDSGtCciE9yFKYzDj1kBBc3F7gosguDqwC,TRON,sanctions,news_ofac,Xinbi Guarantee,Transnational Criminal Organizations Designations; Counter Terrorism Designation; Issuance of New and Amended Frequently Asked Questions | role=sanctioned | OFAC SDN ISIL KHORASAN (변경) [FTO] [SDGT] | https://ofac.treasury.gov/recent-actions/20260909,2026-09-09
TNVbVXAgUT83Sv7E9oZwWutXqzs13sr6xN,TRON,sanctions,news_ofac,Xinbi Guarantee,Transnational Criminal Organizations Designations; Counter Terrorism Designation; Issuance of New and Amended Frequently Asked Questions | role=sanctioned | OFAC SDN ISIL KHORASAN (변경) [FTO] [SDGT] | https://ofac.treasury.gov/recent-actions/20260909,2026-09-09
TAwNQN5tmzJJ694PPuoFUxQY13quBs8YgA,TRON,sanctions,news_ofac,Xinbi Guarantee,Transnational Criminal Organizations Designations; Counter Terrorism Designation; Issuance of New and Amended Frequently Asked Questions | role=sanctioned | OFAC SDN ISIL KHORASAN (변경) [FTO] [SDGT] | https://ofac.treasury.gov/recent-actions/20260909,2026-09-09
TGNwKzHjYvYP2SwsrmCYrRRvCRdxQgLq1w,TRON,sanctions,news_ofac,Xinbi Guarantee,Transnational Criminal Organizations Designations; Counter Terrorism Designation; Issuance of New and Amended Frequently Asked Questions | role=sanctioned | OFAC SDN ISIL KHORASAN (변경) [FTO] [SDGT] | https://ofac.treasury.gov/recent-actions/20260909,2026-09-09
TA3rH2A7iHnm6pKH8gr9cK1EZnShnmZdFg,TRON,sanctions,news_ofac,Xinbi Guarantee,Transnational Criminal Organizations Designations; Counter Terrorism Designation; Issuance of New and Amended Frequently Asked Questions | role=sanctioned | OFAC SDN ISIL KHORASAN (변경) [FTO] [SDGT] | https://ofac.treasury.gov/recent-actions/20260909,2026-09-09
TLj5ZRvem4DAdbZLTGU3qAbAdLQug57JVo,TRON,sanctions,news_ofac,Xinbi Guarantee,Transnational Criminal Organizations Designations; Counter Terrorism Designation; Issuance of New and Amended Frequently Asked Questions | role=sanctioned | OFAC SDN ISIL KHORASAN (변경) [FTO] [SDGT] | https://ofac.treasury.gov/recent-actions/20260909,2026-09-09
TMRxAJt87MVYnadWne53AxZFG1FPKGfoGz,TRON,sanctions,news_ofac,Xinbi Guarantee,Transnational Criminal Organizations Designations; Counter Terrorism Designation; Issuance of New and Amended Frequently Asked Questions | role=sanctioned | OFAC SDN ISIL KHORASAN (변경) [FTO] [SDGT] | https://ofac.treasury.gov/recent-actions/20260909,2026-09-09
TRmrnQiUY1ofMcTQUXvgeauKcZPnmwUeUR,TRON,sanctions,news_ofac,Xinbi Guarantee,Transnational Criminal Organizations Designations; Counter Terrorism Designation; Issuance of New and Amended Frequently Asked Questions | role=sanctioned | OFAC SDN ISIL KHORASAN (변경) [FTO] [SDGT] | https://ofac.treasury.gov/recent-actions/20260909,2026-09-09
TBKq3SzXigsGhQNzdCYocpt8RzoMh3uxAr,TRON,sanctions,news_ofac,Xinbi Guarantee,Transnational Criminal Organizations Designations; Counter Terrorism Designation; Issuance of New and Amended Frequently Asked Questions | role=sanctioned | OFAC SDN ISIL KHORASAN (변경) [FTO] [SDGT] | https://ofac.treasury.gov/recent-actions/20260909,2026-09-09
TYAiWf2KhXrGuWxmCPaJgC6zNYwFuKtioi,TRON,sanctions,news_ofac,Xinbi Guarantee,Transnational Criminal Organizations Designations; Counter Terrorism Designation; Issuance of New and Amended Frequently Asked Questions | role=sanctioned | OFAC SDN ISIL KHORASAN (변경) [FTO] [SDGT] | https://ofac.treasury.gov/recent-actions/20260909,2026-09-09
TYVveapkRkm5RHcDNPU9QnPk8N5RdsS4iY,TRON,sanctions,news_ofac,Xinbi Guarantee,Transnational Criminal Organizations Designations; Counter Terrorism Designation; Issuance of New and Amended Frequently Asked Questions | role=sanctioned | OFAC SDN ISIL KHORASAN (변경) [FTO] [SDGT] | https://ofac.treasury.gov/recent-actions/20260909,2026-09-09
TK7HUNru8YLMz7vv8kzWRPrE2ZSgZeCaHV,TRON,sanctions,news_ofac,Xinbi Guarantee,Transnational Criminal Organizations Designations; Counter Terrorism Designation; Issuance of New and Amended Frequently Asked Questions | role=sanctioned | OFAC SDN ISIL KHORASAN (변경) [FTO] [SDGT] | https://ofac.treasury.gov/recent-actions/20260909,2026-09-09
TAyyw6ZoTZexvTcN7WRR9t79JUFgSAvkL8,TRON,sanctions,news_ofac,Xinbi Guarantee,Transnational Criminal Organizations Designations; Counter Terrorism Designation; Issuance of New and Amended Frequently Asked Questions | role=sanctioned | OFAC SDN ISIL KHORASAN (변경) [FTO] [SDGT] | https://ofac.treasury.gov/recent-actions/20260909,2026-09-09
TJGVHmHVNuU1vsXGGALLoirPwoRZoMUuhg,TRON,sanctions,news_ofac,Xinbi Guarantee,Transnational Criminal Organizations Designations; Counter Terrorism Designation; Issuance of New and Amended Frequently Asked Questions | role=sanctioned | OFAC SDN ISIL KHORASAN (변경) [FTO] [SDGT] | https://ofac.treasury.gov/recent-actions/20260909,2026-09-09
TB1Bcv3x8mg7PVV4nVM48pgHJKcYboTypU,TRON,sanctions,news_ofac,Xinbi Guarantee,Transnational Criminal Organizations Designations; Counter Terrorism Designation; Issuance of New and Amended Frequently Asked Questions | role=sanctioned | OFAC SDN ISIL KHORASAN (변경) [FTO] [SDGT] | https://ofac.treasury.gov/recent-actions/20260909,2026-09-09
TWxoDF6qvjMUeTYRimaiARGsJTUnjrzZn3,TRON,sanctions,news_ofac,Xinbi Guarantee,Transnational Criminal Organizations Designations; Counter Terrorism Designation; Issuance of New and Amended Frequently Asked Questions | role=sanctioned | OFAC SDN ISIL KHORASAN (변경) [FTO] [SDGT] | https://ofac.treasury.gov/recent-actions/20260909,2026-09-09
TCXihiScsAodR942Xq45df9qQAdr5nhkjQ,TRON,sanctions,news_ofac,Xinbi Guarantee,Transnational Criminal Organizations Designations; Counter Terrorism Designation; Issuance of New and Amended Frequently Asked Questions | role=sanctioned | OFAC SDN ISIL KHORASAN (변경) [FTO] [SDGT] | https://ofac.treasury.gov/recent-actions/20260909,2026-09-09
TDhtVUnmYwWfzWVrnzryr3fbQo8VTvj4ji,TRON,sanctions,news_ofac,Xinbi Guarantee,Transnational Criminal Organizations Designations; Counter Terrorism Designation; Issuance of New and Amended Frequently Asked Questions | role=sanctioned | OFAC SDN ISIL KHORASAN (변경) [FTO] [SDGT] | https://ofac.treasury.gov/recent-actions/20260909,2026-09-09
TE6VgR7rAuY4kuzCjdSVCZFXPjjzSQYY7X,TRON,sanctions,news_ofac,Xinbi Guarantee,Transnational Criminal Organizations Designations; Counter Terrorism Designation; Issuance of New and Amended Frequently Asked Questions | role=sanctioned | OFAC SDN ISIL KHORASAN (변경) [FTO] [SDGT] | https://ofac.treasury.gov/recent-actions/20260909,2026-09-09
TV62LkiP1GiNdFCJEdY3xf6GdNLCCi6mfu,TRON,sanctions,news_ofac,Xinbi Guarantee,Transnational Criminal Organizations Designations; Counter Terrorism Designation; Issuance of New and Amended Frequently Asked Questions | role=sanctioned | OFAC SDN ISIL KHORASAN (변경) [FTO] [SDGT] | https://ofac.treasury.gov/recent-actions/20260909,2026-09-09
TWBqpQLDPCrXgRW1X9yFqR8NFfjyFSq5k4,TRON,sanctions,news_ofac,Xinbi Guarantee,Transnational Criminal Organizations Designations; Counter Terrorism Designation; Issuance of New and Amended Frequently Asked Questions | role=sanctioned | OFAC SDN ISIL KHORASAN (변경) [FTO] [SDGT] | https://ofac.treasury.gov/recent-actions/20260909,2026-09-09
TQetJ6xMqvv2Fu4ftD9UdBhuaKem5HbMou,TRON,sanctions,news_ofac,Xinbi Guarantee,Transnational Criminal Organizations Designations; Counter Terrorism Designation; Issuance of New and Amended Frequently Asked Questions | role=sanctioned | OFAC SDN ISIL KHORASAN (변경) [FTO] [SDGT] | https://ofac.treasury.gov/recent-actions/20260909,2026-09-09
TWAfC6htS1FyFv1r3aKENuD8DQGMzBbP8L,TRON,sanctions,news_ofac,Xinbi Guarantee,Transnational Criminal Organizations Designations; Counter Terrorism Designation; Issuance of New and Amended Frequently Asked Questions | role=sanctioned | OFAC SDN ISIL KHORASAN (변경) [FTO] [SDGT] | https://ofac.treasury.gov/recent-actions/20260909,2026-09-09
TMfDhpUqW5W6HcMPXFaJfaiY271CYa51Hs,TRON,sanctions,news_ofac,Xinbi Guarantee,Transnational Criminal Organizations Designations; Counter Terrorism Designation; Issuance of New and Amended Frequently Asked Questions | role=sanctioned | OFAC SDN ISIL KHORASAN (변경) [FTO] [SDGT] | https://ofac.treasury.gov/recent-actions/20260909,2026-09-09
TB5J8W166YTUmtpUsy4XnNTKLVtesuE9eV,TRON,sanctions,news_ofac,Xinbi Guarantee,Transnational Criminal Organizations Designations; Counter Terrorism Designation; Issuance of New and Amended Frequently Asked Questions | role=sanctioned | OFAC SDN ISIL KHORASAN (변경) [FTO] [SDGT] | https://ofac.treasury.gov/recent-actions/20260909,2026-09-09
TSE5NWTJckiN8hJCUzwB3RgsMbdF4uCrmr,TRON,sanctions,news_ofac,Xinbi Guarantee,Transnational Criminal Organizations Designations; Counter Terrorism Designation; Issuance of New and Amended Frequently Asked Questions | role=sanctioned | OFAC SDN ISIL KHORASAN (변경) [FTO] [SDGT] | https://ofac.treasury.gov/recent-actions/20260909,2026-09-09
TDi9s3GeAtFBbUvGxqXiZnxiaH9QpqjYFn,TRON,sanctions,news_ofac,Xinbi Guarantee,Transnational Criminal Organizations Designations; Counter Terrorism Designation; Issuance of New and Amended Frequently Asked Questions | role=sanctioned | OFAC SDN ISIL KHORASAN (변경) [FTO] [SDGT] | https://ofac.treasury.gov/recent-actions/20260909,2026-09-09
TCUTmWspsaJb3U5JUs5AhVcGwaftyK1qtp,TRON,sanctions,news_ofac,Xinbi Guarantee,Transnational Criminal Organizations Designations; Counter Terrorism Designation; Issuance of New and Amended Frequently Asked Questions | role=sanctioned | OFAC SDN ISIL KHORASAN (변경) [FTO] [SDGT] | https://ofac.treasury.gov/recent-actions/20260909,2026-09-09
TYvR9x3Dqx39s9rooaSAHwVwF8psBrcFBV,TRON,sanctions,news_ofac,Xinbi Guarantee,Transnational Criminal Organizations Designations; Counter Terrorism Designation; Issuance of New and Amended Frequently Asked Questions | role=sanctioned | OFAC SDN ISIL KHORASAN (변경) [FTO] [SDGT] | https://ofac.treasury.gov/recent-actions/20260909,2026-09-09
TUyo1Kfnnjr2iMQdZxLWPX1U8Xiy1Wz5z5,TRON,sanctions,news_ofac,Xinbi Guarantee,Transnational Criminal Organizations Designations; Counter Terrorism Designation; Issuance of New and Amended Frequently Asked Questions | role=sanctioned | OFAC SDN ISIL KHORASAN (변경) [FTO] [SDGT] | https://ofac.treasury.gov/recent-actions/20260909,2026-09-09
TBhR5MLrTsNZ8FUyKgzdrCjWkYD2orYLdx,TRON,sanctions,news_ofac,Xinbi Guarantee,Transnational Criminal Organizations Designations; Counter Terrorism Designation; Issuance of New and Amended Frequently Asked Questions | role=sanctioned | OFAC SDN ISIL KHORASAN (변경) [FTO] [SDGT] | https://ofac.treasury.gov/recent-actions/20260909,2026-09-09
THstQuwNidzC4YeJ7uPowf55ZdVZtGcHJ5,TRON,sanctions,news_ofac,Xinbi Guarantee,Transnational Criminal Organizations Designations; Counter Terrorism Designation; Issuance of New and Amended Frequently Asked Questions | role=sanctioned | OFAC SDN ISIL KHORASAN (변경) [FTO] [SDGT] | https://ofac.treasury.gov/recent-actions/20260909,2026-09-09
TKX6rgpGpGrJWzf1qXUUSNL5cYHQt7Z9rY,TRON,sanctions,news_ofac,Xinbi Guarantee,Transnational Criminal Organizations Designations; Counter Terrorism Designation; Issuance of New and Amended Frequently Asked Questions | role=sanctioned | OFAC SDN ISIL KHORASAN (변경) [FTO] [SDGT] | https://ofac.treasury.gov/recent-actions/20260909,2026-09-09
TWoRwYzsifrD79DHDpTHC8fq787MvH9Qro,TRON,sanctions,news_ofac,Xinbi Guarantee,Transnational Criminal Organizations Designations; Counter Terrorism Designation; Issuance of New and Amended Frequently Asked Questions | role=sanctioned | OFAC SDN ISIL KHORASAN (변경) [FTO] [SDGT] | https://ofac.treasury.gov/recent-actions/20260909,2026-09-09
TDHJNJHosn6xNDxMecFZwXyTzE9bYGXp9L,TRON,sanctions,news_ofac,Xinbi Guarantee,Transnational Criminal Organizations Designations; Counter Terrorism Designation; Issuance of New and Amended Frequently Asked Questions | role=sanctioned | OFAC SDN ISIL KHORASAN (변경) [FTO] [SDGT] | https://ofac.treasury.gov/recent-actions/20260909,2026-09-09
TQVZEuLHacexyJX3nZStaPzxceS63C9bax,TRON,sanctions,news_ofac,Xinbi Guarantee,Transnational Criminal Organizations Designations; Counter Terrorism Designation; Issuance of New and Amended Frequently Asked Questions | role=sanctioned | OFAC SDN ISIL KHORASAN (변경) [FTO] [SDGT] | https://ofac.treasury.gov/recent-actions/20260909,2026-09-09
TQb6Pc4PmfUdUokLq5ygNioj4PnodNak9b,TRON,sanctions,news_ofac,Xinbi Guarantee,Transnational Criminal Organizations Designations; Counter Terrorism Designation; Issuance of New and Amended Frequently Asked Questions | role=sanctioned | OFAC SDN ISIL KHORASAN (변경) [FTO] [SDGT] | https://ofac.treasury.gov/recent-actions/20260909,2026-09-09
TR3yiEuFrbBnP8X5DKYFjRxCwbxcYyftD4,TRON,sanctions,news_ofac,Xinbi Guarantee,Transnational Criminal Organizations Designations; Counter Terrorism Designation; Issuance of New and Amended Frequently Asked Questions | role=sanctioned | OFAC SDN ISIL KHORASAN (변경) [FTO] [SDGT] | https://ofac.treasury.gov/recent-actions/20260909,2026-09-09
TEBHpD6iiAqhyS4w7zZFmD1rrv65a5HVTD,TRON,sanctions,news_ofac,Xinbi Guarantee,Transnational Criminal Organizations Designations; Counter Terrorism Designation; Issuance of New and Amended Frequently Asked Questions | role=sanctioned | OFAC SDN ISIL KHORASAN (변경) [FTO] [SDGT] | https://ofac.treasury.gov/recent-actions/20260909,2026-09-09
TMocScwSbSn2cqRCHVkzZSEar3Jk5AsXgo,TRON,sanctions,news_ofac,Xinbi Guarantee,Transnational Criminal Organizations Designations; Counter Terrorism Designation; Issuance of New and Amended Frequently Asked Questions | role=sanctioned | OFAC SDN ISIL KHORASAN (변경) [FTO] [SDGT] | https://ofac.treasury.gov/recent-actions/20260909,2026-09-09
TNKyDgjn2WHZwHhH2Mj5AGMnK4moBX9xQd,TRON,sanctions,news_ofac,Xinbi Guarantee,Transnational Criminal Organizations Designations; Counter Terrorism Designation; Issuance of New and Amended Frequently Asked Questions | role=sanctioned | OFAC SDN ISIL KHORASAN (변경) [FTO] [SDGT] | https://ofac.treasury.gov/recent-actions/20260909,2026-09-09
TPcwqbJ3ViWMUQMiKfMjDM7VTiCzdRu1cH,TRON,sanctions,news_ofac,Xinbi Guarantee,Transnational Criminal Organizations Designations; Counter Terrorism Designation; Issuance of New and Amended Frequently Asked Questions | role=sanctioned | OFAC SDN ISIL KHORASAN (변경) [FTO] [SDGT] | https://ofac.treasury.gov/recent-actions/20260909,2026-09-09
TVJ4B5R8c8dS65NtUXpZPMGUpCRq8BQUrC,TRON,sanctions,news_ofac,Xinbi Guarantee,Transnational Criminal Organizations Designations; Counter Terrorism Designation; Issuance of New and Amended Frequently Asked Questions | role=sanctioned | OFAC SDN ISIL KHORASAN (변경) [FTO] [SDGT] | https://ofac.treasury.gov/recent-actions/20260909,2026-09-09
TAgZxxuvfuKYJY5UPC1DXF8NPHbKtTzEGu,TRON,sanctions,news_ofac,Xinbi Guarantee,Transnational Criminal Organizations Designations; Counter Terrorism Designation; Issuance of New and Amended Frequently Asked Questions | role=sanctioned | OFAC SDN ISIL KHORASAN (변경) [FTO] [SDGT] | https://ofac.treasury.gov/recent-actions/20260909,2026-09-09
TCyAE8Lxa1rmTThhE5Z3X95PC9rgMrReMX,TRON,sanctions,news_ofac,Xinbi Guarantee,Transnational Criminal Organizations Designations; Counter Terrorism Designation; Issuance of New and Amended Frequently Asked Questions | role=sanctioned | OFAC SDN ISIL KHORASAN (변경) [FTO] [SDGT] | https://ofac.treasury.gov/recent-actions/20260909,2026-09-09
TSi1d66cgg3cPm9L6c2ZD8K1381XusSjkc,TRON,sanctions,news_ofac,Xinbi Guarantee,Transnational Criminal Organizations Designations; Counter Terrorism Designation; Issuance of New and Amended Frequently Asked Questions | role=sanctioned | OFAC SDN ISIL KHORASAN (변경) [FTO] [SDGT] | https://ofac.treasury.gov/recent-actions/20260909,2026-09-09
TR83KsDjUKeds62PcAgo7BfhPJPSpMk7Ba,TRON,sanctions,news_ofac,Xinbi Guarantee,Transnational Criminal Organizations Designations; Counter Terrorism Designation; Issuance of New and Amended Frequently Asked Questions | role=sanctioned | OFAC SDN ISIL KHORASAN (변경) [FTO] [SDGT] | https://ofac.treasury.gov/recent-actions/20260909,2026-09-09
TDX3dFNPvJeA9eVLLNqf1ixr4U2ktcDmoD,TRON,sanctions,news_ofac,Xinbi Guarantee,Transnational Criminal Organizations Designations; Counter Terrorism Designation; Issuance of New and Amended Frequently Asked Questions | role=sanctioned | OFAC SDN ISIL KHORASAN (변경) [FTO] [SDGT] | https://ofac.treasury.gov/recent-actions/20260909,2026-09-09
TJCUwt9EKeTyzDw42658h8aYxQXScLdCZR,TRON,sanctions,news_ofac,Xinbi Guarantee,Transnational Criminal Organizations Designations; Counter Terrorism Designation; Issuance of New and Amended Frequently Asked Questions | role=sanctioned | OFAC SDN ISIL KHORASAN (변경) [FTO] [SDGT] | https://ofac.treasury.gov/recent-actions/20260909,2026-09-09
TETfViHWf9ZNB6WJgZBRMB48pTaBFo5Rmd,TRON,sanctions,news_ofac,Xinbi Guarantee,Transnational Criminal Organizations Designations; Counter Terrorism Designation; Issuance of New and Amended Frequently Asked Questions | role=sanctioned | OFAC SDN ISIL KHORASAN (변경) [FTO] [SDGT] | https://ofac.treasury.gov/recent-actions/20260909,2026-09-09
TBhTMBAaEWiTtMgMdJ97ZmYotgHeY543cc,TRON,sanctions,news_ofac,Xinbi Guarantee,Transnational Criminal Organizations Designations; Counter Terrorism Designation; Issuance of New and Amended Frequently Asked Questions | role=sanctioned | OFAC SDN ISIL KHORASAN (변경) [FTO] [SDGT] | https://ofac.treasury.gov/recent-actions/20260909,2026-09-09
TFebC149jCDiow1MBphhfpHDLeMAKRNrqJ,TRON,sanctions,news_ofac,Xinbi Guarantee,Transnational Criminal Organizations Designations; Counter Terrorism Designation; Issuance of New and Amended Frequently Asked Questions | role=sanctioned | OFAC SDN ISIL KHORASAN (변경) [FTO] [SDGT] | https://ofac.treasury.gov/recent-actions/20260909,2026-09-09
TXw4d7BseHBn6sneMUzm4nEdfPVjuJGEH9,TRON,sanctions,news_ofac,Xinbi Guarantee,Transnational Criminal Organizations Designations; Counter Terrorism Designation; Issuance of New and Amended Frequently Asked Questions | role=sanctioned | OFAC SDN ISIL KHORASAN (변경) [FTO] [SDGT] | https://ofac.treasury.gov/recent-actions/20260909,2026-09-09
TQt3dWHiPdaKioG7nwovoTDUtxfimyuxYa,TRON,sanctions,news_ofac,Xinbi Guarantee,Transnational Criminal Organizations Designations; Counter Terrorism Designation; Issuance of New and Amended Frequently Asked Questions | role=sanctioned | OFAC SDN ISIL KHORASAN (변경) [FTO] [SDGT] | https://ofac.treasury.gov/recent-actions/20260909,2026-09-09
TE5R3hJ6REap6vh14YAqjXczKrYaiteTy3,TRON,sanctions,news_ofac,Xinbi Guarantee,Transnational Criminal Organizations Designations; Counter Terrorism Designation; Issuance of New and Amended Frequently Asked Questions | role=sanctioned | OFAC SDN ISIL KHORASAN (변경) [FTO] [SDGT] | https://ofac.treasury.gov/recent-actions/20260909,2026-09-09
TCCryMcQb5A5FSYkmcVy26Nd8J1FWHtfWh,TRON,sanctions,news_ofac,Xinbi Guarantee,Transnational Criminal Organizations Designations; Counter Terrorism Designation; Issuance of New and Amended Frequently Asked Questions | role=sanctioned | OFAC SDN ISIL KHORASAN (변경) [FTO] [SDGT] | https://ofac.treasury.gov/recent-actions/20260909,2026-09-09
TLC3piEQ5n4tcULKHqLTGhmYFUyHUVSxck,TRON,sanctions,news_ofac,Xinbi Guarantee,Transnational Criminal Organizations Designations; Counter Terrorism Designation; Issuance of New and Amended Frequently Asked Questions | role=sanctioned | OFAC SDN ISIL KHORASAN (변경) [FTO] [SDGT] | https://ofac.treasury.gov/recent-actions/20260909,2026-09-09
TLDtPq9PQsDuQunME8CSeVdYaLtRdrVgoJ,TRON,sanctions,news_ofac,Xinbi Guarantee,Transnational Criminal Organizations Designations; Counter Terrorism Designation; Issuance of New and Amended Frequently Asked Questions | role=sanctioned | OFAC SDN ISIL KHORASAN (변경) [FTO] [SDGT] | https://ofac.treasury.gov/recent-actions/20260909,2026-09-09
TRqbVMHWck3j2vKzA16L69v3cwuoyQSY8L,TRON,sanctions,news_ofac,Xinbi Guarantee,Transnational Criminal Organizations Designations; Counter Terrorism Designation; Issuance of New and Amended Frequently Asked Questions | role=sanctioned | OFAC SDN ISIL KHORASAN (변경) [FTO] [SDGT] | https://ofac.treasury.gov/recent-actions/20260909,2026-09-09
TA82wQ77kb9DieW4C8q7C4KwMfnCzfziqN,TRON,sanctions,news_ofac,Xinbi Guarantee,Transnational Criminal Organizations Designations; Counter Terrorism Designation; Issuance of New and Amended Frequently Asked Questions | role=sanctioned | OFAC SDN ISIL KHORASAN (변경) [FTO] [SDGT] | https://ofac.treasury.gov/recent-actions/20260909,2026-09-09
TUcjuVB6RFvsMgE352Kdc3VHvFvteti97B,TRON,sanctions,news_ofac,Xinbi Guarantee,Transnational Criminal Organizations Designations; Counter Terrorism Designation; Issuance of New and Amended Frequently Asked Questions | role=sanctioned | OFAC SDN ISIL KHORASAN (변경) [FTO] [SDGT] | https://ofac.treasury.gov/recent-actions/20260909,2026-09-09
TBfVDwNS6hC2Ln2qTLTRKMMPddscFEhhrU,TRON,sanctions,news_ofac,Xinbi Guarantee,Transnational Criminal Organizations Designations; Counter Terrorism Designation; Issuance of New and Amended Frequently Asked Questions | role=sanctioned | OFAC SDN ISIL KHORASAN (변경) [FTO] [SDGT] | https://ofac.treasury.gov/recent-actions/20260909,2026-09-09
TC7vaJsxZteEEnnm2EFm9BRSZvezvsuA86,TRON,sanctions,news_ofac,Xinbi Guarantee,Transnational Criminal Organizations Designations; Counter Terrorism Designation; Issuance of New and Amended Frequently Asked Questions | role=sanctioned | OFAC SDN ISIL KHORASAN (변경) [FTO] [SDGT] | https://ofac.treasury.gov/recent-actions/20260909,2026-09-09
TRWDtgCfXzTcMv8W6iJxh6umeqeF3zG7n5,TRON,sanctions,news_ofac,Xinbi Guarantee,Transnational Criminal Organizations Designations; Counter Terrorism Designation; Issuance of New and Amended Frequently Asked Questions | role=sanctioned | OFAC SDN ISIL KHORASAN (변경) [FTO] [SDGT] | https://ofac.treasury.gov/recent-actions/20260909,2026-09-09
TUa7BcRjT3eT7kPyNWPvHQkz4qF9v68D7A,TRON,sanctions,news_ofac,Xinbi Guarantee,Transnational Criminal Organizations Designations; Counter Terrorism Designation; Issuance of New and Amended Frequently Asked Questions | role=sanctioned | OFAC SDN ISIL KHORASAN (변경) [FTO] [SDGT] | https://ofac.treasury.gov/recent-actions/20260909,2026-09-09
TNHNySUf8LMzhzSiQnHCXCbgatscQbM4ZQ,TRON,sanctions,news_ofac,Xinbi Guarantee,Transnational Criminal Organizations Designations; Counter Terrorism Designation; Issuance of New and Amended Frequently Asked Questions | role=sanctioned | OFAC SDN ISIL KHORASAN (변경) [FTO] [SDGT] | https://ofac.treasury.gov/recent-actions/20260909,2026-09-09
TNzvDTvcQTaY9jFrv85JnqibnGcudePj1z,TRON,sanctions,news_ofac,Xinbi Guarantee,Transnational Criminal Organizations Designations; Counter Terrorism Designation; Issuance of New and Amended Frequently Asked Questions | role=sanctioned | OFAC SDN ISIL KHORASAN (변경) [FTO] [SDGT] | https://ofac.treasury.gov/recent-actions/20260909,2026-09-09
TUcNB6c22JmcwXbbbuv9HVPeVqv5HSiTwQ,TRON,sanctions,news_ofac,Xinbi Guarantee,Transnational Criminal Organizations Designations; Counter Terrorism Designation; Issuance of New and Amended Frequently Asked Questions | role=sanctioned | OFAC SDN ISIL KHORASAN (변경) [FTO] [SDGT] | https://ofac.treasury.gov/recent-actions/20260909,2026-09-09
TVUS1CVQnnzoJG8PBWkcWyf7DkLrS8yh5Z,TRON,sanctions,news_ofac,Xinbi Guarantee,Transnational Criminal Organizations Designations; Counter Terrorism Designation; Issuance of New and Amended Frequently Asked Questions | role=sanctioned | OFAC SDN ISIL KHORASAN (변경) [FTO] [SDGT] | https://ofac.treasury.gov/recent-actions/20260909,2026-09-09
TXR1nhqAek4c5Dq9EfjQLarcBWR9Jp6N7m,TRON,sanctions,news_ofac,Xinbi Guarantee,Transnational Criminal Organizations Designations; Counter Terrorism Designation; Issuance of New and Amended Frequently Asked Questions | role=sanctioned | OFAC SDN ISIL KHORASAN (변경) [FTO] [SDGT] | https://ofac.treasury.gov/recent-actions/20260909,2026-09-09
TFS2LHNcrffdAVRHpDUpNvnmCHs78cSNbz,TRON,sanctions,news_ofac,Xinbi Guarantee,Transnational Criminal Organizations Designations; Counter Terrorism Designation; Issuance of New and Amended Frequently Asked Questions | role=sanctioned | OFAC SDN ISIL KHORASAN (변경) [FTO] [SDGT] | https://ofac.treasury.gov/recent-actions/20260909,2026-09-09
TPTFrDhx5tntyp5mRX423DaAe8aLDMUs31,TRON,sanctions,news_ofac,Xinbi Guarantee,Transnational Criminal Organizations Designations; Counter Terrorism Designation; Issuance of New and Amended Frequently Asked Questions | role=sanctioned | OFAC SDN ISIL KHORASAN (변경) [FTO] [SDGT] | https://ofac.treasury.gov/recent-actions/20260909,2026-09-09
TCn9wM828B1GtsVn8kUaCvoE3RpfCAmtEB,TRON,sanctions,news_ofac,Xinbi Guarantee,Transnational Criminal Organizations Designations; Counter Terrorism Designation; Issuance of New and Amended Frequently Asked Questions | role=sanctioned | OFAC SDN ISIL KHORASAN (변경) [FTO] [SDGT] | https://ofac.treasury.gov/recent-actions/20260909,2026-09-09
TFtz6Ae6NNo9VvhnVrj6V1RyEFMtZQMh3r,TRON,sanctions,news_ofac,Xinbi Guarantee,Transnational Criminal Organizations Designations; Counter Terrorism Designation; Issuance of New and Amended Frequently Asked Questions | role=sanctioned | OFAC SDN ISIL KHORASAN (변경) [FTO] [SDGT] | https://ofac.treasury.gov/recent-actions/20260909,2026-09-09
TMoMat6oyJLKxSb6SfQWBWc7q5PSm3Gr6U,TRON,sanctions,news_ofac,Xinbi Guarantee,Transnational Criminal Organizations Designations; Counter Terrorism Designation; Issuance of New and Amended Frequently Asked Questions | role=sanctioned | OFAC SDN ISIL KHORASAN (변경) [FTO] [SDGT] | https://ofac.treasury.gov/recent-actions/20260909,2026-09-09
TNsMJKvAtqiWntAnrcS8jkugL37FGzoqss,TRON,sanctions,news_ofac,Xinbi Guarantee,Transnational Criminal Organizations Designations; Counter Terrorism Designation; Issuance of New and Amended Frequently Asked Questions | role=sanctioned | OFAC SDN ISIL KHORASAN (변경) [FTO] [SDGT] | https://ofac.treasury.gov/recent-actions/20260909,2026-09-09
TPCnxv28xNbvtAaEppddvnfkjQpaFeAkV3,TRON,sanctions,news_ofac,Xinbi Guarantee,Transnational Criminal Organizations Designations; Counter Terrorism Designation; Issuance of New and Amended Frequently Asked Questions | role=sanctioned | OFAC SDN ISIL KHORASAN (변경) [FTO] [SDGT] | https://ofac.treasury.gov/recent-actions/20260909,2026-09-09
TDXBEozXRJy7eBYNCoqrDMRCx5QBN4jCCt,TRON,sanctions,news_ofac,Xinbi Guarantee,Transnational Criminal Organizations Designations; Counter Terrorism Designation; Issuance of New and Amended Frequently Asked Questions | role=sanctioned | OFAC SDN ISIL KHORASAN (변경) [FTO] [SDGT] | https://ofac.treasury.gov/recent-actions/20260909,2026-09-09
TTrJwfL8SCSWBXWAPcZV8Pd5fZf1rznRhz,TRON,sanctions,news_ofac,Xinbi Guarantee,Transnational Criminal Organizations Designations; Counter Terrorism Designation; Issuance of New and Amended Frequently Asked Questions | role=sanctioned | OFAC SDN ISIL KHORASAN (변경) [FTO] [SDGT] | https://ofac.treasury.gov/recent-actions/20260909,2026-09-09
TFqo5f16FJfSKesPxtGN4VN5HNZJebqMQX,TRON,sanctions,news_ofac,Xinbi Guarantee,Transnational Criminal Organizations Designations; Counter Terrorism Designation; Issuance of New and Amended Frequently Asked Questions | role=sanctioned | OFAC SDN ISIL KHORASAN (변경) [FTO] [SDGT] | https://ofac.treasury.gov/recent-actions/20260909,2026-09-09
TPwjq8YuABThppKM5ppsuagBFwDhzpnY11,TRON,sanctions,news_ofac,Xinbi Guarantee,Transnational Criminal Organizations Designations; Counter Terrorism Designation; Issuance of New and Amended Frequently Asked Questions | role=sanctioned | OFAC SDN ISIL KHORASAN (변경) [FTO] [SDGT] | https://ofac.treasury.gov/recent-actions/20260909,2026-09-09
TXgm2Pej4dHzh6oAJvaxAVFDevgGJqfSKr,TRON,sanctions,news_ofac,Xinbi Guarantee,Transnational Criminal Organizations Designations; Counter Terrorism Designation; Issuance of New and Amended Frequently Asked Questions | role=sanctioned | OFAC SDN ISIL KHORASAN (변경) [FTO] [SDGT] | https://ofac.treasury.gov/recent-actions/20260909,2026-09-09
TUErmQ9GtRDGC4g4L5wjWS55Ju5hYfR3sa,TRON,sanctions,news_ofac,Xinbi Guarantee,Transnational Criminal Organizations Designations; Counter Terrorism Designation; Issuance of New and Amended Frequently Asked Questions | role=sanctioned | OFAC SDN ISIL KHORASAN (변경) [FTO] [SDGT] | https://ofac.treasury.gov/recent-actions/20260909,2026-09-09
THPfLwEGvHVgRzi7EMnviAFy5WG1feDH1p,TRON,sanctions,news_ofac,Xinbi Guarantee,Transnational Criminal Organizations Designations; Counter Terrorism Designation; Issuance of New and Amended Frequently Asked Questions | role=sanctioned | OFAC SDN ISIL KHORASAN (변경) [FTO] [SDGT] | https://ofac.treasury.gov/recent-actions/20260909,2026-09-09
TPH1ehJuNY8cRuJgWTXoGuzkVpK5ckueLF,TRON,sanctions,news_ofac,Xinbi Guarantee,Transnational Criminal Organizations Designations; Counter Terrorism Designation; Issuance of New and Amended Frequently Asked Questions | role=sanctioned | OFAC SDN ISIL KHORASAN (변경) [FTO] [SDGT] | https://ofac.treasury.gov/recent-actions/20260909,2026-09-09
TRZvMk2D4fmjGjtuZHRVpgw6yjk8NcjsHV,TRON,sanctions,news_ofac,Xinbi Guarantee,Transnational Criminal Organizations Designations; Counter Terrorism Designation; Issuance of New and Amended Frequently Asked Questions | role=sanctioned | OFAC SDN ISIL KHORASAN (변경) [FTO] [SDGT] | https://ofac.treasury.gov/recent-actions/20260909,2026-09-09
TMuBvwcgrTj6JysMmutXWaPjk1kREK2BDe,TRON,sanctions,news_ofac,Xinbi Guarantee,Transnational Criminal Organizations Designations; Counter Terrorism Designation; Issuance of New and Amended Frequently Asked Questions | role=sanctioned | OFAC SDN ISIL KHORASAN (변경) [FTO] [SDGT] | https://ofac.treasury.gov/recent-actions/20260909,2026-09-09
TE5paMkU1hPr8BdjkSJLvEyUBxjKKSx1H6,TRON,sanctions,news_ofac,Xinbi Guarantee,Transnational Criminal Organizations Designations; Counter Terrorism Designation; Issuance of New and Amended Frequently Asked Questions | role=sanctioned | OFAC SDN ISIL KHORASAN (변경) [FTO] [SDGT] | https://ofac.treasury.gov/recent-actions/20260909,2026-09-09
TBmqXsFNYTMkyw9jVGBAecGaLyLwbxFTM1,TRON,sanctions,news_ofac,Xinbi Guarantee,Transnational Criminal Organizations Designations; Counter Terrorism Designation; Issuance of New and Amended Frequently Asked Questions | role=sanctioned | OFAC SDN ISIL KHORASAN (변경) [FTO] [SDGT] | https://ofac.treasury.gov/recent-actions/20260909,2026-09-09
TFh7Z4qmdiT7opAYYLmNVXQJtVCkAtg7Zh,TRON,sanctions,news_ofac,Xinbi Guarantee,Transnational Criminal Organizations Designations; Counter Terrorism Designation; Issuance of New and Amended Frequently Asked Questions | role=sanctioned | OFAC SDN ISIL KHORASAN (변경) [FTO] [SDGT] | https://ofac.treasury.gov/recent-actions/20260909,2026-09-09
TLFqEhiG7RUSZ9x5iph99Ke5782dkgRnWf,TRON,sanctions,news_ofac,Xinbi Guarantee,Transnational Criminal Organizations Designations; Counter Terrorism Designation; Issuance of New and Amended Frequently Asked Questions | role=sanctioned | OFAC SDN ISIL KHORASAN (변경) [FTO] [SDGT] | https://ofac.treasury.gov/recent-actions/20260909,2026-09-09
0xa5CC6e490Bce9185fA47b421f2EaC677A83B64Ea,ETH,exploit,news_defihacklabs,EtherFiAtomicQueue,EtherFiAtomicQueue — missing solver access control drains victim allowances | role=attacker | Attacker EOA | https://github.com/SunWeb3Sec/DeFiHackLabs/blob/main/src/test/2026-09/EtherFiAtomicQueue_exp.sol,2026-09-09
0x679c53fF03c5c60aAC538a019cA9d69C5DFa663E,ETH,exploit,news_defihacklabs,EtherFiAtomicQueue,EtherFiAtomicQueue — missing solver access control drains victim allowances | role=attacker | Exploit (on-chain) | https://github.com/SunWeb3Sec/DeFiHackLabs/blob/main/src/test/2026-09/EtherFiAtomicQueue_exp.sol,2026-09-09
0xFB26db4EAb18Cb50d29Ff431888dD643A7e9C9f8,ETH,exploit,news_defihacklabs,OMNI404,OMNI404 — ERC-404 dual ID/amount transfer interpretation drains pool WETH | role=attacker | Attacker EOA | https://github.com/SunWeb3Sec/DeFiHackLabs/blob/main/src/test/2026-09/OMNI404_exp.sol,2026-09-09
0x505B2EBea0EC6e30D02768f1de8DdE8Dd9122aD4,ETH,exploit,news_defihacklabs,OMNI404,OMNI404 — ERC-404 dual ID/amount transfer interpretation drains pool WETH | role=attacker | Exploit (on-chain) | https://github.com/SunWeb3Sec/DeFiHackLabs/blob/main/src/test/2026-09/OMNI404_exp.sol,2026-09-09
0xB78E77dEdDaf20f238e1D8f9d1De7606c23Cdd81,ETH,exploit,news_defihacklabs,UnifiProtocol,UnifiProtocol — unregistered caller-supplied pool trusted for reward eligibility and math | role=attacker | 공격자 EOA | https://github.com/SunWeb3Sec/DeFiHackLabs/blob/main/src/test/2026-09/UnifiProtocol_exp.sol,2026-09-09
0xf6BA170f3d50a21fAD30f2D02972ffd295F04e8C,ETH,exploit,news_defihacklabs,UnifiProtocol,UnifiProtocol — unregistered caller-supplied pool trusted for reward eligibility and math | role=attacker | 익스플로잇 배포 컨트랙트 | https://github.com/SunWeb3Sec/DeFiHackLabs/blob/main/src/test/2026-09/UnifiProtocol_exp.sol,2026-09-09
0x67B2f08683A735cfE6f6E57fA86909b62218C2a1,ETH,exploit,news_defihacklabs,BeatXswap,BeatXswap — slot0 spot-price oracle with no TWAP guard drains vesting BTX reserves | role=attacker | Attacker EOA | https://github.com/SunWeb3Sec/DeFiHackLabs/blob/main/src/test/2026-09/BeatXswap_exp.sol,2026-09-09
0xaff5A574941981cF7F994f2820F7fA26FE031DEd,ETH,exploit,news_defihacklabs,BeatXswap,BeatXswap — slot0 spot-price oracle with no TWAP guard drains vesting BTX reserves | role=attacker | Exploit contract | https://github.com/SunWeb3Sec/DeFiHackLabs/blob/main/src/test/2026-09/BeatXswap_exp.sol,2026-09-09
0x3196398321D77a2511d369DCB6eCa9d2aD87b73A,ETH,exploit,news_defihacklabs,EnsoFinance,EnsoFinance — short-window Uniswap V3 TWAP oracle enables ~9x overvalued strategy deposit | role=attacker | Attacker | https://github.com/SunWeb3Sec/DeFiHackLabs/blob/main/src/test/2026-09/EnsoFinance_exp.sol,2026-09-09
0xA73d72d6A858Df742fe756dA5Cb61C2288A95C17,ETH,exploit,news_defihacklabs,ZentraFinance,"ZentraFinance — aToken burn safeguard clamps to zero, repayWithATokens clears debt without burning | role=attacker | attacker EOA | https://github.com/SunWeb3Sec/DeFiHackLabs/blob/main/src/test/2026-09/ZentraFinance_exp.sol",2026-09-09
0x77071d2bbd8f3c296c8cd7d0abd21bc172420cda,ETH,exploit,news_defihacklabs,OrderFactory,OrderFactory — missing access control on createOrderForBuyer drains buyer accounts | role=attacker | Attacker | https://github.com/SunWeb3Sec/DeFiHackLabs/blob/main/src/test/2026-09/OrderFactory_exp.sol,2026-09-08
0xB929C7215c0ec8EbAD5fBf73b1Da63bccfFf1896,ETH,exploit,news_defihacklabs,RouterDrain,RouterDrain — permissionless swap entry lets a fake V3 pool abuse router allowances | role=attacker | Attacker | https://github.com/SunWeb3Sec/DeFiHackLabs/blob/main/src/test/2026-09/RouterDrain_exp.sol,2026-09-07
bc1ql4mfu6aundtkksxklfajs2h3t9nzcd6gyqjlte,BTC,exploit,news_rekt,Liquid Network,Liquid Network - Rekt | role=attacker | actor-controlled consolidation and on-chain-messaging address; received ~598.5 BTC | https://rekt.news/liquid-network-rekt,2026-09-06
0x70f2333d21Ed7E7D105F6578227A9A747687982C,ETH,exploit,news_defihacklabs,Reddio,Reddio — cross-share-class balance double-count via permissionless registerErc20 | role=attacker | Attacker EOA | https://github.com/SunWeb3Sec/DeFiHackLabs/blob/main/src/test/2026-09/Reddio_exp.sol,2026-09-05
0xDaCC235a494750193695A111D715c2ca12b5Ce38,ETH,exploit,news_defihacklabs,NotionalFinance,NotionalFinance — ERC1155 fCash mint overflow drains escrow | role=attacker | Attacker EOA | https://github.com/SunWeb3Sec/DeFiHackLabs/blob/main/src/test/2026-09/NotionalFinance_exp.sol,2026-09-03
0x338c7ec9befbb451d66fd8a468c32184f5689a41,ETH,exploit,news_defihacklabs,BalancerV1BPool,BalancerV1BPool — joinswapPoolAmountOut rounding drain across 5 pools | role=attacker | Attacker EOA | https://github.com/SunWeb3Sec/DeFiHackLabs/blob/main/src/test/2026-08/BalancerV1BPool_exp.sol,2026-08-31
0xAEA29218262dc6b0904Ca077f6527C49dfd426D9,ETH,exploit,news_defihacklabs,FloatProtocol,FloatProtocol — Uniswap V3 spot price manipulation of Hypervisor LP shares | role=attacker | Attacker EOA | https://github.com/SunWeb3Sec/DeFiHackLabs/blob/main/src/test/2026-08/FloatProtocol_exp.sol,2026-08-31
0x4266a0e6a0f0ef90abcff3bb089932ca0cce3652,ETH,exploit,news_rekt,Tectonic,Tectonic - Rekt | role=attacker | Operator wallet | https://rekt.news/tectonic-rekt,2026-08-30
0x7d4e7e5dcb0ccc66b4f0f8b0f30da5078ad4f2dc,ETH,exploit,news_rekt,Tectonic,Tectonic - Rekt | role=attacker | Stablecoin-recipient wallet / VVS LP holder | https://rekt.news/tectonic-rekt,2026-08-30
0x085f3115ca368aa262246d22f9476e1e2c87e8be,ETH,exploit,news_rekt,Tectonic,Tectonic - Rekt | role=attacker | Holding contract | https://rekt.news/tectonic-rekt,2026-08-30
0xfdb11781ee3818135eebd2acd2247c263e266652,ETH,laundering,news_rekt,Tectonic,Tectonic - Rekt | role=laundering | Bridge Exit Wallet | https://rekt.news/tectonic-rekt,2026-08-30
0xc404160b79bd8905061a1caecbeca2eeab3f72dd,ETH,laundering,news_rekt,Tectonic,Tectonic - Rekt | role=laundering | Ethereum Receiving Wallet | https://rekt.news/tectonic-rekt,2026-08-30
0x215adfc84332d8dfdd5afc77af69cceec0bcd3fc,ETH,laundering,news_rekt,Tectonic,Tectonic - Rekt | role=laundering | Ethereum Intermediary Wallet | https://rekt.news/tectonic-rekt,2026-08-30
0x86616ce5d1829beb030742e65bd3c1fbee8f082e,ETH,laundering,news_rekt,Tectonic,Tectonic - Rekt | role=laundering | Relay-Hop Address | https://rekt.news/tectonic-rekt,2026-08-30
0x9ea6b75940de7c57bd1827001536e33ed667b55d,ETH,laundering,news_rekt,Tectonic,Tectonic - Rekt | role=laundering | Side-Pocket Address | https://rekt.news/tectonic-rekt,2026-08-30
0x6F2f5236b10FE7162Da077A2779f8b5f04b7827e,ETH,exploit,news_defihacklabs,AjnaFinance,AjnaFinance — liquidation accounting manipulation via self-controlled auction | role=attacker | Attacker EOA | https://github.com/SunWeb3Sec/DeFiHackLabs/blob/main/src/test/2026-08/AjnaFinance_exp.sol,2026-08-28
0x02D329Ebb1DA079A89988366b777aF300DB96F5f,ETH,exploit,news_defihacklabs,AjnaFinance,AjnaFinance — liquidation accounting manipulation via self-controlled auction | role=attacker | Attacker-controlled borrower position | https://github.com/SunWeb3Sec/DeFiHackLabs/blob/main/src/test/2026-08/AjnaFinance_exp.sol,2026-08-28
0x5ec1ba7892d11059c39557b762a97dd695778ca5,ETH,exploit,news_defihacklabs,EnjinCryptoItems,"EnjinCryptoItems — unprotected registry reinitialization, manager takeover | role=attacker | Attacker | https://github.com/SunWeb3Sec/DeFiHackLabs/blob/main/src/test/2026-08/EnjinCryptoItems_exp.sol",2026-08-26
0x9AE755D23Fc948fE94C9364A2398fd508a2AB0d2,ETH,exploit,news_rekt,Nesa,Nesa - Rekt | role=attacker | 이더리움 상 탈취 NES 수령 지갑 (bridged-NES recipient wallet) | https://rekt.news/nesa-rekt,2026-08-24
0xB92dF70F3d25eD25265c7C341C9D2550c42Ff83A,ETH,laundering,news_rekt,Nesa,Nesa - Rekt | role=laundering | 이더리움 DEX 매도 실행 지갑 (Exit-trading wallet) | https://rekt.news/nesa-rekt,2026-08-24
0xa3B096e4df1247794599a37Af8F5b8CB05D5EB44,ETH,exploit,news_defihacklabs,ArrakisGUNI,ArrakisGUNI — Uniswap V3 spot-price manipulation of vault mint/burn | role=attacker | Attacker EOA | https://github.com/SunWeb3Sec/DeFiHackLabs/blob/main/src/test/2026-08/ArrakisGUNI_exp.sol,2026-08-23
0xb92b2E47680c89DA8f951B8963ef469f461a50Fc,ETH,exploit,news_defihacklabs,USM,USM — defund() price split-invariance rounding exploit | role=attacker | Attacker EOA | https://github.com/SunWeb3Sec/DeFiHackLabs/blob/main/src/test/2026-08/USM_exp.sol,2026-08-09
0x5a5e29ba89663a3558273354E990426F3cAc7de7,ETH,exploit,news_defihacklabs,USM,USM — defund() price split-invariance rounding exploit | role=attacker | Attacker contract | https://github.com/SunWeb3Sec/DeFiHackLabs/blob/main/src/test/2026-08/USM_exp.sol,2026-08-09
0xc94e23C58b9b2998eDB7ABC8F99393FEaD985076,ETH,exploit,news_defihacklabs,UnistreetLaunchpad,UnistreetLaunchpad — arbitrary call injection via unvalidated launch forwarding | role=attacker | Attacker | https://github.com/SunWeb3Sec/DeFiHackLabs/blob/main/src/test/2026-08/UnistreetLaunchpad_exp.sol,2026-08-06
0x7bf716167b48cf527725722c6d79494b45b3bdca,ETH,exploit,news_defihacklabs,SummerFi,SummerFi — FleetCommander NAV Inflation via Depegged xUSD | role=attacker | Attacker | https://github.com/SunWeb3Sec/DeFiHackLabs/blob/main/src/test/2026-07/SummerFi_exp.sol,2026-07-06
0x58428161bB55c14A413945f06cbDeC157F411C76,ETH,exploit,news_defihacklabs,edel-xstock,edel-xstock — Price Oracle Manipulation | role=attacker | Attacker | https://github.com/SunWeb3Sec/DeFiHackLabs/blob/main/src/test/2026-07/edel-xstock_exp.sol,2026-07-01
noble1wq76r2mhqsa9yaygghuwyq4wy6dcsgf8vny890,NOBLE,laundering,news_rekt,Osmosis,Nomic - Rekt | role=laundering | Receiver of USDC from Osmosis via IBC | https://rekt.news/nomic-rekt,2026-06-25
0x8f36fd9ffc0a8ca373aa7a4787292536a489d2b5,ETH,exploit,news_rekt,Osmosis,"Nomic - Rekt | role=attacker | Ethereum beneficiary of proceeds, also Tornado Cash router | https://rekt.news/nomic-rekt",2026-06-25
nomic1rk07saqmvfle50h4h9hul00g67xzrcc5ytfxjm,NOMIC,exploit,news_rekt,Osmosis,"Nomic - Rekt | role=attacker | Address circulated as ""the exploiter"" | https://rekt.news/nomic-rekt",2026-06-25
0x3Fa8cF7FeA68C8E76A9838d77889464DdFb6a6cf,ETH,exploit,news_defihacklabs,LixirPermitDrain,LixirPermitDrain — Broken Signature Verification | role=attacker | Attacker | https://github.com/SunWeb3Sec/DeFiHackLabs/blob/main/src/test/2026-06/LixirPermitDrain_exp.sol,2026-06-25
0x6952d9246e9afe8b887b2877225163436f78e97f,ETH,exploit,news_defihacklabs,Aztec V1,Aztec V1 — escapeHatch Proof-Forgery (permissionless RollupProcessor exit) | role=attacker | Attacker | https://github.com/SunWeb3Sec/DeFiHackLabs/blob/main/src/test/2026-06/AztecEscapeHatch_exp.sol,2026-06-17
0x30498e4466789e534c72e03b52a16c978655b41e,ETH,exploit,news_defihacklabs,Thetanuts,Thetanuts — Index vault component-share accounting flaw | role=attacker | Attacker | https://github.com/SunWeb3Sec/DeFiHackLabs/blob/main/src/test/2026-06/Thetanuts_exp.sol,2026-06-15
0x0F18D8b44a740272f0be4d08338d2b165b7EdD17,ETH,exploit,news_defihacklabs,Aztec Connect,Aztec Connect — numRealTxs Proof/Settlement Mismatch (permissionless RollupProcessorV3) | role=attacker | Attacker EOA | https://github.com/SunWeb3Sec/DeFiHackLabs/blob/main/src/test/2026-06/AztecConnect_exp.sol,2026-06-14
0x06f585F74e0DA633Ae813A0f23Fb9900B61d0fcD,ETH,exploit,news_defihacklabs,Aztec Connect,Aztec Connect — numRealTxs Proof/Settlement Mismatch (permissionless RollupProcessorV3) | role=attacker | Attacker Orchestrator | https://github.com/SunWeb3Sec/DeFiHackLabs/blob/main/src/test/2026-06/AztecConnect_exp.sol,2026-06-14
0xff8ef7bc455a57e5893232203052ce0232b39fa2,ETH,exploit,news_defihacklabs,TOPBPool,TOPBPool — Governance-controlled token mint and Balancer pool drain | role=attacker | Attacker | https://github.com/SunWeb3Sec/DeFiHackLabs/blob/main/src/test/2026-06/TOPBPool_exp.sol,2026-06-09
0x3690c5efc63eea1167c4d92a3f2dd8afdb85c294,ETH,exploit,news_defihacklabs,NovaBox,NovaBox — Constructor Dividend Checkpoint Bypass | role=attacker | Attacker | https://github.com/SunWeb3Sec/DeFiHackLabs/blob/main/src/test/2026-06/NovaBox_exp.sol,2026-06-09
0x0000000000037e625b2502c26029aea237f102af,ETH,exploit,news_defihacklabs,AmbientCrocSwapDex,AmbientCrocSwapDex — Native surplus accounting flaw | role=attacker | Attacker | https://github.com/SunWeb3Sec/DeFiHackLabs/blob/main/src/test/2026-06/AmbientCrocSwapDex_exp.sol,2026-06-07
0x88329A09428778F62BC0C8BAac0997864E5a57f8,ETH,exploit,news_defihacklabs,WUSD.fi,WUSD.fi — _englove Sybil Incentive Abuse | role=attacker | Attacker | https://github.com/SunWeb3Sec/DeFiHackLabs/blob/main/src/test/2026-05/WUSD_exp.sol,2026-05-25
0x7c82cB4b2909C50C7c0F2B696Eee7565e0a23BB8,ETH,exploit,news_defihacklabs,New Market Trading,New Market Trading — SquidRouterModule Missing Caller Check | role=attacker | Attacker | https://github.com/SunWeb3Sec/DeFiHackLabs/blob/main/src/test/2026-05/NewMarketTrading_exp.sol,2026-05-25
0x9bdc730183821b6bb2b51be30b77c964fa645b91,ETH,exploit,news_defihacklabs,SquidRouterModule,SquidRouterModule — Missing caller check | role=attacker | Attacker | https://github.com/SunWeb3Sec/DeFiHackLabs/blob/main/src/test/2026-05/SquidRouterModule_exp.sol,2026-05-25
0x08096e9ae70d7c5f2707b203a7801b75d1412156,ETH,exploit,news_defihacklabs,MureDistribution,MureDistribution — Signature Verification Bypass | role=attacker | Attacker | https://github.com/SunWeb3Sec/DeFiHackLabs/blob/main/src/test/2026-05/MureDistribution_exp.sol,2026-05-21
0x40592025392bd7d7463711c6e82ed34241b64279,ETH,exploit,news_defihacklabs,MAPProtocol,MAPProtocol — Arbitrary Mint | role=attacker | Attacker | https://github.com/SunWeb3Sec/DeFiHackLabs/blob/main/src/test/2026-05/MAPProtocol_exp.sol,2026-05-20
0x5abb91b9c01a5ed3ae762d32b236595b459d5777,ETH,exploit,news_defihacklabs,VerusBridge,VerusBridge — Insufficient Validation | role=attacker | Attacker | https://github.com/SunWeb3Sec/DeFiHackLabs/blob/main/src/test/2026-05/VerusBridge_exp.sol,2026-05-17
0x63e22ce9bde9bb8892a447258abfcaa4142f001b,ETH,exploit,news_defihacklabs,AdsharesBridge,AdsharesBridge — Insufficient Validation | role=attacker | Attacker | https://github.com/SunWeb3Sec/DeFiHackLabs/blob/main/src/test/2026-05/AdsharesBridge_exp.sol,2026-05-15
0xC3EBDdEa4f69df717a8f5c89e7cF20C1c0389100,ETH,exploit,news_defihacklabs,TrustedVolumes,TrustedVolumes — Signature Replay | role=attacker | Attacker / signer | https://github.com/SunWeb3Sec/DeFiHackLabs/blob/main/src/test/2026-05/TrustedVolumes_exp.sol,2026-05-07
0xA911Ff351B143634Dbc5aF3E204EA074583A83e3,ETH,exploit,news_defihacklabs,Ekubo,Ekubo — Business Logic Flaw | role=attacker | Attacker | https://github.com/SunWeb3Sec/DeFiHackLabs/blob/main/src/test/2026-05/Ekubo_exp.sol,2026-05-05
0x7137804200a073f616d92e87007f1f100100b56a,ETH,exploit,news_defihacklabs,RWAVault,RWAVault — Missing ERC4626 allowance check | role=attacker | Attacker | https://github.com/SunWeb3Sec/DeFiHackLabs/blob/main/src/test/2026-04/RWAVault_exp.sol,2026-04-28
0x224c940003dd0b8aa1a20e655ced0363d573fa46,ETH,exploit,news_defihacklabs,Unverified_a152,Unverified_a152 — AllowanceTarget approval drain | role=attacker | Attacker | https://github.com/SunWeb3Sec/DeFiHackLabs/blob/main/src/test/2026-04/unverified_a152_exp.sol,2026-04-27
0x81fe3d7d35dfefa15b9e6800b6aefc3358e7b156,ETH,exploit,news_defihacklabs,GiddyVaultV3,GiddyVaultV3 — Incomplete Signature Coverage | role=attacker | Attacker | https://github.com/SunWeb3Sec/DeFiHackLabs/blob/main/src/test/2026-04/giddyvaultv3_compound_auth_exp.sol,2026-04-23
0xaea2d93328242389b3e34271252b1bc9253b718a,ETH,exploit,news_defihacklabs,ThetanutsVaultShareRounding,ThetanutsVaultShareRounding — Vault Share Rounding Manipulation | role=attacker | Attacker | https://github.com/SunWeb3Sec/DeFiHackLabs/blob/main/src/test/2026-04/ThetanutsVaultShareRounding_exp.sol,2026-04-20
0x23245f620d1e910ad76e6b6de4f8284a53c9ad2d,ETH,exploit,news_defihacklabs,JuiceboxREVLoans,JuiceboxREVLoans — Fake terminal loan source validation bypass | role=attacker | Attacker | https://github.com/SunWeb3Sec/DeFiHackLabs/blob/main/src/test/2026-04/JuiceboxREVLoans_exp.sol,2026-04-20
0xAcDcD2e9787E889305200900d6Cf6C0548578630,ETH,exploit,news_defihacklabs,XLootStaking,XLootStaking — Duplicate xLOOT Redemption | role=attacker | Attacker | https://github.com/SunWeb3Sec/DeFiHackLabs/blob/main/src/test/2026-04/XLootStaking_exp.sol,2026-04-15
0xbdcdc1d072dfd2a1401e88959c31071fc585ce8e,ETH,exploit,news_defihacklabs,StakeOnMe,StakeOnMe — Owner-privileged JAKE burn reserve drain | role=attacker | Attacker | https://github.com/SunWeb3Sec/DeFiHackLabs/blob/main/src/test/2026-03/unverified_237d_exp.sol,2026-03-15
0x43C743e316F40d4511762EEdf6f6D484F67b2F82,ETH,exploit,news_defihacklabs,Venus THE,Venus THE — BorrowBehalf + Donation Attack | role=attacker | Attacker | https://github.com/SunWeb3Sec/DeFiHackLabs/blob/main/src/test/2026-03/Venus_THE_exp.sol,2026-03-15
0x0ed1c01b8420a965d7bd2374db02896464c91cd7,ETH,exploit,news_defihacklabs,AlkemiEarn,AlkemiEarn — Business Logic | role=attacker | Attacker | https://github.com/SunWeb3Sec/DeFiHackLabs/blob/main/src/test/2026-03/AlkemiEarn_exp.sol,2026-03-10
0x33a0aab2642c78729873786e5903cc30f9a94be2,ETH,exploit,news_defihacklabs,Curve LlamaLend,Curve LlamaLend — Share price manipulation | role=attacker | Attacker | https://github.com/SunWeb3Sec/DeFiHackLabs/blob/main/src/test/2026-03/Curve_LlamaLend_exp.sol,2026-03-02
0x2f934b0fd5c4f99bab37d47604a3a1aeadef1ccc,ETH,exploit,news_defihacklabs,Makina,Makina — Price Oracle Manipulation | role=attacker | Real attacker | https://github.com/SunWeb3Sec/DeFiHackLabs/blob/main/src/test/2026-01/makina_exp.sol,2026-01-20
0x2c19b916b29e5170f75628d690623dedcafeca4c,ETH,exploit,news_defihacklabs,Makina,Makina — Price Oracle Manipulation | role=attacker | Real attacker Contract | https://github.com/SunWeb3Sec/DeFiHackLabs/blob/main/src/test/2026-01/makina_exp.sol,2026-01-20
0x6C8EC8f14bE7C01672d31CFa5f2CEfeAB2562b50,ETH,exploit,news_defihacklabs,Truebit,Truebit — OverFlow | role=attacker | Attacker | https://github.com/SunWeb3Sec/DeFiHackLabs/blob/main/src/test/2026-01/Truebit_exp.sol,2026-01-09
0xfb63aa935cf0a003335dce9cca03c4f9c0fa4779,ETH,exploit,news_defihacklabs,yETH,yETH — Unsafe Math | role=attacker | Attacker | https://github.com/SunWeb3Sec/DeFiHackLabs/blob/main/src/test/2025-12/yETH_exp.sol,2025-12-01
0xC0ffeEBABE5D496B2DDE509f9fa189C25cF29671,ETH,exploit,news_defihacklabs,DRLVaultV3,DRLVaultV3 — Price Manipulation | role=attacker | Attacker | https://github.com/SunWeb3Sec/DeFiHackLabs/blob/main/src/test/2025-11/DRLVaultV3_exp.sol,2025-11-10
0x506d1f9efe24f0d47853adca907eb8d89ae03207,ETH,exploit,news_defihacklabs,BalancerV2,BalancerV2 — Precision Loss | role=attacker | Attacker | https://github.com/SunWeb3Sec/DeFiHackLabs/blob/main/src/test/2025-11/BalancerV2_exp.sol,2025-11-03
0x1aaade3e9062d124b7deb0ed6ddc7055efa7354d,ETH,exploit,news_defihacklabs,MIMSpell3,MIMSpell3 — Bypassed Insolvency Check | role=attacker | Attacker | https://github.com/SunWeb3Sec/DeFiHackLabs/blob/main/src/test/2025-10/MIMSpell3_exp.sol,2025-10-04
0x07185a9e74f8dceb7d6487400e4009ff76d1af46,ETH,exploit,news_defihacklabs,Hexotic,Hexotic — Incorrect Input Validation | role=attacker | Attacker | https://github.com/SunWeb3Sec/DeFiHackLabs/blob/main/src/test/2025-08/Hexotic_exp.sol,2025-08-31
0xda97a086fc74b20c88bd71e12e365027e9ec2d24,ETH,exploit,news_defihacklabs,0xf340,0xf340 — Access Control | role=attacker | Attacker | https://github.com/SunWeb3Sec/DeFiHackLabs/blob/main/src/test/2025-08/0xf340_exp.sol,2025-08-27
0x4DCCc719f277eBeB8F7fdB68cD4b105E5bC325db,ETH,exploit,news_defihacklabs,EquilibriaEPendle,EquilibriaEPendle — Reward Accounting Flaw | role=attacker | Attacker | https://github.com/SunWeb3Sec/DeFiHackLabs/blob/main/src/test/2025-08/EquilibriaEPendle_exp.sol,2025-08-23
0xe4B97Db5FAF476DB464Bc271097Fac97d6CE3783,ETH,exploit,news_defihacklabs,Unverified_6f7a,Unverified_6f7a — Access Control | role=attacker | Attacker | https://github.com/SunWeb3Sec/DeFiHackLabs/blob/main/src/test/2025-08/unverified_6f7a_exp.sol,2025-08-22
0x3a7e13dacccd3de56b8186987f348bfd21dc4ec5,ETH,exploit,news_defihacklabs,PresaleV5,PresaleV5 — Price Manipulation | role=attacker | Attacker | https://github.com/SunWeb3Sec/DeFiHackLabs/blob/main/src/test/2025-08/PresaleV5_exp.sol,2025-08-19
0x8A6ce2d90EE1199F815628970a90dF73e12B5057,ETH,exploit,news_defihacklabs,AutoPooledTradingBot,AutoPooledTradingBot — Business Logic Flaw | role=attacker | Attacker | https://github.com/SunWeb3Sec/DeFiHackLabs/blob/main/src/test/2025-08/AutoPooledTradingBot_exp.sol,2025-08-17
0xa7e9b982b0e19a399bc737ca5346ef0ef12046da,ETH,exploit,news_defihacklabs,SizeCredit,SizeCredit — Access Control | role=attacker | Attacker | https://github.com/SunWeb3Sec/DeFiHackLabs/blob/main/src/test/2025-08/SizeCredit_exp.sol,2025-08-15
0x326dc2ff9045ae79ca3e395d584d3b56af1f310e,ETH,exploit,news_defihacklabs,SizeFlashLoanLooping,SizeFlashLoanLooping — Arbitrary External Call | role=attacker | Attacker | https://github.com/SunWeb3Sec/DeFiHackLabs/blob/main/src/test/2025-08/SizeFlashLoanLooping_exp.sol,2025-08-15
0xC31a49D1c4C652aF57cEFDeF248f3c55b801c649,ETH,exploit,news_defihacklabs,coinbase,coinbase — Misconfiguration | role=attacker | Attacker | https://github.com/SunWeb3Sec/DeFiHackLabs/blob/main/src/test/2025-08/coinbase_exp.sol,2025-08-13
0x5b9b4b4dafbcfceea7afba56958fcbb37d82d4a2,ETH,exploit,news_defihacklabs,SuperRare,SuperRare — Access Control | role=attacker | Attacker | https://github.com/SunWeb3Sec/DeFiHackLabs/blob/main/src/test/2025-07/SuperRare_exp.sol,2025-07-28
0x87c6D33808F10348Cd9a4Cd825f25BE341d7bA2d,ETH,exploit,news_defihacklabs,Unverified6883,Unverified6883 — Fake Uniswap Callback | role=attacker | Attacker | https://github.com/SunWeb3Sec/DeFiHackLabs/blob/main/src/test/2025-07/Unverified6883_exp.sol,2025-07-26
0x8b88A3b92433638324E5f429bEe52b1fd84E7c5a,ETH,exploit,news_defihacklabs,WhereIsMyDragonTreasure,WhereIsMyDragonTreasure — Fixed Reward Redemption | role=attacker | Attacker | https://github.com/SunWeb3Sec/DeFiHackLabs/blob/main/src/test/2025-07/WhereIsMyDragonTreasure_exp.sol,2025-07-25
0xdDEB9e72fbecCa668fFD47314565954347ade522,ETH,exploit,news_defihacklabs,EmptySetReserve,EmptySetReserve — Fixed Order Swap | role=attacker | Attacker | https://github.com/SunWeb3Sec/DeFiHackLabs/blob/main/src/test/2025-07/EmptySetReserve_exp.sol,2025-07-24
0x657a2b6fe37ced2f31fd7513095dbfb126a53601,ETH,exploit,news_defihacklabs,SWAPPStaking,SWAPPStaking — Incorrect Reward calculation | role=attacker | Attacker | https://github.com/SunWeb3Sec/DeFiHackLabs/blob/main/src/test/2025-07/SWAPPStaking_exp.sol,2025-07-24
0x29Bd2258485Da9f4224A99c512e14D4F64d81a50,ETH,exploit,news_defihacklabs,StrategyLlamaLendConvex,StrategyLlamaLendConvex — Share Price Manipulation | role=attacker | Attacker | https://github.com/SunWeb3Sec/DeFiHackLabs/blob/main/src/test/2025-07/StrategyLlamaLendConvex_exp.sol,2025-07-16
0xad2cb8f48e74065a0b884af9c5a4ecbba101be23,ETH,exploit,news_defihacklabs,RANT,RANT — Logic Flaw | role=attacker | Attacker | https://github.com/SunWeb3Sec/DeFiHackLabs/blob/main/src/test/2025-07/RANTToken_exp.sol,2025-07-05
0xb750e3165de458eae09904cc7fad099632860b0f,ETH,exploit,news_defihacklabs,Unverified,Unverified — Access Control | role=attacker | Attacker | https://github.com/SunWeb3Sec/DeFiHackLabs/blob/main/src/test/2025-07/unverified_54cd_exp.sol,2025-07-05
0x4cf8ed875e508c3acd60e56a1ca21395d106bc94,ETH,exploit,news_defihacklabs,ActivePoolScrvUsd,ActivePoolScrvUsd — Urgent Redemption | role=attacker | Attacker | https://github.com/SunWeb3Sec/DeFiHackLabs/blob/main/src/test/2025-07/ActivePoolScrvUsdUrgentRedemption_exp.sol,2025-07-05
0xc8d64bb25b489ba3fb33f1f81505e8938685c248,ETH,exploit,news_defihacklabs,ActivePoolUrgentRedemption,ActivePoolUrgentRedemption — Urgent Redemption | role=attacker | Attacker | https://github.com/SunWeb3Sec/DeFiHackLabs/blob/main/src/test/2025-07/ActivePoolUrgentRedemption_exp.sol,2025-07-02
0x6d9f6e900ac2ce6770fd9f04f98b7b0fc355e2ea,ETH,exploit,news_defihacklabs,ResupplyFi,ResupplyFi — Share price manipulation | role=attacker | Attacker | https://github.com/SunWeb3Sec/DeFiHackLabs/blob/main/src/test/2025-06/ResupplyFi_exp.sol,2025-06-26
0x2d9a39de3e5227ff74b4cfc154b16fd77614ee33,ETH,exploit,news_defihacklabs,ParaSwapDAIApproval,ParaSwapDAIApproval — Stale Approval | role=attacker | Attacker | https://github.com/SunWeb3Sec/DeFiHackLabs/blob/main/src/test/2025-06/ParaSwapDAIApproval_exp.sol,2025-06-25
0x04377cfaf4b4a44bb84042218cdda4cebcf8fd62,ETH,exploit,news_defihacklabs,SiloFinance,SiloFinance — Arbitrary Call | role=attacker | Attacker | https://github.com/SunWeb3Sec/DeFiHackLabs/blob/main/src/test/2025-06/SiloFinance_exp.sol,2025-06-25
0x1234567a98230550894bf93e2346a8bc5c3b36e3,ETH,exploit,news_defihacklabs,GradientMakerPool,GradientMakerPool — Price Oracle Manipulation | role=attacker | Attacker | https://github.com/SunWeb3Sec/DeFiHackLabs/blob/main/src/test/2025-06/GradientMakerPool_exp.sol,2025-06-23
0x172dca3e72e4643ce8b7932f4947347c1e49ba6d,ETH,exploit,news_defihacklabs,BankrollStack,BankrollStack — Incorrect dividends calculation | role=attacker | Attacker | https://github.com/SunWeb3Sec/DeFiHackLabs/blob/main/src/test/2025-06/BankrollStack_exp.sol,2025-06-19
0x48f1d0f5831eb6e544f8cbde777b527b87a1be98,ETH,exploit,news_defihacklabs,MetaPool,MetaPool — Infinite Mint via unvalidated ERC4626 mint | role=attacker | Attacker | https://github.com/SunWeb3Sec/DeFiHackLabs/blob/main/src/test/2025-06/MetaPool_exp.sol,2025-06-17
0x5FF8645BbC6c8B4390aA228A3e8bf08240F333b4,ETH,exploit,news_defihacklabs,FixedTokenBSwap,FixedTokenBSwap — Price Oracle Manipulation | role=attacker | Attacker | https://github.com/SunWeb3Sec/DeFiHackLabs/blob/main/src/test/2025-06/FixedTokenBSwap_exp.sol,2025-06-15
0x5d4430d14ae1d11526ddac1c1ef01da3b1dae455,ETH,exploit,news_defihacklabs,AAVEBoost,AAVEBoost — Logic Flaw | role=attacker | Attacker | https://github.com/SunWeb3Sec/DeFiHackLabs/blob/main/src/test/2025-06/AAVEBoost_exp.sol,2025-06-12
0x7248939f65bdd23aab9eaab1bc4a4f909567486e,ETH,exploit,news_defihacklabs,Unverified_8490,Unverified_8490 — Access Control | role=attacker | Attacker | https://github.com/SunWeb3Sec/DeFiHackLabs/blob/main/src/test/2025-06/unverified_8490_exp.sol,2025-06-10
0x28a8cB85d9d2C9ee536931De22Fe80e3EfEa3bD6,ETH,exploit,news_defihacklabs,PegaBall,PegaBall — Business Logic Flaw | role=attacker | Attacker | https://github.com/SunWeb3Sec/DeFiHackLabs/blob/main/src/test/2025-06/PegaBall_exp.sol,2025-06-03
0xea6f30e360192bae715599e15e2f765b49e4da98,ETH,exploit,news_defihacklabs,Corkprotocol,Corkprotocol — Access Control | role=attacker | Attacker | https://github.com/SunWeb3Sec/DeFiHackLabs/blob/main/src/test/2025-05/Corkprotocol_exp.sol,2025-05-28
0x2ae2f691642bb18cd8deb13a378a0f95a9fee933,ETH,exploit,news_defihacklabs,UsualMoney,UsualMoney — Arbitrage | role=attacker | Attacker | https://github.com/SunWeb3Sec/DeFiHackLabs/blob/main/src/test/2025-05/UsualMoney_exp.sol,2025-05-27
0xd49cb0924f871bcfd78ea4187d9e6bd943f85d98,ETH,exploit,news_defihacklabs,tcdp,tcdp — Broken transferFrom Allowance Check | role=attacker | Attacker | https://github.com/SunWeb3Sec/DeFiHackLabs/blob/main/src/test/2025-04/tcdp_exp.sol,2025-04-28
0x7c982e93d6b1ede9626a84ebeafbc42e5991dee8,ETH,exploit,news_defihacklabs,AventaRewardClaim,AventaRewardClaim — Claim Accounting | role=attacker | Attacker | https://github.com/SunWeb3Sec/DeFiHackLabs/blob/main/src/test/2025-04/AventaRewardClaim_exp.sol,2025-04-27
0x8149f77504007450711023cf0ec11bdd6348401f,ETH,exploit,news_defihacklabs,Roar,Roar — Rug Pull | role=attacker | Attacker | https://github.com/SunWeb3Sec/DeFiHackLabs/blob/main/src/test/2025-04/Roar_exp.sol,2025-04-16
0xd6be07499d408454d090c96bd74a193f61f706f4,ETH,exploit,news_defihacklabs,Laundromat,Laundromat — Logic Flaw | role=attacker | Attacker | https://github.com/SunWeb3Sec/DeFiHackLabs/blob/main/src/test/2025-04/Laundromat_exp.sol,2025-04-08
0xda9d65086a986624cbf71989118938f0cf9a0c68,ETH,exploit,news_defihacklabs,AmpKashi,AmpKashi — AMP Collateral Borrow Price Manipulation | role=attacker | Attacker | https://github.com/SunWeb3Sec/DeFiHackLabs/blob/main/src/test/2025-04/AmpKashi_exp.sol,2025-04-07
0x27defcfa6498f957918f407ed8a58eba2884768c,ETH,exploit,news_defihacklabs,LeverageSIR,LeverageSIR — Storage SLOT1 collision | role=attacker | Original Attacker | https://github.com/SunWeb3Sec/DeFiHackLabs/blob/main/src/test/2025-03/LeverageSIR_exp.sol,2025-03-30
0xF6ffBa5cbF285824000daC0B9431032169672B6e,ETH,exploit,news_defihacklabs,Alkimiya_IO,Alkimiya_IO — unsafecast | role=attacker | Original Attacker | https://github.com/SunWeb3Sec/DeFiHackLabs/blob/main/src/test/2025-03/Alkimiya_io_exp.sol,2025-03-28
0xc58a769e3089792670dff22ab85a11983816323b,ETH,exploit,news_defihacklabs,ZeroExSettler,ZeroExSettler — Arbitrary External Call | role=attacker | Attacker | https://github.com/SunWeb3Sec/DeFiHackLabs/blob/main/src/test/2025-03/ZeroExSettler_exp.sol,2025-03-11
0x7a6488348a7626c10e35df9ae0a2ad916a56a952,ETH,exploit,news_defihacklabs,SBR Token,SBR Token — Price Manipulation | role=attacker | Attacker | https://github.com/SunWeb3Sec/DeFiHackLabs/blob/main/src/test/2025-03/SBRToken_exp.sol,2025-03-07
0x806d9d1f1b80107a294393c76258b69b441565f0,ETH,exploit,news_defihacklabs,RnsPay,RnsPay — Arbitrary External Call | role=attacker | Attacker | https://github.com/SunWeb3Sec/DeFiHackLabs/blob/main/src/test/2025-03/RnsPay_exp.sol,2025-03-06
0x4B53608fF0cE42cDF9Cf01D7d024C2c9ea1aA2e8,ETH,exploit,news_defihacklabs,HegicOptions,HegicOptions — Business Logic Flaw | role=attacker | Attacker | https://github.com/SunWeb3Sec/DeFiHackLabs/blob/main/src/test/2025-02/HegicOptions_exp.sol,2025-02-23
0x0fa09c3a328792253f8dee7116848723b72a6d2e,ETH,exploit,news_defihacklabs,Bybit,Bybit — Phishing attack | role=attacker | Attacker | https://github.com/SunWeb3Sec/DeFiHackLabs/blob/main/src/test/2025-02/Bybit_exp.sol,2025-02-21
0xc9A5643eD8E4CD68d16FE779D378C0E8e7225A54,ETH,exploit,news_defihacklabs,Scorch,Scorch — Price Oracle Manipulation | role=attacker | Attacker | https://github.com/SunWeb3Sec/DeFiHackLabs/blob/main/src/test/2025-02/Scorch_exp.sol,2025-02-11
0xedee6379fe90bd9b85d8d0b767d4a6deb0dc9dcf,ETH,exploit,news_defihacklabs,Peapods Finance,Peapods Finance — Price Manipulation | role=attacker | Attacker | https://github.com/SunWeb3Sec/DeFiHackLabs/blob/main/src/test/2025-02/PeapodsFinance_exp.sol,2025-02-08
0x0C8ecf2BbF9361fa2DD0Bd29ea473FB790aB7fEE,ETH,exploit,news_defihacklabs,MCAI,MCAI — Tax wallet allowance bypass | role=attacker | Attacker | https://github.com/SunWeb3Sec/DeFiHackLabs/blob/main/src/test/2025-01/MCAI_exp.sol,2025-01-28
0xe546480138d50bb841b204691c39cc514858d101,ETH,exploit,news_defihacklabs,IdolsNFT,IdolsNFT — Logic Flaw | role=attacker | Attacker | https://github.com/SunWeb3Sec/DeFiHackLabs/blob/main/src/test/2025-01/IdolsNFT_exp.sol,2025-01-14
0x55f5f8058816d5376df310770ca3a2e294089c33,ETH,exploit,news_defihacklabs,Unilend,Unilend — Logic Flaw | role=attacker | Attacker | https://github.com/SunWeb3Sec/DeFiHackLabs/blob/main/src/test/2025-01/Unilend_exp.sol,2025-01-12
0x25869347f7993c50410a9b9b9c48f37d79e12a36,ETH,exploit,news_defihacklabs,LAURAToken,LAURAToken — Pair Balance Manipulation | role=attacker | Attacker | https://github.com/SunWeb3Sec/DeFiHackLabs/blob/main/src/test/2025-01/LAURAToken_exp.sol,2025-01-01
0x012Fc6377F1c5CCF6e29967Bce52e3629AaA6025,ETH,exploit,news_defihacklabs,CloberDEX,CloberDEX — Reentrancy | role=attacker | Attacker | https://github.com/SunWeb3Sec/DeFiHackLabs/blob/main/src/test/2024-12/CloberDEX_exp.sol,2024-12-10
0x3a38877312d1125d2391663cba9f7190953bf2d9,ETH,exploit,news_defihacklabs,MainnetSettler,MainnetSettler — Access Control | role=attacker | Attacker | https://github.com/SunWeb3Sec/DeFiHackLabs/blob/main/src/test/2024-11/MainnetSettler_exp.sol,2024-11-20
0x511f427Cdf0c4e463655856db382E05D79Ac44a6,ETH,exploit,news_defihacklabs,PolterFinance,PolterFinance — FlashLoan Attack | role=attacker | Attacker | https://github.com/SunWeb3Sec/DeFiHackLabs/blob/main/src/test/2024-11/PolterFinance_exploit.sol,2024-11-19
0x713d2b652e5f2a86233c57af5341db42a5559dd1,ETH,exploit,news_defihacklabs,vETH,vETH — Vulnerable Price Dependency | role=attacker | Attacker | https://github.com/SunWeb3Sec/DeFiHackLabs/blob/main/src/test/2024-11/vETH_exp.sol,2024-11-14
0x00bad13fa32e0000e35b8517e19986b93f000034,ETH,exploit,news_defihacklabs,CoW,CoW — Access Control | role=attacker | Attacker | https://github.com/SunWeb3Sec/DeFiHackLabs/blob/main/src/test/2024-11/CoW_exp.sol,2024-11-07
0xa60fae100d9c3d015c9cd7107f95cbacf58a1cbd,ETH,exploit,news_defihacklabs,BUBAI,BUBAI — Rug pull | role=attacker | Attacker | https://github.com/SunWeb3Sec/DeFiHackLabs/blob/main/src/test/2024-10/BUBAI_exp.sol,2024-10-29
0xfde0d1575ed8e06fbf36256bcdfa1f359281455a,ETH,exploit,news_defihacklabs,Erc20transfer,Erc20transfer — Access Control | role=attacker | Attacker | https://github.com/SunWeb3Sec/DeFiHackLabs/blob/main/src/test/2024-10/Erc20transfer_exp.sol,2024-10-22
0x02DBE46169fDf6555F2A125eEe3dce49703b13f5,ETH,exploit,news_defihacklabs,MorphoBlue,MorphoBlue — Overpriced Asset in Oracle | role=attacker | Attacker | https://github.com/SunWeb3Sec/DeFiHackLabs/blob/main/src/test/2024-10/MorphoBlue_exp.sol,2024-10-13
0x493c5655D40B051a64bc88A6af21D73d3A9B72A2,ETH,exploit,news_defihacklabs,SASHAToken,SASHAToken — Price Manipulation | role=attacker | Attacker | https://github.com/SunWeb3Sec/DeFiHackLabs/blob/main/src/test/2024-10/SASHAToken_exp.sol,2024-10-06
0x81f48a87ec44208c691f870b9d400d9c13111e2e,ETH,exploit,news_defihacklabs,FireToken,FireToken — Pair Manipulation With Transfer Function | role=attacker | Attacker | https://github.com/SunWeb3Sec/DeFiHackLabs/blob/main/src/test/2024-10/FireToken_exp.sol,2024-10-01
0x2bFB373017349820dda2Da8230E6b66739BE9F96,ETH,exploit,news_defihacklabs,Bedrock_DeFi,Bedrock_DeFi — Swap ETH/BTC 1/1 in mint function | role=attacker | Attacker | https://github.com/SunWeb3Sec/DeFiHackLabs/blob/main/src/test/2024-09/Bedrock_DeFi_exp.sol,2024-09-26
0x680910cf5fc9969a25fd57e7896a14ff1e55f36b,ETH,exploit,news_defihacklabs,OnyxDAO,OnyxDAO — Fake Market | role=attacker | Attacker | https://github.com/SunWeb3Sec/DeFiHackLabs/blob/main/src/test/2024-09/OnyxDAO_exp.sol,2024-09-26
0xa3a64255484ad65158af0f9d96b5577f79901a1d,ETH,exploit,news_defihacklabs,Shezmu,Shezmu — Access Control | role=attacker | Attacker | https://github.com/SunWeb3Sec/DeFiHackLabs/blob/main/src/test/2024-09/Shezmu_exp.sol,2024-09-20
0x000000003704BC4ffb86000046721f44Ef3DBABe,ETH,exploit,news_defihacklabs,OTSeaStaking,OTSeaStaking — Logic Flaw | role=attacker | Attacker | https://github.com/SunWeb3Sec/DeFiHackLabs/blob/main/src/test/2024-09/OTSeaStaking_exp.sol,2024-09-13
0x0000daaee5fbc2d3fc5a5c0cb456d2c24e4f81de,ETH,exploit,news_defihacklabs,Unverified_5697,Unverified_5697 — Access Control | role=attacker | Attacker | https://github.com/SunWeb3Sec/DeFiHackLabs/blob/main/src/test/2024-09/unverified_5697_exp.sol,2024-09-13
0xf073a21f0d68adacfff34d5b8df04550c944e348,ETH,exploit,news_defihacklabs,Unverified_03f9,Unverified_03f9 — Access Control | role=attacker | Attacker | https://github.com/SunWeb3Sec/DeFiHackLabs/blob/main/src/test/2024-09/unverified_03f9_exp.sol,2024-09-12
0xd861e6f1760d014d6ee6428cf7f7d732563c74c0,ETH,exploit,news_defihacklabs,Pythia,Pythia — Logic Flaw | role=attacker | Attacker | https://github.com/SunWeb3Sec/DeFiHackLabs/blob/main/src/test/2024-09/Pythia_exp.sol,2024-09-02
0x6ea83f23795f55434c38ba67fcc428aec0c296dc,ETH,exploit,news_defihacklabs,AAVE,AAVE — Arbitrary Call Error | role=attacker | Attacker | https://github.com/SunWeb3Sec/DeFiHackLabs/blob/main/src/test/2024-08/AAVE_Repay_Adapter.sol,2024-08-28
0x40d115198d71cab59668b51dd112a07d273d5831,ETH,exploit,news_defihacklabs,OMPx Contract,OMPx Contract — FlashLoan | role=attacker | Attacker | https://github.com/SunWeb3Sec/DeFiHackLabs/blob/main/src/test/2024-08/OMPxContract_exp.sol,2024-08-16
0x48de6bf9e301946b0a32b053804c61dc5f00c0c3,ETH,exploit,news_defihacklabs,VOW,VOW — Misconfiguration | role=attacker | Attacker | https://github.com/SunWeb3Sec/DeFiHackLabs/blob/main/src/test/2024-08/VOW_exp.sol,2024-08-13
0x03560a9d7a2c391fb1a087c33650037ae30de3aa,ETH,exploit,news_defihacklabs,Convergence,Convergence — Incorrect input validation | role=attacker | Original Attacker | https://github.com/SunWeb3Sec/DeFiHackLabs/blob/main/src/test/2024-08/Convergence_exp.sol,2024-08-01
0x53635bf7b92b9512f6de0eb7450b26d5d1ad9a4c,ETH,exploit,news_defihacklabs,Spectra_finance,Spectra_finance — Incorrect input validation | role=attacker | Attacker | https://github.com/SunWeb3Sec/DeFiHackLabs/blob/main/src/test/2024-07/Spectra_finance_exp.sol,2024-07-24
0x98250d30aed204e5cbb8fef7f099bc68dbc4b896,ETH,exploit,news_defihacklabs,MEVbot_0xdd7c,MEVbot_0xdd7c — Incorrect input validation | role=attacker | Attacker | https://github.com/SunWeb3Sec/DeFiHackLabs/blob/main/src/test/2024-07/MEVbot_0xdd7c_exp.sol,2024-07-23
0x8b3cb6bf982798fba233bca56749e22eec42dcf3,ETH,exploit,news_defihacklabs,Lifiprotocol,Lifiprotocol — Incorrect input validation | role=attacker | Attacker | https://github.com/SunWeb3Sec/DeFiHackLabs/blob/main/src/test/2024-07/Lifiprotocol_exp.sol,2024-07-16
0x618f768af6291705eb13e0b2e96600b3851911d1,ETH,exploit,news_defihacklabs,Minterest,Minterest — Reentrancy | role=attacker | Attacker | https://github.com/SunWeb3Sec/DeFiHackLabs/blob/main/src/test/2024-07/Minterest_exp.sol,2024-07-14
0x67104175fc5fabbdb5a1876c3914e04b94c71741,ETH,exploit,news_defihacklabs,DoughFina,DoughFina — Incorrect input validation | role=attacker | Attacker | https://github.com/SunWeb3Sec/DeFiHackLabs/blob/main/src/test/2024-07/DoughFina_exp.sol,2024-07-12
0x14b362d2e38250604f21a334d71c13e2ed478467,ETH,exploit,news_defihacklabs,DeFiPlaza,DeFiPlaza — loss of precision | role=attacker | Original Attacker | https://github.com/SunWeb3Sec/DeFiHackLabs/blob/main/src/test/2024-07/DeFiPlaza_exp.sol,2024-07-05
0xabee16e74dd268105f166c27a847edc2b8e7cc4e,ETH,exploit,news_defihacklabs,UnverifiedContr_0x452E25,UnverifiedContr_0x452E25 — lack-of-access-control | role=attacker | Attacker | https://github.com/SunWeb3Sec/DeFiHackLabs/blob/main/src/test/2024-07/UnverifiedContr_0x452E25_exp.sol,2024-07-03
0xb297735e9fb3e695ccce3963bfe042f318901ea0,ETH,exploit,news_defihacklabs,APEMAGA,APEMAGA — business logic flaw | role=attacker | Attacker | https://github.com/SunWeb3Sec/DeFiHackLabs/blob/main/src/test/2024-06/APEMAGA_exp.sol,2024-06-27
0x394ba273315240510b61ca22ba152e3478a45892,ETH,exploit,news_defihacklabs,WIFCOIN_ETH,WIFCOIN_ETH — business logic flaw | role=attacker | Attacker | https://github.com/SunWeb3Sec/DeFiHackLabs/blob/main/src/test/2024-06/WIFCOIN_ETH_exp.sol,2024-06-16
0xfcd4acbc55df53fbc4c9d275e3495b490635f113,ETH,exploit,news_defihacklabs,JokInTheBox,JokInTheBox — business logic flaw | role=attacker | Attacker | https://github.com/SunWeb3Sec/DeFiHackLabs/blob/main/src/test/2024-06/JokInTheBox_exp.sol,2024-06-11
0x841ddf093f5188989fa1524e7b893de64b421f47,ETH,exploit,news_defihacklabs,UwULend,UwULend — Price Manipulation | role=attacker | Attacker | https://github.com/SunWeb3Sec/DeFiHackLabs/blob/main/src/test/2024-06/UwuLend_First_exp.sol,2024-06-10
0x3cf5B87726Af770c94494E886d2A69c42A203884,ETH,exploit,news_defihacklabs,Bazaar,Bazaar — Insufficient Permission Check | role=attacker | Attacker | https://github.com/SunWeb3Sec/DeFiHackLabs/blob/main/src/test/2024-06/Bazaar_exp.sol,2024-06-10
0x55Db954F0121E09ec838a20c216eABf35Ca32cDD,ETH,exploit,news_defihacklabs,SCROLL,SCROLL — Integer Underflow | role=attacker | Attacker | https://github.com/SunWeb3Sec/DeFiHackLabs/blob/main/src/test/2024-05/SCROLL_exp.sol,2024-05-29
0xFcE19F8f823759b5867ef9a5055A376f20c5E454,ETH,exploit,news_defihacklabs,GFOX,GFOX — lack of access control | role=attacker | Attacker | https://github.com/SunWeb3Sec/DeFiHackLabs/blob/main/src/test/2024-05/GFOX_exp.sol,2024-05-10
0x19066f7431df29a0910d287c8822936bb7d89e23,ETH,exploit,news_defihacklabs,PikeFinance,PikeFinance — Uninitialized Proxy | role=attacker | Attacker | https://github.com/SunWeb3Sec/DeFiHackLabs/blob/main/src/test/2024-04/PikeFinance_exp.sol,2024-04-30
0x0cfc28d16d07219249c6d6d6ae24e7132ee4caa7,ETH,exploit,news_defihacklabs,XBridge,XBridge — Logic Flaw | role=attacker | @KeyInfo - Total Lost | https://github.com/SunWeb3Sec/DeFiHackLabs/blob/main/src/test/2024-04/XBridge_exp.sol,2024-04-24
0xDed2b1a426E1b7d415A40Bcad44e98F47181dda2,ETH,exploit,news_defihacklabs,HedgeyFinance,HedgeyFinance — Logic Flaw | role=attacker | Attacker | https://github.com/SunWeb3Sec/DeFiHackLabs/blob/main/src/test/2024-04/HedgeyFinance_exp.sol,2024-04-19
0x676c3262e8f0fba0031a93ea74ff801b99ac177b,ETH,exploit,news_defihacklabs,HoppyFrogERC,HoppyFrogERC — business logic flaw | role=attacker | Attacker | https://github.com/SunWeb3Sec/DeFiHackLabs/blob/main/src/test/2024-04/HoppyFrogERC_exp.sol,2024-04-02
0x7e39e3b3ff7adef2613d5cc49558eab74b9a4202,ETH,exploit,news_defihacklabs,PrismaFi,PrismaFi — Insufficient Validation | role=attacker | Attacker | https://github.com/SunWeb3Sec/DeFiHackLabs/blob/main/src/test/2024-03/Prisma_exp.sol,2024-03-29
0xdaaa6294c47b5743bdafe0613d1926ee27ae8cf5,ETH,exploit,news_defihacklabs,CGT,CGT — Incorrect Access Control | role=attacker | Attacker | https://github.com/SunWeb3Sec/DeFiHackLabs/blob/main/src/test/2024-03/CGT_exp.sol,2024-03-23
0x6a89a8C67B5066D59BF4D81d59f70C3976faCd0A,ETH,exploit,news_defihacklabs,SSS,SSS — Token Balance Doubles on Transfer to self | role=attacker | Attacker | https://github.com/SunWeb3Sec/DeFiHackLabs/blob/main/src/test/2024-03/SSS_exp.sol,2024-03-21
0x2ad8aed847e8d4d3da52aabb7d0f5c25729d10df,ETH,exploit,news_defihacklabs,UnizenIO,UnizenIO — unverified external call | role=attacker | Attacker | https://github.com/SunWeb3Sec/DeFiHackLabs/blob/main/src/test/2024-03/UnizenIO_exp.sol,2024-03-09
0x3fA19214705BC82cE4b898205157472A79D026BE,ETH,exploit,news_defihacklabs,Juice,Juice — Business Logic Flaw | role=attacker | Attacker | https://github.com/SunWeb3Sec/DeFiHackLabs/blob/main/src/test/2024-03/Juice_exp.sol,2024-03-09
0x096f0f03e4be68d7e6dd39b22a3846b8ce9849a3,ETH,exploit,news_defihacklabs,GHT,GHT — Business Logic Flaw | role=attacker | Attacker | https://github.com/SunWeb3Sec/DeFiHackLabs/blob/main/src/test/2024-03/GHT_exp.sol,2024-03-07
0x9961190b258897bca7a12b8f37f415e689d281c4,ETH,exploit,news_defihacklabs,Woofi,Woofi — Price Manipulation | role=attacker | Attacker | https://github.com/SunWeb3Sec/DeFiHackLabs/blob/main/src/test/2024-03/Woofi_exp.sol,2024-03-05
0x94641c01a4937f2c8ef930580cf396142a2942dc,ETH,exploit,news_defihacklabs,Seneca,Seneca — Arbitrary External Call Vulnerability | role=attacker | Attacker | https://github.com/SunWeb3Sec/DeFiHackLabs/blob/main/src/test/2024-02/Seneca_exp.sol,2024-02-28
0xe000008459b74a91e306a47c808061dfa372000e,ETH,exploit,news_defihacklabs,CompoundUni,CompoundUni — Oracle bad price | role=attacker | Attacker | https://github.com/SunWeb3Sec/DeFiHackLabs/blob/main/src/test/2024-02/CompoundUni_exp.sol,2024-02-23
0xb0380b6d7a63e7cbf274c3b3c8838abbd6bd4abe,ETH,exploit,news_defihacklabs,Zoomer,Zoomer — Business Logic Flaw | role=attacker | Attacker | https://github.com/SunWeb3Sec/DeFiHackLabs/blob/main/src/test/2024-02/Zoomer_exp.sol,2024-02-23
0x38f68f119243adbca187e1ef64344ed475a8c69c,ETH,exploit,news_defihacklabs,SwarmMarkets,SwarmMarkets — lack of validation | role=attacker | Attacker | https://github.com/SunWeb3Sec/DeFiHackLabs/blob/main/src/test/2024-02/SwarmMarkets_exp.sol,2024-02-22
0x0000000f95c09138dfea7d9bcf3478fc2e13dcab,ETH,exploit,news_defihacklabs,GAIN,GAIN — bad function implementation | role=attacker | Attacker | https://github.com/SunWeb3Sec/DeFiHackLabs/blob/main/src/test/2024-02/GAIN_exp.sol,2024-02-21
0xd215ffaf0f85fb6f93f11e49bd6175ad58af0dfd,ETH,exploit,news_defihacklabs,DeezNutz 404,DeezNutz 404 — lack of validation | role=attacker | Attacker | https://github.com/SunWeb3Sec/DeFiHackLabs/blob/main/src/test/2024-02/DeezNutz404_exp.sol,2024-02-21
0x9733303117504c146a4e22261f2685ddb79780ef,ETH,exploit,news_defihacklabs,RuggedArt,RuggedArt — reentrancy | role=attacker | Attacker | https://github.com/SunWeb3Sec/DeFiHackLabs/blob/main/src/test/2024-02/RuggedArt_exp.sol,2024-02-19
0x2c903f97ea69b393ea03e7fab8d64d722b3f5559,ETH,exploit,news_defihacklabs,ParticleTrade,ParticleTrade — lack of validation data | role=attacker | Attacker | https://github.com/SunWeb3Sec/DeFiHackLabs/blob/main/src/test/2024-02/ParticleTrade_exp.sol,2024-02-16
0xea75aec151f968b8de3789ca201a2a3a7faeefba,ETH,exploit,news_defihacklabs,Miner,Miner — lack of validation dst address | role=attacker | Attacker | https://github.com/SunWeb3Sec/DeFiHackLabs/blob/main/src/test/2024-02/Miner_exp.sol,2024-02-15
0x145766a51ae96e69810fe76f6f68fd0e95675a0b,ETH,exploit,news_defihacklabs,Game,Game — Reentrancy && Business Logic Flaw | role=attacker | Attacker | https://github.com/SunWeb3Sec/DeFiHackLabs/blob/main/src/test/2024-02/Game_exp.sol,2024-02-11
0x24a0c66f185874b251eb70bee2c2e35e39848419,ETH,exploit,news_defihacklabs,ADC,ADC — incorrect-access-control | role=attacker | Attacker | https://github.com/SunWeb3Sec/DeFiHackLabs/blob/main/src/test/2024-02/ADC_exp.sol,2024-02-02
0x87f585809ce79ae39a5fa0c7c96d0d159eb678c9,ETH,exploit,news_defihacklabs,MIMSpell,MIMSpell — Precission Loss | role=attacker | Attacker | https://github.com/SunWeb3Sec/DeFiHackLabs/blob/main/src/test/2024-01/MIMSpell2_exp.sol,2024-01-30
0xbed4fbf7c3e36727ccdab4c6706c3c0e17b10397,ETH,exploit,news_defihacklabs,PeapodsFinance,PeapodsFinance — Reentrancy | role=attacker | Attacker | https://github.com/SunWeb3Sec/DeFiHackLabs/blob/main/src/test/2024-01/PeapodsFinance_exp.sol,2024-01-29
0x7b3a6eff1c9925e509c2b01a389238c1fcc462b6,ETH,exploit,news_defihacklabs,BarleyFinance,BarleyFinance — Reentrancy | role=attacker | Attacker | https://github.com/SunWeb3Sec/DeFiHackLabs/blob/main/src/test/2024-01/BarleyFinance_exp.sol,2024-01-28
0xb90cf1d740b206b6d80854bc525e609dc42b45dc,ETH,exploit,news_defihacklabs,WiseLending,WiseLending — Bad HealthFactor Check | role=attacker | Attacker | https://github.com/SunWeb3Sec/DeFiHackLabs/blob/main/src/test/2024-01/WiseLending02_exp.sol,2024-01-12
0x5351536145610aa448a8bf85ba97c71caf31909c,ETH,exploit,news_defihacklabs,Gamma,Gamma — Price manipulation | role=attacker | Attacker | https://github.com/SunWeb3Sec/DeFiHackLabs/blob/main/src/test/2024-01/Gamma_exp.sol,2024-01-04
0x826d5f4d8084980366f975e10db6c4cf1f9dde6d,ETH,exploit,news_defihacklabs,RadiantCapital,RadiantCapital — Loss of Precision | role=attacker | Attacker | https://github.com/SunWeb3Sec/DeFiHackLabs/blob/main/src/test/2024-01/RadiantCapital_exp.sol,2024-01-02
0x9263e7873613ddc598a701709875634819176aff,ETH,exploit,news_defihacklabs,OrbitChain,OrbitChain — Incorrect input validation | role=attacker | Attacker | https://github.com/SunWeb3Sec/DeFiHackLabs/blob/main/src/test/2024-01/OrbitChain_exp.sol,2024-01-01
0x05324c970713450ba0bc12efd840034fcb0a4baa,ETH,exploit,news_defihacklabs,PineProtocol,PineProtocol — Business Logic Flaw | role=attacker | Attacker | https://github.com/SunWeb3Sec/DeFiHackLabs/blob/main/src/test/2023-12/PineProtocol_exp.sol,2023-12-22
0x1d5586da44328f28bfbbf59b808a87584355b3ef,ETH,exploit,news_defihacklabs,PineProtocol,PineProtocol — Business Logic Flaw | role=attacker | Attacker Contract | https://github.com/SunWeb3Sec/DeFiHackLabs/blob/main/src/test/2023-12/PineProtocol_exp.sol,2023-12-22
0x4d0d746e0f66bf825418e6b3def1a46ec3c0b847,ETH,exploit,news_defihacklabs,FloorProtocol,FloorProtocol — Business Logic Flaw | role=attacker | Attacker | https://github.com/SunWeb3Sec/DeFiHackLabs/blob/main/src/test/2023-12/FloorProtocol_exp.sol,2023-12-17
0xb1edf2a0ba8bc789cbc3dfbe519737cada034d2d,ETH,exploit,news_defihacklabs,NFTTrader,NFTTrader — Reentrancy | role=attacker | Attacker | https://github.com/SunWeb3Sec/DeFiHackLabs/blob/main/src/test/2023-12/NFTTrader_exp.sol,2023-12-16
0x871f28e58f2a0906e4a56a82aec7f005b411f5c5,ETH,exploit,news_defihacklabs,NFTTrader,NFTTrader — Reentrancy | role=attacker | Attacker Contract | https://github.com/SunWeb3Sec/DeFiHackLabs/blob/main/src/test/2023-12/NFTTrader_exp.sol,2023-12-16
0x6738fa889ff31f82d9fe8862ec025dbe318f3fde,ETH,exploit,news_defihacklabs,GoodDollar,GoodDollar — Lack of Input Validation & Reentrancy | role=attacker | Exploiter | https://github.com/SunWeb3Sec/DeFiHackLabs/blob/main/src/test/2023-12/GoodDollar_exp.sol,2023-12-16
0x3ea6ba6d3415e4dfd380516c799aafa94e420519,ETH,exploit,news_defihacklabs,HYPR,HYPR — Business Logic Flaw | role=attacker | Attacker | https://github.com/SunWeb3Sec/DeFiHackLabs/blob/main/src/test/2023-12/HYPR_exp.sol,2023-12-13
0xdfab184bc668f16c1cb949228068588106924569,ETH,exploit,news_defihacklabs,GoodCompound,GoodCompound — Price Manipulation | role=attacker | Attacker | https://github.com/SunWeb3Sec/DeFiHackLabs/blob/main/src/test/2023-12/GoodCompound_exp.sol,2023-12-11
0x5a7c7eb8d13a53d42a15d2b1d1b694ccc5141ea5,ETH,exploit,news_defihacklabs,bZxProtocol,bZxProtocol — Inflation Attack | role=attacker | Attacker | https://github.com/SunWeb3Sec/DeFiHackLabs/blob/main/src/test/2023-12/bZx_exp.sol,2023-12-02
0x9d44f1a37044500064111010632a8a59003701c8,ETH,exploit,news_defihacklabs,Burntbubba,Burntbubba — Price Manipulation | role=attacker | Attacker | https://github.com/SunWeb3Sec/DeFiHackLabs/blob/main/src/test/2023-11/Burntbubba_exp.sol,2023-11-29
0x2F746bC70f72aAF3340B8BbFd254fd91a3996218,ETH,exploit,news_defihacklabs,TheNFTV2,TheNFTV2 — logic flaw | role=attacker | Attacker - https | https://github.com/SunWeb3Sec/DeFiHackLabs/blob/main/src/test/2023-11/TheNFTV2_exp.sol,2023-11-25
0x0c06340f5024c114fe196fcb38e42d20ab00f6eb,ETH,exploit,news_defihacklabs,MetaLend,MetaLend — CompoundV2 Inflation Attack | role=attacker | Attacker | https://github.com/SunWeb3Sec/DeFiHackLabs/blob/main/src/test/2023-11/MetaLend_exp.sol,2023-11-25
0x4e087743e8025012c4704a1953c87eeff1e6ef48,ETH,exploit,news_defihacklabs,MEVBot_0xa247,MEVBot_0xa247 — Incorrect Access Control | role=attacker | Attacker | https://github.com/SunWeb3Sec/DeFiHackLabs/blob/main/src/test/2023-11/MEV_0xa247_exp.sol,2023-11-12
0x0ec330df28ae6106a774d0add3e540ea8d226e3b,ETH,exploit,news_defihacklabs,MahaLend,MahaLend — Donate Inflation ExchangeRate & Rounding Error | role=attacker | Attacker | https://github.com/SunWeb3Sec/DeFiHackLabs/blob/main/src/test/2023-11/MahaLend_exp.sol,2023-11-11
0x864e656c57a5a119f332c47326a35422294db5c9,ETH,exploit,news_defihacklabs,grok,grok — Lack of slippage protection | role=attacker | Attacker | https://github.com/SunWeb3Sec/DeFiHackLabs/blob/main/src/test/2023-11/grok_exp.sol,2023-11-10
0xc1f2b71a502b551a65eee9c96318afdd5fd439fa,ETH,exploit,news_defihacklabs,Raft_fi,Raft_fi — Donate Inflation ExchangeRate & Rounding Error | role=attacker | Attacker | https://github.com/SunWeb3Sec/DeFiHackLabs/blob/main/src/test/2023-11/Raft_exp.sol,2023-11-10
0x46d9b3dfbc163465ca9e306487cba60bc438f5a2,ETH,exploit,news_defihacklabs,MEVbot,MEVbot — Lack of access control | role=attacker | Attacker | https://github.com/SunWeb3Sec/DeFiHackLabs/blob/main/src/test/2023-11/bot_exp.sol,2023-11-07
0x9abe851bcc4fd1986c3d1ef8978fad86a26a0c57,ETH,exploit,news_defihacklabs,RBalancer,RBalancer — Business Logic Flaw | role=attacker | Attacker | https://github.com/SunWeb3Sec/DeFiHackLabs/blob/main/src/test/2023-11/RBalancer_exp.sol,2023-11-07
0x085bdff2c522e8637d4154039db8746bb8642bff,ETH,exploit,news_defihacklabs,OnyxProtocol,OnyxProtocol — Precission Loss Vulnerability | role=attacker | Attacker | https://github.com/SunWeb3Sec/DeFiHackLabs/blob/main/src/test/2023-11/OnyxProtocol_exp.sol,2023-11-01
0x413e4fb75c300b92fec12d7c44e4c0b4faab4d04,ETH,exploit,news_defihacklabs,UniBotRouter,UniBotRouter — Arbitrary External Call | role=attacker | Attacker | https://github.com/SunWeb3Sec/DeFiHackLabs/blob/main/src/test/2023-10/UniBot_exp.sol,2023-10-31
0x792ec27874e1f614e757a1ae49d00ef5b2c73959,ETH,exploit,news_defihacklabs,AstridProtocol,AstridProtocol — Business Logic Flaw | role=attacker | Attacker | https://github.com/SunWeb3Sec/DeFiHackLabs/blob/main/src/test/2023-10/Astrid_exp.sol,2023-10-28
0xce6397e53c13ff2903ffe8735e478d31e648a2c6,ETH,exploit,news_defihacklabs,MaestroRouter2,MaestroRouter2 — Arbitrary External Call | role=attacker | Attacker | https://github.com/SunWeb3Sec/DeFiHackLabs/blob/main/src/test/2023-10/MaestroRouter2_exp.sol,2023-10-24
0x9b99d7ce9e39c68ab93348fd31fd4c99f79e4b19,ETH,exploit,news_defihacklabs,kTAF,kTAF — CompoundV2 Inflation Attack | role=attacker | Attacker | https://github.com/SunWeb3Sec/DeFiHackLabs/blob/main/src/test/2023-10/kTAF_exp.sol,2023-10-19
0x7f284235aef122215c46656163f39212ffa77ed9,ETH,exploit,news_defihacklabs,DePayRouter,DePayRouter — Business Logic Flaw | role=attacker | Attacker | https://github.com/SunWeb3Sec/DeFiHackLabs/blob/main/src/test/2023-10/DePayRouter_exp.sol,2023-10-05
0x060c169c4517d52c4be9a1dd53e41a3328d16f04,ETH,exploit,news_defihacklabs,CEXISWAP,CEXISWAP — Incorrect Access Control | role=attacker | Attacker | https://github.com/SunWeb3Sec/DeFiHackLabs/blob/main/src/test/2023-09/CEXISWAP_exp.sol,2023-09-21
0x92cfcb70b2591ceb1e3c6d90e21e8154e7d29832,ETH,exploit,news_defihacklabs,uniclyNFT,uniclyNFT — Reentrancy | role=attacker | Attacker | https://github.com/SunWeb3Sec/DeFiHackLabs/blob/main/src/test/2023-09/uniclyNFT_exp.sol,2023-09-16
0x9d9820f10772ffcef842770b6581c07a97fed9e4,ETH,exploit,news_defihacklabs,uniclyNFT,uniclyNFT — Reentrancy | role=attacker | Attacker Contract | https://github.com/SunWeb3Sec/DeFiHackLabs/blob/main/src/test/2023-09/uniclyNFT_exp.sol,2023-09-16
0xcf28e9b8aa557616bc24cc9557ffa7fa2c013d53,ETH,exploit,news_defihacklabs,0x0DEX,0x0DEX — Parameter manipulation | role=attacker | Attacker | https://github.com/SunWeb3Sec/DeFiHackLabs/blob/main/src/test/2023-09/0x0DEX_exp.sol,2023-09-11
0xc44ea7650b27f83a6b310a8fed9e9daf2864a65b,ETH,exploit,news_defihacklabs,0x0DEX,0x0DEX — Parameter manipulation | role=attacker | Attacker Contract | https://github.com/SunWeb3Sec/DeFiHackLabs/blob/main/src/test/2023-09/0x0DEX_exp.sol,2023-09-11
0x4453aed57c23a50d887a42ad0cd14ff1b819c750,ETH,exploit,news_defihacklabs,FloorDAO,FloorDAO — Rebasing logic issue | role=attacker | Attacker | https://github.com/SunWeb3Sec/DeFiHackLabs/blob/main/src/test/2023-09/FloorDAO_exp.sol,2023-09-05
0x6ce9fa08f139f5e48bc607845e57efe9aa34c9f6,ETH,exploit,news_defihacklabs,HeavensGate,HeavensGate — Rebasing logic issue | role=attacker | Attacker | https://github.com/SunWeb3Sec/DeFiHackLabs/blob/main/src/test/2023-09/HeavensGate_exp.sol,2023-09-05
0x7d9bc45a9abda926a7ce63f78759dbfa9ed72e26,ETH,exploit,news_defihacklabs,DAppSocial,DAppSocial — Business Logic Flaw | role=attacker | Attacker | https://github.com/SunWeb3Sec/DeFiHackLabs/blob/main/src/test/2023-09/DAppSocial_exp.sol,2023-09-02
0xed187f37e5ad87d5b3b2624c01de56c5862b7a9b,ETH,exploit,news_defihacklabs,Balancer,Balancer — Rounding Error && Business Logic Flaw | role=attacker | Attacker | https://github.com/SunWeb3Sec/DeFiHackLabs/blob/main/src/test/2023-08/Balancer_exp.sol,2023-08-27
0x0195448a9c4adeaf27002c6051c949f3c3234bb5,ETH,exploit,news_defihacklabs,EHIVE,EHIVE — Business Logic Flaw | role=attacker | Attacker | https://github.com/SunWeb3Sec/DeFiHackLabs/blob/main/src/test/2023-08/EHIVE_exp.sol,2023-08-21
0x98c2e1e85f8bf737d9c1450dd26d4a4bf880b892,ETH,exploit,news_defihacklabs,EHIVE,EHIVE — Business Logic Flaw | role=attacker | Attacker Contract | https://github.com/SunWeb3Sec/DeFiHackLabs/blob/main/src/test/2023-08/EHIVE_exp.sol,2023-08-21
0x5f4c21c9bb73c8b4a296cc256c0cde324db146df,ETH,exploit,news_defihacklabs,ZunamiProtocol,ZunamiProtocol — Price Manipulation | role=attacker | Attacker | https://github.com/SunWeb3Sec/DeFiHackLabs/blob/main/src/test/2023-08/Zunami_exp.sol,2023-08-14
0xee4b3dd20902fa3539706f25005fa51d3b7bdf1b,ETH,exploit,news_defihacklabs,EarningFram,EarningFram — Reentrancy | role=attacker | Attacker | https://github.com/SunWeb3Sec/DeFiHackLabs/blob/main/src/test/2023-08/EarningFram_exp.sol,2023-08-09
0x6057a831d43c395198a10cf2d7d6d6a063b1fce4,ETH,exploit,news_defihacklabs,Uwerx,Uwerx — Fault logic | role=attacker | Attacker | https://github.com/SunWeb3Sec/DeFiHackLabs/blob/main/src/test/2023-08/Uwerx_exp.sol,2023-08-02
0xccc526e2433db1eebb9cbf6acd7f03a19408278c,ETH,exploit,news_defihacklabs,CurveBurner,CurveBurner — Lack Slippage Protection | role=attacker | Attacker | https://github.com/SunWeb3Sec/DeFiHackLabs/blob/main/src/test/2023-08/CurveBurner_exp.sol,2023-08-02
0x6ec21d1868743a44318c3c259a6d4953f9978538,ETH,exploit,news_defihacklabs,Curve,Curve — Vyper Compiler Bug && Reentrancy | role=attacker | Attacker | https://github.com/SunWeb3Sec/DeFiHackLabs/blob/main/src/test/2023-07/Curve_exp01.sol,2023-07-30
0xb6369f59fc24117b16742c9dfe064894d03b3b80,ETH,exploit,news_defihacklabs,Conic Finance 02,Conic Finance 02 — Price Manipulation | role=attacker | Attacker | https://github.com/SunWeb3Sec/DeFiHackLabs/blob/main/src/test/2023-07/Conic02_exp.sol,2023-07-22
0x8d67db0b205e32a5dd96145f022fa18aae7dc8aa,ETH,exploit,news_defihacklabs,Conic Finance,Conic Finance — Read-Only-Reentrancy && MisConfiguration | role=attacker | Attacker | https://github.com/SunWeb3Sec/DeFiHackLabs/blob/main/src/test/2023-07/Conic_exp.sol,2023-07-21
0x000000915f1b10b0ef5c4efe696ab65f13f36e74,ETH,exploit,news_defihacklabs,USDTStakingContract28,USDTStakingContract28 — Lack of access control | role=attacker | Attacker | https://github.com/SunWeb3Sec/DeFiHackLabs/blob/main/src/test/2023-07/USDTStakingContract28_exp.sol,2023-07-15
0xc64afc460290ed3df848f378621b96cb7179521a,ETH,exploit,news_defihacklabs,Platypus,Platypus — Bussiness Logic Flaw | role=attacker | Attacker | https://github.com/SunWeb3Sec/DeFiHackLabs/blob/main/src/test/2023-07/Platypus02_exp.sol,2023-07-12
0xc0ccff0b981b419e6e47560c3659c5f0b00e4985,ETH,exploit,news_defihacklabs,Civfund,Civfund — Lack of access control | role=attacker | Attacker | https://github.com/SunWeb3Sec/DeFiHackLabs/blob/main/src/test/2023-07/Civfund_exp.sol,2023-07-08
0xbf9df575670c739d9bf1424d4913e7244ed3ff66,ETH,exploit,news_defihacklabs,CIVNFT,CIVNFT — Lack of access control | role=attacker | Attacker | https://github.com/SunWeb3Sec/DeFiHackLabs/blob/main/src/test/2023-07/CIVNFT_exp.sol,2023-07-08
0x00693a01221a5e93fb872637e3a9391ef5f48300,ETH,exploit,news_defihacklabs,BaoCommunity,BaoCommunity — Donate Inflation ExchangeRate && Rounding Error | role=attacker | Attacker | https://github.com/SunWeb3Sec/DeFiHackLabs/blob/main/src/test/2023-07/Bao_exp.sol,2023-07-04
0x85d231c204b82915c909a05847cca8557164c75e,ETH,exploit,news_defihacklabs,AzukiDAO,AzukiDAO — Invalid signature verification | role=attacker | Attacker | https://github.com/SunWeb3Sec/DeFiHackLabs/blob/main/src/test/2023-07/AzukiDAO_exp.sol,2023-07-03
0x9d4fd681aacbc49d79c6405c9aa70d1afd5accf3,ETH,exploit,news_defihacklabs,MIMSpell,MIMSpell — Arbitrary External Call Vulnerability | role=attacker | Attacker | https://github.com/SunWeb3Sec/DeFiHackLabs/blob/main/src/test/2023-06/MIMSpell_exp.sol,2023-06-20
0x015d0b51d0a65ad11cf4425de2ec86a7b320db3f,ETH,exploit,news_defihacklabs,Contract_0x7657,Contract_0x7657 — Business Logic | role=attacker | Attacker | https://github.com/SunWeb3Sec/DeFiHackLabs/blob/main/src/test/2023-06/Contract_0x7657_exp.sol,2023-06-19
0x4b92cc3452ef1e37528470495b86d3f976470734,ETH,exploit,news_defihacklabs,MidasCapitalXYZ,MidasCapitalXYZ — Precision Loss | role=attacker | Attacker | https://github.com/SunWeb3Sec/DeFiHackLabs/blob/main/src/test/2023-06/MidasCapitalXYZ_exp.sol,2023-06-17
0x8f7370d5d461559f24b83ba675b4c7e2fdb514cc,ETH,exploit,news_defihacklabs,Pawnfi,Pawnfi — Business Logic Flaw | role=attacker | Attacker | https://github.com/SunWeb3Sec/DeFiHackLabs/blob/main/src/test/2023-06/Pawnfi_exp.sol,2023-06-17
0xb618d91fe014bfcb9c8d440468b6c78e9ada9da1,ETH,exploit,news_defihacklabs,Pawnfi,Pawnfi — Business Logic Flaw | role=attacker | Attacker Contract | https://github.com/SunWeb3Sec/DeFiHackLabs/blob/main/src/test/2023-06/Pawnfi_exp.sol,2023-06-17
0x1e8419e724d51e87f78e222d935fbbdeb631a08b,ETH,exploit,news_defihacklabs,Sturdy Finance,Sturdy Finance — Read-Only-Reentrancy | role=attacker | Attacker | https://github.com/SunWeb3Sec/DeFiHackLabs/blob/main/src/test/2023-06/Sturdy_exp.sol,2023-06-12
0x0e816b0d0a66252c72af822d3e0773a2676f3278,ETH,exploit,news_defihacklabs,CompounderFinance,CompounderFinance — Manipulation of funds through fluctuations in the amount of exchangeable assets | role=attacker | Attacker | https://github.com/SunWeb3Sec/DeFiHackLabs/blob/main/src/test/2023-06/CompounderFinance_exp.sol,2023-06-07
0x9748c8540a5f752ba747f1203ac13dae789033de,ETH,exploit,news_defihacklabs,VINU,VINU — Price Manipulation | role=attacker | Attacker | https://github.com/SunWeb3Sec/DeFiHackLabs/blob/main/src/test/2023-06/VINU_exp.sol,2023-06-06
0x11576cb3d8d6328cf319e85b10e09a228e84a8de,ETH,exploit,news_defihacklabs,LFI Token,LFI Token — Business Logic Flaw | role=attacker | Attacker | https://github.com/SunWeb3Sec/DeFiHackLabs/blob/main/src/test/2023-05/LFI_exp.sol,2023-05-23
0x4e998316ec31d2f3078f8f57b952bfae54728be1,ETH,exploit,news_defihacklabs,HODL,HODL — Reflection token | role=attacker | Attacker | https://github.com/SunWeb3Sec/DeFiHackLabs/blob/main/src/test/2023-05/HODLCapital_exp.sol,2023-05-09
0x8a4571c3a618e00d04287ca6385b6b020ce7a305,ETH,exploit,news_defihacklabs,MCC,MCC — Reflection token | role=attacker | Attacker | https://github.com/SunWeb3Sec/DeFiHackLabs/blob/main/src/test/2023-05/MultiChainCapital_exp.sol,2023-05-09
0x1c2b102f22c08694eee5b1f45e7973b6eaca3e92,ETH,exploit,news_defihacklabs,- LaunchZone,- LaunchZone — Access Control | role=attacker | https | https://github.com/SunWeb3Sec/DeFiHackLabs/blob/main/src/test/2023-02/LaunchZone_exp.sol,2023-02-27
0xcAcf2D28B2A5309e099f0C6e8C60Ec3dDf656642,ETH,exploit,news_defihacklabs,- BonqDAO,- BonqDAO — Price Oracle Manipulation | role=attacker | Attacker | https://github.com/SunWeb3Sec/DeFiHackLabs/blob/main/src/test/2023-02/BonqDAO_exp.sol,2023-02-02
0x14d8ada7a0ba91f59dc0cb97c8f44f1d177c2195,ETH,exploit,news_defihacklabs,- TINU,- TINU — Reflection token | role=attacker | Attacker | https://github.com/SunWeb3Sec/DeFiHackLabs/blob/main/src/test/2023-01/TINU_exp.sol,2023-01-26
0xceed34f03a3e607cc04c2d0441c7386b190d7cf4,ETH,exploit,news_defihacklabs,- UPSToken,- UPSToken — business logic flaw | role=attacker | Attacker | https://github.com/SunWeb3Sec/DeFiHackLabs/blob/main/src/test/2023-01/Upswing_exp.sol,2023-01-18
0x0348D20b74Ddc0ac9bfC3626e06d30bb6Fac213b,ETH,exploit,news_defihacklabs,- JAY,- JAY — Insufficient validation + Reentrancy | role=attacker | Attacker | https://github.com/SunWeb3Sec/DeFiHackLabs/blob/main/src/test/2022-12/JAY_exp.sol,2022-12-29
0xb61e7f192a9ad5d11e2452f53d0ddf91b58239dc,ETH,exploit,news_defihacklabs,- MEVbot_0x28d9,- MEVbot_0x28d9 — Insufficient validation | role=attacker | Attacker | https://github.com/SunWeb3Sec/DeFiHackLabs/blob/main/src/test/2022-12/MEVbot_0x28d9_exp.sol,2022-12-11
0xae39a6c2379bef53334ea968f4c711c8cf3898b6,ETH,exploit,news_defihacklabs,MEV_0ad8,MEV_0ad8 — Arbitrary call | role=attacker | Attacker | https://github.com/SunWeb3Sec/DeFiHackLabs/blob/main/src/test/2022-11/MEV_0ad8_exp.sol,2022-11-08
0x161cebb807ac181d5303a4ccec2fc580cc5899fd,ETH,exploit,news_defihacklabs,Team Finance,Team Finance — Liquidity Migration Exploit | role=attacker | Attacker | https://github.com/SunWeb3Sec/DeFiHackLabs/blob/main/src/test/2022-10/TeamFinance_exp.sol,2022-10-27
0x443cf223e209e5a2c08114a2501d8f0f9ec7d9be,ETH,exploit,news_defihacklabs,OlympusDAO,OlympusDAO — No input validation | role=attacker | Attacker | https://github.com/SunWeb3Sec/DeFiHackLabs/blob/main/src/test/2022-10/OlympusDao_exp.sol,2022-10-21
0xcc1A341D0F2a06Eaba436935399793F05C2bbE92,ETH,exploit,news_defihacklabs,Uerii Token,Uerii Token — Access Control | role=attacker | Attacker | https://github.com/SunWeb3Sec/DeFiHackLabs/blob/main/src/test/2022-10/Uerii_exp.sol,2022-10-17
0xdf31F4C8dC9548eb4c416Af26dC396A25FDE4D5F,ETH,exploit,news_defihacklabs,EFLeverVault,EFLeverVault — Verify flashLoan Callback | role=attacker | Attacker | https://github.com/SunWeb3Sec/DeFiHackLabs/blob/main/src/test/2022-10/EFLeverVault_exp.sol,2022-10-14
0x160c5950a01b88953648ba90ec0a29b0c5383e05,ETH,exploit,news_defihacklabs,EFLeverVault,EFLeverVault — Verify flashLoan Callback | role=attacker | - https | https://github.com/SunWeb3Sec/DeFiHackLabs/blob/main/src/test/2022-10/EFLeverVault_exp.sol,2022-10-14
0x1dc90b5b7FE74715C2056e5158641c0af7d28865,ETH,exploit,news_defihacklabs,MEVBOTa47b,MEVBOTa47b — Price Oracle Manipulation | role=attacker | Attacker | https://github.com/SunWeb3Sec/DeFiHackLabs/blob/main/src/test/2022-10/MEVa47b_exp.sol,2022-10-14
0xb687550842a24d7fbc6aad238fd7e0687ed59d55,ETH,exploit,news_defihacklabs,Rabby Wallet SwapRouter,Rabby Wallet SwapRouter — Arbitrary External Call Vulnerability | role=attacker | Attacker | https://github.com/SunWeb3Sec/DeFiHackLabs/blob/main/src/test/2022-10/RabbyWallet_SwapRouter_exp.sol,2022-10-11
0x9c9fb3100a2a521985f0c47de3b4598dafd25b01,ETH,exploit,news_defihacklabs,Templedao,Templedao — Insufficient access control | role=attacker | Attacker | https://github.com/SunWeb3Sec/DeFiHackLabs/blob/main/src/test/2022-10/Templedao_exp.sol,2022-10-11
0x0f44f3489D17e42ab13A6beb76E57813081fc1E2,ETH,exploit,news_defihacklabs,Xave Finance,Xave Finance — Malicious Proposal Mint & Transfer Ownership | role=attacker | Attacker | https://github.com/SunWeb3Sec/DeFiHackLabs/blob/main/src/test/2022-10/XaveFinance_exp.sol,2022-10-09
0xdfdea277f6b44270bcb804997d1e6cc4ad8407db,ETH,exploit,news_defihacklabs,Circle,Circle — Price Manipulation | role=attacker | Attacker | https://github.com/SunWeb3Sec/DeFiHackLabs/blob/main/src/test/2022-08/Circle_exp2.sol,2022-08-16
0xed26708a7335116bdb0673f32ace7c2f329fe3cd,ETH,exploit,news_defihacklabs,Nomad Bridge,Nomad Bridge — Business Logic Flaw : Incorrect acceptable merkle-root checks | role=attacker | Attacker send 0.01 WBTC to NomadBridge | https://github.com/SunWeb3Sec/DeFiHackLabs/blob/main/src/test/2022-08/NomadBridge_exp.sol,2022-08-02
0xa5fe9d044e4f3e5aa5bc4c0709333cd2190cba0f,ETH,exploit,news_defihacklabs,Nomad Bridge,Nomad Bridge — Business Logic Flaw : Incorrect acceptable merkle-root checks | role=attacker | NomadBridge Process 100 WBTC to Attacker | https://github.com/SunWeb3Sec/DeFiHackLabs/blob/main/src/test/2022-08/NomadBridge_exp.sol,2022-08-02
0x2c177d20b1b1d68cc85d3215904a7bb6629ca954,ETH,exploit,news_defihacklabs,Reaper Farm,Reaper Farm — Business Logic Flaw : Lack of access control mechanism | role=attacker | Attacker | https://github.com/SunWeb3Sec/DeFiHackLabs/blob/main/src/test/2022-08/ReaperFarm_exp.sol,2022-08-01
0xa0c7bd318d69424603cbf91e9969870f21b8ab4c,ETH,exploit,news_defihacklabs,Audius,Audius — Storage Collision & Malicious Proposal | role=attacker | Attacker | https://github.com/SunWeb3Sec/DeFiHackLabs/blob/main/src/test/2022-07/Audius_exp.sol,2022-07-23
0xb7cbb4d43f1e08327a90b32a8417688c9d0b800a,ETH,exploit,news_defihacklabs,XCarnival,XCarnival — Infinite Number of Loans | role=attacker | Attacker Wallet | https://github.com/SunWeb3Sec/DeFiHackLabs/blob/main/src/test/2022-06/XCarnival_exp.sol,2022-06-26
0x1751e3e1aaf1a3e7b973c889b7531f43fc59f7d0,ETH,exploit,news_defihacklabs,Umbrella Network,Umbrella Network — Underflow | role=attacker | Attacker | https://github.com/SunWeb3Sec/DeFiHackLabs/blob/main/src/test/2022-03/Umbrella_exp.sol,2022-03-20
0xf9E3D08196F76f5078882d98941b71C0884BEa52,ETH,exploit,news_defihacklabs,Popsicle,Popsicle — Repeated Reward Claim - Logic Flaw | role=attacker | Attacker | https://github.com/SunWeb3Sec/DeFiHackLabs/blob/main/src/test/2021-08/Popsicle_exp.sol,2021-08-04
0xc47bdd0a852a88a019385ea3ff57cf8de79f019d,ETH,exploit,news_defihacklabs,Uranium,Uranium — Miscalculation | role=attacker | Attacker | https://github.com/SunWeb3Sec/DeFiHackLabs/blob/main/src/test/2021-04/Uranium_exp.sol,2021-04-28
0x14EC0cD2aCee4Ce37260b925F74648127a889a28,ETH,exploit,news_defihacklabs,Yearn YDai,Yearn YDai — Slippage proection absent | role=attacker | Attacker | https://github.com/SunWeb3Sec/DeFiHackLabs/blob/main/src/test/2021-02/Yearn_ydai_exp.sol,2021-02-04
0xbac8a476b95ec741e56561a66231f92bc88bb3a8,ETH,exploit,news_defihacklabs,Pickle Finance,Pickle Finance — Insufficient validation | role=attacker | Attacker | https://github.com/SunWeb3Sec/DeFiHackLabs/blob/main/src/test/2020-11/Pickle_exp.sol,2020-11-21
0xd1c0f1316140D6bF1a9e2Eea8a227dAD151F69b7,ETH,exploit,news_defihacklabs,bzx,bzx — Incorrect transfer | role=attacker | Attacker | https://github.com/SunWeb3Sec/DeFiHackLabs/blob/main/src/test/2020-09/bzx_exp.sol,2020-09-12
